{
    "1": {
        "speed_generation": [
            0.079193891797253,
            62.91872975279401,
            0.07916796608019183
        ],
        "time_to_first_token": [
            0.004327893257141113,
            0.41992413997650146,
            0.002688765525817871
        ],
        "max_kv_cache": 0.028243601059135037,
        "parallel_requests_nb": 1
    },
    "2": {
        "speed_generation": [
            0.09797198994940715,
            56.44518130970032,
            0.08349159267409334
        ],
        "time_to_first_token": [
            0.37593817710876465,
            0.7999409437179565,
            0.0098494291305542
        ],
        "max_kv_cache": 0.056487202118270075,
        "parallel_requests_nb": 2
    },
    "3": {
        "speed_generation": [
            0.040508360807180566,
            52.87946934419712,
            0.044067321568476814
        ],
        "time_to_first_token": [
            0.3744314908981323,
            1.1837654113769531,
            0.028762876987457275
        ],
        "max_kv_cache": 0.08473080317740511,
        "parallel_requests_nb": 3
    },
    "4": {
        "speed_generation": [
            0.044758430740010624,
            48.320483054603216,
            0.10951709965230094
        ],
        "time_to_first_token": [
            0.38186001777648926,
            1.5571980476379395,
            0.03768587112426758
        ],
        "max_kv_cache": 0.11297440423654015,
        "parallel_requests_nb": 4
    },
    "6": {
        "speed_generation": [
            0.029266317333608072,
            41.991167044314665,
            0.030633053182526737
        ],
        "time_to_first_token": [
            1.1491200923919678,
            2.3380351066589355,
            0.036981821060180664
        ],
        "max_kv_cache": 0.16946160635481022,
        "parallel_requests_nb": 6
    },
    "8": {
        "speed_generation": [
            0.05262147185059973,
            37.984131638950466,
            0.12303467363922493
        ],
        "time_to_first_token": [
            1.5188748836517334,
            3.1198039054870605,
            0.029536962509155273
        ],
        "max_kv_cache": 0.2259488084730803,
        "parallel_requests_nb": 8
    },
    "10": {
        "speed_generation": [
            0.09163493550155266,
            33.67487571778897,
            0.10065771561384196
        ],
        "time_to_first_token": [
            1.1588575839996338,
            3.5384130477905273,
            0.37806642055511475
        ],
        "max_kv_cache": 0.2824360105913504,
        "parallel_requests_nb": 10
    },
    "14": {
        "speed_generation": [
            0.14932106821120783,
            28.092332842822422,
            0.02108862511099474
        ],
        "time_to_first_token": [
            1.112271785736084,
            3.9629719257354736,
            1.545931100845337
        ],
        "max_kv_cache": 0.3954104148278905,
        "parallel_requests_nb": 14
    },
    "18": {
        "speed_generation": [
            0.0743935235119153,
            22.979758824872423,
            0.04182649044108899
        ],
        "time_to_first_token": [
            2.7023210525512695,
            5.57862401008606,
            0.2951657772064209
        ],
        "max_kv_cache": 0.5083848190644307,
        "parallel_requests_nb": 18
    },
    "22": {
        "speed_generation": [
            0.007906684074363568,
            20.560448074695646,
            0.07948247157741051
        ],
        "time_to_first_token": [
            2.682307004928589,
            5.637892961502075,
            2.6992111206054688
        ],
        "max_kv_cache": 0.6213592233009708,
        "parallel_requests_nb": 22
    },
    "26": {
        "speed_generation": [
            0.056410555844308874,
            18.306661089407903,
            0.16663601652573945
        ],
        "time_to_first_token": [
            2.7093030214309692,
            5.940433025360107,
            2.7126998901367188
        ],
        "max_kv_cache": 0.734333627537511,
        "parallel_requests_nb": 26
    },
    "30": {
        "speed_generation": [
            0.034819906879695495,
            15.928483376209094,
            0.022986764255422898
        ],
        "time_to_first_token": [
            2.7535908222198486,
            8.357268810272217,
            2.7837600708007812
        ],
        "max_kv_cache": 0.8473080317740512,
        "parallel_requests_nb": 30
    },
    "34": {
        "speed_generation": [
            0.07693254682243378,
            14.688817832545313,
            0.014274965521348548
        ],
        "time_to_first_token": [
            2.8489267826080322,
            8.562701940536499,
            2.9524080753326416
        ],
        "max_kv_cache": 0.9602824360105914,
        "parallel_requests_nb": 34
    },
    "38": {
        "speed_generation": [
            0.09730061489042008,
            14.31894509877947,
            0.05538004452536072
        ],
        "time_to_first_token": [
            2.8468122482299805,
            9.485908031463623,
            3.490410804748535
        ],
        "max_kv_cache": 0.9885260370697264,
        "parallel_requests_nb": 38
    }
}