{
    "1": {
        "speed_generation": [
            0.04334126809379768,
            65.95499702959194,
            0.06448415543663089
        ],
        "time_to_first_token": [
            0.001726686954498291,
            0.10587143898010254,
            0.0016328692436218262
        ],
        "max_kv_cache": 0.015114739629302765,
        "parallel_requests_nb": 1
    },
    "2": {
        "speed_generation": [
            0.07776954310472917,
            63.164402070548945,
            0.07111535343913289
        ],
        "time_to_first_token": [
            0.09169250726699829,
            0.19698691368103027,
            0.004845798015594482
        ],
        "max_kv_cache": 0.030008826125330956,
        "parallel_requests_nb": 2
    },
    "3": {
        "speed_generation": [
            0.0501566696839717,
            61.281143209705235,
            0.05710469531935303
        ],
        "time_to_first_token": [
            0.07973486185073853,
            0.2847250699996948,
            0.01379239559173584
        ],
        "max_kv_cache": 0.04479258605472203,
        "parallel_requests_nb": 3
    },
    "4": {
        "speed_generation": [
            0.06282230063040828,
            59.44529376122497,
            0.058499236151874356
        ],
        "time_to_first_token": [
            0.17005014419555664,
            0.3718721866607666,
            0.011674880981445312
        ],
        "max_kv_cache": 0.05957634598411299,
        "parallel_requests_nb": 4
    },
    "6": {
        "speed_generation": [
            0.10175459335727766,
            55.03579424611062,
            0.0542100511989716
        ],
        "time_to_first_token": [
            0.27341794967651367,
            0.5631749629974365,
            0.011703968048095703
        ],
        "max_kv_cache": 0.08925419240953225,
        "parallel_requests_nb": 6
    },
    "8": {
        "speed_generation": [
            0.20618180486556525,
            51.62944360995242,
            0.05949473220835699
        ],
        "time_to_first_token": [
            0.34638309478759766,
            0.7459800243377686,
            0.009757041931152344
        ],
        "max_kv_cache": 0.11904236540158875,
        "parallel_requests_nb": 8
    },
    "10": {
        "speed_generation": [
            0.10875237379965341,
            48.11586199584569,
            0.0721397353901736
        ],
        "time_to_first_token": [
            0.042273759841918945,
            0.9274108409881592,
            0.010630130767822266
        ],
        "max_kv_cache": 0.1483892321270962,
        "parallel_requests_nb": 10
    },
    "14": {
        "speed_generation": [
            0.14547710784068357,
            43.43827492968129,
            0.160081406874923
        ],
        "time_to_first_token": [
            0.7205798625946045,
            1.300004005432129,
            0.014050960540771484
        ],
        "max_kv_cache": 0.20785525154457196,
        "parallel_requests_nb": 14
    },
    "18": {
        "speed_generation": [
            0.2740455642309456,
            38.25165278011255,
            0.0834678156293478
        ],
        "time_to_first_token": [
            0.2625892162322998,
            1.6708948612213135,
            0.010554790496826172
        ],
        "max_kv_cache": 0.2668799646954987,
        "parallel_requests_nb": 18
    },
    "22": {
        "speed_generation": [
            0.20801998306356495,
            35.80645074587197,
            0.12328184035146705
        ],
        "time_to_first_token": [
            0.6942410469055176,
            2.0253610610961914,
            0.02319192886352539
        ],
        "max_kv_cache": 0.32601500441306264,
        "parallel_requests_nb": 22
    },
    "26": {
        "speed_generation": [
            0.10385959943367595,
            32.681632492769296,
            0.247538539990245
        ],
        "time_to_first_token": [
            1.368945837020874,
            2.4121038913726807,
            0.016780495643615723
        ],
        "max_kv_cache": 0.38526037069726393,
        "parallel_requests_nb": 26
    },
    "30": {
        "speed_generation": [
            0.09697398394021661,
            29.503609266858167,
            0.07565419340524215
        ],
        "time_to_first_token": [
            0.9044499397277832,
            2.7546448707580566,
            0.0657663345336914
        ],
        "max_kv_cache": 0.4440644307149162,
        "parallel_requests_nb": 30
    },
    "34": {
        "speed_generation": [
            0.06803659121626993,
            27.702753959158425,
            0.03414390073600515
        ],
        "time_to_first_token": [
            1.625352144241333,
            3.154219150543213,
            0.05572986602783203
        ],
        "max_kv_cache": 0.5038614298323036,
        "parallel_requests_nb": 34
    },
    "38": {
        "speed_generation": [
            0.06520306188832592,
            26.226000971645625,
            0.06455434604853139
        ],
        "time_to_first_token": [
            0.31390857696533203,
            2.844177007675171,
            0.7736685276031494
        ],
        "max_kv_cache": 0.5623345101500441,
        "parallel_requests_nb": 38
    }
}