{
    "1": {
        "speed_generation": [
            2.21972795263369,
            66.92041616420363,
            0.5084653072599394
        ],
        "time_to_first_token": [
            0.0006678104400634766,
            0.02236640453338623,
            0.0009082555770874023
        ],
        "max_kv_cache": 0.0007722859664607284,
        "parallel_requests_nb": 1
    },
    "2": {
        "speed_generation": [
            1.2648925818852845,
            61.93748647696562,
            2.1831952370345675
        ],
        "time_to_first_token": [
            0.003065824508666992,
            0.026439905166625977,
            0.005424976348876953
        ],
        "max_kv_cache": 0.0013239187996469948,
        "parallel_requests_nb": 2
    },
    "3": {
        "speed_generation": [
            1.341373917430353,
            60.31010588811041,
            1.8121145031089156
        ],
        "time_to_first_token": [
            0.002715885639190674,
            0.02945995330810547,
            0.005066096782684326
        ],
        "max_kv_cache": 0.002096204766107723,
        "parallel_requests_nb": 3
    },
    "4": {
        "speed_generation": [
            1.3648357436760463,
            59.326608063387965,
            1.4665187855347241
        ],
        "time_to_first_token": [
            0.004136264324188232,
            0.03196299076080322,
            0.006290555000305176
        ],
        "max_kv_cache": 0.0025375110326566475,
        "parallel_requests_nb": 4
    },
    "6": {
        "speed_generation": [
            1.3763678342552836,
            55.96957525469608,
            1.5050977716039
        ],
        "time_to_first_token": [
            0.00788658857345581,
            0.04133594036102295,
            0.008355140686035156
        ],
        "max_kv_cache": 0.00364077669902918,
        "parallel_requests_nb": 6
    },
    "8": {
        "speed_generation": [
            1.1877904447700374,
            53.07106626645101,
            1.3169898842660643
        ],
        "time_to_first_token": [
            0.00892341136932373,
            0.05277442932128906,
            0.008626759052276611
        ],
        "max_kv_cache": 0.004633715798764371,
        "parallel_requests_nb": 8
    },
    "10": {
        "speed_generation": [
            1.0082527096667349,
            50.49382158664586,
            1.1638976005629758
        ],
        "time_to_first_token": [
            0.01057058572769165,
            0.06082010269165039,
            0.01161104440689087
        ],
        "max_kv_cache": 0.005957634598411254,
        "parallel_requests_nb": 10
    },
    "14": {
        "speed_generation": [
            1.4334709517656634,
            44.871343903438415,
            1.2309674345180994
        ],
        "time_to_first_token": [
            0.011525154113769531,
            0.09162139892578125,
            0.00838238000869751
        ],
        "max_kv_cache": 0.007943512797881747,
        "parallel_requests_nb": 14
    },
    "18": {
        "speed_generation": [
            0.8331586011774803,
            41.94086433889388,
            0.9028853702801385
        ],
        "time_to_first_token": [
            0.009830594062805176,
            0.11200845241546631,
            0.008176326751708984
        ],
        "max_kv_cache": 0.010260370697263932,
        "parallel_requests_nb": 18
    },
    "22": {
        "speed_generation": [
            0.8534664227689532,
            39.11459061591198,
            0.7013688943723793
        ],
        "time_to_first_token": [
            0.011685371398925781,
            0.13382363319396973,
            0.006574511528015137
        ],
        "max_kv_cache": 0.012466902030008775,
        "parallel_requests_nb": 22
    },
    "26": {
        "speed_generation": [
            0.6122910257679024,
            35.32586573111374,
            0.7070014611722613
        ],
        "time_to_first_token": [
            0.008888602256774902,
            0.15860450267791748,
            0.0070587992668151855
        ],
        "max_kv_cache": 0.014452780229479267,
        "parallel_requests_nb": 26
    },
    "30": {
        "speed_generation": [
            0.4372102745739639,
            32.848605795287995,
            0.6789667945098756
        ],
        "time_to_first_token": [
            0.009434282779693604,
            0.182403564453125,
            0.007533371448516846
        ],
        "max_kv_cache": 0.016990291262135915,
        "parallel_requests_nb": 30
    },
    "34": {
        "speed_generation": [
            0.4166927693915454,
            30.506400277490194,
            0.5439204075184847
        ],
        "time_to_first_token": [
            0.01122218370437622,
            0.2108604907989502,
            0.00378340482711792
        ],
        "max_kv_cache": 0.01853486319505737,
        "parallel_requests_nb": 34
    },
    "38": {
        "speed_generation": [
            0.6582148129235712,
            28.915048601173496,
            0.4493835875517398
        ],
        "time_to_first_token": [
            0.009070634841918945,
            0.229949951171875,
            0.013295590877532959
        ],
        "max_kv_cache": 0.020851721094439557,
        "parallel_requests_nb": 38
    }
}