{
    "1": {
        "speed_generation": [
            0.4990267529459871,
            34.958971244446275,
            0.10147525038819083
        ],
        "time_to_first_token": [
            0.0021677017211914062,
            0.5851778984069824,
            0.0017133355140686035
        ],
        "max_kv_cache": 0.007834424695977504,
        "parallel_requests_nb": 1
    },
    "2": {
        "speed_generation": [
            0.30426713723907284,
            33.69801608911882,
            0.1201676852135165
        ],
        "time_to_first_token": [
            0.32728826999664307,
            0.9353313446044922,
            0.19024145603179932
        ],
        "max_kv_cache": 0.015493451824134752,
        "parallel_requests_nb": 2
    },
    "3": {
        "speed_generation": [
            0.2931854979100521,
            30.526937188000787,
            0.2297378050788197
        ],
        "time_to_first_token": [
            0.3491974472999573,
            1.281725525856018,
            0.22424453496932983
        ],
        "max_kv_cache": 0.023210944808232048,
        "parallel_requests_nb": 3
    },
    "4": {
        "speed_generation": [
            0.25034923580609814,
            29.84480766179506,
            0.13777505883953367
        ],
        "time_to_first_token": [
            0.8675858378410339,
            1.807413935661316,
            0.044540584087371826
        ],
        "max_kv_cache": 0.030986903648269393,
        "parallel_requests_nb": 4
    },
    "6": {
        "speed_generation": [
            0.12870585524740719,
            27.688732923956007,
            0.3562319792172133
        ],
        "time_to_first_token": [
            1.554960012435913,
            2.5059499740600586,
            0.03346395492553711
        ],
        "max_kv_cache": 0.04618802619270346,
        "parallel_requests_nb": 6
    },
    "8": {
        "speed_generation": [
            0.09053659564346717,
            26.795381404339103,
            0.2158815164664034
        ],
        "time_to_first_token": [
            0.9056799411773682,
            3.185067892074585,
            0.018187999725341797
        ],
        "max_kv_cache": 0.06156454630495789,
        "parallel_requests_nb": 8
    },
    "10": {
        "speed_generation": [
            0.1072437271959501,
            24.218569204642993,
            0.14769729648758556
        ],
        "time_to_first_token": [
            0.19267702102661133,
            3.8747520446777344,
            0.01925194263458252
        ],
        "max_kv_cache": 0.07694106641721232,
        "parallel_requests_nb": 10
    },
    "14": {
        "speed_generation": [
            0.09644688555476932,
            22.555570869303047,
            0.10227203286893172
        ],
        "time_to_first_token": [
            0.04365992546081543,
            5.284698963165283,
            0.04545402526855469
        ],
        "max_kv_cache": 0.10769410664172119,
        "parallel_requests_nb": 14
    },
    "18": {
        "speed_generation": [
            0.042462585557419885,
            16.051109273700835,
            0.022818452706662384
        ],
        "time_to_first_token": [
            0.36985206604003906,
            6.4147069454193115,
            0.31335902214050293
        ],
        "max_kv_cache": 0.13792095416276895,
        "parallel_requests_nb": 18
    },
    "22": {
        "speed_generation": [
            0.010209131228512192,
            15.344261565097302,
            0.006846618753016287
        ],
        "time_to_first_token": [
            0.49686098098754883,
            6.771562814712524,
            0.47171926498413086
        ],
        "max_kv_cache": 0.1692586529466792,
        "parallel_requests_nb": 22
    }
}