{
    "1": {
        "speed_generation": [
            0.14931505242472554,
            35.904361225050266,
            0.0931095346243751
        ],
        "time_to_first_token": [
            0.002377033233642578,
            0.07536947727203369,
            0.014348626136779785
        ],
        "max_kv_cache": 0.0007600561272217421,
        "parallel_requests_nb": 1
    },
    "2": {
        "speed_generation": [
            0.22578307742600146,
            34.831620442578235,
            0.15457343588113304
        ],
        "time_to_first_token": [
            0.04737377166748047,
            0.13260388374328613,
            0.024940013885498047
        ],
        "max_kv_cache": 0.0015201122544433732,
        "parallel_requests_nb": 2
    },
    "3": {
        "speed_generation": [
            0.22456767536533562,
            33.30648397396202,
            0.192895189956225
        ],
        "time_to_first_token": [
            0.08128011226654053,
            0.2015399932861328,
            0.03335678577423096
        ],
        "max_kv_cache": 0.0022217025257249556,
        "parallel_requests_nb": 3
    },
    "4": {
        "speed_generation": [
            0.2129947818132507,
            32.60622464628468,
            0.22275462166340532
        ],
        "time_to_first_token": [
            0.11282491683959961,
            0.2665889263153076,
            0.031417131423950195
        ],
        "max_kv_cache": 0.002923292797006538,
        "parallel_requests_nb": 4
    },
    "6": {
        "speed_generation": [
            0.19012645807445594,
            30.207579458003114,
            0.1433910681322459
        ],
        "time_to_first_token": [
            0.04334902763366699,
            0.38423800468444824,
            0.025585174560546875
        ],
        "max_kv_cache": 0.004326473339569703,
        "parallel_requests_nb": 6
    },
    "8": {
        "speed_generation": [
            0.40489512462526633,
            29.75448157862811,
            0.2001489529148941
        ],
        "time_to_first_token": [
            0.0688629150390625,
            0.402616024017334,
            0.03277301788330078
        ],
        "max_kv_cache": 0.005729653882132868,
        "parallel_requests_nb": 8
    },
    "10": {
        "speed_generation": [
            0.4143198875144165,
            27.284610884562767,
            0.3092142738345771
        ],
        "time_to_first_token": [
            0.10120749473571777,
            0.44382596015930176,
            0.04774808883666992
        ],
        "max_kv_cache": 0.007132834424696033,
        "parallel_requests_nb": 10
    },
    "14": {
        "speed_generation": [
            0.4914789519189142,
            26.700169693769908,
            0.21067120979208198
        ],
        "time_to_first_token": [
            0.0451587438583374,
            0.5149691104888916,
            0.04101002216339111
        ],
        "max_kv_cache": 0.009939195509822252,
        "parallel_requests_nb": 14
    },
    "18": {
        "speed_generation": [
            0.2620338107205882,
            18.48104854944308,
            0.1788717740455006
        ],
        "time_to_first_token": [
            0.04005312919616699,
            0.6118741035461426,
            0.0644528865814209
        ],
        "max_kv_cache": 0.01280402245088863,
        "parallel_requests_nb": 18
    },
    "22": {
        "speed_generation": [
            0.18744108947984728,
            18.21412242629734,
            0.09804771549851665
        ],
        "time_to_first_token": [
            0.040715932846069336,
            0.6797819137573242,
            0.03972315788269043
        ],
        "max_kv_cache": 0.015376520112254433,
        "parallel_requests_nb": 22
    },
    "26": {
        "speed_generation": [
            0.0971898230906092,
            16.765329905834243,
            0.0924180762708886
        ],
        "time_to_first_token": [
            0.1466861367225647,
            0.8246378898620605,
            0.05039340257644653
        ],
        "max_kv_cache": 0.01829981290926097,
        "parallel_requests_nb": 26
    },
    "30": {
        "speed_generation": [
            0.08638277116858362,
            16.53868118596283,
            0.1664625072375152
        ],
        "time_to_first_token": [
            0.07404661178588867,
            0.8579031229019165,
            0.07307976484298706
        ],
        "max_kv_cache": 0.020813844714686613,
        "parallel_requests_nb": 30
    },
    "34": {
        "speed_generation": [
            0.13561375579414303,
            12.186946032481682,
            0.06581779089470352
        ],
        "time_to_first_token": [
            0.12770110368728638,
            0.9454485177993774,
            0.08961015939712524
        ],
        "max_kv_cache": 0.023444808231992464,
        "parallel_requests_nb": 34
    },
    "38": {
        "speed_generation": [
            0.09258887089800716,
            12.038215568699158,
            0.16641727997729738
        ],
        "time_to_first_token": [
            0.07223266363143921,
            0.9806699752807617,
            0.09336429834365845
        ],
        "max_kv_cache": 0.026485032740879322,
        "parallel_requests_nb": 38
    }
}