{
    "1": {
        "speed_generation": [
            0.16051728420012878,
            7.760930166687655,
            0.017717626372532713
        ],
        "time_to_first_token": [
            0.004973411560058594,
            1.6302074193954468,
            0.04188328981399536
        ],
        "max_kv_cache": 0.015785781103835328,
        "parallel_requests_nb": 1
    },
    "2": {
        "speed_generation": [
            0.09144483349524002,
            4.36574830003887,
            0.16164447530460269
        ],
        "time_to_first_token": [
            1.3928899765014648,
            3.0797970294952393,
            0.12824082374572754
        ],
        "max_kv_cache": 0.03151309635173061,
        "parallel_requests_nb": 2
    },
    "3": {
        "speed_generation": [
            0.021755936593217395,
            3.085710520575116,
            0.02499706965725146
        ],
        "time_to_first_token": [
            1.5057532787322998,
            4.5707560777664185,
            0.1277759075164795
        ],
        "max_kv_cache": 0.0469480823199252,
        "parallel_requests_nb": 3
    },
    "4": {
        "speed_generation": [
            0.008394373113010722,
            2.4121484335686456,
            0.010025906598744694
        ],
        "time_to_first_token": [
            1.3262710571289062,
            4.560044050216675,
            1.5746679306030273
        ],
        "max_kv_cache": 0.0625,
        "parallel_requests_nb": 4
    },
    "6": {
        "speed_generation": [
            0.010750805961085907,
            1.6528756557860076,
            0.01253200565698842
        ],
        "time_to_first_token": [
            1.6601279973983765,
            6.182162046432495,
            2.835511565208435
        ],
        "max_kv_cache": 0.09336997193638918,
        "parallel_requests_nb": 6
    },
    "8": {
        "speed_generation": [
            0.005120089466088551,
            1.2588544586918609,
            0.005109895214882476
        ],
        "time_to_first_token": [
            3.0736918449401855,
            7.653636932373047,
            4.301636219024658
        ],
        "max_kv_cache": 0.12423994387277826,
        "parallel_requests_nb": 8
    },
    "10": {
        "speed_generation": [
            0.0024529141435267743,
            1.0134683632513926,
            0.0023575059589415748
        ],
        "time_to_first_token": [
            4.417636156082153,
            10.6024010181427,
            2.8377859592437744
        ],
        "max_kv_cache": 0.15493451824134707,
        "parallel_requests_nb": 10
    },
    "14": {
        "speed_generation": [
            0.002492030372602705,
            0.7338626091239967,
            0.002118804286714293
        ],
        "time_to_first_token": [
            5.814548969268799,
            13.437927961349487,
            4.5908496379852295
        ],
        "max_kv_cache": 0.2163236669784846,
        "parallel_requests_nb": 14
    },
    "18": {
        "speed_generation": [
            0.0036123225275696003,
            0.5708218279939863,
            0.0011743292791344118
        ],
        "time_to_first_token": [
            6.086076021194458,
            15.130518913269043,
            7.405302047729492
        ],
        "max_kv_cache": 0.27858980355472407,
        "parallel_requests_nb": 18
    },
    "22": {
        "speed_generation": [
            0.0010426627741518257,
            0.4674562080642332,
            0.0013352321048430427
        ],
        "time_to_first_token": [
            7.5163397789001465,
            18.078852891921997,
            8.85608696937561
        ],
        "max_kv_cache": 0.340622076707203,
        "parallel_requests_nb": 22
    },
    "26": {
        "speed_generation": [
            0.0007916937111197564,
            0.3971712571143522,
            0.0003976546330527464
        ],
        "time_to_first_token": [
            9.82948648929596,
            22.58735203742981,
            8.999897003173828
        ],
        "max_kv_cache": 0.40265434985968196,
        "parallel_requests_nb": 26
    },
    "30": {
        "speed_generation": [
            0.0012306157102044413,
            0.34478790619943517,
            0.0015067665759984084
        ],
        "time_to_first_token": [
            10.448256015777588,
            24.08722496032715,
            12.055910110473633
        ],
        "max_kv_cache": 0.46544667913938265,
        "parallel_requests_nb": 30
    },
    "34": {
        "speed_generation": [
            0.0004678285152894257,
            0.30306570077497574,
            0.0004824358801590045
        ],
        "time_to_first_token": [
            13.443294525146484,
            27.116531133651733,
            13.386971950531006
        ],
        "max_kv_cache": 0.5253741814780168,
        "parallel_requests_nb": 34
    },
    "38": {
        "speed_generation": [
            0.0002759411131379452,
            0.2722329466213267,
            0.00041525564409472526
        ],
        "time_to_first_token": [
            13.639263153076172,
            31.494651079177856,
            13.455021858215332
        ],
        "max_kv_cache": 0.5872310570626754,
        "parallel_requests_nb": 38
    }
}