{
    "1": {
        "speed_generation": [
            0.043181535569868146,
            24.441838050460667,
            0.019008306756610693
        ],
        "time_to_first_token": [
            0.0022432804107666016,
            1.6278495788574219,
            0.004958152770996094
        ],
        "max_kv_cache": 0.016253507951356383,
        "parallel_requests_nb": 1
    },
    "2": {
        "speed_generation": [
            0.12280234797279377,
            18.214866456997186,
            0.43649486564045503
        ],
        "time_to_first_token": [
            1.3969087600708008,
            3.0699148178100586,
            0.16434121131896973
        ],
        "max_kv_cache": 0.03221468662301219,
        "parallel_requests_nb": 2
    },
    "3": {
        "speed_generation": [
            0.043256012634728336,
            14.564877156957737,
            0.07513337547667476
        ],
        "time_to_first_token": [
            1.410438060760498,
            4.481745004653931,
            0.2161729335784912
        ],
        "max_kv_cache": 0.04805893358278768,
        "parallel_requests_nb": 3
    },
    "4": {
        "speed_generation": [
            0.04619426535596993,
            12.512432984122217,
            0.04403910764748353
        ],
        "time_to_first_token": [
            1.5197229385375977,
            6.017539978027344,
            0.09194803237915039
        ],
        "max_kv_cache": 0.06390318054256316,
        "parallel_requests_nb": 4
    },
    "6": {
        "speed_generation": [
            0.04519524780265449,
            9.200288660344315,
            0.08781894251956324
        ],
        "time_to_first_token": [
            3.0124194622039795,
            7.5149970054626465,
            1.4823493957519531
        ],
        "max_kv_cache": 0.09611786716557535,
        "parallel_requests_nb": 6
    },
    "8": {
        "speed_generation": [
            0.03872929457429741,
            7.5444278950190995,
            0.01238494860472894
        ],
        "time_to_first_token": [
            4.426246643066406,
            8.9566068649292,
            1.7052891254425049
        ],
        "max_kv_cache": 0.127689429373246,
        "parallel_requests_nb": 8
    },
    "10": {
        "speed_generation": [
            0.013924016748398493,
            6.220452547205354,
            0.0180105598726108
        ],
        "time_to_first_token": [
            4.464311122894287,
            9.0363290309906,
            4.453809976577759
        ],
        "max_kv_cache": 0.15902712815715625,
        "parallel_requests_nb": 10
    },
    "14": {
        "speed_generation": [
            0.021982675616079916,
            4.732172693274224,
            0.01355846099432334
        ],
        "time_to_first_token": [
            5.793911457061768,
            13.369152069091797,
            4.6021568775177
        ],
        "max_kv_cache": 0.22217025257249767,
        "parallel_requests_nb": 14
    },
    "18": {
        "speed_generation": [
            0.003593909911550952,
            3.6029892082378394,
            0.006723460681695048
        ],
        "time_to_first_token": [
            6.070445775985718,
            15.125294923782349,
            7.388766288757324
        ],
        "max_kv_cache": 0.2861318989710009,
        "parallel_requests_nb": 18
    },
    "22": {
        "speed_generation": [
            0.006543648504223842,
            3.0378648984493797,
            0.02551139221868226
        ],
        "time_to_first_token": [
            8.199635982513428,
            18.03969097137451,
            8.893044114112854
        ],
        "max_kv_cache": 0.3498012160898035,
        "parallel_requests_nb": 22
    },
    "26": {
        "speed_generation": [
            0.010879766209575426,
            2.631908106065143,
            0.012132567482229462
        ],
        "time_to_first_token": [
            8.911304950714111,
            22.363779067993164,
            9.101025104522705
        ],
        "max_kv_cache": 0.4125935453695042,
        "parallel_requests_nb": 26
    },
    "30": {
        "speed_generation": [
            0.006514224129308133,
            2.2826229621947567,
            0.005545287594437731
        ],
        "time_to_first_token": [
            11.779149293899536,
            25.425262212753296,
            10.644605875015259
        ],
        "max_kv_cache": 0.47690598690364827,
        "parallel_requests_nb": 30
    },
    "34": {
        "speed_generation": [
            0.0022865848469888483,
            1.972651288652373,
            0.0003248240228455046
        ],
        "time_to_first_token": [
            13.370050191879272,
            27.09419012069702,
            13.392184972763062
        ],
        "max_kv_cache": 0.5389967259120674,
        "parallel_requests_nb": 34
    },
    "38": {
        "speed_generation": [
            0.013296603012951325,
            1.795462840635839,
            0.0022418211894728035
        ],
        "time_to_first_token": [
            13.521582841873169,
            31.431604862213135,
            13.49519419670105
        ],
        "max_kv_cache": 0.6012043966323667,
        "parallel_requests_nb": 38
    }
}