{
    "1": {
        "speed_generation": [
            0.05239627052602458,
            15.914049870558319,
            0.04476802498081156
        ],
        "time_to_first_token": [
            0.002308487892150879,
            0.5828309059143066,
            0.0024046897888183594
        ],
        "max_kv_cache": 0.004151075771749335,
        "parallel_requests_nb": 1
    },
    "2": {
        "speed_generation": [
            0.036717470771092664,
            10.080778884413975,
            0.1541392638321195
        ],
        "time_to_first_token": [
            0.34816694259643555,
            0.9313449859619141,
            0.2224719524383545
        ],
        "max_kv_cache": 0.00824368568755851,
        "parallel_requests_nb": 2
    },
    "3": {
        "speed_generation": [
            0.025021895269059513,
            8.118702742174259,
            0.035007070319666767
        ],
        "time_to_first_token": [
            0.35247230529785156,
            1.2844488620758057,
            0.22039055824279785
        ],
        "max_kv_cache": 0.012277829747427527,
        "parallel_requests_nb": 3
    },
    "4": {
        "speed_generation": [
            0.07091533953870677,
            6.95224469829275,
            0.05917645338427313
        ],
        "time_to_first_token": [
            0.8651762008666992,
            1.8072271347045898,
            0.03276491165161133
        ],
        "max_kv_cache": 0.016370439663236702,
        "parallel_requests_nb": 4
    },
    "6": {
        "speed_generation": [
            0.03600962685254139,
            5.322581499691077,
            0.03210541981342363
        ],
        "time_to_first_token": [
            1.2035045623779297,
            2.4889450073242188,
            0.03224492073059082
        ],
        "max_kv_cache": 0.024380261927034574,
        "parallel_requests_nb": 6
    },
    "8": {
        "speed_generation": [
            0.025877880414110876,
            4.32712761618818,
            0.017750300451941037
        ],
        "time_to_first_token": [
            1.2307279109954834,
            3.179442882537842,
            0.02704310417175293
        ],
        "max_kv_cache": 0.03221468662301219,
        "parallel_requests_nb": 8
    },
    "10": {
        "speed_generation": [
            0.016890544581798395,
            3.5917444248878114,
            0.02133871348737415
        ],
        "time_to_first_token": [
            0.21105504035949707,
            3.890275001525879,
            0.028144478797912598
        ],
        "max_kv_cache": 0.04034144059869038,
        "parallel_requests_nb": 10
    },
    "14": {
        "speed_generation": [
            0.010322748067888465,
            2.7204411024057684,
            0.013096134288755223
        ],
        "time_to_first_token": [
            0.0540308952331543,
            5.305734872817993,
            0.030176162719726562
        ],
        "max_kv_cache": 0.05630261927034608,
        "parallel_requests_nb": 14
    },
    "18": {
        "speed_generation": [
            0.02982936810171566,
            2.0745139315505154,
            0.04459876442928179
        ],
        "time_to_first_token": [
            0.4011821746826172,
            6.433669090270996,
            0.29625797271728516
        ],
        "max_kv_cache": 0.07202993451824136,
        "parallel_requests_nb": 18
    },
    "22": {
        "speed_generation": [
            0.004409466290423714,
            1.7469241665890503,
            0.028660561271724116
        ],
        "time_to_first_token": [
            0.7851629257202148,
            6.748342037200928,
            1.3473598957061768
        ],
        "max_kv_cache": 0.087932647333957,
        "parallel_requests_nb": 22
    },
    "26": {
        "speed_generation": [
            0.0036979112407367065,
            1.507570824903883,
            0.004227097975411098
        ],
        "time_to_first_token": [
            1.3818330764770508,
            7.4499571323394775,
            1.7329168319702148
        ],
        "max_kv_cache": 0.10377689429373249,
        "parallel_requests_nb": 26
    },
    "30": {
        "speed_generation": [
            0.005521381094915734,
            1.325731370235213,
            0.0054671692976393516
        ],
        "time_to_first_token": [
            1.7472357749938965,
            7.872130870819092,
            3.227842092514038
        ],
        "max_kv_cache": 0.11962114125350798,
        "parallel_requests_nb": 30
    },
    "34": {
        "speed_generation": [
            0.014765535371692673,
            1.1581984719460288,
            0.0030713925301883993
        ],
        "time_to_first_token": [
            2.505120038986206,
            8.870357036590576,
            3.5360389947891235
        ],
        "max_kv_cache": 0.13564078578110383,
        "parallel_requests_nb": 34
    },
    "38": {
        "speed_generation": [
            0.0027505724560199507,
            1.0369583560456708,
            0.010932617977195802
        ],
        "time_to_first_token": [
            3.024074912071228,
            9.789325952529907,
            3.1679985523223877
        ],
        "max_kv_cache": 0.15189429373246022,
        "parallel_requests_nb": 38
    }
}