{
    "1": {
        "speed_generation": [
            0.5282870856240578,
            36.013307241305895,
            0.1069671327305457
        ],
        "time_to_first_token": [
            0.013699769973754883,
            0.08810508251190186,
            0.003319680690765381
        ],
        "max_kv_cache": 0.004034144059869016,
        "parallel_requests_nb": 1
    },
    "2": {
        "speed_generation": [
            0.49409217988506526,
            35.21709862677358,
            0.1029990637803877
        ],
        "time_to_first_token": [
            0.051501452922821045,
            0.14018940925598145,
            0.02853381633758545
        ],
        "max_kv_cache": 0.008009822263797983,
        "parallel_requests_nb": 2
    },
    "3": {
        "speed_generation": [
            0.44661158330605844,
            33.681387609570706,
            0.1492964743438705
        ],
        "time_to_first_token": [
            0.09191513061523438,
            0.1970365047454834,
            0.03366529941558838
        ],
        "max_kv_cache": 0.01198550046772684,
        "parallel_requests_nb": 3
    },
    "4": {
        "speed_generation": [
            0.5714907929864737,
            33.52086584220706,
            0.03770625592903798
        ],
        "time_to_first_token": [
            0.09611451625823975,
            0.24500346183776855,
            0.04889923334121704
        ],
        "max_kv_cache": 0.016019644527595855,
        "parallel_requests_nb": 4
    },
    "6": {
        "speed_generation": [
            0.12171201403712928,
            31.185736443159442,
            0.32955347062354434
        ],
        "time_to_first_token": [
            0.16722643375396729,
            0.3862929344177246,
            0.020109176635742188
        ],
        "max_kv_cache": 0.02379560336763331,
        "parallel_requests_nb": 6
    },
    "8": {
        "speed_generation": [
            0.09289813487105292,
            30.852793849507975,
            0.3601596698934273
        ],
        "time_to_first_token": [
            0.0426177978515625,
            0.3992619514465332,
            0.05009889602661133
        ],
        "max_kv_cache": 0.03186389148737134,
        "parallel_requests_nb": 8
    },
    "10": {
        "speed_generation": [
            0.14418716796850362,
            28.470575840175908,
            0.3369376565487592
        ],
        "time_to_first_token": [
            0.011374950408935547,
            0.4312269687652588,
            0.032801151275634766
        ],
        "max_kv_cache": 0.03981524789522917,
        "parallel_requests_nb": 10
    },
    "14": {
        "speed_generation": [
            0.08344356363817695,
            27.73031568728752,
            0.18716315290614816
        ],
        "time_to_first_token": [
            0.10795783996582031,
            0.541395902633667,
            0.03169512748718262
        ],
        "max_kv_cache": 0.05542563143124413,
        "parallel_requests_nb": 14
    },
    "18": {
        "speed_generation": [
            0.026842546789094257,
            19.138760604619574,
            0.026653191676839327
        ],
        "time_to_first_token": [
            0.02538883686065674,
            0.6007568836212158,
            0.0228196382522583
        ],
        "max_kv_cache": 0.07121141253507957,
        "parallel_requests_nb": 18
    },
    "22": {
        "speed_generation": [
            0.07608191358950833,
            18.826527495473908,
            0.02772602644089872
        ],
        "time_to_first_token": [
            0.02361130714416504,
            0.6718862056732178,
            0.06385838985443115
        ],
        "max_kv_cache": 0.0871141253507951,
        "parallel_requests_nb": 22
    }
}