{
    "1": {
        "speed_generation": [
            0.3080889414860657,
            32.08090778411397,
            0.9695705226642772
        ],
        "time_to_first_token": [
            0.01449894905090332,
            0.08664608001708984,
            0.004082918167114258
        ],
        "max_kv_cache": 0.00040926099158089535,
        "parallel_requests_nb": 1
    },
    "2": {
        "speed_generation": [
            0.8034910912742532,
            27.669074591307748,
            0.7901374844420417
        ],
        "time_to_first_token": [
            0.04505717754364014,
            0.13226985931396484,
            0.026881873607635498
        ],
        "max_kv_cache": 0.0007015902712815825,
        "parallel_requests_nb": 2
    },
    "3": {
        "speed_generation": [
            0.6802317733435714,
            24.286287223640777,
            0.752724428164445
        ],
        "time_to_first_token": [
            0.08567231893539429,
            0.19819939136505127,
            0.03406882286071777
        ],
        "max_kv_cache": 0.0010523854069223182,
        "parallel_requests_nb": 3
    },
    "4": {
        "speed_generation": [
            0.6956260039485471,
            22.081865363038354,
            0.7095975978197089
        ],
        "time_to_first_token": [
            0.10908776521682739,
            0.2658050060272217,
            0.03238719701766968
        ],
        "max_kv_cache": 0.0012862488306828457,
        "parallel_requests_nb": 4
    },
    "6": {
        "speed_generation": [
            0.6029204688187022,
            18.68504060805094,
            0.4760798530418988
        ],
        "time_to_first_token": [
            0.10036307573318481,
            0.3804885149002075,
            0.030219674110412598
        ],
        "max_kv_cache": 0.0019293732460242685,
        "parallel_requests_nb": 6
    },
    "8": {
        "speed_generation": [
            0.9506116464495449,
            18.061951309644485,
            0.7482528080210393
        ],
        "time_to_first_token": [
            0.03613102436065674,
            0.39568305015563965,
            0.04413712024688721
        ],
        "max_kv_cache": 0.0025140318054256428,
        "parallel_requests_nb": 8
    },
    "10": {
        "speed_generation": [
            0.8807453580223523,
            16.488498332860164,
            0.6010320628528767
        ],
        "time_to_first_token": [
            0.06776416301727295,
            0.438897967338562,
            0.048980891704559326
        ],
        "max_kv_cache": 0.003098690364826906,
        "parallel_requests_nb": 10
    },
    "14": {
        "speed_generation": [
            0.6100060951865842,
            15.389327572541362,
            0.4590656103145605
        ],
        "time_to_first_token": [
            0.049930453300476074,
            0.5161950588226318,
            0.03347277641296387
        ],
        "max_kv_cache": 0.004034144059869016,
        "parallel_requests_nb": 14
    },
    "18": {
        "speed_generation": [
            0.7279862675724331,
            12.028592368394019,
            0.23251630186728356
        ],
        "time_to_first_token": [
            0.024078547954559326,
            0.5782270431518555,
            0.055821001529693604
        ],
        "max_kv_cache": 0.005320392890551973,
        "parallel_requests_nb": 18
    },
    "22": {
        "speed_generation": [
            0.5966412698424239,
            11.143510505349557,
            0.47849532387800053
        ],
        "time_to_first_token": [
            0.051480650901794434,
            0.6690851449966431,
            0.048899710178375244
        ],
        "max_kv_cache": 0.006372778297474291,
        "parallel_requests_nb": 22
    },
    "26": {
        "speed_generation": [
            0.5846327819044195,
            10.226831833861576,
            0.29427790009625276
        ],
        "time_to_first_token": [
            0.031695663928985596,
            0.740282416343689,
            0.062387049198150635
        ],
        "max_kv_cache": 0.007425163704396609,
        "parallel_requests_nb": 26
    },
    "30": {
        "speed_generation": [
            0.9314748006512854,
            9.919746289937068,
            0.18965834744480148
        ],
        "time_to_first_token": [
            0.02816873788833618,
            0.7816914319992065,
            0.05829852819442749
        ],
        "max_kv_cache": 0.008594480823199246,
        "parallel_requests_nb": 30
    },
    "34": {
        "speed_generation": [
            0.24254181796973295,
            7.901322119372987,
            0.18309211089673028
        ],
        "time_to_first_token": [
            0.03065621852874756,
            0.889788031578064,
            0.06367182731628418
        ],
        "max_kv_cache": 0.009646866230121565,
        "parallel_requests_nb": 34
    },
    "38": {
        "speed_generation": [
            0.24638765390734552,
            7.434971594310985,
            0.27227112391146413
        ],
        "time_to_first_token": [
            0.053672730922698975,
            0.9845374822616577,
            0.04892265796661377
        ],
        "max_kv_cache": 0.010816183348924202,
        "parallel_requests_nb": 38
    }
}