{
    "1": {
        "speed_generation": [
            0.40936673658522693,
            49.115332873898495,
            0.3213368311993392
        ],
        "time_to_first_token": [
            0.0023398399353027344,
            0.20638799667358398,
            0.004590034484863281
        ],
        "max_kv_cache": 0.003850757142113803,
        "parallel_requests_nb": 1
    },
    "2": {
        "speed_generation": [
            0.16176983176563198,
            41.3346170420103,
            0.13336510655847178
        ],
        "time_to_first_token": [
            0.15942692756652832,
            0.3861711025238037,
            0.004780769348144531
        ],
        "max_kv_cache": 0.007597439766873104,
        "parallel_requests_nb": 2
    },
    "3": {
        "speed_generation": [
            0.16275985102555524,
            39.042965344420324,
            0.16378644958873423
        ],
        "time_to_first_token": [
            0.17160660028457642,
            0.5596100091934204,
            0.010904669761657715
        ],
        "max_kv_cache": 0.011344122391632405,
        "parallel_requests_nb": 3
    },
    "4": {
        "speed_generation": [
            0.1461519987126607,
            36.84367149750497,
            0.15591706738317157
        ],
        "time_to_first_token": [
            0.1743309497833252,
            0.7328150272369385,
            0.01013493537902832
        ],
        "max_kv_cache": 0.015090805016391706,
        "parallel_requests_nb": 4
    },
    "6": {
        "speed_generation": [
            0.17771374383871574,
            32.156731620914066,
            0.24848015610796637
        ],
        "time_to_first_token": [
            0.01846611499786377,
            1.0920391082763672,
            0.009647369384765625
        ],
        "max_kv_cache": 0.02258417026591042,
        "parallel_requests_nb": 6
    },
    "8": {
        "speed_generation": [
            0.15462451787772125,
            28.552741243582066,
            0.13204339195289805
        ],
        "time_to_first_token": [
            0.01050877571105957,
            1.4573957920074463,
            0.009217977523803711
        ],
        "max_kv_cache": 0.030025498256751826,
        "parallel_requests_nb": 8
    },
    "10": {
        "speed_generation": [
            0.12146575307248852,
            24.57400591181276,
            0.135106627462239
        ],
        "time_to_first_token": [
            0.6583912372589111,
            1.776014804840088,
            0.04424715042114258
        ],
        "max_kv_cache": 0.03751886350627054,
        "parallel_requests_nb": 10
    },
    "14": {
        "speed_generation": [
            0.08119789276858214,
            20.673500188955785,
            0.09491204083181515
        ],
        "time_to_first_token": [
            0.5332586765289307,
            1.839392900466919,
            0.6865270137786865
        ],
        "max_kv_cache": 0.052245407711921765,
        "parallel_requests_nb": 14
    },
    "18": {
        "speed_generation": [
            0.05972495617056239,
            17.371011455976063,
            0.056793771694401585
        ],
        "time_to_first_token": [
            0.8476641178131104,
            2.3525381088256836,
            0.7163419723510742
        ],
        "max_kv_cache": 0.06697195191757299,
        "parallel_requests_nb": 18
    },
    "22": {
        "speed_generation": [
            0.04867836188237007,
            15.282071166731363,
            0.04082702021347728
        ],
        "time_to_first_token": [
            1.24039888381958,
            2.765316963195801,
            1.0206996202468872
        ],
        "max_kv_cache": 0.0820627569339647,
        "parallel_requests_nb": 22
    },
    "26": {
        "speed_generation": [
            0.05329249484542942,
            13.409112921263212,
            0.04001944951769154
        ],
        "time_to_first_token": [
            1.0438863039016724,
            3.0814452171325684,
            1.2335917949676514
        ],
        "max_kv_cache": 0.09678930113961592,
        "parallel_requests_nb": 26
    },
    "30": {
        "speed_generation": [
            0.045676926607299606,
            12.179999058488828,
            0.03385085548861255
        ],
        "time_to_first_token": [
            1.2617459297180176,
            3.108597993850708,
            1.4092860221862793
        ],
        "max_kv_cache": 0.11130769631055837,
        "parallel_requests_nb": 30
    },
    "34": {
        "speed_generation": [
            0.02880542679301712,
            9.971494764217278,
            0.053388085441676836
        ],
        "time_to_first_token": [
            1.7532950639724731,
            3.9733290672302246,
            1.4600054025650024
        ],
        "max_kv_cache": 0.12634646406827288,
        "parallel_requests_nb": 34
    },
    "38": {
        "speed_generation": [
            0.04451522228391447,
            9.28031649028558,
            0.013513292192838477
        ],
        "time_to_first_token": [
            1.4355252981185913,
            4.363539218902588,
            1.426202654838562
        ],
        "max_kv_cache": 0.1410209710152469,
        "parallel_requests_nb": 38
    }
}