{
    "1": {
        "speed_generation": [
            0.3111518191875362,
            53.73257262838068,
            0.264157768753023
        ],
        "time_to_first_token": [
            0.0017464756965637207,
            0.06378650665283203,
            0.0014211535453796387
        ],
        "max_kv_cache": 0.0035905708487277144,
        "parallel_requests_nb": 1
    },
    "2": {
        "speed_generation": [
            0.10917528360577222,
            47.02971652659741,
            0.16588012328720936
        ],
        "time_to_first_token": [
            0.005625128746032715,
            0.06511843204498291,
            0.00506514310836792
        ],
        "max_kv_cache": 0.007129104438778122,
        "parallel_requests_nb": 2
    },
    "3": {
        "speed_generation": [
            0.07670274235407248,
            46.73093279561802,
            0.07598727567479102
        ],
        "time_to_first_token": [
            0.009802758693695068,
            0.08009898662567139,
            0.03435605764389038
        ],
        "max_kv_cache": 0.010667638028828641,
        "parallel_requests_nb": 3
    },
    "4": {
        "speed_generation": [
            0.05317975180094692,
            46.57071511162467,
            0.054060686087353815
        ],
        "time_to_first_token": [
            0.038461923599243164,
            0.10878491401672363,
            0.0065920352935791016
        ],
        "max_kv_cache": 0.014258208877556355,
        "parallel_requests_nb": 4
    },
    "6": {
        "speed_generation": [
            0.058174556495735885,
            45.596294847654825,
            0.1971799161952461
        ],
        "time_to_first_token": [
            0.026011347770690918,
            0.1270909309387207,
            0.012507438659667969
        ],
        "max_kv_cache": 0.021283238798980086,
        "parallel_requests_nb": 6
    },
    "8": {
        "speed_generation": [
            0.9344735578870242,
            44.183104408587724,
            0.16640447546099324
        ],
        "time_to_first_token": [
            0.04196619987487793,
            0.12973403930664062,
            0.016646862030029297
        ],
        "max_kv_cache": 0.028256231461726622,
        "parallel_requests_nb": 8
    },
    "10": {
        "speed_generation": [
            0.295224644703147,
            39.20245065466902,
            0.1855582558135822
        ],
        "time_to_first_token": [
            0.03586423397064209,
            0.159315824508667,
            0.016671180725097656
        ],
        "max_kv_cache": 0.03533329864182755,
        "parallel_requests_nb": 10
    },
    "14": {
        "speed_generation": [
            0.3105169516569575,
            36.82041740697416,
            0.36874310060399296
        ],
        "time_to_first_token": [
            0.06912708282470703,
            0.19972801208496094,
            0.01232600212097168
        ],
        "max_kv_cache": 0.049331321225997815,
        "parallel_requests_nb": 14
    },
    "18": {
        "speed_generation": [
            0.17851836162211754,
            32.5678283154787,
            0.2476406027313871
        ],
        "time_to_first_token": [
            0.03786063194274902,
            0.2502250671386719,
            0.014537453651428223
        ],
        "max_kv_cache": 0.06338138106884528,
        "parallel_requests_nb": 18
    },
    "22": {
        "speed_generation": [
            0.15636714898334603,
            30.90308337196608,
            0.12848888102737277
        ],
        "time_to_first_token": [
            0.11160790920257568,
            0.2683238983154297,
            0.025237679481506348
        ],
        "max_kv_cache": 0.07737940365301554,
        "parallel_requests_nb": 22
    },
    "26": {
        "speed_generation": [
            0.12879990248178785,
            28.467850703193744,
            0.05289931311201457
        ],
        "time_to_first_token": [
            0.10418200492858887,
            0.3303229808807373,
            0.008523941040039062
        ],
        "max_kv_cache": 0.091429463495863,
        "parallel_requests_nb": 26
    },
    "30": {
        "speed_generation": [
            0.06197506540347675,
            27.038866428411833,
            0.34734840111863363
        ],
        "time_to_first_token": [
            0.17453134059906006,
            0.36484384536743164,
            0.017868638038635254
        ],
        "max_kv_cache": 0.10568767237341936,
        "parallel_requests_nb": 30
    },
    "34": {
        "speed_generation": [
            0.04372603760369742,
            20.72208028574707,
            0.07815133034884525
        ],
        "time_to_first_token": [
            0.060724735260009766,
            0.4202249050140381,
            0.011656045913696289
        ],
        "max_kv_cache": 0.11963365769891243,
        "parallel_requests_nb": 34
    },
    "38": {
        "speed_generation": [
            0.3355522278507763,
            20.09164853512172,
            0.015122678706390502
        ],
        "time_to_first_token": [
            0.10270869731903076,
            0.4579441547393799,
            0.007775306701660156
        ],
        "max_kv_cache": 0.1334235312483738,
        "parallel_requests_nb": 38
    }
}