{
    "1": {
        "speed_generation": [
            0.15179930439746414,
            52.403910735311456,
            0.16337202993378241
        ],
        "time_to_first_token": [
            0.0022096633911132812,
            0.21231341361999512,
            0.0020712614059448242
        ],
        "max_kv_cache": 0.006764843628037642,
        "parallel_requests_nb": 1
    },
    "2": {
        "speed_generation": [
            0.0448988842856366,
            46.24081910120027,
            0.0741400126983578
        ],
        "time_to_first_token": [
            0.01112598180770874,
            0.3912099599838257,
            0.00958925485610962
        ],
        "max_kv_cache": 0.013425612738720893,
        "parallel_requests_nb": 2
    },
    "3": {
        "speed_generation": [
            0.12709624267142772,
            45.647492500161206,
            0.0809813701362927
        ],
        "time_to_first_token": [
            0.15928268432617188,
            0.5541789531707764,
            0.015484273433685303
        ],
        "max_kv_cache": 0.019982307332049754,
        "parallel_requests_nb": 3
    },
    "4": {
        "speed_generation": [
            0.33526022264421584,
            44.572796238014895,
            0.26521101381285916
        ],
        "time_to_first_token": [
            0.3286020755767822,
            0.7259960174560547,
            0.021289825439453125
        ],
        "max_kv_cache": 0.02659103918405581,
        "parallel_requests_nb": 4
    },
    "6": {
        "speed_generation": [
            0.09239689693417574,
            40.59298740453806,
            0.3059683603701444
        ],
        "time_to_first_token": [
            0.33300602436065674,
            1.078542947769165,
            0.029804587364196777
        ],
        "max_kv_cache": 0.0400166519227767,
        "parallel_requests_nb": 6
    },
    "8": {
        "speed_generation": [
            0.1448770156808905,
            37.5076422599509,
            0.21329705462288473
        ],
        "time_to_first_token": [
            0.3107261657714844,
            1.415682077407837,
            0.04617500305175781
        ],
        "max_kv_cache": 0.05328615288546601,
        "parallel_requests_nb": 8
    },
    "10": {
        "speed_generation": [
            0.07339887241752763,
            33.68915757310026,
            0.7760515782374569
        ],
        "time_to_first_token": [
            0.5388829708099365,
            1.6372690200805664,
            0.16983604431152344
        ],
        "max_kv_cache": 0.06629546755476923,
        "parallel_requests_nb": 10
    },
    "14": {
        "speed_generation": [
            0.11280430666429098,
            30.46347113320493,
            0.09790198985440313
        ],
        "time_to_first_token": [
            0.36754393577575684,
            1.833035945892334,
            0.6881990432739258
        ],
        "max_kv_cache": 0.09283446948014784,
        "parallel_requests_nb": 14
    },
    "18": {
        "speed_generation": [
            0.12706543182964936,
            26.271325588271452,
            0.10999242271434895
        ],
        "time_to_first_token": [
            0.8682245016098022,
            2.354825973510742,
            0.5792549848556519
        ],
        "max_kv_cache": 0.11942550866420354,
        "parallel_requests_nb": 18
    },
    "22": {
        "speed_generation": [
            0.08644428793308379,
            24.128455549788153,
            0.13358020520551506
        ],
        "time_to_first_token": [
            1.413297414779663,
            2.9087278842926025,
            0.7188385725021362
        ],
        "max_kv_cache": 0.14565228703751887,
        "parallel_requests_nb": 22
    },
    "26": {
        "speed_generation": [
            0.3530468980356076,
            21.79134608473172,
            0.28664908027903024
        ],
        "time_to_first_token": [
            1.3222339153289795,
            2.9372880458831787,
            1.3974578380584717
        ],
        "max_kv_cache": 0.17245147525628346,
        "parallel_requests_nb": 26
    },
    "30": {
        "speed_generation": [
            0.48809401133706487,
            20.455574088748435,
            0.04644795505571153
        ],
        "time_to_first_token": [
            1.3895344734191895,
            3.0530810356140137,
            1.4309464693069458
        ],
        "max_kv_cache": 0.19899047718166207,
        "parallel_requests_nb": 30
    },
    "34": {
        "speed_generation": [
            0.1505111592459567,
            15.644610888992167,
            0.11593519375885997
        ],
        "time_to_first_token": [
            1.4274609088897705,
            4.1740100383758545,
            1.6137239933013916
        ],
        "max_kv_cache": 0.2251131810376229,
        "parallel_requests_nb": 34
    }
}