{
    "1": {
        "speed_generation": [
            0.3510926835226158,
            49.126181276414734,
            0.3047491075910145
        ],
        "time_to_first_token": [
            0.010713934898376465,
            0.7787714004516602,
            0.007144570350646973
        ],
        "max_kv_cache": 0.01649581100067643,
        "parallel_requests_nb": 1
    },
    "2": {
        "speed_generation": [
            0.055393257424626086,
            43.56376788858695,
            0.1027257299172959
        ],
        "time_to_first_token": [
            0.7297758460044861,
            1.5267455577850342,
            0.012777268886566162
        ],
        "max_kv_cache": 0.03299162200135297,
        "parallel_requests_nb": 2
    },
    "3": {
        "speed_generation": [
            0.12346303874297604,
            38.1253309131426,
            0.18730823282283637
        ],
        "time_to_first_token": [
            0.3464782238006592,
            1.8806999921798706,
            0.40239018201828003
        ],
        "max_kv_cache": 0.049071134932611726,
        "parallel_requests_nb": 3
    },
    "4": {
        "speed_generation": [
            0.26115033119148734,
            35.20399840708363,
            0.18909620462371635
        ],
        "time_to_first_token": [
            0.7266458868980408,
            2.2957170009613037,
            0.767259418964386
        ],
        "max_kv_cache": 0.06567102045064266,
        "parallel_requests_nb": 4
    },
    "6": {
        "speed_generation": [
            0.1653927934755508,
            30.13710406972798,
            0.03955520476016616
        ],
        "time_to_first_token": [
            1.4790561199188232,
            3.0702390670776367,
            1.485421895980835
        ],
        "max_kv_cache": 0.09803819534786906,
        "parallel_requests_nb": 6
    },
    "8": {
        "speed_generation": [
            0.04765339899507737,
            26.896272716830666,
            0.16370518227600073
        ],
        "time_to_first_token": [
            1.522123098373413,
            3.147372007369995,
            1.4804761409759521
        ],
        "max_kv_cache": 0.13050944476244997,
        "parallel_requests_nb": 8
    },
    "10": {
        "speed_generation": [
            0.10038149718761247,
            23.371787005096056,
            0.0565877186993049
        ],
        "time_to_first_token": [
            1.531264066696167,
            4.614390850067139,
            1.5013251304626465
        ],
        "max_kv_cache": 0.16277254514232187,
        "parallel_requests_nb": 10
    },
    "14": {
        "speed_generation": [
            0.18450259559632798,
            19.49401934818166,
            0.08922901992702492
        ],
        "time_to_first_token": [
            2.975597620010376,
            6.147411108016968,
            2.929713726043701
        ],
        "max_kv_cache": 0.22802726752354685,
        "parallel_requests_nb": 14
    },
    "18": {
        "speed_generation": [
            0.049855761425556366,
            16.03980105834513,
            0.028006067930860468
        ],
        "time_to_first_token": [
            3.0531232357025146,
            7.658822059631348,
            3.0292389392852783
        ],
        "max_kv_cache": 0.29265754280064527,
        "parallel_requests_nb": 18
    },
    "22": {
        "speed_generation": [
            0.08030483704854241,
            13.972432385941417,
            0.09209774804486592
        ],
        "time_to_first_token": [
            4.45306396484375,
            9.14467191696167,
            4.448318958282471
        ],
        "max_kv_cache": 0.35822448873393353,
        "parallel_requests_nb": 22
    },
    "26": {
        "speed_generation": [
            0.04560616396894979,
            12.295387332999708,
            0.027763567960695568
        ],
        "time_to_first_token": [
            4.548619508743286,
            10.756057024002075,
            4.508538842201233
        ],
        "max_kv_cache": 0.42269865223500025,
        "parallel_requests_nb": 26
    },
    "30": {
        "speed_generation": [
            0.01421347428419395,
            11.139187397898326,
            0.09112840617995843
        ],
        "time_to_first_token": [
            5.920639991760254,
            12.263652086257935,
            5.908522844314575
        ],
        "max_kv_cache": 0.4881094863922568,
        "parallel_requests_nb": 30
    }
}