{
    "1": {
        "speed_generation": [
            0.7955893149857332,
            47.82800726091471,
            0.5958031390881757
        ],
        "time_to_first_token": [
            0.002201080322265625,
            0.05849790573120117,
            0.003747224807739258
        ],
        "max_kv_cache": 0.00031222355206328434,
        "parallel_requests_nb": 1
    },
    "2": {
        "speed_generation": [
            0.6928648060881315,
            37.45786980300875,
            3.2712885637577855
        ],
        "time_to_first_token": [
            0.0063669681549072266,
            0.07016861438751221,
            0.038886964321136475
        ],
        "max_kv_cache": 0.0006244471041265687,
        "parallel_requests_nb": 2
    },
    "3": {
        "speed_generation": [
            0.7431591011762819,
            36.95298921206399,
            1.3002293965771514
        ],
        "time_to_first_token": [
            0.008666515350341797,
            0.07605397701263428,
            0.03437161445617676
        ],
        "max_kv_cache": 0.000936670656189853,
        "parallel_requests_nb": 3
    },
    "4": {
        "speed_generation": [
            0.6076856565107747,
            36.44675540486849,
            0.67167713287823
        ],
        "time_to_first_token": [
            0.024364352226257324,
            0.09686291217803955,
            0.017099082469940186
        ],
        "max_kv_cache": 0.0011448196908986352,
        "parallel_requests_nb": 4
    },
    "6": {
        "speed_generation": [
            0.8457525720001513,
            35.126923980256024,
            0.965272148917208
        ],
        "time_to_first_token": [
            0.02130889892578125,
            0.10396039485931396,
            0.01941096782684326
        ],
        "max_kv_cache": 0.0016131550189936172,
        "parallel_requests_nb": 6
    },
    "8": {
        "speed_generation": [
            0.772088688979025,
            33.41205491776405,
            1.5312967178399077
        ],
        "time_to_first_token": [
            0.00993722677230835,
            0.11260950565338135,
            0.02828514575958252
        ],
        "max_kv_cache": 0.0021855648644429904,
        "parallel_requests_nb": 8
    },
    "10": {
        "speed_generation": [
            0.6074294604897759,
            30.56133159990641,
            0.9045966212930807
        ],
        "time_to_first_token": [
            0.01875782012939453,
            0.13692641258239746,
            0.0252569317817688
        ],
        "max_kv_cache": 0.002705937451215057,
        "parallel_requests_nb": 10
    },
    "14": {
        "speed_generation": [
            0.64433483865459,
            28.50716693222983,
            0.5881369757412394
        ],
        "time_to_first_token": [
            0.01149815320968628,
            0.18059444427490234,
            0.014723598957061768
        ],
        "max_kv_cache": 0.00364260810740491,
        "parallel_requests_nb": 14
    },
    "18": {
        "speed_generation": [
            0.4821316233139399,
            24.067835796038857,
            0.7813674222429299
        ],
        "time_to_first_token": [
            0.018463432788848877,
            0.2299034595489502,
            0.016571342945098877
        ],
        "max_kv_cache": 0.004579278763594763,
        "parallel_requests_nb": 18
    },
    "22": {
        "speed_generation": [
            0.5771446422740318,
            22.553447056586656,
            0.45047488301199223
        ],
        "time_to_first_token": [
            0.012357890605926514,
            0.2635769844055176,
            0.02219027280807495
        ],
        "max_kv_cache": 0.005411874902430114,
        "parallel_requests_nb": 22
    },
    "26": {
        "speed_generation": [
            0.38043672548227647,
            20.318354807417798,
            0.7864539962926997
        ],
        "time_to_first_token": [
            0.026299118995666504,
            0.3129146099090576,
            0.018549799919128418
        ],
        "max_kv_cache": 0.006452620075974358,
        "parallel_requests_nb": 26
    },
    "30": {
        "speed_generation": [
            0.3731304715818631,
            19.13400666308918,
            0.35753579243198885
        ],
        "time_to_first_token": [
            0.01786327362060547,
            0.348358154296875,
            0.0217551589012146
        ],
        "max_kv_cache": 0.007337253473487015,
        "parallel_requests_nb": 30
    },
    "34": {
        "speed_generation": [
            0.34350255129805163,
            15.62237671569127,
            0.2993311398270926
        ],
        "time_to_first_token": [
            0.029313385486602783,
            0.39993250370025635,
            0.020097196102142334
        ],
        "max_kv_cache": 0.008325961388354064,
        "parallel_requests_nb": 34
    },
    "38": {
        "speed_generation": [
            0.27510153904023404,
            14.77530445902079,
            0.19173092943956682
        ],
        "time_to_first_token": [
            0.01363915205001831,
            0.43551409244537354,
            0.020204484462738037
        ],
        "max_kv_cache": 0.009314669303221113,
        "parallel_requests_nb": 38
    }
}