{
    "1": {
        "speed_generation": [
            0.2635649512867957,
            39.42829994892183,
            0.1598658888610771
        ],
        "time_to_first_token": [
            0.00612640380859375,
            0.770488977432251,
            0.009354948997497559
        ],
        "max_kv_cache": 0.013633761773429787,
        "parallel_requests_nb": 1
    },
    "2": {
        "speed_generation": [
            0.07973335913122526,
            30.008028770366,
            0.10470079835248569
        ],
        "time_to_first_token": [
            0.022999286651611328,
            1.5268421173095703,
            0.011757850646972656
        ],
        "max_kv_cache": 0.027111411770827876,
        "parallel_requests_nb": 2
    },
    "3": {
        "speed_generation": [
            0.07740879905162501,
            24.050950099839923,
            0.1392199313356599
        ],
        "time_to_first_token": [
            0.0210263729095459,
            1.5552968978881836,
            0.7288565635681152
        ],
        "max_kv_cache": 0.04064109902690327,
        "parallel_requests_nb": 3
    },
    "4": {
        "speed_generation": [
            0.06035369944234503,
            20.502083161168624,
            0.07136709680285236
        ],
        "time_to_first_token": [
            0.737076997756958,
            2.2905449867248535,
            0.7585248947143555
        ],
        "max_kv_cache": 0.05385856273091538,
        "parallel_requests_nb": 4
    },
    "6": {
        "speed_generation": [
            0.08289907564293841,
            15.760994366247463,
            0.06990816233146013
        ],
        "time_to_first_token": [
            1.477914810180664,
            3.0621719360351562,
            1.4678571224212646
        ],
        "max_kv_cache": 0.08060571369100278,
        "parallel_requests_nb": 6
    },
    "8": {
        "speed_generation": [
            0.05227783047093304,
            12.857137157451227,
            0.0381187957828395
        ],
        "time_to_first_token": [
            1.4964237213134766,
            3.796651840209961,
            1.5107600688934326
        ],
        "max_kv_cache": 0.10724879013373578,
        "parallel_requests_nb": 8
    },
    "10": {
        "speed_generation": [
            0.05125145773757467,
            10.740888836000689,
            0.036719428705335844
        ],
        "time_to_first_token": [
            1.5104799270629883,
            4.580188035964966,
            1.5456395149230957
        ],
        "max_kv_cache": 0.13436020190456366,
        "parallel_requests_nb": 10
    },
    "14": {
        "speed_generation": [
            0.02742627224541394,
            8.205160358060871,
            0.017721875025275224
        ],
        "time_to_first_token": [
            2.963995933532715,
            6.10238790512085,
            2.9709529876708984
        ],
        "max_kv_cache": 0.18764635479002967,
        "parallel_requests_nb": 14
    },
    "18": {
        "speed_generation": [
            0.0438822459816981,
            6.545057788774385,
            0.04065810843648965
        ],
        "time_to_first_token": [
            3.041293978691101,
            7.643939971923828,
            3.0361859798431396
        ],
        "max_kv_cache": 0.24119269396888177,
        "parallel_requests_nb": 18
    },
    "22": {
        "speed_generation": [
            0.008070851698932735,
            5.519167135274724,
            0.01136684698503121
        ],
        "time_to_first_token": [
            4.48074197769165,
            9.130028009414673,
            4.4806249141693115
        ],
        "max_kv_cache": 0.2939584742675756,
        "parallel_requests_nb": 22
    },
    "26": {
        "speed_generation": [
            0.015517674864936382,
            4.713980336974519,
            0.010186450040389872
        ],
        "time_to_first_token": [
            4.543592572212219,
            10.676800012588501,
            4.540435075759888
        ],
        "max_kv_cache": 0.347348701670396,
        "parallel_requests_nb": 26
    },
    "30": {
        "speed_generation": [
            0.020815991777205944,
            4.169508778227352,
            0.003708363681235838
        ],
        "time_to_first_token": [
            5.979563593864441,
            12.20798110961914,
            5.918714284896851
        ],
        "max_kv_cache": 0.40146745069469736,
        "parallel_requests_nb": 30
    },
    "34": {
        "speed_generation": [
            0.0036943743293500475,
            3.5505135164573467,
            0.012572909814518418
        ],
        "time_to_first_token": [
            6.026260137557983,
            13.682242155075073,
            6.130539894104004
        ],
        "max_kv_cache": 0.4541291564760368,
        "parallel_requests_nb": 34
    },
    "38": {
        "speed_generation": [
            0.022818098126978104,
            3.2444537231407495,
            0.0045976941689644946
        ],
        "time_to_first_token": [
            7.491135954856873,
            15.215374946594238,
            7.496527075767517
        ],
        "max_kv_cache": 0.5071030858094396,
        "parallel_requests_nb": 38
    }
}