{
    "1": {
        "speed_generation": [
            0.3554595017649369,
            32.319892891285136,
            0.26576742771577244
        ],
        "time_to_first_token": [
            0.0021260976791381836,
            0.2061140537261963,
            0.003689885139465332
        ],
        "max_kv_cache": 0.0034864963313732122,
        "parallel_requests_nb": 1
    },
    "2": {
        "speed_generation": [
            0.31427447323366664,
            22.44759680209153,
            0.21623889161581644
        ],
        "time_to_first_token": [
            0.01152193546295166,
            0.38524794578552246,
            0.006291985511779785
        ],
        "max_kv_cache": 0.006868918145392144,
        "parallel_requests_nb": 2
    },
    "3": {
        "speed_generation": [
            0.30973307949897233,
            17.948465575782315,
            0.22287005861456777
        ],
        "time_to_first_token": [
            0.16088831424713135,
            0.5562975406646729,
            0.009339869022369385
        ],
        "max_kv_cache": 0.010303377218088161,
        "parallel_requests_nb": 3
    },
    "4": {
        "speed_generation": [
            0.17011281908924047,
            14.936707448642075,
            0.14925437288892773
        ],
        "time_to_first_token": [
            0.1706140637397766,
            0.7323764562606812,
            0.009213626384735107
        ],
        "max_kv_cache": 0.013633761773429787,
        "parallel_requests_nb": 4
    },
    "6": {
        "speed_generation": [
            0.08582211340334567,
            11.09613131043789,
            0.08374670117780347
        ],
        "time_to_first_token": [
            0.024168550968170166,
            1.087616205215454,
            0.011801958084106445
        ],
        "max_kv_cache": 0.020346568142790233,
        "parallel_requests_nb": 6
    },
    "8": {
        "speed_generation": [
            0.050475815938989754,
            8.738403563952634,
            0.05317150610276755
        ],
        "time_to_first_token": [
            0.014201045036315918,
            1.4562690258026123,
            0.009505033493041992
        ],
        "max_kv_cache": 0.02731956080553677,
        "parallel_requests_nb": 8
    },
    "10": {
        "speed_generation": [
            0.038643186798893225,
            7.119963172054369,
            0.04790836958560707
        ],
        "time_to_first_token": [
            0.010949790477752686,
            1.4764330387115479,
            0.3328404426574707
        ],
        "max_kv_cache": 0.03382421814018832,
        "parallel_requests_nb": 10
    },
    "14": {
        "speed_generation": [
            0.017117755209714147,
            5.330650408403914,
            0.02199243296045772
        ],
        "time_to_first_token": [
            0.356938898563385,
            1.846634030342102,
            0.6985653042793274
        ],
        "max_kv_cache": 0.047041681844200434,
        "parallel_requests_nb": 14
    },
    "18": {
        "speed_generation": [
            0.016199537343477566,
            4.220465611507203,
            0.022242986958724842
        ],
        "time_to_first_token": [
            0.8721815347671509,
            2.385154604911804,
            0.7319938540458679
        ],
        "max_kv_cache": 0.06041525732424413,
        "parallel_requests_nb": 18
    },
    "22": {
        "speed_generation": [
            0.011223335971433102,
            3.5138928880025535,
            0.018587266671288738
        ],
        "time_to_first_token": [
            1.3355300426483154,
            2.9387495517730713,
            0.5702433586120605
        ],
        "max_kv_cache": 0.07378883280428783,
        "parallel_requests_nb": 22
    },
    "26": {
        "speed_generation": [
            0.011147402342544854,
            3.027352509483942,
            0.014318832708182683
        ],
        "time_to_first_token": [
            1.2591626644134521,
            2.9396170377731323,
            1.3925747275352478
        ],
        "max_kv_cache": 0.08721444554300883,
        "parallel_requests_nb": 26
    },
    "30": {
        "speed_generation": [
            0.005923110657489961,
            2.657152966241885,
            0.007076404726290342
        ],
        "time_to_first_token": [
            1.4153310656547546,
            3.4488630294799805,
            1.2459224462509155
        ],
        "max_kv_cache": 0.10069209554040692,
        "parallel_requests_nb": 30
    },
    "34": {
        "speed_generation": [
            0.007511535547489512,
            2.3086892211407664,
            0.0067817734431789845
        ],
        "time_to_first_token": [
            1.5415127873420715,
            3.938410520553589,
            1.4689147472381592
        ],
        "max_kv_cache": 0.11401363376177343,
        "parallel_requests_nb": 34
    },
    "38": {
        "speed_generation": [
            0.00519446357663611,
            2.086709940435381,
            0.004716159783641594
        ],
        "time_to_first_token": [
            1.7960423827171326,
            4.3547855615615845,
            1.4416552782058716
        ],
        "max_kv_cache": 0.12749128375917151,
        "parallel_requests_nb": 38
    }
}