{
    "6": {
        "speed_generation": [
            0.039469110073408586,
            6.3783165122307315,
            0.03426799896076016
        ],
        "time_to_first_token": [
            0.717810869216919,
            2.2207789421081543,
            0.021297216415405273
        ],
        "max_kv_cache": 0.047715199900593364,
        "parallel_requests_nb": 6
    },
    "1": {
        "speed_generation": [
            0.1150431043155713,
            27.369365856841643,
            0.2680706338404981
        ],
        "time_to_first_token": [
            0.005952119827270508,
            0.41453003883361816,
            0.002343893051147461
        ],
        "max_kv_cache": 0.007952533316765598,
        "parallel_requests_nb": 1
    },
    "26": {
        "speed_generation": [
            0.008097837190636836,
            1.5701648375765547,
            0.007983400697463727
        ],
        "time_to_first_token": [
            1.8487234115600586,
            5.4479310512542725,
            2.3891634941101074
        ],
        "max_kv_cache": 0.20676586623590443,
        "parallel_requests_nb": 26
    },
    "34": {
        "speed_generation": [
            0.00803764306691268,
            1.2069390584734014,
            0.0028492700534161752
        ],
        "time_to_first_token": [
            2.909740924835205,
            7.69646692276001,
            2.76979923248291
        ],
        "max_kv_cache": 0.2703861327700289,
        "parallel_requests_nb": 34
    },
    "14": {
        "speed_generation": [
            0.01210937017141367,
            2.887617042228898,
            0.009254569641516053
        ],
        "time_to_first_token": [
            1.0302180051803589,
            3.692898988723755,
            1.4176784753799438
        ],
        "max_kv_cache": 0.11133546643471781,
        "parallel_requests_nb": 14
    },
    "18": {
        "speed_generation": [
            0.014120967447193156,
            2.2393909020593434,
            0.014101202791932277
        ],
        "time_to_first_token": [
            1.811070203781128,
            4.763275861740112,
            1.4458446502685547
        ],
        "max_kv_cache": 0.14314559970177998,
        "parallel_requests_nb": 18
    },
    "30": {
        "speed_generation": [
            0.013301416295663726,
            1.3660151458653467,
            0.005393588974725416
        ],
        "time_to_first_token": [
            3.194436550140381,
            7.27988600730896,
            2.6442474126815796
        ],
        "max_kv_cache": 0.2385759995029667,
        "parallel_requests_nb": 30
    },
    "22": {
        "speed_generation": [
            0.010836754361213119,
            1.8536033487951125,
            0.006368886124770823
        ],
        "time_to_first_token": [
            1.9169960021972656,
            5.240639925003052,
            2.408133029937744
        ],
        "max_kv_cache": 0.17495573296884226,
        "parallel_requests_nb": 22
    },
    "2": {
        "speed_generation": [
            0.16016646101194532,
            15.847610987107274,
            0.6219280199231108
        ],
        "time_to_first_token": [
            0.3422281742095947,
            0.7648661136627197,
            0.04701495170593262
        ],
        "max_kv_cache": 0.015905066633531084,
        "parallel_requests_nb": 2
    },
    "4": {
        "speed_generation": [
            0.05482657830308035,
            9.099750054340435,
            0.06995146005915132
        ],
        "time_to_first_token": [
            0.7049098014831543,
            1.4986019134521484,
            0.029162168502807617
        ],
        "max_kv_cache": 0.03181013326706217,
        "parallel_requests_nb": 4
    },
    "8": {
        "speed_generation": [
            0.024215921664278994,
            4.890598712404754,
            0.027147205617503722
        ],
        "time_to_first_token": [
            0.7563660144805908,
            2.637112855911255,
            0.33200526237487793
        ],
        "max_kv_cache": 0.06362026653412445,
        "parallel_requests_nb": 8
    },
    "38": {
        "speed_generation": [
            0.009059233854788795,
            1.076883636316488,
            0.007069406902102449
        ],
        "time_to_first_token": [
            2.8069369792938232,
            7.946018934249878,
            3.7297160625457764
        ],
        "max_kv_cache": 0.30219626603709115,
        "parallel_requests_nb": 38
    },
    "10": {
        "speed_generation": [
            0.022983301129191336,
            3.9432331686580104,
            0.01907636990022077
        ],
        "time_to_first_token": [
            0.03293013572692871,
            2.6433000564575195,
            1.0568050146102905
        ],
        "max_kv_cache": 0.07952533316765553,
        "parallel_requests_nb": 10
    },
    "3": {
        "speed_generation": [
            0.0803043492411355,
            11.556000973950946,
            0.09318103514428344
        ],
        "time_to_first_token": [
            0.3719019889831543,
            1.142448902130127,
            0.03102421760559082
        ],
        "max_kv_cache": 0.023857599950296682,
        "parallel_requests_nb": 3
    }
}