{
    "38": {
        "speed_generation": [
            0.04024966717958378,
            12.920775970254253,
            0.009589833879951826
        ],
        "time_to_first_token": [
            2.837792158126831,
            8.02005410194397,
            3.831530451774597
        ],
        "max_kv_cache": 0.30219626603709115,
        "parallel_requests_nb": 38
    },
    "10": {
        "speed_generation": [
            0.5061581930669377,
            39.215343986194924,
            0.21520727924816896
        ],
        "time_to_first_token": [
            0.6971455812454224,
            3.2745580673217773,
            0.38511157035827637
        ],
        "max_kv_cache": 0.07952533316765553,
        "parallel_requests_nb": 10
    },
    "30": {
        "speed_generation": [
            0.46382977378393697,
            15.932720863998227,
            0.04264913099182799
        ],
        "time_to_first_token": [
            2.501948118209839,
            7.274653196334839,
            2.5565927028656006
        ],
        "max_kv_cache": 0.2385759995029667,
        "parallel_requests_nb": 30
    },
    "2": {
        "speed_generation": [
            1.0494409062988268,
            75.40143487145278,
            0.2948277136945592
        ],
        "time_to_first_token": [
            0.3332449197769165,
            0.7538884878158569,
            0.05122065544128418
        ],
        "max_kv_cache": 0.015905066633531084,
        "parallel_requests_nb": 2
    },
    "4": {
        "speed_generation": [
            1.655484917203033,
            61.334285138251104,
            0.4560127615892995
        ],
        "time_to_first_token": [
            0.7013359069824219,
            1.4890129566192627,
            0.02500009536743164
        ],
        "max_kv_cache": 0.03181013326706217,
        "parallel_requests_nb": 4
    },
    "1": {
        "speed_generation": [
            0.24487520975910115,
            88.86044542261658,
            0.15057314016554812
        ],
        "time_to_first_token": [
            0.005808234214782715,
            0.4136725664138794,
            0.0016332268714904785
        ],
        "max_kv_cache": 0.007952533316765598,
        "parallel_requests_nb": 1
    },
    "14": {
        "speed_generation": [
            0.12474877946064566,
            31.070761996454678,
            0.40852243474090955
        ],
        "time_to_first_token": [
            1.0509992837905884,
            3.665743827819824,
            1.3993371725082397
        ],
        "max_kv_cache": 0.11133546643471781,
        "parallel_requests_nb": 14
    },
    "3": {
        "speed_generation": [
            1.7369565991760396,
            69.52424039777945,
            0.2858924012495123
        ],
        "time_to_first_token": [
            0.35096490383148193,
            1.1168019771575928,
            0.041257500648498535
        ],
        "max_kv_cache": 0.023857599950296682,
        "parallel_requests_nb": 3
    },
    "22": {
        "speed_generation": [
            0.11088651070115674,
            21.04394528599199,
            0.1274857447636606
        ],
        "time_to_first_token": [
            1.9302480220794678,
            5.215996026992798,
            2.0427660942077637
        ],
        "max_kv_cache": 0.17495573296884226,
        "parallel_requests_nb": 22
    },
    "34": {
        "speed_generation": [
            0.03444571425654175,
            14.072772298077755,
            0.006136611019073257
        ],
        "time_to_first_token": [
            3.7407801151275635,
            7.766628980636597,
            2.563509941101074
        ],
        "max_kv_cache": 0.2703861327700289,
        "parallel_requests_nb": 34
    },
    "26": {
        "speed_generation": [
            0.02625893923084277,
            18.717800653268856,
            0.1509285542163994
        ],
        "time_to_first_token": [
            1.991123914718628,
            5.771127939224243,
            2.4413959980010986
        ],
        "max_kv_cache": 0.20676586623590443,
        "parallel_requests_nb": 26
    },
    "18": {
        "speed_generation": [
            0.05294891761562681,
            23.627146811499962,
            0.31230120728828226
        ],
        "time_to_first_token": [
            1.923210859298706,
            4.543004989624023,
            1.2901508808135986
        ],
        "max_kv_cache": 0.14314559970177998,
        "parallel_requests_nb": 18
    },
    "6": {
        "speed_generation": [
            1.152729315349056,
            51.6418449781771,
            0.20461772983291837
        ],
        "time_to_first_token": [
            0.3763000965118408,
            2.2009191513061523,
            0.024249792098999023
        ],
        "max_kv_cache": 0.047715199900593364,
        "parallel_requests_nb": 6
    },
    "8": {
        "speed_generation": [
            0.7256439835536028,
            44.905799211479525,
            0.30235705040250593
        ],
        "time_to_first_token": [
            1.026582956314087,
            2.915397882461548,
            0.02901601791381836
        ],
        "max_kv_cache": 0.06362026653412445,
        "parallel_requests_nb": 8
    }
}