{
    "10": {
        "speed_generation": [
            1.0995402606765836,
            58.490475254050786,
            0.29157434230917545
        ],
        "time_to_first_token": [
            0.09411001205444336,
            0.908750057220459,
            0.01878809928894043
        ],
        "max_kv_cache": 0.04193718741263086,
        "parallel_requests_nb": 10
    },
    "30": {
        "speed_generation": [
            0.18398017942092437,
            30.33816165615103,
            0.0629426392802479
        ],
        "time_to_first_token": [
            0.03762626647949219,
            2.6156880855560303,
            0.01349496841430664
        ],
        "max_kv_cache": 0.1253145289055947,
        "parallel_requests_nb": 30
    },
    "38": {
        "speed_generation": [
            0.03687255964618785,
            24.582752792467442,
            0.22842266444380144
        ],
        "time_to_first_token": [
            0.11116647720336914,
            2.6530439853668213,
            0.6361360549926758
        ],
        "max_kv_cache": 0.15852256841974466,
        "parallel_requests_nb": 38
    },
    "4": {
        "speed_generation": [
            1.1073297356729057,
            80.00367509319474,
            0.43625613210689096
        ],
        "time_to_first_token": [
            0.1869511604309082,
            0.4109940528869629,
            0.009939908981323242
        ],
        "max_kv_cache": 0.016774874965052367,
        "parallel_requests_nb": 4
    },
    "22": {
        "speed_generation": [
            0.43872904043283967,
            37.614039792909445,
            0.08931899973396185
        ],
        "time_to_first_token": [
            0.04554390907287598,
            1.9432249069213867,
            0.019349098205566406
        ],
        "max_kv_cache": 0.09192010189183308,
        "parallel_requests_nb": 22
    },
    "3": {
        "speed_generation": [
            1.1351161947832082,
            84.31660188668029,
            0.23951143952955078
        ],
        "time_to_first_token": [
            0.08155465126037598,
            0.29911017417907715,
            0.04039275646209717
        ],
        "max_kv_cache": 0.012705414556863692,
        "parallel_requests_nb": 3
    },
    "34": {
        "speed_generation": [
            0.09165018212972242,
            26.12026136004815,
            0.09098989826736315
        ],
        "time_to_first_token": [
            0.2098832130432129,
            2.7246928215026855,
            0.24758672714233398
        ],
        "max_kv_cache": 0.14218259762045293,
        "parallel_requests_nb": 34
    },
    "1": {
        "speed_generation": [
            0.32578957870684633,
            93.90465282542546,
            0.21001262687771316
        ],
        "time_to_first_token": [
            0.0012978911399841309,
            0.13236701488494873,
            0.0014728307723999023
        ],
        "max_kv_cache": 0.004286912491068939,
        "parallel_requests_nb": 1
    },
    "18": {
        "speed_generation": [
            0.5864677374816836,
            40.45843663265683,
            0.4436208404398698
        ],
        "time_to_first_token": [
            0.03428995609283447,
            1.5935559272766113,
            0.01533055305480957
        ],
        "max_kv_cache": 0.07514522692678083,
        "parallel_requests_nb": 18
    },
    "2": {
        "speed_generation": [
            0.8265482592736646,
            89.9158784071615,
            0.3231193231071785
        ],
        "time_to_first_token": [
            0.0818105936050415,
            0.216017484664917,
            0.03661942481994629
        ],
        "max_kv_cache": 0.008480631232332003,
        "parallel_requests_nb": 2
    },
    "6": {
        "speed_generation": [
            0.612032628782714,
            71.15203856864134,
            0.1869510788712745
        ],
        "time_to_first_token": [
            0.2743089199066162,
            0.5775549411773682,
            0.013985157012939453
        ],
        "max_kv_cache": 0.02513124786430987,
        "parallel_requests_nb": 6
    },
    "14": {
        "speed_generation": [
            1.114347964106372,
            50.70781980157212,
            0.5468790758531199
        ],
        "time_to_first_token": [
            0.2622361183166504,
            1.2541401386260986,
            0.0158388614654541
        ],
        "max_kv_cache": 0.05858780404460873,
        "parallel_requests_nb": 14
    },
    "8": {
        "speed_generation": [
            1.2807973335473122,
            65.86779636037397,
            0.4579061800973676
        ],
        "time_to_first_token": [
            0.07251381874084473,
            0.7467148303985596,
            0.011996030807495117
        ],
        "max_kv_cache": 0.03336336243049298,
        "parallel_requests_nb": 8
    },
    "26": {
        "speed_generation": [
            0.7375737439119163,
            34.1735349775557,
            0.14137219971731696
        ],
        "time_to_first_token": [
            0.09835052490234375,
            2.2930049896240234,
            0.016701936721801758
        ],
        "max_kv_cache": 0.10850858935727381,
        "parallel_requests_nb": 26
    }
}