{
    "3": {
        "speed_generation": [
            0.33000299770908015,
            30.7954379278421,
            0.4495737171574845
        ],
        "time_to_first_token": [
            0.10985594987869263,
            0.32651054859161377,
            0.012035787105560303
        ],
        "max_kv_cache": 0.006834208319095425,
        "parallel_requests_nb": 3
    },
    "8": {
        "speed_generation": [
            0.206445813763942,
            16.398592986708085,
            0.20680488605039926
        ],
        "time_to_first_token": [
            0.06988662481307983,
            0.7491395473480225,
            0.013930916786193848
        ],
        "max_kv_cache": 0.01795532912925968,
        "parallel_requests_nb": 8
    },
    "6": {
        "speed_generation": [
            0.2544898745040989,
            20.134636428954273,
            0.2538415931022939
        ],
        "time_to_first_token": [
            0.18350422382354736,
            0.5786945819854736,
            0.01536649465560913
        ],
        "max_kv_cache": 0.013482029138579099,
        "parallel_requests_nb": 6
    },
    "30": {
        "speed_generation": [
            0.031069338759966314,
            5.198080264031518,
            0.07373957799672137
        ],
        "time_to_first_token": [
            0.05704289674758911,
            2.645983934402466,
            0.03680741786956787
        ],
        "max_kv_cache": 0.06660246652791157,
        "parallel_requests_nb": 30
    },
    "22": {
        "speed_generation": [
            0.0761560037830904,
            6.954786234081778,
            0.0720326175750099
        ],
        "time_to_first_token": [
            0.05245441198348999,
            1.94942307472229,
            0.025866985321044922
        ],
        "max_kv_cache": 0.04886458948153205,
        "parallel_requests_nb": 22
    },
    "34": {
        "speed_generation": [
            0.060732216386231386,
            4.57369190384164,
            0.033956771477826386
        ],
        "time_to_first_token": [
            0.21810811758041382,
            2.825986623764038,
            0.1979416012763977
        ],
        "max_kv_cache": 0.0751141623435122,
        "parallel_requests_nb": 34
    },
    "38": {
        "speed_generation": [
            0.02118185040567866,
            4.125335988563624,
            0.018070663113308072
        ],
        "time_to_first_token": [
            0.37106209993362427,
            3.0077604055404663,
            0.32648736238479614
        ],
        "max_kv_cache": 0.08390543940853035,
        "parallel_requests_nb": 38
    },
    "10": {
        "speed_generation": [
            0.23022416203419915,
            13.707813751117605,
            0.2661216411085263
        ],
        "time_to_first_token": [
            0.037494659423828125,
            0.9077908992767334,
            0.027069926261901855
        ],
        "max_kv_cache": 0.02236649995340312,
        "parallel_requests_nb": 10
    },
    "14": {
        "speed_generation": [
            0.13662368791407253,
            10.437722015900317,
            0.13342316571803892
        ],
        "time_to_first_token": [
            0.021265029907226562,
            1.2589524984359741,
            0.021764516830444336
        ],
        "max_kv_cache": 0.03128203535149576,
        "parallel_requests_nb": 14
    },
    "18": {
        "speed_generation": [
            0.08527688535895983,
            8.219685382603897,
            0.10482079812089928
        ],
        "time_to_first_token": [
            0.016602694988250732,
            1.6090666055679321,
            0.029777050018310547
        ],
        "max_kv_cache": 0.04016650616631978,
        "parallel_requests_nb": 18
    },
    "26": {
        "speed_generation": [
            0.10438410569719636,
            5.960559014136729,
            0.042408800720650675
        ],
        "time_to_first_token": [
            0.038034141063690186,
            2.301883578300476,
            0.027856945991516113
        ],
        "max_kv_cache": 0.057717995713087555,
        "parallel_requests_nb": 26
    },
    "1": {
        "speed_generation": [
            0.3050823882195388,
            54.17650003124206,
            0.2628338990235335
        ],
        "time_to_first_token": [
            0.0014547109603881836,
            0.1317460536956787,
            0.0019345283508300781
        ],
        "max_kv_cache": 0.0023609083284147347,
        "parallel_requests_nb": 1
    },
    "2": {
        "speed_generation": [
            0.5221996705305685,
            37.68519060999191,
            3.138241466003713
        ],
        "time_to_first_token": [
            0.08339107036590576,
            0.21718454360961914,
            0.03573113679885864
        ],
        "max_kv_cache": 0.00459755832375508,
        "parallel_requests_nb": 2
    },
    "4": {
        "speed_generation": [
            0.3744019767418614,
            26.385685364004843,
            0.4137298843935966
        ],
        "time_to_first_token": [
            0.1799820065498352,
            0.4071754217147827,
            0.013176321983337402
        ],
        "max_kv_cache": 0.00907085831443566,
        "parallel_requests_nb": 4
    }
}