{
    "30": {
        "speed_generation": [
            0.6453227285780159,
            43.562496658619494,
            0.3290776349964446
        ],
        "time_to_first_token": [
            0.0534670352935791,
            0.24694395065307617,
            0.018194913864135742
        ],
        "max_kv_cache": 0.06327855611816968,
        "parallel_requests_nb": 30
    },
    "34": {
        "speed_generation": [
            0.6746426196528716,
            37.31640003280393,
            0.10152218024074244
        ],
        "time_to_first_token": [
            0.07695984840393066,
            0.2521998882293701,
            0.03143906593322754
        ],
        "max_kv_cache": 0.07172812276723306,
        "parallel_requests_nb": 34
    },
    "14": {
        "speed_generation": [
            1.413393220770395,
            65.20689403200859,
            0.6353897324283935
        ],
        "time_to_first_token": [
            0.015600919723510742,
            0.13869595527648926,
            0.008378028869628906
        ],
        "max_kv_cache": 0.029635612438259185,
        "parallel_requests_nb": 14
    },
    "3": {
        "speed_generation": [
            0.7601149207720113,
            91.36643373331431,
            0.35987159587511997
        ],
        "time_to_first_token": [
            0.011277914047241211,
            0.04755091667175293,
            0.0075910091400146484
        ],
        "max_kv_cache": 0.006399304153334784,
        "parallel_requests_nb": 3
    },
    "4": {
        "speed_generation": [
            1.52047690403883,
            88.2354482356895,
            0.26467742720363674
        ],
        "time_to_first_token": [
            0.023417949676513672,
            0.06093406677246094,
            0.0107879638671875
        ],
        "max_kv_cache": 0.008480631232332003,
        "parallel_requests_nb": 4
    },
    "6": {
        "speed_generation": [
            0.8521865824647534,
            82.7395394560802,
            0.15582168158678655
        ],
        "time_to_first_token": [
            0.034618377685546875,
            0.0914299488067627,
            0.008081555366516113
        ],
        "max_kv_cache": 0.012705414556863692,
        "parallel_requests_nb": 6
    },
    "10": {
        "speed_generation": [
            1.209604191905612,
            71.65351864915056,
            0.34330897381023817
        ],
        "time_to_first_token": [
            0.0182039737701416,
            0.11661887168884277,
            0.009359121322631836
        ],
        "max_kv_cache": 0.02115498120592707,
        "parallel_requests_nb": 10
    },
    "18": {
        "speed_generation": [
            0.8773792799260747,
            53.04755911068443,
            0.6084491716827785
        ],
        "time_to_first_token": [
            0.03686809539794922,
            0.16509103775024414,
            0.012841582298278809
        ],
        "max_kv_cache": 0.03817837283712844,
        "parallel_requests_nb": 18
    },
    "22": {
        "speed_generation": [
            0.9923877822319156,
            50.95595941957505,
            0.08327438763532768
        ],
        "time_to_first_token": [
            0.019388914108276367,
            0.18294501304626465,
            0.008534908294677734
        ],
        "max_kv_cache": 0.046627939486191816,
        "parallel_requests_nb": 22
    },
    "8": {
        "speed_generation": [
            1.1070006440876767,
            78.53033421356848,
            0.7695837200848104
        ],
        "time_to_first_token": [
            0.016482114791870117,
            0.10534000396728516,
            0.008147001266479492
        ],
        "max_kv_cache": 0.01693019788139538,
        "parallel_requests_nb": 8
    },
    "38": {
        "speed_generation": [
            0.2645359118087143,
            35.41397734283054,
            0.3905328777093331
        ],
        "time_to_first_token": [
            0.040563106536865234,
            0.2715799808502197,
            0.03996992111206055
        ],
        "max_kv_cache": 0.08023981858283369,
        "parallel_requests_nb": 38
    },
    "26": {
        "speed_generation": [
            0.5790616242380153,
            46.89288179085749,
            0.5204631593407711
        ],
        "time_to_first_token": [
            0.0479736328125,
            0.20923614501953125,
            0.03229677677154541
        ],
        "max_kv_cache": 0.05492218321891207,
        "parallel_requests_nb": 26
    },
    "1": {
        "speed_generation": [
            0.34522482922545805,
            94.9779395528951,
            0.20357528358854893
        ],
        "time_to_first_token": [
            0.0015225410461425781,
            0.02575051784515381,
            0.0019921064376831055
        ],
        "max_kv_cache": 0.0021434562455344697,
        "parallel_requests_nb": 1
    },
    "2": {
        "speed_generation": [
            0.7619538992261852,
            93.5521850962545,
            0.2651210778920614
        ],
        "time_to_first_token": [
            0.004967391490936279,
            0.032880425453186035,
            0.01033872365951538
        ],
        "max_kv_cache": 0.004286912491068939,
        "parallel_requests_nb": 2
    }
}