{
    "1": {
        "speed_generation": [
            1.7561884357718824,
            51.14003471679234,
            0.5219786314781913
        ],
        "time_to_first_token": [
            0.001323699951171875,
            0.033907413482666016,
            0.017049431800842285
        ],
        "max_kv_cache": 0.006914785438275395,
        "parallel_requests_nb": 1
    },
    "2": {
        "speed_generation": [
            1.8433855230275498,
            52.336588586515035,
            0.4167343754521937
        ],
        "time_to_first_token": [
            0.004740297794342041,
            0.0491870641708374,
            0.004794716835021973
        ],
        "max_kv_cache": 0.01382957087655079,
        "parallel_requests_nb": 2
    },
    "3": {
        "speed_generation": [
            1.3126060759309297,
            51.067822810945685,
            0.6894370073970251
        ],
        "time_to_first_token": [
            0.01161658763885498,
            0.0585939884185791,
            0.009656190872192383
        ],
        "max_kv_cache": 0.020744356314826073,
        "parallel_requests_nb": 3
    },
    "4": {
        "speed_generation": [
            1.1005248900604911,
            51.25639517723394,
            0.7921442423759473
        ],
        "time_to_first_token": [
            0.008927345275878906,
            0.061144113540649414,
            0.014560937881469727
        ],
        "max_kv_cache": 0.027455765710799218,
        "parallel_requests_nb": 4
    },
    "6": {
        "speed_generation": [
            2.146457972648413,
            51.010025749510746,
            0.3209940968619307
        ],
        "time_to_first_token": [
            0.007513761520385742,
            0.05810880661010742,
            0.031725168228149414
        ],
        "max_kv_cache": 0.04138702460850108,
        "parallel_requests_nb": 6
    },
    "8": {
        "speed_generation": [
            1.2081771225073794,
            50.02504234049328,
            0.9905213020970152
        ],
        "time_to_first_token": [
            0.015098094940185547,
            0.06954503059387207,
            0.02157306671142578
        ],
        "max_kv_cache": 0.05491153142159855,
        "parallel_requests_nb": 8
    },
    "10": {
        "speed_generation": [
            1.6856235540005073,
            48.91593805347174,
            1.3482975564438746
        ],
        "time_to_first_token": [
            0.024268150329589844,
            0.0823361873626709,
            0.028772830963134766
        ],
        "max_kv_cache": 0.0684360382346959,
        "parallel_requests_nb": 10
    },
    "14": {
        "speed_generation": [
            1.8549360268823847,
            49.19987276896209,
            0.8758376880672998
        ],
        "time_to_first_token": [
            0.012903213500976562,
            0.07085108757019043,
            0.02858591079711914
        ],
        "max_kv_cache": 0.09589180394549524,
        "parallel_requests_nb": 14
    },
    "18": {
        "speed_generation": [
            1.419107016642151,
            47.27642301328125,
            0.9212388649888652
        ],
        "time_to_first_token": [
            0.027787208557128906,
            0.09401702880859375,
            0.052751779556274414
        ],
        "max_kv_cache": 0.1235509456985967,
        "parallel_requests_nb": 18
    },
    "22": {
        "speed_generation": [
            1.728703093804313,
            46.90850293858946,
            0.6772123246480888
        ],
        "time_to_first_token": [
            0.023564457893371582,
            0.0917198657989502,
            0.074637770652771
        ],
        "max_kv_cache": 0.15039658328248928,
        "parallel_requests_nb": 22
    },
    "26": {
        "speed_generation": [
            1.5652622066232809,
            45.309569348776755,
            1.0167298755170293
        ],
        "time_to_first_token": [
            0.0225907564163208,
            0.08510112762451172,
            0.06630349159240723
        ],
        "max_kv_cache": 0.17764897295098636,
        "parallel_requests_nb": 26
    },
    "30": {
        "speed_generation": [
            1.1559312680581115,
            44.1564400040365,
            1.1897498904854444
        ],
        "time_to_first_token": [
            0.08437705039978027,
            0.1703650951385498,
            0.1625763177871704
        ],
        "max_kv_cache": 0.20520642668293676,
        "parallel_requests_nb": 30
    },
    "34": {
        "speed_generation": [
            0.712517214814401,
            25.713510698750152,
            0.8835488341404805
        ],
        "time_to_first_token": [
            0.4383859634399414,
            2.745596170425415,
            1.3006386756896973
        ],
        "max_kv_cache": 0.2325605043725849,
        "parallel_requests_nb": 34
    }
}