{
    "1": {
        "speed_generation": [
            1.2399080833102545,
            38.6840204402221,
            0.6843468052663368
        ],
        "time_to_first_token": [
            0.0021126866340637207,
            0.11971437931060791,
            0.007181107997894287
        ],
        "max_kv_cache": 0.006406345332519825,
        "parallel_requests_nb": 1
    },
    "2": {
        "speed_generation": [
            0.5801798908677824,
            32.39666431691597,
            0.46517166283095435
        ],
        "time_to_first_token": [
            0.05985921621322632,
            0.17990553379058838,
            0.01954340934753418
        ],
        "max_kv_cache": 0.01250762660158633,
        "parallel_requests_nb": 2
    },
    "3": {
        "speed_generation": [
            0.4335160202547783,
            26.80383311547037,
            0.3507409985972494
        ],
        "time_to_first_token": [
            0.10484755039215088,
            0.23131048679351807,
            0.06997495889663696
        ],
        "max_kv_cache": 0.018405531828350585,
        "parallel_requests_nb": 3
    },
    "4": {
        "speed_generation": [
            0.2949549698543166,
            22.755162062302446,
            0.3305710158796771
        ],
        "time_to_first_token": [
            0.051632702350616455,
            0.39856016635894775,
            0.010509490966796875
        ],
        "max_kv_cache": 0.02430343705511495,
        "parallel_requests_nb": 4
    },
    "6": {
        "speed_generation": [
            0.20303302338268026,
            17.77613714106441,
            0.1915468554693831
        ],
        "time_to_first_token": [
            0.014411687850952148,
            0.5857990980148315,
            0.011008203029632568
        ],
        "max_kv_cache": 0.03620093552979464,
        "parallel_requests_nb": 6
    },
    "8": {
        "speed_generation": [
            0.21809272118238532,
            14.398059115953458,
            0.21982975159619045
        ],
        "time_to_first_token": [
            0.19818520545959473,
            0.7815734148025513,
            0.023846983909606934
        ],
        "max_kv_cache": 0.0482001220256254,
        "parallel_requests_nb": 8
    },
    "10": {
        "speed_generation": [
            0.17385828735378794,
            12.137257696881399,
            0.17547806535759136
        ],
        "time_to_first_token": [
            0.4906623363494873,
            0.9255075454711914,
            0.07216513156890869
        ],
        "max_kv_cache": 0.05999593247915391,
        "parallel_requests_nb": 10
    },
    "14": {
        "speed_generation": [
            0.34628756337308,
            9.358879305738913,
            0.22055474370085548
        ],
        "time_to_first_token": [
            0.2890370488166809,
            1.142094612121582,
            0.10237705707550049
        ],
        "max_kv_cache": 0.08368924140736222,
        "parallel_requests_nb": 14
    },
    "18": {
        "speed_generation": [
            0.2467122859145503,
            7.548002950868091,
            0.12286955914106112
        ],
        "time_to_first_token": [
            0.23815149068832397,
            1.270869493484497,
            0.37774455547332764
        ],
        "max_kv_cache": 0.10809436648362825,
        "parallel_requests_nb": 18
    },
    "22": {
        "speed_generation": [
            0.24689514055260364,
            6.335005518506909,
            0.11395398203791007
        ],
        "time_to_first_token": [
            0.4274195432662964,
            1.4154354333877563,
            0.5298551917076111
        ],
        "max_kv_cache": 0.13097417124262767,
        "parallel_requests_nb": 22
    },
    "26": {
        "speed_generation": [
            0.30220591321073176,
            5.551211872244339,
            0.13763385650232962
        ],
        "time_to_first_token": [
            0.23981493711471558,
            1.412106990814209,
            0.6194483637809753
        ],
        "max_kv_cache": 0.1553792963188937,
        "parallel_requests_nb": 26
    },
    "30": {
        "speed_generation": [
            0.32105867617971207,
            4.871180043713304,
            0.1147306966657915
        ],
        "time_to_first_token": [
            0.45799118280410767,
            1.5947424173355103,
            0.5106603503227234
        ],
        "max_kv_cache": 0.17846247712019525,
        "parallel_requests_nb": 30
    },
    "34": {
        "speed_generation": [
            0.35920802561069065,
            4.3266963103278195,
            0.07389950817775581
        ],
        "time_to_first_token": [
            0.6795946359634399,
            1.8336869478225708,
            0.6720275282859802
        ],
        "max_kv_cache": 0.20215578604840345,
        "parallel_requests_nb": 34
    },
    "38": {
        "speed_generation": [
            0.32984349981872496,
            3.8724787503500537,
            0.0811680075771184
        ],
        "time_to_first_token": [
            0.5698587894439697,
            1.8880889415740967,
            0.8378434181213379
        ],
        "max_kv_cache": 0.22544234289200737,
        "parallel_requests_nb": 38
    }
}