{
    "1": {
        "speed_generation": [
            1.0552440766904425,
            49.012978324664076,
            1.5710271455691185
        ],
        "time_to_first_token": [
            0.010285496711730957,
            0.04168701171875,
            0.006825089454650879
        ],
        "max_kv_cache": 0.0009151921903599591,
        "parallel_requests_nb": 1
    },
    "2": {
        "speed_generation": [
            1.254844912687922,
            48.28455204438353,
            0.8476049737486591
        ],
        "time_to_first_token": [
            0.00405573844909668,
            0.05050504207611084,
            0.004092216491699219
        ],
        "max_kv_cache": 0.0017286963595688487,
        "parallel_requests_nb": 2
    },
    "3": {
        "speed_generation": [
            1.0980230032498781,
            47.47555989701273,
            1.0478803087143689
        ],
        "time_to_first_token": [
            0.0044019222259521484,
            0.05105113983154297,
            0.004922211170196533
        ],
        "max_kv_cache": 0.0024405125076265577,
        "parallel_requests_nb": 3
    },
    "4": {
        "speed_generation": [
            0.946822097200112,
            46.88719181854029,
            0.9495176509187573
        ],
        "time_to_first_token": [
            0.0051996707916259766,
            0.052644968032836914,
            0.005795955657958984
        ],
        "max_kv_cache": 0.003355704697986628,
        "parallel_requests_nb": 4
    },
    "6": {
        "speed_generation": [
            1.3310634538020238,
            44.93239211754495,
            1.176801171538969
        ],
        "time_to_first_token": [
            0.006476998329162598,
            0.05628097057342529,
            0.007558107376098633
        ],
        "max_kv_cache": 0.004881025015253226,
        "parallel_requests_nb": 6
    },
    "8": {
        "speed_generation": [
            2.1842268995940515,
            43.71561308869417,
            1.622998483712479
        ],
        "time_to_first_token": [
            0.00855642557144165,
            0.05886507034301758,
            0.01693403720855713
        ],
        "max_kv_cache": 0.006202969290217575,
        "parallel_requests_nb": 8
    },
    "10": {
        "speed_generation": [
            1.7628872904250485,
            42.012610675687704,
            1.5122803616677203
        ],
        "time_to_first_token": [
            0.009182393550872803,
            0.06307899951934814,
            0.01752793788909912
        ],
        "max_kv_cache": 0.007829977628635354,
        "parallel_requests_nb": 10
    },
    "14": {
        "speed_generation": [
            2.4124525890560946,
            38.35728808544137,
            1.8771588533415269
        ],
        "time_to_first_token": [
            0.022565841674804688,
            0.08405745029449463,
            0.03253161907196045
        ],
        "max_kv_cache": 0.010677242220866412,
        "parallel_requests_nb": 14
    },
    "18": {
        "speed_generation": [
            3.4835013877494454,
            34.88547875837861,
            2.56112583993265
        ],
        "time_to_first_token": [
            0.020308732986450195,
            0.09561002254486084,
            0.03290897607803345
        ],
        "max_kv_cache": 0.01362619483424854,
        "parallel_requests_nb": 18
    },
    "22": {
        "speed_generation": [
            3.271833322364664,
            30.057812741481108,
            3.3638778747742037
        ],
        "time_to_first_token": [
            0.044055044651031494,
            0.13414788246154785,
            0.055787861347198486
        ],
        "max_kv_cache": 0.016371771405328417,
        "parallel_requests_nb": 22
    },
    "26": {
        "speed_generation": [
            2.3452685285438264,
            23.72522341837867,
            5.5145145086932
        ],
        "time_to_first_token": [
            0.06473016738891602,
            0.18546056747436523,
            0.10829043388366699
        ],
        "max_kv_cache": 0.019524100061012795,
        "parallel_requests_nb": 26
    },
    "30": {
        "speed_generation": [
            2.9681922033460566,
            22.937935738593616,
            3.3786105858833686
        ],
        "time_to_first_token": [
            0.09870898723602295,
            0.2388160228729248,
            0.07323551177978516
        ],
        "max_kv_cache": 0.022371364653243853,
        "parallel_requests_nb": 30
    },
    "34": {
        "speed_generation": [
            2.1270804246924158,
            19.591470850129266,
            4.200388377396138
        ],
        "time_to_first_token": [
            0.11215674877166748,
            0.30794501304626465,
            0.115475594997406
        ],
        "max_kv_cache": 0.0256253813300793,
        "parallel_requests_nb": 34
    },
    "38": {
        "speed_generation": [
            2.1794208599161333,
            15.535567888071462,
            3.189266470268567
        ],
        "time_to_first_token": [
            0.14104866981506348,
            0.3601200580596924,
            0.0797356367111206
        ],
        "max_kv_cache": 0.027964205816554788,
        "parallel_requests_nb": 38
    }
}