{
    "1": {
        "speed_generation": [
            1.3835279869504404,
            49.50665172831587,
            0.5456815974694038
        ],
        "time_to_first_token": [
            0.005334734916687012,
            0.4238494634628296,
            0.0066435933113098145
        ],
        "max_kv_cache": 0.028981086028065928,
        "parallel_requests_nb": 1
    },
    "2": {
        "speed_generation": [
            2.1778417089155724,
            49.42515990201585,
            0.3578464722312731
        ],
        "time_to_first_token": [
            0.22454065084457397,
            0.6578330993652344,
            0.1647154688835144
        ],
        "max_kv_cache": 0.057352043929225105,
        "parallel_requests_nb": 2
    },
    "3": {
        "speed_generation": [
            1.5697527533238684,
            47.588983603767545,
            0.4726378902387509
        ],
        "time_to_first_token": [
            0.7324416041374207,
            1.1957815885543823,
            0.015683770179748535
        ],
        "max_kv_cache": 0.08531624974577989,
        "parallel_requests_nb": 3
    },
    "4": {
        "speed_generation": [
            1.2839556571948094,
            46.25398901692552,
            0.35358273429553577
        ],
        "time_to_first_token": [
            0.5231788158416748,
            1.3742668628692627,
            0.160750150680542
        ],
        "max_kv_cache": 0.11348383160463693,
        "parallel_requests_nb": 4
    },
    "6": {
        "speed_generation": [
            1.1404387495534323,
            42.94456255705571,
            0.6424731654255567
        ],
        "time_to_first_token": [
            0.3904697895050049,
            1.7724599838256836,
            0.5494930744171143
        ],
        "max_kv_cache": 0.16890380313199105,
        "parallel_requests_nb": 6
    },
    "8": {
        "speed_generation": [
            0.8306919265390533,
            40.84883882891356,
            0.9256415507085762
        ],
        "time_to_first_token": [
            0.9365861415863037,
            2.32236909866333,
            0.4430699348449707
        ],
        "max_kv_cache": 0.22615415904006508,
        "parallel_requests_nb": 8
    },
    "10": {
        "speed_generation": [
            1.314118306270764,
            38.40698193634794,
            0.47966871807767575
        ],
        "time_to_first_token": [
            1.1890267133712769,
            2.6172001361846924,
            0.6731618642807007
        ],
        "max_kv_cache": 0.2811673784828147,
        "parallel_requests_nb": 10
    },
    "14": {
        "speed_generation": [
            0.48350568222097223,
            33.98732268749959,
            0.9922551998473139
        ],
        "time_to_first_token": [
            0.9350087642669678,
            2.8390069007873535,
            0.033804893493652344
        ],
        "max_kv_cache": 0.39383770591824285,
        "parallel_requests_nb": 14
    },
    "18": {
        "speed_generation": [
            1.111408859274551,
            29.55912565430189,
            0.23211623654008662
        ],
        "time_to_first_token": [
            1.0179412364959717,
            2.824787139892578,
            0.46314382553100586
        ],
        "max_kv_cache": 0.5058979052267643,
        "parallel_requests_nb": 18
    },
    "22": {
        "speed_generation": [
            0.46660957153598304,
            27.32929703814122,
            0.4097208749624066
        ],
        "time_to_first_token": [
            0.5127179026603699,
            2.8835710287094116,
            0.6697329878807068
        ],
        "max_kv_cache": 0.6185682326621924,
        "parallel_requests_nb": 22
    },
    "26": {
        "speed_generation": [
            0.5426594192254726,
            25.547099844856255,
            0.3181523456575235
        ],
        "time_to_first_token": [
            0.0417325496673584,
            2.8915319442749023,
            0.9501551389694214
        ],
        "max_kv_cache": 0.7308318080130161,
        "parallel_requests_nb": 26
    },
    "30": {
        "speed_generation": [
            0.7582351624011281,
            24.02296129289912,
            0.1481760069738023
        ],
        "time_to_first_token": [
            0.41627752780914307,
            2.8842380046844482,
            0.06594306230545044
        ],
        "max_kv_cache": 0.8428920073215376,
        "parallel_requests_nb": 30
    },
    "34": {
        "speed_generation": [
            0.37972717631252806,
            16.14334810644876,
            0.17242775547079958
        ],
        "time_to_first_token": [
            3.189427375793457,
            9.392120838165283,
            3.2292240858078003
        ],
        "max_kv_cache": 0.9546471425666057,
        "parallel_requests_nb": 34
    }
}