{
    "1": {
        "speed_generation": [
            0.8966667679846907,
            43.94039889142082,
            0.4489888160295763
        ],
        "time_to_first_token": [
            0.005155086517333984,
            0.42298316955566406,
            0.010672807693481445
        ],
        "max_kv_cache": 0.023489932885906062,
        "parallel_requests_nb": 1
    },
    "2": {
        "speed_generation": [
            0.6223686216548145,
            39.09771024587376,
            0.2604084382226475
        ],
        "time_to_first_token": [
            0.2992739677429199,
            0.726207971572876,
            0.10084724426269531
        ],
        "max_kv_cache": 0.046166361602603234,
        "parallel_requests_nb": 2
    },
    "3": {
        "speed_generation": [
            0.6073465854852174,
            34.50001044245753,
            0.283585833703178
        ],
        "time_to_first_token": [
            0.7532695531845093,
            1.197293996810913,
            0.014885425567626953
        ],
        "max_kv_cache": 0.06874110229814923,
        "parallel_requests_nb": 3
    },
    "4": {
        "speed_generation": [
            0.40908874498308734,
            31.141795365798735,
            0.15581668764688672
        ],
        "time_to_first_token": [
            0.7824740409851074,
            1.380707025527954,
            0.15350985527038574
        ],
        "max_kv_cache": 0.09101077893024201,
        "parallel_requests_nb": 4
    },
    "6": {
        "speed_generation": [
            0.2062303009507076,
            25.73835850274316,
            0.10976865341692132
        ],
        "time_to_first_token": [
            0.5548425912857056,
            1.9374260902404785,
            0.38662242889404297
        ],
        "max_kv_cache": 0.13575350823672971,
        "parallel_requests_nb": 6
    },
    "8": {
        "speed_generation": [
            0.37596775611725164,
            22.078618699279705,
            0.13764101620517266
        ],
        "time_to_first_token": [
            0.9334020614624023,
            2.3323190212249756,
            0.46799588203430176
        ],
        "max_kv_cache": 0.1817164937970307,
        "parallel_requests_nb": 8
    },
    "10": {
        "speed_generation": [
            0.20324935685341927,
            19.019147321426516,
            0.14901750530248847
        ],
        "time_to_first_token": [
            0.9293901920318604,
            2.31882905960083,
            0.8294649124145508
        ],
        "max_kv_cache": 0.2268659751881228,
        "parallel_requests_nb": 10
    },
    "14": {
        "speed_generation": [
            0.5536668621563745,
            15.289239500103347,
            0.16002846656359004
        ],
        "time_to_first_token": [
            0.6132864952087402,
            2.8647708892822266,
            0.3850971460342407
        ],
        "max_kv_cache": 0.3167581858857027,
        "parallel_requests_nb": 14
    },
    "18": {
        "speed_generation": [
            1.013753393952527,
            12.39229583538594,
            0.05139883074756568
        ],
        "time_to_first_token": [
            0.5894067287445068,
            2.873673915863037,
            0.012916088104248047
        ],
        "max_kv_cache": 0.406243644498678,
        "parallel_requests_nb": 18
    },
    "22": {
        "speed_generation": [
            0.3049296995716695,
            10.696564423634237,
            0.029381987641047047
        ],
        "time_to_first_token": [
            0.5273282527923584,
            2.8782291412353516,
            0.054094791412353516
        ],
        "max_kv_cache": 0.49562741509050234,
        "parallel_requests_nb": 22
    },
    "26": {
        "speed_generation": [
            0.03370615025359136,
            9.364454216440082,
            0.05574955363652023
        ],
        "time_to_first_token": [
            0.252529501914978,
            2.881901979446411,
            0.02686905860900879
        ],
        "max_kv_cache": 0.5862314419361399,
        "parallel_requests_nb": 26
    },
    "30": {
        "speed_generation": [
            0.14532636100291896,
            8.333264189222966,
            0.08387680086810612
        ],
        "time_to_first_token": [
            0.03582203388214111,
            2.908360481262207,
            0.9409844875335693
        ],
        "max_kv_cache": 0.6761236526337198,
        "parallel_requests_nb": 30
    },
    "34": {
        "speed_generation": [
            0.3722135406859408,
            7.329386381215855,
            0.04087754893271711
        ],
        "time_to_first_token": [
            0.023433923721313477,
            2.904062032699585,
            0.9468729496002197
        ],
        "max_kv_cache": 0.7671344315639618,
        "parallel_requests_nb": 34
    },
    "38": {
        "speed_generation": [
            0.1432399913163911,
            6.705390452721853,
            0.19210104880145806
        ],
        "time_to_first_token": [
            0.5141502022743225,
            2.902153968811035,
            0.38830888271331787
        ],
        "max_kv_cache": 0.8574333943461461,
        "parallel_requests_nb": 38
    }
}