{
    "1": {
        "speed_generation": [
            1.4668990793575034,
            51.93009360594579,
            0.4377598957147697
        ],
        "time_to_first_token": [
            0.010448455810546875,
            0.04276609420776367,
            0.008362889289855957
        ],
        "max_kv_cache": 0.0013219442749644594,
        "parallel_requests_nb": 1
    },
    "2": {
        "speed_generation": [
            0.8639070389158974,
            52.95003727119246,
            0.22737502069593774
        ],
        "time_to_first_token": [
            0.0042650699615478516,
            0.050872087478637695,
            0.005314826965332031
        ],
        "max_kv_cache": 0.002643888549928808,
        "parallel_requests_nb": 2
    },
    "3": {
        "speed_generation": [
            1.998690360212116,
            52.46365964259846,
            0.3199114255070725
        ],
        "time_to_first_token": [
            0.004683136940002441,
            0.0519411563873291,
            0.005352377891540527
        ],
        "max_kv_cache": 0.004067520846044337,
        "parallel_requests_nb": 3
    },
    "4": {
        "speed_generation": [
            0.9350385537325465,
            52.376607528981864,
            0.2303523108899057
        ],
        "time_to_first_token": [
            0.005156278610229492,
            0.05257415771484375,
            0.007688999176025391
        ],
        "max_kv_cache": 0.005287777099857616,
        "parallel_requests_nb": 4
    },
    "6": {
        "speed_generation": [
            1.2765435301542851,
            51.232559755154455,
            0.474517505992182
        ],
        "time_to_first_token": [
            0.006005764007568359,
            0.05430293083190918,
            0.008190155029296875
        ],
        "max_kv_cache": 0.007728289607484284,
        "parallel_requests_nb": 6
    },
    "8": {
        "speed_generation": [
            1.334575236110659,
            51.324098892528646,
            0.35000938346441757
        ],
        "time_to_first_token": [
            0.0053975582122802734,
            0.05390310287475586,
            0.008658409118652344
        ],
        "max_kv_cache": 0.010168802115110842,
        "parallel_requests_nb": 8
    },
    "10": {
        "speed_generation": [
            1.057342526189558,
            49.99802681221082,
            0.6260650982319333
        ],
        "time_to_first_token": [
            0.009647488594055176,
            0.06236851215362549,
            0.01307612657546997
        ],
        "max_kv_cache": 0.01281269066503965,
        "parallel_requests_nb": 10
    },
    "14": {
        "speed_generation": [
            1.4350529945058241,
            50.35076167617942,
            0.4509558089043537
        ],
        "time_to_first_token": [
            0.01093447208404541,
            0.06572413444519043,
            0.02053779363632202
        ],
        "max_kv_cache": 0.017693715680292876,
        "parallel_requests_nb": 14
    },
    "18": {
        "speed_generation": [
            1.0613741512427737,
            48.21836089525111,
            0.6214165912035412
        ],
        "time_to_first_token": [
            0.009828627109527588,
            0.0641624927520752,
            0.027561068534851074
        ],
        "max_kv_cache": 0.022676428716697172,
        "parallel_requests_nb": 18
    },
    "22": {
        "speed_generation": [
            1.66167259072094,
            47.74744955507339,
            0.5110524309003424
        ],
        "time_to_first_token": [
            0.014599025249481201,
            0.07281005382537842,
            0.02219212055206299
        ],
        "max_kv_cache": 0.02786251779540372,
        "parallel_requests_nb": 22
    },
    "26": {
        "speed_generation": [
            1.1206342120209811,
            46.210130374215325,
            0.8033988180459559
        ],
        "time_to_first_token": [
            0.01808476448059082,
            0.08094394207000732,
            0.037689805030822754
        ],
        "max_kv_cache": 0.032235102704901375,
        "parallel_requests_nb": 26
    },
    "30": {
        "speed_generation": [
            1.025125206243402,
            46.150367085826964,
            0.4719418993885185
        ],
        "time_to_first_token": [
            0.022174835205078125,
            0.0884850025177002,
            0.024503231048583984
        ],
        "max_kv_cache": 0.03752287980475899,
        "parallel_requests_nb": 30
    },
    "34": {
        "speed_generation": [
            3.339351471475183,
            41.27139647330493,
            0.9425459069467408
        ],
        "time_to_first_token": [
            0.028408408164978027,
            0.10039496421813965,
            0.1007620096206665
        ],
        "max_kv_cache": 0.0416920886719544,
        "parallel_requests_nb": 34
    },
    "38": {
        "speed_generation": [
            1.8639883339468852,
            40.39767129334036,
            0.9712557015476406
        ],
        "time_to_first_token": [
            0.023125648498535156,
            0.08899307250976562,
            0.08049887418746948
        ],
        "max_kv_cache": 0.04738661785641651,
        "parallel_requests_nb": 38
    }
}