{
    "1": {
        "speed_generation": [
            1.7185366085974962,
            50.89825515757722,
            0.5409408419345993
        ],
        "time_to_first_token": [
            0.0035988688468933105,
            0.11796438694000244,
            0.001826643943786621
        ],
        "max_kv_cache": 0.0126093146227374,
        "parallel_requests_nb": 1
    },
    "2": {
        "speed_generation": [
            1.8305926255736154,
            51.23607033686149,
            0.8416079043971862
        ],
        "time_to_first_token": [
            0.037853360176086426,
            0.16168904304504395,
            0.0418434739112854
        ],
        "max_kv_cache": 0.02440512507626602,
        "parallel_requests_nb": 2
    },
    "3": {
        "speed_generation": [
            1.2733583531999955,
            50.33024385641664,
            0.6022364696247777
        ],
        "time_to_first_token": [
            0.1627739667892456,
            0.29861342906951904,
            0.011727452278137207
        ],
        "max_kv_cache": 0.03650599959324796,
        "parallel_requests_nb": 3
    },
    "4": {
        "speed_generation": [
            1.4402761192120295,
            50.07151591287224,
            0.6155617555223714
        ],
        "time_to_first_token": [
            0.19175195693969727,
            0.33419084548950195,
            0.07805418968200684
        ],
        "max_kv_cache": 0.04840349806792765,
        "parallel_requests_nb": 4
    },
    "6": {
        "speed_generation": [
            1.1910375005681075,
            48.15438689805016,
            0.7914825126237517
        ],
        "time_to_first_token": [
            0.016377925872802734,
            0.6053118705749512,
            0.01094818115234375
        ],
        "max_kv_cache": 0.07260524710189142,
        "parallel_requests_nb": 6
    },
    "8": {
        "speed_generation": [
            1.8558907704654075,
            48.15696956655471,
            0.4510881625570988
        ],
        "time_to_first_token": [
            0.19084811210632324,
            0.7977020740509033,
            0.018562793731689453
        ],
        "max_kv_cache": 0.09701037217815744,
        "parallel_requests_nb": 8
    },
    "10": {
        "speed_generation": [
            1.4558700213581446,
            46.77643026749744,
            0.5036046564930459
        ],
        "time_to_first_token": [
            0.272602915763855,
            0.988318920135498,
            0.026244640350341797
        ],
        "max_kv_cache": 0.12039861704291233,
        "parallel_requests_nb": 10
    },
    "14": {
        "speed_generation": [
            1.158528258988298,
            44.61562588097451,
            0.8890023108261147
        ],
        "time_to_first_token": [
            0.12628638744354248,
            1.1791338920593262,
            0.10802960395812988
        ],
        "max_kv_cache": 0.16880211511083998,
        "parallel_requests_nb": 14
    },
    "18": {
        "speed_generation": [
            0.8550973802787354,
            41.01950083630035,
            1.2280665607390304
        ],
        "time_to_first_token": [
            0.28567004203796387,
            1.2965009212493896,
            0.356356143951416
        ],
        "max_kv_cache": 0.21659548505186088,
        "parallel_requests_nb": 18
    },
    "22": {
        "speed_generation": [
            0.5435852831414962,
            39.48902400964087,
            1.2925745823892498
        ],
        "time_to_first_token": [
            0.3311746120452881,
            1.4381670951843262,
            0.4563760757446289
        ],
        "max_kv_cache": 0.26489729509863735,
        "parallel_requests_nb": 22
    },
    "26": {
        "speed_generation": [
            0.9647195276288016,
            38.32005471021297,
            0.826900108489113
        ],
        "time_to_first_token": [
            0.4122656583786011,
            1.6277010440826416,
            0.45263755321502686
        ],
        "max_kv_cache": 0.31309741712426276,
        "parallel_requests_nb": 26
    },
    "30": {
        "speed_generation": [
            1.1933316664338207,
            37.37291076115433,
            0.6601408257521229
        ],
        "time_to_first_token": [
            0.4862903356552124,
            1.6851718425750732,
            0.5688107013702393
        ],
        "max_kv_cache": 0.3610941631075859,
        "parallel_requests_nb": 30
    },
    "34": {
        "speed_generation": [
            0.4646257263596212,
            22.246682591751828,
            0.9937236090182182
        ],
        "time_to_first_token": [
            1.0263445377349854,
            5.12979793548584,
            0.898234486579895
        ],
        "max_kv_cache": 0.40919259711206024,
        "parallel_requests_nb": 34
    }
}