{
    "1": {
        "speed_generation": [
            0.2683372397572974,
            22.169907417348718,
            0.22002158158664997
        ],
        "time_to_first_token": [
            0.006695985794067383,
            0.4219779968261719,
            0.007083892822265625
        ],
        "max_kv_cache": 0.022981492780150492,
        "parallel_requests_nb": 1
    },
    "2": {
        "speed_generation": [
            0.1781214313479218,
            14.26169841405784,
            0.18603697111398176
        ],
        "time_to_first_token": [
            0.36380505561828613,
            0.7771279811859131,
            0.03695487976074219
        ],
        "max_kv_cache": 0.045047793369941025,
        "parallel_requests_nb": 2
    },
    "3": {
        "speed_generation": [
            0.08409578525540873,
            10.581904891780697,
            0.07464209630052032
        ],
        "time_to_first_token": [
            0.7525119185447693,
            1.197319507598877,
            0.014712989330291748
        ],
        "max_kv_cache": 0.0677242220866382,
        "parallel_requests_nb": 3
    },
    "4": {
        "speed_generation": [
            0.06328271562873411,
            8.412127256292687,
            0.06666649327379659
        ],
        "time_to_first_token": [
            0.4418036937713623,
            1.3781797885894775,
            0.12398123741149902
        ],
        "max_kv_cache": 0.08948545861297541,
        "parallel_requests_nb": 4
    },
    "6": {
        "speed_generation": [
            0.04281986502220203,
            5.920761907585144,
            0.04174465497030333
        ],
        "time_to_first_token": [
            0.40885186195373535,
            1.7860548496246338,
            0.5345830917358398
        ],
        "max_kv_cache": 0.1335163717714053,
        "parallel_requests_nb": 6
    },
    "8": {
        "speed_generation": [
            0.03442719595560195,
            4.584458933489653,
            0.050504671657253475
        ],
        "time_to_first_token": [
            0.9317541122436523,
            2.325540065765381,
            0.7180979251861572
        ],
        "max_kv_cache": 0.17795403701443968,
        "parallel_requests_nb": 8
    },
    "10": {
        "speed_generation": [
            0.03457698463684444,
            3.7252740670739426,
            0.03246676111511437
        ],
        "time_to_first_token": [
            1.1659423112869263,
            2.580122947692871,
            0.6535706520080566
        ],
        "max_kv_cache": 0.22157819808826518,
        "parallel_requests_nb": 10
    },
    "14": {
        "speed_generation": [
            0.0820408450584984,
            2.7290193277292127,
            0.0232540738192224
        ],
        "time_to_first_token": [
            0.6101069450378418,
            2.8771870136260986,
            0.7732110023498535
        ],
        "max_kv_cache": 0.310555216595485,
        "parallel_requests_nb": 14
    },
    "18": {
        "speed_generation": [
            0.10043238087659256,
            2.152321722861517,
            0.012163628677275717
        ],
        "time_to_first_token": [
            0.59381103515625,
            2.8778610229492188,
            0.35673391819000244
        ],
        "max_kv_cache": 0.39770185072198494,
        "parallel_requests_nb": 18
    },
    "22": {
        "speed_generation": [
            0.05238566913899523,
            1.7743676345211432,
            0.01352244787459611
        ],
        "time_to_first_token": [
            0.3218369483947754,
            2.8845279216766357,
            0.4430580139160156
        ],
        "max_kv_cache": 0.4857636770388448,
        "parallel_requests_nb": 22
    },
    "26": {
        "speed_generation": [
            0.05488175248250826,
            1.5110108306703691,
            0.007242750430336509
        ],
        "time_to_first_token": [
            0.022697925567626953,
            2.887990951538086,
            0.2799952030181885
        ],
        "max_kv_cache": 0.5729103111653447,
        "parallel_requests_nb": 26
    },
    "30": {
        "speed_generation": [
            0.04761597715363908,
            1.3141918021282042,
            0.008852771526821623
        ],
        "time_to_first_token": [
            0.039754629135131836,
            2.9157347679138184,
            0.9326832294464111
        ],
        "max_kv_cache": 0.6600569452918446,
        "parallel_requests_nb": 30
    },
    "34": {
        "speed_generation": [
            0.006649382983215935,
            1.1631047230875655,
            0.0064945573291750325
        ],
        "time_to_first_token": [
            0.1245119571685791,
            2.895462989807129,
            0.08864998817443848
        ],
        "max_kv_cache": 0.7490339637990644,
        "parallel_requests_nb": 34
    },
    "38": {
        "speed_generation": [
            0.03939150067714148,
            1.0468193880368228,
            0.020668018752295403
        ],
        "time_to_first_token": [
            0.2965660095214844,
            1.9485715627670288,
            0.945344090461731
        ],
        "max_kv_cache": 0.7952003254016677,
        "parallel_requests_nb": 38
    }
}