{
    "1": {
        "speed_generation": [
            0.02724973604615144,
            33.35126730920793,
            0.0620353052745557
        ],
        "time_to_first_token": [
            0.001024484634399414,
            0.08513951301574707,
            0.001601576805114746
        ],
        "max_kv_cache": 0.01217145881107784,
        "parallel_requests_nb": 1
    },
    "2": {
        "speed_generation": [
            0.055367464741976846,
            32.651101647643095,
            0.055699375604191914
        ],
        "time_to_first_token": [
            0.005703091621398926,
            0.08481502532958984,
            0.031198859214782715
        ],
        "max_kv_cache": 0.02434291762215557,
        "parallel_requests_nb": 2
    },
    "3": {
        "speed_generation": [
            0.05476714779596392,
            31.804949681707587,
            0.05894146612618556
        ],
        "time_to_first_token": [
            0.008285582065582275,
            0.08770406246185303,
            0.027144014835357666
        ],
        "max_kv_cache": 0.03616158052566587,
        "parallel_requests_nb": 3
    },
    "4": {
        "speed_generation": [
            0.06902026930653449,
            31.694824938164754,
            0.06809474029614293
        ],
        "time_to_first_token": [
            0.008303403854370117,
            0.11534988880157471,
            0.009441673755645752
        ],
        "max_kv_cache": 0.04798024342917617,
        "parallel_requests_nb": 4
    },
    "6": {
        "speed_generation": [
            0.010390712173414585,
            31.03674730445965,
            0.033495138580647676
        ],
        "time_to_first_token": [
            0.009199023246765137,
            0.13978910446166992,
            0.012368440628051758
        ],
        "max_kv_cache": 0.07197036514376431,
        "parallel_requests_nb": 6
    },
    "8": {
        "speed_generation": [
            0.030834879366459234,
            30.980543515108664,
            0.046804551696563834
        ],
        "time_to_first_token": [
            0.00971221923828125,
            0.17765307426452637,
            0.009207963943481445
        ],
        "max_kv_cache": 0.09596048685835246,
        "parallel_requests_nb": 8
    },
    "10": {
        "speed_generation": [
            0.017029235846230506,
            30.593639120141322,
            0.03725014820104633
        ],
        "time_to_first_token": [
            0.015420913696289062,
            0.2044510841369629,
            0.020941972732543945
        ],
        "max_kv_cache": 0.11977421061915683,
        "parallel_requests_nb": 10
    },
    "14": {
        "speed_generation": [
            0.057922704803839764,
            30.305932469203363,
            0.024396250860082347
        ],
        "time_to_first_token": [
            0.028934955596923828,
            0.28195691108703613,
            0.014845132827758789
        ],
        "max_kv_cache": 0.16757805609454934,
        "parallel_requests_nb": 14
    },
    "18": {
        "speed_generation": [
            0.03931227312560637,
            27.72492638136818,
            0.06560376582142169
        ],
        "time_to_first_token": [
            0.031216859817504883,
            0.34064292907714844,
            0.02036118507385254
        ],
        "max_kv_cache": 0.21502910566237432,
        "parallel_requests_nb": 18
    }
}