{
    "1": {
        "speed_generation": [
            0.125459476308027,
            20.5348025644114,
            0.1357843847329896
        ],
        "time_to_first_token": [
            0.0020874738693237305,
            0.33409953117370605,
            0.007450103759765625
        ],
        "max_kv_cache": 0.011818662903510302,
        "parallel_requests_nb": 1
    },
    "2": {
        "speed_generation": [
            0.10683754441406457,
            14.727323520949868,
            0.08863055786677876
        ],
        "time_to_first_token": [
            0.009512901306152344,
            0.6246399879455566,
            0.007086038589477539
        ],
        "max_kv_cache": 0.023460927853236946,
        "parallel_requests_nb": 2
    },
    "3": {
        "speed_generation": [
            0.07445713094731055,
            11.355345241503567,
            0.05552231877730307
        ],
        "time_to_first_token": [
            0.22549772262573242,
            0.9162368774414062,
            0.010395050048828125
        ],
        "max_kv_cache": 0.03475039689539605,
        "parallel_requests_nb": 3
    },
    "4": {
        "speed_generation": [
            0.058497478827520766,
            9.351508257573128,
            0.05641665495243764
        ],
        "time_to_first_token": [
            0.4203016757965088,
            1.212263822555542,
            0.014687061309814453
        ],
        "max_kv_cache": 0.04603986593755516,
        "parallel_requests_nb": 4
    },
    "6": {
        "speed_generation": [
            0.036514379676662934,
            6.955309179660719,
            0.0283596759941096
        ],
        "time_to_first_token": [
            0.6293720006942749,
            1.802056074142456,
            0.013034343719482422
        ],
        "max_kv_cache": 0.06914799788322457,
        "parallel_requests_nb": 6
    },
    "8": {
        "speed_generation": [
            0.018095356614587388,
            5.531946687980396,
            0.017304431584051372
        ],
        "time_to_first_token": [
            0.6641221046447754,
            2.3937342166900635,
            0.014585733413696289
        ],
        "max_kv_cache": 0.09172693596754278,
        "parallel_requests_nb": 8
    },
    "10": {
        "speed_generation": [
            0.016906388215547352,
            4.579527874142535,
            0.012812962560781571
        ],
        "time_to_first_token": [
            1.0752131938934326,
            2.9839911460876465,
            0.016605734825134277
        ],
        "max_kv_cache": 0.11430587405186099,
        "parallel_requests_nb": 10
    },
    "14": {
        "speed_generation": [
            0.012513842074462378,
            3.3980360528056957,
            0.010263569274686635
        ],
        "time_to_first_token": [
            1.3061245679855347,
            4.190124988555908,
            0.024311065673828125
        ],
        "max_kv_cache": 0.16034573998941615,
        "parallel_requests_nb": 14
    },
    "18": {
        "speed_generation": [
            0.009945134529429023,
            2.684638594763326,
            0.00856194399826915
        ],
        "time_to_first_token": [
            1.9801900386810303,
            5.387950897216797,
            0.036913156509399414
        ],
        "max_kv_cache": 0.2053272182042688,
        "parallel_requests_nb": 18
    },
    "22": {
        "speed_generation": [
            0.007745115895324783,
            2.2264636152329715,
            0.004314911565154844
        ],
        "time_to_first_token": [
            2.422513246536255,
            6.610408782958984,
            0.02678823471069336
        ],
        "max_kv_cache": 0.250661492326689,
        "parallel_requests_nb": 22
    },
    "26": {
        "speed_generation": [
            0.004884260576862642,
            1.8906066501911682,
            0.007371789101573656
        ],
        "time_to_first_token": [
            2.443077564239502,
            7.849637031555176,
            0.04553186893463135
        ],
        "max_kv_cache": 0.2958193684953254,
        "parallel_requests_nb": 26
    },
    "30": {
        "speed_generation": [
            0.004369272464539886,
            1.6500404390917744,
            0.005901917247735922
        ],
        "time_to_first_token": [
            2.5171761512756348,
            9.069833993911743,
            0.04828500747680664
        ],
        "max_kv_cache": 0.3416828364790968,
        "parallel_requests_nb": 30
    },
    "34": {
        "speed_generation": [
            0.0027736204501487283,
            1.459297839489394,
            0.003853814200093675
        ],
        "time_to_first_token": [
            0.5982894897460938,
            10.272597074508667,
            0.04749798774719238
        ],
        "max_kv_cache": 0.3864879167401658,
        "parallel_requests_nb": 34
    },
    "38": {
        "speed_generation": [
            0.0026806745997518533,
            1.3155285394447551,
            0.0030368732543430976
        ],
        "time_to_first_token": [
            1.1202120780944824,
            10.831169128417969,
            0.6597919464111328
        ],
        "max_kv_cache": 0.4337625683542071,
        "parallel_requests_nb": 38
    }
}