{
    "1": {
        "speed_generation": [
            0.09968239375461252,
            30.94220232121164,
            0.10105998506472602
        ],
        "time_to_first_token": [
            0.003097057342529297,
            0.335752010345459,
            0.006749868392944336
        ],
        "max_kv_cache": 0.013053448579996463,
        "parallel_requests_nb": 1
    },
    "2": {
        "speed_generation": [
            0.059045879302956905,
            28.162227837370978,
            0.11149008455885934
        ],
        "time_to_first_token": [
            0.009761452674865723,
            0.6271028518676758,
            0.0080641508102417
        ],
        "max_kv_cache": 0.02557770329864173,
        "parallel_requests_nb": 2
    },
    "3": {
        "speed_generation": [
            0.08535088224413201,
            25.557642831364422,
            0.054911890682653564
        ],
        "time_to_first_token": [
            0.2724066376686096,
            0.6203105449676514,
            0.021472275257110596
        ],
        "max_kv_cache": 0.038278355971070765,
        "parallel_requests_nb": 3
    },
    "4": {
        "speed_generation": [
            0.05272468631019933,
            24.12587983456542,
            0.05534550067843469
        ],
        "time_to_first_token": [
            0.23098492622375488,
            1.2083959579467773,
            0.013623952865600586
        ],
        "max_kv_cache": 0.05115540659728346,
        "parallel_requests_nb": 4
    },
    "6": {
        "speed_generation": [
            0.06189649366470462,
            21.70846646949939,
            0.047944968355153605
        ],
        "time_to_first_token": [
            0.22082304954528809,
            1.5958139896392822,
            0.21592998504638672
        ],
        "max_kv_cache": 0.07620391603457399,
        "parallel_requests_nb": 6
    },
    "8": {
        "speed_generation": [
            0.0397554466075043,
            19.708680883309516,
            0.03703436959424522
        ],
        "time_to_first_token": [
            0.6498169898986816,
            2.395542860031128,
            0.021534204483032227
        ],
        "max_kv_cache": 0.10125242547186453,
        "parallel_requests_nb": 8
    },
    "10": {
        "speed_generation": [
            0.05353125735175723,
            17.731493390028746,
            0.03715076785565685
        ],
        "time_to_first_token": [
            0.8360835313796997,
            2.9677670001983643,
            0.04297995567321777
        ],
        "max_kv_cache": 0.12735932263185745,
        "parallel_requests_nb": 10
    },
    "14": {
        "speed_generation": [
            0.031702258849730214,
            15.135005900829583,
            0.03730895037723059
        ],
        "time_to_first_token": [
            1.1158114671707153,
            4.185487985610962,
            0.024920940399169922
        ],
        "max_kv_cache": 0.17639795378373613,
        "parallel_requests_nb": 14
    },
    "18": {
        "speed_generation": [
            0.03272339358732346,
            12.70907939994934,
            0.018966530324481923
        ],
        "time_to_first_token": [
            1.767799973487854,
            5.402549982070923,
            0.02926945686340332
        ],
        "max_kv_cache": 0.22720056447345216,
        "parallel_requests_nb": 18
    },
    "22": {
        "speed_generation": [
            0.04994633343236288,
            11.272492812635349,
            0.03538597491154327
        ],
        "time_to_first_token": [
            2.434117078781128,
            6.631500959396362,
            0.039576053619384766
        ],
        "max_kv_cache": 0.2774739813018169,
        "parallel_requests_nb": 22
    },
    "26": {
        "speed_generation": [
            0.03320414122147319,
            10.031609822219929,
            0.02320237441572992
        ],
        "time_to_first_token": [
            2.503806471824646,
            7.849725961685181,
            0.046027541160583496
        ],
        "max_kv_cache": 0.3282765919915329,
        "parallel_requests_nb": 26
    },
    "30": {
        "speed_generation": [
            0.021176949961571268,
            9.099254208853418,
            0.020686465625878725
        ],
        "time_to_first_token": [
            3.1494351625442505,
            9.099508047103882,
            0.03472697734832764
        ],
        "max_kv_cache": 0.37855000881989764,
        "parallel_requests_nb": 30
    },
    "34": {
        "speed_generation": [
            0.011631054826169773,
            8.113024529258142,
            0.009073450456813958
        ],
        "time_to_first_token": [
            3.264530897140503,
            10.312637090682983,
            0.0251920223236084
        ],
        "max_kv_cache": 0.42847062974069505,
        "parallel_requests_nb": 34
    },
    "38": {
        "speed_generation": [
            0.0295084838304307,
            7.5401209043629835,
            0.011866645854879287
        ],
        "time_to_first_token": [
            1.5161844491958618,
            10.611412048339844,
            0.890718936920166
        ],
        "max_kv_cache": 0.4796260363379785,
        "parallel_requests_nb": 38
    }
}