{
    "1": {
        "speed_generation": [
            0.04692986349536454,
            32.85695453300637,
            0.04231908249244043
        ],
        "time_to_first_token": [
            0.006952464580535889,
            0.3407113552093506,
            0.0031655430793762207
        ],
        "max_kv_cache": 0.02293173399188564,
        "parallel_requests_nb": 1
    },
    "2": {
        "speed_generation": [
            0.029172855270839904,
            31.418738627298943,
            0.07532035587109576
        ],
        "time_to_first_token": [
            0.20090758800506592,
            0.6259150505065918,
            0.011907994747161865
        ],
        "max_kv_cache": 0.04533427412242019,
        "parallel_requests_nb": 2
    },
    "3": {
        "speed_generation": [
            0.04616778617357653,
            30.236029236066955,
            0.034941708328553034
        ],
        "time_to_first_token": [
            0.22632932662963867,
            0.9199860095977783,
            0.011682391166687012
        ],
        "max_kv_cache": 0.0679132122067384,
        "parallel_requests_nb": 3
    },
    "4": {
        "speed_generation": [
            0.0329514159904285,
            29.980565437378633,
            0.03021275813680191
        ],
        "time_to_first_token": [
            0.18656164407730103,
            1.1718599796295166,
            0.05237299203872681
        ],
        "max_kv_cache": 0.09066854824484039,
        "parallel_requests_nb": 4
    },
    "6": {
        "speed_generation": [
            0.03951067598871205,
            29.087844217892247,
            0.038160169839791536
        ],
        "time_to_first_token": [
            0.4156818389892578,
            1.8030788898468018,
            0.017093896865844727
        ],
        "max_kv_cache": 0.1352972305521256,
        "parallel_requests_nb": 6
    },
    "8": {
        "speed_generation": [
            0.03727918494917404,
            28.47800888202376,
            0.03892160577230541
        ],
        "time_to_first_token": [
            0.4220619201660156,
            2.4069809913635254,
            0.019134044647216797
        ],
        "max_kv_cache": 0.1801023108131946,
        "parallel_requests_nb": 8
    },
    "10": {
        "speed_generation": [
            0.05699586226237585,
            27.18606263320283,
            0.017267007972037618
        ],
        "time_to_first_token": [
            0.6167949438095093,
            2.962890863418579,
            0.058472275733947754
        ],
        "max_kv_cache": 0.2249073910742635,
        "parallel_requests_nb": 10
    },
    "14": {
        "speed_generation": [
            0.03733691715919463,
            26.05547970323341,
            0.042272313642595094
        ],
        "time_to_first_token": [
            1.1385304927825928,
            4.220732927322388,
            0.018231511116027832
        ],
        "max_kv_cache": 0.3145175515964015,
        "parallel_requests_nb": 14
    },
    "18": {
        "speed_generation": [
            0.04697254779319948,
            23.519696904971052,
            0.10276055637648085
        ],
        "time_to_first_token": [
            1.7285640239715576,
            5.378566026687622,
            0.08195376396179199
        ],
        "max_kv_cache": 0.4055388957488093,
        "parallel_requests_nb": 18
    }
}