{
    "1": {
        "speed_generation": [
            0.04195311963752246,
            30.769167056278246,
            0.07208638304817683
        ],
        "time_to_first_token": [
            0.008106112480163574,
            1.2331174612045288,
            0.005147039890289307
        ],
        "max_kv_cache": 0.055918151349444334,
        "parallel_requests_nb": 1
    },
    "2": {
        "speed_generation": [
            0.04124830589977435,
            28.89866501228139,
            0.023152508051719423
        ],
        "time_to_first_token": [
            0.8616852164268494,
            2.3884084224700928,
            0.024941623210906982
        ],
        "max_kv_cache": 0.11148350679132124,
        "parallel_requests_nb": 2
    },
    "3": {
        "speed_generation": [
            0.022289005634110737,
            25.615593290614235,
            0.03363560810198152
        ],
        "time_to_first_token": [
            0.8779069781303406,
            3.5839966535568237,
            0.047862887382507324
        ],
        "max_kv_cache": 0.1661668724642794,
        "parallel_requests_nb": 3
    },
    "4": {
        "speed_generation": [
            0.017770789412814736,
            24.804623887611122,
            0.048095527908060376
        ],
        "time_to_first_token": [
            1.8223521709442139,
            4.820524454116821,
            0.015153348445892334
        ],
        "max_kv_cache": 0.22261421767507494,
        "parallel_requests_nb": 4
    },
    "6": {
        "speed_generation": [
            0.026382913694593668,
            22.760221346636936,
            0.06050531945182769
        ],
        "time_to_first_token": [
            0.03714609146118164,
            7.2518110275268555,
            0.024787843227386475
        ],
        "max_kv_cache": 0.33109895925207267,
        "parallel_requests_nb": 6
    },
    "8": {
        "speed_generation": [
            0.04552548767800957,
            21.537205427080117,
            0.013686413067407699
        ],
        "time_to_first_token": [
            3.5862672328948975,
            9.720373153686523,
            0.026613712310791016
        ],
        "max_kv_cache": 0.44134768036690775,
        "parallel_requests_nb": 8
    },
    "10": {
        "speed_generation": [
            0.03336616571720086,
            20.16817463073094,
            0.08242568192282818
        ],
        "time_to_first_token": [
            0.7488975524902344,
            11.057461023330688,
            0.950045108795166
        ],
        "max_kv_cache": 0.552125595343094,
        "parallel_requests_nb": 10
    },
    "14": {
        "speed_generation": [
            0.041578661320308186,
            18.05790672833058,
            0.04221950886128667
        ],
        "time_to_first_token": [
            2.620778799057007,
            13.385374784469604,
            3.5650746822357178
        ],
        "max_kv_cache": 0.772093843711413,
        "parallel_requests_nb": 14
    }
}