{
    "1": {
        "speed_generation": [
            0.04200433759789313,
            9.496777465694416,
            0.04958469849156799
        ],
        "time_to_first_token": [
            0.009341955184936523,
            1.223418951034546,
            0.0054779052734375
        ],
        "max_kv_cache": 0.044981478214852655,
        "parallel_requests_nb": 1
    },
    "2": {
        "speed_generation": [
            0.01964181457040315,
            5.540229300524097,
            0.018919582792007894
        ],
        "time_to_first_token": [
            0.8628536462783813,
            2.3854031562805176,
            0.01773083209991455
        ],
        "max_kv_cache": 0.08908096666078669,
        "parallel_requests_nb": 2
    },
    "3": {
        "speed_generation": [
            0.02962347445313185,
            3.883562224909686,
            0.01800989567312694
        ],
        "time_to_first_token": [
            0.8692940473556519,
            3.5651609897613525,
            0.05302906036376953
        ],
        "max_kv_cache": 0.1333568530605045,
        "parallel_requests_nb": 3
    },
    "4": {
        "speed_generation": [
            0.009624568763636265,
            2.999417045764209,
            0.013627669725653213
        ],
        "time_to_first_token": [
            1.7485589981079102,
            4.768342018127441,
            0.04733991622924805
        ],
        "max_kv_cache": 0.1771035455988711,
        "parallel_requests_nb": 4
    },
    "6": {
        "speed_generation": [
            0.005431033884795156,
            2.050605873998999,
            0.007621129862749321
        ],
        "time_to_first_token": [
            2.699418067932129,
            7.238465070724487,
            0.029020071029663086
        ],
        "max_kv_cache": 0.2665373081672252,
        "parallel_requests_nb": 6
    },
    "8": {
        "speed_generation": [
            0.0035644313982379217,
            1.5554625903755634,
            0.007652286560655419
        ],
        "time_to_first_token": [
            0.13134098052978516,
            9.712900161743164,
            0.03461289405822754
        ],
        "max_kv_cache": 0.35544187687422824,
        "parallel_requests_nb": 8
    },
    "10": {
        "speed_generation": [
            0.00388671668206797,
            1.2614028917234479,
            0.010990145914594684
        ],
        "time_to_first_token": [
            3.2948508262634277,
            11.053639888763428,
            1.058899164199829
        ],
        "max_kv_cache": 0.44222967013582637,
        "parallel_requests_nb": 10
    },
    "14": {
        "speed_generation": [
            0.0016419447999670433,
            0.9097052197480922,
            0.005516267054339163
        ],
        "time_to_first_token": [
            0.7463483810424805,
            12.45838189125061,
            4.458922624588013
        ],
        "max_kv_cache": 0.6173928382430764,
        "parallel_requests_nb": 14
    },
    "18": {
        "speed_generation": [
            0.0016216805698793246,
            0.710293074466022,
            0.003546967370061549
        ],
        "time_to_first_token": [
            4.87378191947937,
            16.836216926574707,
            4.0648216009140015
        ],
        "max_kv_cache": 0.7943199858881637,
        "parallel_requests_nb": 18
    },
    "22": {
        "speed_generation": [
            0.0011914723067386612,
            0.584880811282724,
            0.002014651998017758
        ],
        "time_to_first_token": [
            7.176095724105835,
            19.163206815719604,
            6.5957512855529785
        ],
        "max_kv_cache": 0.9689539601340624,
        "parallel_requests_nb": 22
    },
    "26": {
        "speed_generation": [
            0.007019806592415745,
            0.5844844304986822,
            0.0008377009406232983
        ],
        "time_to_first_token": [
            7.08792519569397,
            23.893846035003662,
            2.789644956588745
        ],
        "max_kv_cache": 0.9689539601340624,
        "parallel_requests_nb": 26
    },
    "30": {
        "speed_generation": [
            0.28963812019075524,
            0.5818590177080705,
            0.002253747853401822
        ],
        "time_to_first_token": [
            6.628989219665527,
            25.966156005859375,
            12.163700103759766
        ],
        "max_kv_cache": 0.96930675604163,
        "parallel_requests_nb": 30
    },
    "34": {
        "speed_generation": [
            0.2169199222010858,
            0.5092257082553358,
            0.07361900126417853
        ],
        "time_to_first_token": [
            5.1326141357421875,
            30.90981698036194,
            7.371113061904907
        ],
        "max_kv_cache": 0.9694831539954136,
        "parallel_requests_nb": 34
    },
    "38": {
        "speed_generation": [
            0.0032389382623810303,
            0.2937181568797071,
            0.2865100327204599
        ],
        "time_to_first_token": [
            11.625294923782349,
            38.29753398895264,
            8.40000605583191
        ],
        "max_kv_cache": 0.970541541718116,
        "parallel_requests_nb": 38
    }
}