{
    "1": {
        "speed_generation": [
            1.6090514796463182,
            54.448206341992815,
            0.6395121353818283
        ],
        "time_to_first_token": [
            0.0018546581268310547,
            0.21450185775756836,
            0.004330158233642578
        ],
        "max_kv_cache": 0.014582164890633798,
        "parallel_requests_nb": 1
    },
    "2": {
        "speed_generation": [
            0.5644981792736772,
            46.07930171956604,
            0.40217515722202535
        ],
        "time_to_first_token": [
            0.008733034133911133,
            0.40308403968811035,
            0.005024909973144531
        ],
        "max_kv_cache": 0.028790428117405176,
        "parallel_requests_nb": 2
    },
    "3": {
        "speed_generation": [
            0.36425375384034453,
            40.17044239655023,
            0.49886360979938615
        ],
        "time_to_first_token": [
            0.17508256435394287,
            0.5837959051132202,
            0.013216495513916016
        ],
        "max_kv_cache": 0.04318564217610765,
        "parallel_requests_nb": 3
    },
    "4": {
        "speed_generation": [
            0.2627052195807025,
            37.05697122603927,
            0.21335155494256952
        ],
        "time_to_first_token": [
            0.1691749095916748,
            0.7637839317321777,
            0.01430201530456543
        ],
        "max_kv_cache": 0.05702000373901661,
        "parallel_requests_nb": 4
    },
    "6": {
        "speed_generation": [
            0.4892723219716899,
            33.06215510790553,
            0.21140644067253334
        ],
        "time_to_first_token": [
            0.013600826263427734,
            1.1297528743743896,
            0.022823333740234375
        ],
        "max_kv_cache": 0.08562348102449058,
        "parallel_requests_nb": 6
    },
    "8": {
        "speed_generation": [
            1.7700597325339054,
            28.5287881909393,
            0.24047400496293037
        ],
        "time_to_first_token": [
            0.020476102828979492,
            1.5184791088104248,
            0.01275777816772461
        ],
        "max_kv_cache": 0.11366610581417091,
        "parallel_requests_nb": 8
    },
    "10": {
        "speed_generation": [
            1.0215916470958994,
            24.34808923811023,
            0.18305503156731362
        ],
        "time_to_first_token": [
            0.7242350578308105,
            1.8618979454040527,
            0.027056217193603516
        ],
        "max_kv_cache": 0.14114787810805762,
        "parallel_requests_nb": 10
    },
    "14": {
        "speed_generation": [
            0.3919513114536137,
            19.493325870108812,
            0.6673578145156505
        ],
        "time_to_first_token": [
            1.265873670578003,
            2.628059148788452,
            0.016689419746398926
        ],
        "max_kv_cache": 0.1976070293512806,
        "parallel_requests_nb": 14
    },
    "18": {
        "speed_generation": [
            0.38911538596934037,
            15.98671491269393,
            0.7090757168369386
        ],
        "time_to_first_token": [
            1.4316350221633911,
            3.370558977127075,
            0.020557165145874023
        ],
        "max_kv_cache": 0.25350532809871007,
        "parallel_requests_nb": 18
    },
    "22": {
        "speed_generation": [
            0.3656946782077135,
            13.963317373958237,
            0.5051748811117367
        ],
        "time_to_first_token": [
            1.6138019561767578,
            3.928032875061035,
            0.20026803016662598
        ],
        "max_kv_cache": 0.3105253318377267,
        "parallel_requests_nb": 22
    },
    "26": {
        "speed_generation": [
            0.5013430973588218,
            12.525035377151605,
            0.26200169475561275
        ],
        "time_to_first_token": [
            1.021532654762268,
            3.91618013381958,
            0.8224968910217285
        ],
        "max_kv_cache": 0.3673583847448121,
        "parallel_requests_nb": 26
    },
    "30": {
        "speed_generation": [
            0.12512459209149895,
            10.804816959422162,
            0.23525809330464753
        ],
        "time_to_first_token": [
            1.4061856269836426,
            4.334129095077515,
            1.30719792842865
        ],
        "max_kv_cache": 0.4223219293325855,
        "parallel_requests_nb": 30
    },
    "34": {
        "speed_generation": [
            0.19949432440167136,
            9.369225058012415,
            0.11749418940854284
        ],
        "time_to_first_token": [
            1.404916524887085,
            4.336030006408691,
            1.6908804178237915
        ],
        "max_kv_cache": 0.4785941297438774,
        "parallel_requests_nb": 34
    },
    "38": {
        "speed_generation": [
            0.14154708876082545,
            8.538070254997423,
            0.13844989987804546
        ],
        "time_to_first_token": [
            2.1047399044036865,
            5.069572925567627,
            1.8733501434326172
        ],
        "max_kv_cache": 0.5343054776593756,
        "parallel_requests_nb": 38
    }
}