{
    "1": {
        "speed_generation": [
            0.5306592898706697,
            33.21828952945269,
            0.7412114114056365
        ],
        "time_to_first_token": [
            0.0020801424980163574,
            0.2146444320678711,
            0.0037279725074768066
        ],
        "max_kv_cache": 0.01364741073097775,
        "parallel_requests_nb": 1
    },
    "2": {
        "speed_generation": [
            0.31319831051403213,
            22.69539097539414,
            0.34498959729827305
        ],
        "time_to_first_token": [
            0.00860905647277832,
            0.405350923538208,
            0.004538059234619141
        ],
        "max_kv_cache": 0.02636006730229945,
        "parallel_requests_nb": 2
    },
    "3": {
        "speed_generation": [
            0.26261768923860274,
            17.667668712513798,
            0.2498148632960202
        ],
        "time_to_first_token": [
            0.1670619249343872,
            0.5802620649337769,
            0.014896154403686523
        ],
        "max_kv_cache": 0.03944662553748368,
        "parallel_requests_nb": 3
    },
    "4": {
        "speed_generation": [
            0.15107311716013072,
            14.525765880010013,
            0.16827985381301147
        ],
        "time_to_first_token": [
            0.025924324989318848,
            0.7696533203125,
            0.011482834815979004
        ],
        "max_kv_cache": 0.05215928210880538,
        "parallel_requests_nb": 4
    },
    "6": {
        "speed_generation": [
            0.14491568521150988,
            10.712318867182045,
            0.14067902518959663
        ],
        "time_to_first_token": [
            0.012630105018615723,
            1.1338900327682495,
            0.02262747287750244
        ],
        "max_kv_cache": 0.0777715460833801,
        "parallel_requests_nb": 6
    },
    "8": {
        "speed_generation": [
            0.06853294552623268,
            8.371717015292507,
            0.0815226076331097
        ],
        "time_to_first_token": [
            0.014038443565368652,
            1.521335482597351,
            0.010092377662658691
        ],
        "max_kv_cache": 0.1028229575621612,
        "parallel_requests_nb": 8
    },
    "10": {
        "speed_generation": [
            0.07620986542239638,
            6.902326576398924,
            0.06377949030183849
        ],
        "time_to_first_token": [
            0.016110241413116455,
            1.8972134590148926,
            0.014160692691802979
        ],
        "max_kv_cache": 0.12862217236866702,
        "parallel_requests_nb": 10
    },
    "14": {
        "speed_generation": [
            0.04256321989463263,
            5.095982919079041,
            0.03788059404779087
        ],
        "time_to_first_token": [
            0.0195043683052063,
            2.663015127182007,
            0.015474140644073486
        ],
        "max_kv_cache": 0.1809684053094036,
        "parallel_requests_nb": 14
    },
    "18": {
        "speed_generation": [
            0.043401567999089785,
            4.010401404097627,
            0.043599698760554695
        ],
        "time_to_first_token": [
            0.03016078472137451,
            2.8904939889907837,
            0.5158327221870422
        ],
        "max_kv_cache": 0.2310712282669658,
        "parallel_requests_nb": 18
    },
    "22": {
        "speed_generation": [
            0.027252272476399497,
            3.3564565157310806,
            0.022406088969254778
        ],
        "time_to_first_token": [
            0.054221153259277344,
            2.94209086894989,
            1.2142868041992188
        ],
        "max_kv_cache": 0.28229575621611513,
        "parallel_requests_nb": 22
    },
    "26": {
        "speed_generation": [
            0.03321485062866003,
            2.9004838855981045,
            0.01262724093828016
        ],
        "time_to_first_token": [
            1.5019762516021729,
            3.9970635175704956,
            0.6949586272239685
        ],
        "max_kv_cache": 0.3318377266778837,
        "parallel_requests_nb": 26
    },
    "30": {
        "speed_generation": [
            0.019166773394095227,
            2.5188203088827974,
            0.008138502702724537
        ],
        "time_to_first_token": [
            1.2394535541534424,
            4.1292173862457275,
            1.4785183668136597
        ],
        "max_kv_cache": 0.3823144512993083,
        "parallel_requests_nb": 30
    },
    "34": {
        "speed_generation": [
            0.01256188484080134,
            2.204219590198807,
            0.014862474388151359
        ],
        "time_to_first_token": [
            1.6485549807548523,
            4.540590047836304,
            1.66904616355896
        ],
        "max_kv_cache": 0.4350345859039073,
        "parallel_requests_nb": 34
    },
    "38": {
        "speed_generation": [
            0.012576078172110261,
            1.9772789682360608,
            0.0113118363332394
        ],
        "time_to_first_token": [
            1.370862603187561,
            4.597460031509399,
            2.3575075268745422
        ],
        "max_kv_cache": 0.48382875303795103,
        "parallel_requests_nb": 38
    }
}