{
    "1": {
        "speed_generation": [
            0.20051942802235523,
            14.788512861182099,
            0.2544170404918731
        ],
        "time_to_first_token": [
            0.007495224475860596,
            0.8016139268875122,
            0.013312697410583496
        ],
        "max_kv_cache": 0.051224527949149334,
        "parallel_requests_nb": 1
    },
    "2": {
        "speed_generation": [
            0.06747684091983608,
            8.343784148580806,
            0.07449308798400978
        ],
        "time_to_first_token": [
            0.7350139617919922,
            1.57635498046875,
            0.017850637435913086
        ],
        "max_kv_cache": 0.10076649841091789,
        "parallel_requests_nb": 2
    },
    "3": {
        "speed_generation": [
            0.05208100654113679,
            5.800177854388785,
            0.05515131732268763
        ],
        "time_to_first_token": [
            0.03556382656097412,
            2.376283884048462,
            0.01515805721282959
        ],
        "max_kv_cache": 0.15012151804075524,
        "parallel_requests_nb": 3
    },
    "4": {
        "speed_generation": [
            0.04153442296662657,
            4.47674521305025,
            0.03429589989371973
        ],
        "time_to_first_token": [
            0.02012491226196289,
            2.4036078453063965,
            0.7454590797424316
        ],
        "max_kv_cache": 0.20003739016638622,
        "parallel_requests_nb": 4
    },
    "6": {
        "speed_generation": [
            0.019415687570984996,
            3.0503929259867877,
            0.017460845968356953
        ],
        "time_to_first_token": [
            0.802790641784668,
            3.231182098388672,
            1.5242518186569214
        ],
        "max_kv_cache": 0.29968218358571697,
        "parallel_requests_nb": 6
    },
    "8": {
        "speed_generation": [
            0.011483342066720414,
            2.3276522765074343,
            0.010408867665897326
        ],
        "time_to_first_token": [
            2.2984981536865234,
            4.751836061477661,
            1.4692189693450928
        ],
        "max_kv_cache": 0.3974574686857356,
        "parallel_requests_nb": 8
    },
    "10": {
        "speed_generation": [
            0.00751718715007299,
            1.8750033597522082,
            0.011453303225309686
        ],
        "time_to_first_token": [
            2.3179415464401245,
            4.812772035598755,
            2.2955145835876465
        ],
        "max_kv_cache": 0.49691531127313515,
        "parallel_requests_nb": 10
    },
    "14": {
        "speed_generation": [
            0.005579766512941786,
            1.3598343482585193,
            0.004552655346060641
        ],
        "time_to_first_token": [
            2.3555760383605957,
            7.1016271114349365,
            2.3606293201446533
        ],
        "max_kv_cache": 0.6935875864647598,
        "parallel_requests_nb": 14
    },
    "18": {
        "speed_generation": [
            0.0036965095390530944,
            1.0629537785470724,
            0.0030183707017541472
        ],
        "time_to_first_token": [
            3.9049209356307983,
            8.705971956253052,
            3.102720618247986
        ],
        "max_kv_cache": 0.89269022247149,
        "parallel_requests_nb": 18
    },
    "22": {
        "speed_generation": [
            0.00382029724924704,
            0.9685201241135315,
            0.004120288711556008
        ],
        "time_to_first_token": [
            4.634108066558838,
            10.86362600326538,
            3.2073428630828857
        ],
        "max_kv_cache": 0.9912133108992335,
        "parallel_requests_nb": 22
    },
    "26": {
        "speed_generation": [
            0.4808980196292378,
            0.9661246573841693,
            0.002519073808618044
        ],
        "time_to_first_token": [
            4.627864122390747,
            14.00748610496521,
            4.855186939239502
        ],
        "max_kv_cache": 0.9904655075715086,
        "parallel_requests_nb": 26
    },
    "30": {
        "speed_generation": [
            0.47161433996570506,
            0.9550688364956951,
            0.012341887469026758
        ],
        "time_to_first_token": [
            3.8913800716400146,
            15.659089088439941,
            5.604184865951538
        ],
        "max_kv_cache": 0.9893438025799215,
        "parallel_requests_nb": 30
    },
    "34": {
        "speed_generation": [
            0.0014425409331522143,
            0.4847032055913523,
            0.48045833154538015
        ],
        "time_to_first_token": [
            5.57111120223999,
            21.139892101287842,
            2.682482957839966
        ],
        "max_kv_cache": 0.9914002617311647,
        "parallel_requests_nb": 34
    },
    "38": {
        "speed_generation": [
            0.0013152891961463742,
            0.4844261397738091,
            0.0011549263799780496
        ],
        "time_to_first_token": [
            4.590456962585449,
            23.543204069137573,
            4.647213935852051
        ],
        "max_kv_cache": 0.9904655075715086,
        "parallel_requests_nb": 38
    }
}