{
    "1": {
        "speed_generation": [
            0.5570143317734804,
            61.144802823136295,
            0.25273314800836744
        ],
        "time_to_first_token": [
            0.0013703703880310059,
            0.0410001277923584,
            0.005504131317138672
        ],
        "max_kv_cache": 0.01289960740325291,
        "parallel_requests_nb": 1
    },
    "2": {
        "speed_generation": [
            0.1616254458974069,
            54.7632761284042,
            0.26019125545215616
        ],
        "time_to_first_token": [
            0.011534929275512695,
            0.05783998966217041,
            0.015123367309570312
        ],
        "max_kv_cache": 0.025799214806505932,
        "parallel_requests_nb": 2
    },
    "3": {
        "speed_generation": [
            0.5759959685310463,
            51.43296269442281,
            0.42218780113786636
        ],
        "time_to_first_token": [
            0.01072382926940918,
            0.06944000720977783,
            0.012296080589294434
        ],
        "max_kv_cache": 0.03851187137782763,
        "parallel_requests_nb": 3
    },
    "4": {
        "speed_generation": [
            0.14072616521031733,
            49.908310310553254,
            0.32045152665506293
        ],
        "time_to_first_token": [
            0.005978822708129883,
            0.06925177574157715,
            0.022744417190551758
        ],
        "max_kv_cache": 0.050850626285286915,
        "parallel_requests_nb": 4
    },
    "6": {
        "speed_generation": [
            0.834001934055749,
            47.30106749685756,
            0.2721512485397355
        ],
        "time_to_first_token": [
            0.02895212173461914,
            0.0955801010131836,
            0.01455235481262207
        ],
        "max_kv_cache": 0.07627593942793043,
        "parallel_requests_nb": 6
    },
    "8": {
        "speed_generation": [
            0.35135691401090696,
            46.08214452118614,
            0.44203361753294956
        ],
        "time_to_first_token": [
            0.02411794662475586,
            0.11904382705688477,
            0.017245054244995117
        ],
        "max_kv_cache": 0.10188820340250515,
        "parallel_requests_nb": 8
    },
    "10": {
        "speed_generation": [
            0.14933297654219047,
            42.458005016112914,
            0.32735163736653305
        ],
        "time_to_first_token": [
            0.022706985473632812,
            0.1265721321105957,
            0.02543497085571289
        ],
        "max_kv_cache": 0.12750046737707987,
        "parallel_requests_nb": 10
    },
    "14": {
        "speed_generation": [
            0.3233731048924753,
            38.75539617506863,
            0.4812928480896588
        ],
        "time_to_first_token": [
            0.04925405979156494,
            0.17965006828308105,
            0.01347339153289795
        ],
        "max_kv_cache": 0.1783510936623668,
        "parallel_requests_nb": 14
    },
    "18": {
        "speed_generation": [
            0.2248621661485899,
            34.120170008874645,
            0.42370795499958547
        ],
        "time_to_first_token": [
            0.06958818435668945,
            0.22457408905029297,
            0.01836705207824707
        ],
        "max_kv_cache": 0.22845391661992898,
        "parallel_requests_nb": 18
    },
    "22": {
        "speed_generation": [
            0.7641354318340738,
            29.91744905629129,
            0.3008605518063341
        ],
        "time_to_first_token": [
            0.024850845336914062,
            0.2690260410308838,
            0.01946282386779785
        ],
        "max_kv_cache": 0.2791175920732847,
        "parallel_requests_nb": 22
    },
    "26": {
        "speed_generation": [
            0.7489806744244589,
            29.144570656965833,
            0.1379643160046804
        ],
        "time_to_first_token": [
            0.059819698333740234,
            0.319835901260376,
            0.01082611083984375
        ],
        "max_kv_cache": 0.3297812675266405,
        "parallel_requests_nb": 26
    },
    "30": {
        "speed_generation": [
            0.06579105445884181,
            27.601575961092266,
            0.2423016642698954
        ],
        "time_to_first_token": [
            0.06613683700561523,
            0.3708629608154297,
            0.012068986892700195
        ],
        "max_kv_cache": 0.3808188446438586,
        "parallel_requests_nb": 30
    },
    "34": {
        "speed_generation": [
            0.3391870590376236,
            20.70103659675683,
            0.4812199644909363
        ],
        "time_to_first_token": [
            0.12583398818969727,
            0.38413190841674805,
            0.03835105895996094
        ],
        "max_kv_cache": 0.4309216676014208,
        "parallel_requests_nb": 34
    },
    "38": {
        "speed_generation": [
            0.5628620942556282,
            18.967916392921556,
            0.4418682173407191
        ],
        "time_to_first_token": [
            0.14036226272583008,
            0.4206838607788086,
            0.05793964862823486
        ],
        "max_kv_cache": 0.48195924471863905,
        "parallel_requests_nb": 38
    }
}