{
    "1": {
        "speed_generation": [
            1.2026364897292723,
            57.01934753277097,
            1.2390721282001778
        ],
        "time_to_first_token": [
            0.003972232341766357,
            0.040101051330566406,
            0.0035172700881958008
        ],
        "max_kv_cache": 0.0013086558235184675,
        "parallel_requests_nb": 1
    },
    "2": {
        "speed_generation": [
            1.309768094668918,
            47.07038794006125,
            1.6537860148055827
        ],
        "time_to_first_token": [
            0.009693682193756104,
            0.056522488594055176,
            0.012808620929718018
        ],
        "max_kv_cache": 0.0022434099831744048,
        "parallel_requests_nb": 2
    },
    "3": {
        "speed_generation": [
            1.0105589609940608,
            44.29554899492989,
            1.3904913817738063
        ],
        "time_to_first_token": [
            0.012189209461212158,
            0.06651043891906738,
            0.01425182819366455
        ],
        "max_kv_cache": 0.0033651149747616627,
        "parallel_requests_nb": 3
    },
    "4": {
        "speed_generation": [
            0.9760856348228302,
            42.45985621067293,
            1.2433866083017122
        ],
        "time_to_first_token": [
            0.014890551567077637,
            0.0775834321975708,
            0.013438642024993896
        ],
        "max_kv_cache": 0.004112918302486501,
        "parallel_requests_nb": 4
    },
    "6": {
        "speed_generation": [
            0.8706850348005233,
            38.60393271902127,
            0.9567622510456886
        ],
        "time_to_first_token": [
            0.019241034984588623,
            0.09636354446411133,
            0.010425329208374023
        ],
        "max_kv_cache": 0.006356328285660906,
        "parallel_requests_nb": 6
    },
    "8": {
        "speed_generation": [
            0.8610103044788602,
            36.54274261258011,
            0.9027404702781681
        ],
        "time_to_first_token": [
            0.018294572830200195,
            0.11596345901489258,
            0.01113802194595337
        ],
        "max_kv_cache": 0.0076649841091792625,
        "parallel_requests_nb": 8
    },
    "10": {
        "speed_generation": [
            1.3324436649221596,
            34.673878158358065,
            0.787798069303399
        ],
        "time_to_first_token": [
            0.008245408535003662,
            0.13112914562225342,
            0.010559499263763428
        ],
        "max_kv_cache": 0.009721443260422458,
        "parallel_requests_nb": 10
    },
    "14": {
        "speed_generation": [
            0.9167498590681546,
            31.539714474438377,
            0.6676215441485596
        ],
        "time_to_first_token": [
            0.009343087673187256,
            0.17823541164398193,
            0.011231422424316406
        ],
        "max_kv_cache": 0.01327350906711533,
        "parallel_requests_nb": 14
    },
    "18": {
        "speed_generation": [
            0.5217438064188364,
            26.511180369673784,
            0.5423875150315283
        ],
        "time_to_first_token": [
            0.01125568151473999,
            0.219399094581604,
            0.00757145881652832
        ],
        "max_kv_cache": 0.016638624041876993,
        "parallel_requests_nb": 18
    },
    "22": {
        "speed_generation": [
            0.4607519657676704,
            24.34680527220305,
            0.5759811863032027
        ],
        "time_to_first_token": [
            0.011629819869995117,
            0.2655285596847534,
            0.008549273014068604
        ],
        "max_kv_cache": 0.020377640680501075,
        "parallel_requests_nb": 22
    },
    "26": {
        "speed_generation": [
            0.3391373922129439,
            21.75546106261959,
            0.6507196889809173
        ],
        "time_to_first_token": [
            0.016487956047058105,
            0.30817997455596924,
            0.012355208396911621
        ],
        "max_kv_cache": 0.023929706487193836,
        "parallel_requests_nb": 26
    },
    "30": {
        "speed_generation": [
            0.2875910593045816,
            20.275595077785276,
            0.3377678388010317
        ],
        "time_to_first_token": [
            0.012229323387145996,
            0.34826159477233887,
            0.009052276611328125
        ],
        "max_kv_cache": 0.027668723125817918,
        "parallel_requests_nb": 30
    },
    "34": {
        "speed_generation": [
            0.18688630045935994,
            16.221725333029923,
            0.23704231699644396
        ],
        "time_to_first_token": [
            0.0130615234375,
            0.395078182220459,
            0.010074317455291748
        ],
        "max_kv_cache": 0.03084688726864837,
        "parallel_requests_nb": 34
    },
    "38": {
        "speed_generation": [
            0.34522161240492544,
            15.388122756374155,
            0.4592983522772016
        ],
        "time_to_first_token": [
            0.02926701307296753,
            0.4412790536880493,
            0.0165136456489563
        ],
        "max_kv_cache": 0.03477285473920355,
        "parallel_requests_nb": 38
    }
}