{
    "1": {
        "speed_generation": [
            0.2534958382589778,
            53.25203337319312,
            0.3044863277243266
        ],
        "time_to_first_token": [
            0.005718827247619629,
            0.8039975166320801,
            0.015394270420074463
        ],
        "max_kv_cache": 0.06262852869695268,
        "parallel_requests_nb": 1
    },
    "2": {
        "speed_generation": [
            0.08447320223231713,
            43.95410896145062,
            0.10555620388696241
        ],
        "time_to_first_token": [
            0.02546536922454834,
            1.5800844430923462,
            0.027099609375
        ],
        "max_kv_cache": 0.12376145073845579,
        "parallel_requests_nb": 2
    },
    "3": {
        "speed_generation": [
            0.10646547965713893,
            38.14301870694294,
            0.11147315610690356
        ],
        "time_to_first_token": [
            0.03820526599884033,
            2.3711624145507812,
            0.016477346420288086
        ],
        "max_kv_cache": 0.18620302860347726,
        "parallel_requests_nb": 3
    },
    "4": {
        "speed_generation": [
            0.09398164464823822,
            33.80736553111744,
            0.26978968957160276
        ],
        "time_to_first_token": [
            0.015168726444244385,
            2.40376353263855,
            0.7480401396751404
        ],
        "max_kv_cache": 0.24658814731725553,
        "parallel_requests_nb": 4
    },
    "6": {
        "speed_generation": [
            0.10914354736078025,
            27.686837169976027,
            0.040571751586821136
        ],
        "time_to_first_token": [
            0.7576141357421875,
            3.1620590686798096,
            1.575260877609253
        ],
        "max_kv_cache": 0.36866704056833055,
        "parallel_requests_nb": 6
    },
    "8": {
        "speed_generation": [
            0.1950640301834099,
            23.682129476243965,
            0.15893239441937013
        ],
        "time_to_first_token": [
            2.2975449562072754,
            4.730263948440552,
            0.7991950511932373
        ],
        "max_kv_cache": 0.4916806879790615,
        "parallel_requests_nb": 8
    },
    "10": {
        "speed_generation": [
            0.008307345015204248,
            20.196057179550095,
            0.12199499078114329
        ],
        "time_to_first_token": [
            1.8289473056793213,
            4.976502895355225,
            2.1650257110595703
        ],
        "max_kv_cache": 0.6141334828939988,
        "parallel_requests_nb": 10
    },
    "14": {
        "speed_generation": [
            0.03851760898558254,
            16.21908693450722,
            0.01907591135490705
        ],
        "time_to_first_token": [
            2.3689088821411133,
            7.124132871627808,
            2.383345127105713
        ],
        "max_kv_cache": 0.8595999252196672,
        "parallel_requests_nb": 14
    },
    "18": {
        "speed_generation": [
            0.16449637290191532,
            13.248298217972678,
            0.04021836674176171
        ],
        "time_to_first_token": [
            3.9392876625061035,
            8.659964084625244,
            2.7325422167778015
        ],
        "max_kv_cache": 0.9998130491680688,
        "parallel_requests_nb": 18
    },
    "22": {
        "speed_generation": [
            2.8153130256851586,
            12.756620312978791,
            0.20483138147824853
        ],
        "time_to_first_token": [
            3.1521946787834167,
            11.704370021820068,
            3.4218356609344482
        ],
        "max_kv_cache": 0.9998130491680688,
        "parallel_requests_nb": 22
    },
    "26": {
        "speed_generation": [
            5.827002045053915,
            12.481064949875893,
            0.591345558675684
        ],
        "time_to_first_token": [
            2.5890475511550903,
            14.261260032653809,
            68.99641048908234
        ],
        "max_kv_cache": 1.0,
        "parallel_requests_nb": 26
    },
    "30": {
        "speed_generation": [
            1.225165238563946,
            7.628202091648673,
            4.87126306420055
        ],
        "time_to_first_token": [
            64.99652379751205,
            79.2765440940857,
            6.364648699760437
        ],
        "max_kv_cache": 0.9998130491680688,
        "parallel_requests_nb": 30
    }
}