{
    "1": {
        "speed_generation": [
            0.6940606139477694,
            62.142051569967904,
            0.6517555265864274
        ],
        "time_to_first_token": [
            0.002701401710510254,
            0.040676116943359375,
            0.00481492280960083
        ],
        "max_kv_cache": 0.002617311647036824,
        "parallel_requests_nb": 1
    },
    "2": {
        "speed_generation": [
            0.5611889612217311,
            55.167964881308976,
            0.44262398509428635
        ],
        "time_to_first_token": [
            0.009187579154968262,
            0.05758404731750488,
            0.014070868492126465
        ],
        "max_kv_cache": 0.0050476724621424385,
        "parallel_requests_nb": 2
    },
    "3": {
        "speed_generation": [
            0.4611542825000754,
            52.64394098067964,
            0.3751887138636576
        ],
        "time_to_first_token": [
            0.014535903930664062,
            0.0689859390258789,
            0.013119935989379883
        ],
        "max_kv_cache": 0.007291082445316843,
        "parallel_requests_nb": 3
    },
    "4": {
        "speed_generation": [
            0.3224127063854212,
            51.34019729703936,
            0.41825991850363664
        ],
        "time_to_first_token": [
            0.015496253967285156,
            0.07769012451171875,
            0.014131784439086914
        ],
        "max_kv_cache": 0.009534492428491359,
        "parallel_requests_nb": 4
    },
    "6": {
        "speed_generation": [
            1.2191031066137583,
            47.214875998170754,
            0.4399230373291232
        ],
        "time_to_first_token": [
            0.016805171966552734,
            0.09412980079650879,
            0.015173792839050293
        ],
        "max_kv_cache": 0.014021312394840169,
        "parallel_requests_nb": 6
    },
    "8": {
        "speed_generation": [
            0.7527318026405254,
            46.2000974479883,
            0.49321359240791196
        ],
        "time_to_first_token": [
            0.016797780990600586,
            0.11313486099243164,
            0.011387109756469727
        ],
        "max_kv_cache": 0.018508132361188978,
        "parallel_requests_nb": 8
    },
    "10": {
        "speed_generation": [
            0.336840343897407,
            45.04918294954439,
            0.33652236132225255
        ],
        "time_to_first_token": [
            0.011184513568878174,
            0.1304459571838379,
            0.010714292526245117
        ],
        "max_kv_cache": 0.02243409983174427,
        "parallel_requests_nb": 10
    },
    "14": {
        "speed_generation": [
            1.3507405252609601,
            42.895226911020046,
            0.6731015136646903
        ],
        "time_to_first_token": [
            0.011683046817779541,
            0.17936503887176514,
            0.00938403606414795
        ],
        "max_kv_cache": 0.0315946905963731,
        "parallel_requests_nb": 14
    },
    "18": {
        "speed_generation": [
            0.37021256181942164,
            37.27083638125515,
            0.2381426648245366
        ],
        "time_to_first_token": [
            0.01196199655532837,
            0.22130048274993896,
            0.013934195041656494
        ],
        "max_kv_cache": 0.04019442886520841,
        "parallel_requests_nb": 18
    },
    "22": {
        "speed_generation": [
            1.6238649172711277,
            35.72560427030677,
            0.6315523729401562
        ],
        "time_to_first_token": [
            0.010075271129608154,
            0.2656993865966797,
            0.010669171810150146
        ],
        "max_kv_cache": 0.04916806879790614,
        "parallel_requests_nb": 22
    },
    "26": {
        "speed_generation": [
            0.3179703269768126,
            32.31273933762016,
            0.6278272021774711
        ],
        "time_to_first_token": [
            0.0197637677192688,
            0.31195855140686035,
            0.0125502347946167
        ],
        "max_kv_cache": 0.05795475789867266,
        "parallel_requests_nb": 26
    },
    "30": {
        "speed_generation": [
            0.306804283004535,
            31.005246521413714,
            0.29768907848344384
        ],
        "time_to_first_token": [
            0.012193799018859863,
            0.3527688980102539,
            0.011142134666442871
        ],
        "max_kv_cache": 0.06655449616750797,
        "parallel_requests_nb": 30
    },
    "34": {
        "speed_generation": [
            0.238606427046669,
            23.460918168546286,
            0.23558882758892707
        ],
        "time_to_first_token": [
            0.08928704261779785,
            0.3936060667037964,
            0.019938170909881592
        ],
        "max_kv_cache": 0.0757150869321368,
        "parallel_requests_nb": 34
    },
    "38": {
        "speed_generation": [
            0.13478025638041302,
            23.03695834346558,
            0.11745331478773835
        ],
        "time_to_first_token": [
            0.11101150512695312,
            0.42561352252960205,
            0.028792977333068848
        ],
        "max_kv_cache": 0.08450177603290332,
        "parallel_requests_nb": 38
    }
}