{
    "1": {
        "speed_generation": [
            0.28204195162976475,
            66.53700781351871,
            0.20634053827868115
        ],
        "time_to_first_token": [
            0.005953550338745117,
            0.039022088050842285,
            0.00359421968460083
        ],
        "max_kv_cache": 0.00649651972157772,
        "parallel_requests_nb": 1
    },
    "2": {
        "speed_generation": [
            0.2977966192131021,
            63.19508198149269,
            0.3345317692585894
        ],
        "time_to_first_token": [
            0.01937401294708252,
            0.06044197082519531,
            0.012944936752319336
        ],
        "max_kv_cache": 0.012064965197215782,
        "parallel_requests_nb": 2
    },
    "3": {
        "speed_generation": [
            0.3377701872996326,
            60.31135240454136,
            0.3670909550740049
        ],
        "time_to_first_token": [
            0.025786519050598145,
            0.08507490158081055,
            0.014260649681091309
        ],
        "max_kv_cache": 0.017633410672853844,
        "parallel_requests_nb": 3
    },
    "4": {
        "speed_generation": [
            0.3200052598768437,
            59.02504473019289,
            0.3282437682876562
        ],
        "time_to_first_token": [
            0.03489398956298828,
            0.1105189323425293,
            0.016785860061645508
        ],
        "max_kv_cache": 0.023665893271461735,
        "parallel_requests_nb": 4
    },
    "6": {
        "speed_generation": [
            0.2972576528104014,
            54.694358922219266,
            0.2892851186025638
        ],
        "time_to_first_token": [
            0.05159890651702881,
            0.16320300102233887,
            0.012514472007751465
        ],
        "max_kv_cache": 0.03480278422273786,
        "parallel_requests_nb": 6
    },
    "8": {
        "speed_generation": [
            0.47093663621046034,
            52.99872259231903,
            0.3656276917250523
        ],
        "time_to_first_token": [
            0.035458505153656006,
            0.18481087684631348,
            0.016135692596435547
        ],
        "max_kv_cache": 0.04640371229698381,
        "parallel_requests_nb": 8
    },
    "10": {
        "speed_generation": [
            0.44324485709582007,
            47.4658701374452,
            0.32275367220299245
        ],
        "time_to_first_token": [
            0.026147425174713135,
            0.1999204158782959,
            0.018742263317108154
        ],
        "max_kv_cache": 0.05661252900232017,
        "parallel_requests_nb": 10
    },
    "14": {
        "speed_generation": [
            0.4089194144791719,
            45.631017263059654,
            0.25859882783802135
        ],
        "time_to_first_token": [
            0.015273332595825195,
            0.2259349822998047,
            0.015439152717590332
        ],
        "max_kv_cache": 0.07749419953596293,
        "parallel_requests_nb": 14
    },
    "18": {
        "speed_generation": [
            0.3972883790406172,
            34.25703850756399,
            0.19110647742314768
        ],
        "time_to_first_token": [
            0.021245598793029785,
            0.26144158840179443,
            0.02140718698501587
        ],
        "max_kv_cache": 0.10023201856148489,
        "parallel_requests_nb": 18
    },
    "22": {
        "speed_generation": [
            0.29085835958619555,
            33.186939546948324,
            0.23619749282355684
        ],
        "time_to_first_token": [
            0.018429458141326904,
            0.29464685916900635,
            0.021625280380249023
        ],
        "max_kv_cache": 0.12204176334106731,
        "parallel_requests_nb": 22
    },
    "26": {
        "speed_generation": [
            0.1773846549577982,
            30.570584381841222,
            0.18180564141860245
        ],
        "time_to_first_token": [
            0.011015713214874268,
            0.32683002948760986,
            0.012801170349121094
        ],
        "max_kv_cache": 0.14385150812064962,
        "parallel_requests_nb": 26
    },
    "30": {
        "speed_generation": [
            0.3107681745699722,
            29.711576615402844,
            0.20101015834908864
        ],
        "time_to_first_token": [
            0.013480424880981445,
            0.3553715944290161,
            0.016911208629608154
        ],
        "max_kv_cache": 0.16612529002320187,
        "parallel_requests_nb": 30
    },
    "34": {
        "speed_generation": [
            0.10815519837209564,
            24.08093120573436,
            0.11415221266302211
        ],
        "time_to_first_token": [
            0.14138466119766235,
            0.45609593391418457,
            0.01788383722305298
        ],
        "max_kv_cache": 0.18561484918793503,
        "parallel_requests_nb": 34
    },
    "38": {
        "speed_generation": [
            0.1463878989066103,
            23.51406766571413,
            0.15512603474552122
        ],
        "time_to_first_token": [
            0.14700108766555786,
            0.49079596996307373,
            0.018748998641967773
        ],
        "max_kv_cache": 0.21113689095127608,
        "parallel_requests_nb": 38
    }
}