{
    "1": {
        "speed_generation": [
            0.9418030353457709,
            60.749293805633755,
            1.4110045316026785
        ],
        "time_to_first_token": [
            0.006183624267578125,
            0.038977622985839844,
            0.003253936767578125
        ],
        "max_kv_cache": 0.0032482598607889157,
        "parallel_requests_nb": 1
    },
    "2": {
        "speed_generation": [
            1.250214386496296,
            52.514896047739605,
            1.4256618535116772
        ],
        "time_to_first_token": [
            0.01840728521347046,
            0.059380531311035156,
            0.01117086410522461
        ],
        "max_kv_cache": 0.005568445475638062,
        "parallel_requests_nb": 2
    },
    "3": {
        "speed_generation": [
            1.2338967584729943,
            47.21721819817526,
            1.4321090486944854
        ],
        "time_to_first_token": [
            0.026729941368103027,
            0.08307301998138428,
            0.015832960605621338
        ],
        "max_kv_cache": 0.008352668213457037,
        "parallel_requests_nb": 3
    },
    "4": {
        "speed_generation": [
            1.2359190907619677,
            43.437198187688004,
            1.1615732940457377
        ],
        "time_to_first_token": [
            0.03765726089477539,
            0.11013197898864746,
            0.014201641082763672
        ],
        "max_kv_cache": 0.010672853828306295,
        "parallel_requests_nb": 4
    },
    "6": {
        "speed_generation": [
            0.7199829295172933,
            37.07522515593461,
            0.7766857803749829
        ],
        "time_to_first_token": [
            0.048099637031555176,
            0.16359448432922363,
            0.012071728706359863
        ],
        "max_kv_cache": 0.015313225058004587,
        "parallel_requests_nb": 6
    },
    "8": {
        "speed_generation": [
            1.5577293539679786,
            34.804216713720685,
            1.269505419817996
        ],
        "time_to_first_token": [
            0.03225749731063843,
            0.18135857582092285,
            0.018764078617095947
        ],
        "max_kv_cache": 0.01948955916473316,
        "parallel_requests_nb": 8
    },
    "10": {
        "speed_generation": [
            1.3503039175418365,
            31.213571104069224,
            1.2628234856573002
        ],
        "time_to_first_token": [
            0.040854036808013916,
            0.2022930383682251,
            0.02304023504257202
        ],
        "max_kv_cache": 0.024129930394431565,
        "parallel_requests_nb": 10
    },
    "14": {
        "speed_generation": [
            1.477995258020396,
            29.553123751237642,
            0.927141408323763
        ],
        "time_to_first_token": [
            0.016338884830474854,
            0.22890853881835938,
            0.021020591259002686
        ],
        "max_kv_cache": 0.03341067285382826,
        "parallel_requests_nb": 14
    },
    "18": {
        "speed_generation": [
            0.8160233940645796,
            24.069855789878687,
            0.5536719613692185
        ],
        "time_to_first_token": [
            0.011885583400726318,
            0.25569093227386475,
            0.01787722110748291
        ],
        "max_kv_cache": 0.04222737819025524,
        "parallel_requests_nb": 18
    },
    "22": {
        "speed_generation": [
            0.3900903824393005,
            22.276087930485485,
            0.4675025719416688
        ],
        "time_to_first_token": [
            0.014770746231079102,
            0.30198192596435547,
            0.012348830699920654
        ],
        "max_kv_cache": 0.051044083526682105,
        "parallel_requests_nb": 22
    },
    "26": {
        "speed_generation": [
            0.6340715625405764,
            20.51777594928121,
            0.3013997361285732
        ],
        "time_to_first_token": [
            0.011178016662597656,
            0.3301609754562378,
            0.017657220363616943
        ],
        "max_kv_cache": 0.05986078886310908,
        "parallel_requests_nb": 26
    },
    "30": {
        "speed_generation": [
            0.5009384659251275,
            19.379290260281177,
            0.36086944434426016
        ],
        "time_to_first_token": [
            0.01442950963973999,
            0.3665715456008911,
            0.01802927255630493
        ],
        "max_kv_cache": 0.06914153132250578,
        "parallel_requests_nb": 30
    },
    "34": {
        "speed_generation": [
            0.5150072712112319,
            16.63390245537466,
            0.25396253903602783
        ],
        "time_to_first_token": [
            0.014671623706817627,
            0.3978734016418457,
            0.020036816596984863
        ],
        "max_kv_cache": 0.0756380510440835,
        "parallel_requests_nb": 34
    },
    "38": {
        "speed_generation": [
            0.6064344077650397,
            15.826227968693651,
            0.3461248729012425
        ],
        "time_to_first_token": [
            0.014349102973937988,
            0.4241136312484741,
            0.024174869060516357
        ],
        "max_kv_cache": 0.08306264501160088,
        "parallel_requests_nb": 38
    }
}