{
    "1": {
        "speed_generation": [
            0.20328099403447197,
            32.06490493844208,
            0.16732861065744942
        ],
        "time_to_first_token": [
            0.002329587936401367,
            0.25405311584472656,
            0.001654982566833496
        ],
        "max_kv_cache": 0.03294663573085843,
        "parallel_requests_nb": 1
    },
    "2": {
        "speed_generation": [
            0.29703154271812693,
            21.11372091033108,
            2.6837992262365873
        ],
        "time_to_first_token": [
            0.1485440731048584,
            0.40566396713256836,
            0.08490324020385742
        ],
        "max_kv_cache": 0.06542923433874714,
        "parallel_requests_nb": 2
    },
    "3": {
        "speed_generation": [
            0.141951755670096,
            17.22439797325374,
            0.19363395679617668
        ],
        "time_to_first_token": [
            0.1537061333656311,
            0.5609029531478882,
            0.0840807557106018
        ],
        "max_kv_cache": 0.09744779582366592,
        "parallel_requests_nb": 3
    },
    "4": {
        "speed_generation": [
            0.12170531399420348,
            14.665613337584578,
            0.14958109543117004
        ],
        "time_to_first_token": [
            0.3619709014892578,
            0.7808890342712402,
            0.01732844114303589
        ],
        "max_kv_cache": 0.12993039443155452,
        "parallel_requests_nb": 4
    },
    "6": {
        "speed_generation": [
            0.07113196482725392,
            11.074285608616854,
            0.08552847067489466
        ],
        "time_to_first_token": [
            0.3777499794960022,
            1.0989069938659668,
            0.01284879446029663
        ],
        "max_kv_cache": 0.1930394431554524,
        "parallel_requests_nb": 6
    },
    "8": {
        "speed_generation": [
            0.05780658319661036,
            8.99687129368022,
            0.06261028565920057
        ],
        "time_to_first_token": [
            0.24657195806503296,
            1.4097014665603638,
            0.01580071449279785
        ],
        "max_kv_cache": 0.25568445475638046,
        "parallel_requests_nb": 8
    },
    "10": {
        "speed_generation": [
            0.06084771335512862,
            7.529757294477971,
            0.30583470309825245
        ],
        "time_to_first_token": [
            0.031235158443450928,
            1.6420894861221313,
            0.08377724885940552
        ],
        "max_kv_cache": 0.3211136890951276,
        "parallel_requests_nb": 10
    },
    "14": {
        "speed_generation": [
            0.05074807889679711,
            5.763918163444631,
            0.140303126838476
        ],
        "time_to_first_token": [
            0.026413798332214355,
            2.2742470502853394,
            0.062140703201293945
        ],
        "max_kv_cache": 0.44547563805104406,
        "parallel_requests_nb": 14
    },
    "18": {
        "speed_generation": [
            0.09337683840865374,
            4.4689434808862165,
            0.0204896084182824
        ],
        "time_to_first_token": [
            0.2455316185951233,
            2.6599509716033936,
            0.25671547651290894
        ],
        "max_kv_cache": 0.5716937354988398,
        "parallel_requests_nb": 18
    },
    "22": {
        "speed_generation": [
            0.03438260814839911,
            3.7543610501223252,
            0.014090178678477727
        ],
        "time_to_first_token": [
            0.0485992431640625,
            2.491026520729065,
            1.0930158495903015
        ],
        "max_kv_cache": 0.6993039443155453,
        "parallel_requests_nb": 22
    },
    "26": {
        "speed_generation": [
            0.032402738314467605,
            3.238223242575496,
            0.019749714383335615
        ],
        "time_to_first_token": [
            0.35379815101623535,
            2.8061940670013428,
            1.3857100009918213
        ],
        "max_kv_cache": 0.8255220417633411,
        "parallel_requests_nb": 26
    },
    "30": {
        "speed_generation": [
            0.013394364285375993,
            2.800733611898875,
            0.017145117245278563
        ],
        "time_to_first_token": [
            1.2594786286354065,
            3.7635555267333984,
            1.112797200679779
        ],
        "max_kv_cache": 0.9517401392111369,
        "parallel_requests_nb": 30
    },
    "34": {
        "speed_generation": [
            0.034237845024307045,
            2.7435249392603405,
            0.03564002927776366
        ],
        "time_to_first_token": [
            1.886383295059204,
            4.799428462982178,
            0.18193209171295166
        ],
        "max_kv_cache": 0.9995359628770302,
        "parallel_requests_nb": 34
    },
    "38": {
        "speed_generation": [
            0.06823020052229012,
            2.7125087884213075,
            0.05456825944266264
        ],
        "time_to_first_token": [
            1.288619041442871,
            4.817731976509094,
            0.29730159044265747
        ],
        "max_kv_cache": 0.9995359628770302,
        "parallel_requests_nb": 38
    }
}