{
    "1": {
        "speed_generation": [
            0.23326775944124734,
            42.03060485466088,
            0.08430015025567172
        ],
        "time_to_first_token": [
            0.0023910999298095703,
            0.7419090270996094,
            0.011862039566040039
        ],
        "max_kv_cache": 0.1294663573085847,
        "parallel_requests_nb": 1
    },
    "2": {
        "speed_generation": [
            0.21213674459455945,
            30.294831232170353,
            0.539154819754252
        ],
        "time_to_first_token": [
            0.6123145818710327,
            1.3676280975341797,
            0.09573400020599365
        ],
        "max_kv_cache": 0.25522041763341063,
        "parallel_requests_nb": 2
    },
    "3": {
        "speed_generation": [
            0.05943353599460721,
            23.738839005889325,
            0.09822243800025277
        ],
        "time_to_first_token": [
            0.6591850519180298,
            2.0294514894485474,
            0.06448763608932495
        ],
        "max_kv_cache": 0.38329466357308584,
        "parallel_requests_nb": 3
    },
    "4": {
        "speed_generation": [
            0.05717227590005436,
            20.384440934676306,
            0.06148849589179761
        ],
        "time_to_first_token": [
            0.7152998447418213,
            2.7060508728027344,
            0.0272371768951416
        ],
        "max_kv_cache": 0.5095127610208816,
        "parallel_requests_nb": 4
    },
    "6": {
        "speed_generation": [
            0.05608711036912872,
            14.248209561992836,
            0.09286613207480343
        ],
        "time_to_first_token": [
            0.7254384756088257,
            2.7513859272003174,
            1.2492495775222778
        ],
        "max_kv_cache": 0.7624129930394432,
        "parallel_requests_nb": 6
    },
    "8": {
        "speed_generation": [
            0.026066177547196645,
            11.232299894596027,
            0.7265101195131933
        ],
        "time_to_first_token": [
            1.2811391353607178,
            3.983319044113159,
            0.7117948532104492
        ],
        "max_kv_cache": 1.0,
        "parallel_requests_nb": 8
    },
    "10": {
        "speed_generation": [
            3.8216198770357925,
            11.292835579142666,
            0.704526571205589
        ],
        "time_to_first_token": [
            1.3174537420272827,
            5.298143148422241,
            1.630293369293213
        ],
        "max_kv_cache": 1.0,
        "parallel_requests_nb": 10
    },
    "14": {
        "speed_generation": [
            0.1316511650445662,
            5.9546959132615225,
            1.582751164363298
        ],
        "time_to_first_token": [
            4.767738342285156,
            13.262025952339172,
            1.3701413869857788
        ],
        "max_kv_cache": 0.9995359628770302,
        "parallel_requests_nb": 14
    },
    "18": {
        "speed_generation": [
            1.1753381001461713,
            5.654120053719684,
            0.1857917526339694
        ],
        "time_to_first_token": [
            0.6412441730499268,
            15.908478021621704,
            2.564815044403076
        ],
        "max_kv_cache": 1.0,
        "parallel_requests_nb": 18
    },
    "22": {
        "speed_generation": [
            0.093739717393309,
            3.9419214331685057,
            0.551343466454004
        ],
        "time_to_first_token": [
            4.291930317878723,
            24.068780183792114,
            1.8718668222427368
        ],
        "max_kv_cache": 1.0,
        "parallel_requests_nb": 22
    },
    "26": {
        "speed_generation": [
            0.684575609491322,
            3.817826082164154,
            0.12082881377606203
        ],
        "time_to_first_token": [
            1.2572970390319824,
            27.213545083999634,
            3.30467689037323
        ],
        "max_kv_cache": 0.9995359628770302,
        "parallel_requests_nb": 26
    },
    "30": {
        "speed_generation": [
            0.05206130553695143,
            2.963611550049242,
            0.24156113611375796
        ],
        "time_to_first_token": [
            4.267603695392609,
            35.246506452560425,
            1.3946017026901245
        ],
        "max_kv_cache": 1.0,
        "parallel_requests_nb": 30
    },
    "34": {
        "speed_generation": [
            0.43491534543925603,
            2.9106185197787244,
            0.054862458202721065
        ],
        "time_to_first_token": [
            1.304542899131775,
            37.877333879470825,
            3.722019076347351
        ],
        "max_kv_cache": 0.9995359628770302,
        "parallel_requests_nb": 34
    },
    "38": {
        "speed_generation": [
            0.03691746288323117,
            2.373257605648442,
            0.22902290081952303
        ],
        "time_to_first_token": [
            4.73269510269165,
            45.80027508735657,
            1.5353829860687256
        ],
        "max_kv_cache": 1.0,
        "parallel_requests_nb": 38
    }
}