{
    "1": {
        "speed_generation": [
            0.30224125293684523,
            42.81352092912766,
            0.07732389611958013
        ],
        "time_to_first_token": [
            0.0015164613723754883,
            0.07560944557189941,
            0.003871023654937744
        ],
        "max_kv_cache": 0.012020905923344927,
        "parallel_requests_nb": 1
    },
    "2": {
        "speed_generation": [
            0.41688914594850246,
            36.23843540009601,
            0.486315368021053
        ],
        "time_to_first_token": [
            0.014214277267456055,
            0.0979924201965332,
            0.035427749156951904
        ],
        "max_kv_cache": 0.023867595818815368,
        "parallel_requests_nb": 2
    },
    "3": {
        "speed_generation": [
            0.44968866711757016,
            34.37035349664974,
            1.2245743094721675
        ],
        "time_to_first_token": [
            0.023843467235565186,
            0.11595046520233154,
            0.03157687187194824
        ],
        "max_kv_cache": 0.0355400696864111,
        "parallel_requests_nb": 3
    },
    "4": {
        "speed_generation": [
            0.5500329128937125,
            34.01522059031416,
            0.19144384891063737
        ],
        "time_to_first_token": [
            0.022658050060272217,
            0.11280655860900879,
            0.03621631860733032
        ],
        "max_kv_cache": 0.047735191637630625,
        "parallel_requests_nb": 4
    },
    "6": {
        "speed_generation": [
            0.30937179413179194,
            32.32454639604566,
            0.08230283459931087
        ],
        "time_to_first_token": [
            0.04040789604187012,
            0.1440410614013672,
            0.01691889762878418
        ],
        "max_kv_cache": 0.0714285714285714,
        "parallel_requests_nb": 6
    },
    "8": {
        "speed_generation": [
            0.039122038863304454,
            31.959159350884068,
            0.06788250565394449
        ],
        "time_to_first_token": [
            0.051286935806274414,
            0.1580028533935547,
            0.011809349060058594
        ],
        "max_kv_cache": 0.09459930313588849,
        "parallel_requests_nb": 8
    },
    "10": {
        "speed_generation": [
            0.054301565311231315,
            31.232299548466226,
            0.06886436819736375
        ],
        "time_to_first_token": [
            0.017256975173950195,
            0.1944749355316162,
            0.006278514862060547
        ],
        "max_kv_cache": 0.11864111498257834,
        "parallel_requests_nb": 10
    },
    "14": {
        "speed_generation": [
            0.2188399785815811,
            29.73321842124186,
            0.055758851918898955
        ],
        "time_to_first_token": [
            0.044712066650390625,
            0.21657299995422363,
            0.008584976196289062
        ],
        "max_kv_cache": 0.16515679442508713,
        "parallel_requests_nb": 14
    },
    "18": {
        "speed_generation": [
            0.11470635128715045,
            27.21043460387264,
            0.15765411355959458
        ],
        "time_to_first_token": [
            0.029099225997924805,
            0.2698187828063965,
            0.01331329345703125
        ],
        "max_kv_cache": 0.21236933797909407,
        "parallel_requests_nb": 18
    },
    "22": {
        "speed_generation": [
            0.023358434044588705,
            25.84845799714259,
            0.02623978553124573
        ],
        "time_to_first_token": [
            0.03744637966156006,
            0.31278085708618164,
            0.017415761947631836
        ],
        "max_kv_cache": 0.2601045296167247,
        "parallel_requests_nb": 22
    },
    "26": {
        "speed_generation": [
            0.06605540477129423,
            24.08366586802118,
            0.05271944872234968
        ],
        "time_to_first_token": [
            0.029544591903686523,
            0.3479580879211426,
            0.012462377548217773
        ],
        "max_kv_cache": 0.3059233449477352,
        "parallel_requests_nb": 26
    }
}