{
    "1": {
        "speed_generation": [
            0.5850538215064418,
            26.68136694810938,
            0.2365474721218419
        ],
        "time_to_first_token": [
            0.002159714698791504,
            0.2252734899520874,
            0.0052283406257629395
        ],
        "max_kv_cache": 0.011672473867595845,
        "parallel_requests_nb": 1
    },
    "2": {
        "speed_generation": [
            0.21219432545356653,
            18.532892505746922,
            0.14440721919589095
        ],
        "time_to_first_token": [
            0.0068700313568115234,
            0.42658400535583496,
            0.005102872848510742
        ],
        "max_kv_cache": 0.022996515679442497,
        "parallel_requests_nb": 2
    },
    "3": {
        "speed_generation": [
            0.14407549690353783,
            14.691500414854188,
            0.12949106690376588
        ],
        "time_to_first_token": [
            0.1930145025253296,
            0.6296520233154297,
            0.008903026580810547
        ],
        "max_kv_cache": 0.03432055749128915,
        "parallel_requests_nb": 3
    },
    "4": {
        "speed_generation": [
            0.09453615448134478,
            12.196925799233858,
            0.10961137306076196
        ],
        "time_to_first_token": [
            0.19789385795593262,
            0.835960865020752,
            0.010848283767700195
        ],
        "max_kv_cache": 0.04564459930313591,
        "parallel_requests_nb": 4
    },
    "6": {
        "speed_generation": [
            0.0587286989802962,
            9.227802847029913,
            0.05562874462282785
        ],
        "time_to_first_token": [
            0.201069176197052,
            1.2408384084701538,
            0.01054471731185913
        ],
        "max_kv_cache": 0.06829268292682922,
        "parallel_requests_nb": 6
    },
    "8": {
        "speed_generation": [
            0.07344165963843174,
            7.4309889888070035,
            0.05838173870672314
        ],
        "time_to_first_token": [
            0.19840753078460693,
            1.6414251327514648,
            0.015798747539520264
        ],
        "max_kv_cache": 0.09024390243902436,
        "parallel_requests_nb": 8
    },
    "10": {
        "speed_generation": [
            0.06653292395624533,
            6.1968101902173185,
            0.048005188459367965
        ],
        "time_to_first_token": [
            0.21239125728607178,
            1.6621384620666504,
            0.3931909203529358
        ],
        "max_kv_cache": 0.11289198606271778,
        "parallel_requests_nb": 10
    },
    "14": {
        "speed_generation": [
            0.03275327089594526,
            4.639705747387939,
            0.025977883527361634
        ],
        "time_to_first_token": [
            0.6099292039871216,
            2.274617075920105,
            0.5915977954864502
        ],
        "max_kv_cache": 0.15801393728223,
        "parallel_requests_nb": 14
    },
    "18": {
        "speed_generation": [
            0.01633878792555077,
            3.6753604498266856,
            0.020794854349427183
        ],
        "time_to_first_token": [
            1.1799728870391846,
            2.878287434577942,
            0.4362620711326599
        ],
        "max_kv_cache": 0.20313588850174213,
        "parallel_requests_nb": 18
    },
    "22": {
        "speed_generation": [
            0.015562732350406616,
            3.0888711487646883,
            0.023349372139227942
        ],
        "time_to_first_token": [
            1.0114319324493408,
            3.0749309062957764,
            1.1090011596679688
        ],
        "max_kv_cache": 0.24843205574912897,
        "parallel_requests_nb": 22
    },
    "26": {
        "speed_generation": [
            0.011640893293054067,
            2.653025669915998,
            0.023839609942731155
        ],
        "time_to_first_token": [
            1.2123154997825623,
            3.28427255153656,
            1.555749535560608
        ],
        "max_kv_cache": 0.29250871080139373,
        "parallel_requests_nb": 26
    },
    "30": {
        "speed_generation": [
            0.00969052188159214,
            2.333609098663273,
            0.007184412220932135
        ],
        "time_to_first_token": [
            1.406275749206543,
            3.6888375282287598,
            1.5874750018119812
        ],
        "max_kv_cache": 0.3371080139372822,
        "parallel_requests_nb": 30
    },
    "34": {
        "speed_generation": [
            0.008796155706840114,
            2.0126871322823985,
            0.009331946584465012
        ],
        "time_to_first_token": [
            1.6135033965110779,
            4.102252960205078,
            1.9865530133247375
        ],
        "max_kv_cache": 0.38153310104529614,
        "parallel_requests_nb": 34
    },
    "38": {
        "speed_generation": [
            0.012492491576941323,
            1.8231585095481746,
            0.007998419031946202
        ],
        "time_to_first_token": [
            1.972176730632782,
            4.837996959686279,
            1.6394093036651611
        ],
        "max_kv_cache": 0.4266550522648084,
        "parallel_requests_nb": 38
    }
}