{
    "1": {
        "speed_generation": [
            0.09356087750422937,
            12.077887948201884,
            0.15790381628348982
        ],
        "time_to_first_token": [
            0.010328292846679688,
            0.9299042224884033,
            0.008500814437866211
        ],
        "max_kv_cache": 0.04442508710801396,
        "parallel_requests_nb": 1
    },
    "2": {
        "speed_generation": [
            0.07470119300174982,
            7.007383511893593,
            0.07337778359428881
        ],
        "time_to_first_token": [
            0.02443981170654297,
            1.793747901916504,
            0.02362513542175293
        ],
        "max_kv_cache": 0.08815331010452965,
        "parallel_requests_nb": 2
    },
    "3": {
        "speed_generation": [
            0.024509051425378736,
            5.008283771931487,
            0.029794508877123427
        ],
        "time_to_first_token": [
            0.022777676582336426,
            1.8202379941940308,
            0.8694204688072205
        ],
        "max_kv_cache": 0.13222996515679442,
        "parallel_requests_nb": 3
    },
    "4": {
        "speed_generation": [
            0.017967875189754956,
            3.917508975514658,
            0.019322782765998525
        ],
        "time_to_first_token": [
            0.8725647926330566,
            2.6856038570404053,
            0.8883800506591797
        ],
        "max_kv_cache": 0.17560975609756102,
        "parallel_requests_nb": 4
    },
    "6": {
        "speed_generation": [
            0.013570442154620999,
            2.7009785427348243,
            0.013956941967442571
        ],
        "time_to_first_token": [
            1.7479689121246338,
            3.579659938812256,
            1.716271162033081
        ],
        "max_kv_cache": 0.2634146341463415,
        "parallel_requests_nb": 6
    },
    "8": {
        "speed_generation": [
            0.007453705711199188,
            2.0599127682313654,
            0.0072508885989965854
        ],
        "time_to_first_token": [
            1.766860008239746,
            4.467194080352783,
            1.7515380382537842
        ],
        "max_kv_cache": 0.3496515679442509,
        "parallel_requests_nb": 8
    },
    "10": {
        "speed_generation": [
            0.006439434290731683,
            1.6654906116831862,
            0.005990617957041922
        ],
        "time_to_first_token": [
            1.791351079940796,
            5.354964017868042,
            1.8059794902801514
        ],
        "max_kv_cache": 0.4360627177700348,
        "parallel_requests_nb": 10
    },
    "14": {
        "speed_generation": [
            0.004509158263228619,
            1.2086517444367355,
            0.003173953254241413
        ],
        "time_to_first_token": [
            3.481445074081421,
            7.125658988952637,
            3.4801430702209473
        ],
        "max_kv_cache": 0.6111498257839721,
        "parallel_requests_nb": 14
    },
    "18": {
        "speed_generation": [
            0.001784877768291948,
            0.9432728642228144,
            0.003772928020328803
        ],
        "time_to_first_token": [
            3.548609733581543,
            8.911084175109863,
            3.551697254180908
        ],
        "max_kv_cache": 0.7860627177700348,
        "parallel_requests_nb": 18
    },
    "22": {
        "speed_generation": [
            0.0029665074601754604,
            0.7748403072816282,
            0.0022921793169230487
        ],
        "time_to_first_token": [
            5.218600749969482,
            10.69828486442566,
            5.248065233230591
        ],
        "max_kv_cache": 0.9573170731707317,
        "parallel_requests_nb": 22
    },
    "26": {
        "speed_generation": [
            0.027164423538858173,
            0.7780566998336349,
            0.0016599399925043556
        ],
        "time_to_first_token": [
            5.260300397872925,
            14.089295983314514,
            5.2412914633750916
        ],
        "max_kv_cache": 0.9926829268292683,
        "parallel_requests_nb": 26
    },
    "30": {
        "speed_generation": [
            0.3884725903593123,
            0.7793031871090318,
            0.0019692409465622562
        ],
        "time_to_first_token": [
            5.234170198440552,
            17.558030128479004,
            6.372469902038574
        ],
        "max_kv_cache": 0.9573170731707317,
        "parallel_requests_nb": 30
    },
    "34": {
        "speed_generation": [
            0.0015025571746931088,
            0.3909113409604372,
            0.3883610332211155
        ],
        "time_to_first_token": [
            6.377592086791992,
            22.23605704307556,
            5.226542949676514
        ],
        "max_kv_cache": 0.9588850174216028,
        "parallel_requests_nb": 34
    },
    "38": {
        "speed_generation": [
            0.0014378217882716204,
            0.39106433804297136,
            0.3786092875192778
        ],
        "time_to_first_token": [
            6.344382047653198,
            25.69069194793701,
            4.786690950393677
        ],
        "max_kv_cache": 0.9921602787456446,
        "parallel_requests_nb": 38
    }
}