{
    "1": {
        "speed_generation": [
            0.06488883759331543,
            60.413337851594726,
            0.06407126969523347
        ],
        "time_to_first_token": [
            0.0017337203025817871,
            0.25711143016815186,
            0.0011529922485351562
        ],
        "max_kv_cache": 0.06218097447795823,
        "parallel_requests_nb": 1
    },
    "2": {
        "speed_generation": [
            0.12014692306573949,
            54.11674595230554,
            0.18277721958722282
        ],
        "time_to_first_token": [
            0.14993423223495483,
            0.4072929620742798,
            0.08555430173873901
        ],
        "max_kv_cache": 0.1234338747099768,
        "parallel_requests_nb": 2
    },
    "3": {
        "speed_generation": [
            0.12158116849382594,
            50.080333734623366,
            0.08348052637062864
        ],
        "time_to_first_token": [
            0.23335134983062744,
            0.6386419534683228,
            0.014749526977539062
        ],
        "max_kv_cache": 0.18422273781902554,
        "parallel_requests_nb": 3
    },
    "4": {
        "speed_generation": [
            0.04310222642419603,
            47.47670129190781,
            0.06184679827652673
        ],
        "time_to_first_token": [
            0.381763219833374,
            0.7926030158996582,
            0.010634899139404297
        ],
        "max_kv_cache": 0.24501160092807428,
        "parallel_requests_nb": 4
    },
    "6": {
        "speed_generation": [
            0.04162275346522648,
            39.26734508294995,
            0.0980957710734387
        ],
        "time_to_first_token": [
            0.5405840873718262,
            1.1032071113586426,
            0.01013028621673584
        ],
        "max_kv_cache": 0.36798143851508125,
        "parallel_requests_nb": 6
    },
    "8": {
        "speed_generation": [
            0.07922144823713495,
            36.59956467575363,
            0.10373517685094669
        ],
        "time_to_first_token": [
            0.07753491401672363,
            1.4165980815887451,
            0.013025760650634766
        ],
        "max_kv_cache": 0.4890951276102088,
        "parallel_requests_nb": 8
    },
    "10": {
        "speed_generation": [
            0.10252414894590345,
            31.893820437983088,
            0.06474572850441973
        ],
        "time_to_first_token": [
            0.08153152465820312,
            1.706252098083496,
            0.0174638032913208
        ],
        "max_kv_cache": 0.6102088167053364,
        "parallel_requests_nb": 10
    },
    "14": {
        "speed_generation": [
            0.026901714762580298,
            27.237368152615403,
            0.029756134261965883
        ],
        "time_to_first_token": [
            1.2721738815307617,
            2.324643850326538,
            0.012329578399658203
        ],
        "max_kv_cache": 0.8533642691415313,
        "parallel_requests_nb": 14
    },
    "18": {
        "speed_generation": [
            0.019076300117987444,
            20.19726570861708,
            0.1548340287445562
        ],
        "time_to_first_token": [
            0.0957716703414917,
            2.950972080230713,
            0.03434038162231445
        ],
        "max_kv_cache": 1.0,
        "parallel_requests_nb": 18
    },
    "22": {
        "speed_generation": [
            1.06744906649077,
            18.381838332888673,
            0.4459865302196562
        ],
        "time_to_first_token": [
            0.17941761016845703,
            3.663926601409912,
            0.12711352109909058
        ],
        "max_kv_cache": 1.0,
        "parallel_requests_nb": 22
    },
    "26": {
        "speed_generation": [
            4.119120934012326,
            16.863973171103005,
            0.8233566848569538
        ],
        "time_to_first_token": [
            0.09328103065490723,
            4.249476909637451,
            0.47885727882385254
        ],
        "max_kv_cache": 1.0,
        "parallel_requests_nb": 26
    },
    "30": {
        "speed_generation": [
            3.157282946023008,
            13.739753811679856,
            3.232208159297196
        ],
        "time_to_first_token": [
            0.9261016845703125,
            4.711888790130615,
            10.71644115447998
        ],
        "max_kv_cache": 1.0,
        "parallel_requests_nb": 30
    },
    "34": {
        "speed_generation": [
            2.0068060052001577,
            11.280283905187543,
            3.500814299607395
        ],
        "time_to_first_token": [
            4.06591796875,
            7.648519992828369,
            33.25373601913452
        ],
        "max_kv_cache": 1.0,
        "parallel_requests_nb": 34
    },
    "38": {
        "speed_generation": [
            0.9704279105949869,
            9.748908948051666,
            2.2844144723999698
        ],
        "time_to_first_token": [
            22.349842071533203,
            27.39091396331787,
            33.14792799949646
        ],
        "max_kv_cache": 1.0,
        "parallel_requests_nb": 38
    }
}