{
    "1": {
        "speed_generation": [
            0.10131341587455722,
            55.50457753448093,
            0.08830149541802257
        ],
        "time_to_first_token": [
            0.0014371275901794434,
            0.25686705112457275,
            0.0013504624366760254
        ],
        "max_kv_cache": 0.036658932714617176,
        "parallel_requests_nb": 1
    },
    "2": {
        "speed_generation": [
            0.13874982925705126,
            47.334006102176815,
            1.5050568995662132
        ],
        "time_to_first_token": [
            0.14756345748901367,
            0.4058229923248291,
            0.09020400047302246
        ],
        "max_kv_cache": 0.07192575406032486,
        "parallel_requests_nb": 2
    },
    "3": {
        "speed_generation": [
            0.13448641442608533,
            42.995148068208785,
            0.14399892869700892
        ],
        "time_to_first_token": [
            0.22224915027618408,
            0.6305351257324219,
            0.019478797912597656
        ],
        "max_kv_cache": 0.10672853828306261,
        "parallel_requests_nb": 3
    },
    "4": {
        "speed_generation": [
            0.12320599500635865,
            39.74569020179749,
            0.15309205022695238
        ],
        "time_to_first_token": [
            0.37726902961730957,
            0.790647029876709,
            0.010484933853149414
        ],
        "max_kv_cache": 0.14245939675174013,
        "parallel_requests_nb": 4
    },
    "6": {
        "speed_generation": [
            0.10534376521722066,
            32.8714978692066,
            0.08472715254697505
        ],
        "time_to_first_token": [
            0.5267260074615479,
            1.1015949249267578,
            0.012053966522216797
        ],
        "max_kv_cache": 0.2116009280742459,
        "parallel_requests_nb": 6
    },
    "8": {
        "speed_generation": [
            0.10824226950171933,
            29.14733650357426,
            0.13014254545216986
        ],
        "time_to_first_token": [
            0.5275859832763672,
            1.406451940536499,
            0.01844024658203125
        ],
        "max_kv_cache": 0.28306264501160094,
        "parallel_requests_nb": 8
    },
    "10": {
        "speed_generation": [
            0.07487887775058155,
            25.082572199463645,
            0.06022178695710778
        ],
        "time_to_first_token": [
            0.6534359455108643,
            1.7100789546966553,
            0.011455059051513672
        ],
        "max_kv_cache": 0.3522041763341067,
        "parallel_requests_nb": 10
    },
    "14": {
        "speed_generation": [
            0.0644588405630806,
            20.7216076979096,
            0.05703294697297778
        ],
        "time_to_first_token": [
            0.0599970817565918,
            2.327000141143799,
            0.017047882080078125
        ],
        "max_kv_cache": 0.4904872389791183,
        "parallel_requests_nb": 14
    },
    "18": {
        "speed_generation": [
            0.12071112852007637,
            15.815744750863484,
            0.05685601796902162
        ],
        "time_to_first_token": [
            1.3657050132751465,
            2.8706729412078857,
            0.07268404960632324
        ],
        "max_kv_cache": 0.6301624129930394,
        "parallel_requests_nb": 18
    },
    "22": {
        "speed_generation": [
            0.06252368963999544,
            13.926220184821771,
            0.06983197945818631
        ],
        "time_to_first_token": [
            0.6170430183410645,
            3.2238409519195557,
            0.3121960163116455
        ],
        "max_kv_cache": 0.7693735498839908,
        "parallel_requests_nb": 22
    },
    "26": {
        "speed_generation": [
            0.03227506847252748,
            12.281552540979064,
            0.03922679317536293
        ],
        "time_to_first_token": [
            0.6137871742248535,
            3.265493154525757,
            0.9008989334106445
        ],
        "max_kv_cache": 0.9095127610208816,
        "parallel_requests_nb": 26
    },
    "30": {
        "speed_generation": [
            0.08895375709608722,
            10.834547138110908,
            0.17110266998395396
        ],
        "time_to_first_token": [
            0.020322084426879883,
            2.790127992630005,
            2.04762601852417
        ],
        "max_kv_cache": 1.0,
        "parallel_requests_nb": 30
    },
    "34": {
        "speed_generation": [
            0.16131875939855433,
            10.596385226966284,
            0.20007876687022375
        ],
        "time_to_first_token": [
            0.03571891784667969,
            3.423496961593628,
            1.580621600151062
        ],
        "max_kv_cache": 1.0,
        "parallel_requests_nb": 34
    },
    "38": {
        "speed_generation": [
            3.7921752699266857,
            10.594478241963001,
            0.08854992668358896
        ],
        "time_to_first_token": [
            0.1965760588645935,
            4.17139196395874,
            1.5819551944732666
        ],
        "max_kv_cache": 1.0,
        "parallel_requests_nb": 38
    }
}