{
    "1": {
        "speed_generation": [
            0.10641121822263244,
            51.94393678644347,
            0.10804392301361077
        ],
        "time_to_first_token": [
            0.002027571201324463,
            0.7420134544372559,
            0.0036827921867370605
        ],
        "max_kv_cache": 0.15359628770301625,
        "parallel_requests_nb": 1
    },
    "2": {
        "speed_generation": [
            0.21141146583816095,
            41.40584166032096,
            0.10914788950078957
        ],
        "time_to_first_token": [
            0.5595129728317261,
            1.3714895248413086,
            0.03120112419128418
        ],
        "max_kv_cache": 0.3071925754060325,
        "parallel_requests_nb": 2
    },
    "3": {
        "speed_generation": [
            0.07930595039925237,
            35.175540345266846,
            0.0771841513153646
        ],
        "time_to_first_token": [
            0.6430034041404724,
            2.0174680948257446,
            0.06858265399932861
        ],
        "max_kv_cache": 0.46032482598607893,
        "parallel_requests_nb": 3
    },
    "4": {
        "speed_generation": [
            0.15050640058818132,
            31.358052263712132,
            0.130443990020904
        ],
        "time_to_first_token": [
            0.6703479886054993,
            2.676944136619568,
            0.06218862533569336
        ],
        "max_kv_cache": 0.6125290023201856,
        "parallel_requests_nb": 4
    },
    "6": {
        "speed_generation": [
            0.07064134913298403,
            22.276908669786188,
            0.01703712397528534
        ],
        "time_to_first_token": [
            0.6959314942359924,
            2.735306978225708,
            1.275705337524414
        ],
        "max_kv_cache": 0.9146171693735499,
        "parallel_requests_nb": 6
    },
    "8": {
        "speed_generation": [
            3.4470186920450843,
            20.633492585740164,
            0.33918844390049685
        ],
        "time_to_first_token": [
            0.7386965155601501,
            4.086848020553589,
            1.2621996402740479
        ],
        "max_kv_cache": 1.0,
        "parallel_requests_nb": 8
    },
    "10": {
        "speed_generation": [
            5.262583759180963,
            15.828213393079698,
            4.836156180076335
        ],
        "time_to_first_token": [
            1.3478751182556152,
            5.397950172424316,
            44.740896701812744
        ],
        "max_kv_cache": 1.0,
        "parallel_requests_nb": 10
    },
    "14": {
        "speed_generation": [
            0.14965329669977834,
            10.421203797332145,
            0.10047718558074159
        ],
        "time_to_first_token": [
            1.4868402481079102,
            52.62472605705261,
            1.6007368564605713
        ],
        "max_kv_cache": 1.0,
        "parallel_requests_nb": 14
    },
    "18": {
        "speed_generation": [
            1.0368438388832093,
            8.02020735667347,
            2.379511095743176
        ],
        "time_to_first_token": [
            20.308927059173584,
            73.96675992012024,
            26.365740060806274
        ],
        "max_kv_cache": 1.0,
        "parallel_requests_nb": 18
    },
    "22": {
        "speed_generation": [
            0.6230847738004792,
            6.916464885654433,
            0.10465935653387781
        ],
        "time_to_first_token": [
            1.9588019847869873,
            102.46291208267212,
            2.2969119548797607
        ],
        "max_kv_cache": 0.9995359628770302,
        "parallel_requests_nb": 22
    }
}