{
    "1": {
        "speed_generation": [
            0.1988662027346173,
            15.74995288546321,
            0.04961359026034806
        ],
        "time_to_first_token": [
            0.002357006072998047,
            0.7375349998474121,
            0.012597084045410156
        ],
        "max_kv_cache": 0.12668213457076571,
        "parallel_requests_nb": 1
    },
    "2": {
        "speed_generation": [
            0.07408798103314496,
            8.910327737253608,
            0.4738815217099255
        ],
        "time_to_first_token": [
            0.6171760559082031,
            1.3675639629364014,
            0.0891580581665039
        ],
        "max_kv_cache": 0.25058004640371234,
        "parallel_requests_nb": 2
    },
    "3": {
        "speed_generation": [
            0.02664130404623588,
            6.4208802792206905,
            0.04357434476981492
        ],
        "time_to_first_token": [
            0.6501799821853638,
            2.012687921524048,
            0.07949364185333252
        ],
        "max_kv_cache": 0.37401392111368914,
        "parallel_requests_nb": 3
    },
    "4": {
        "speed_generation": [
            0.02378428874332794,
            5.072974587603121,
            0.02119428554931968
        ],
        "time_to_first_token": [
            1.3127987384796143,
            2.6966209411621094,
            0.03321504592895508
        ],
        "max_kv_cache": 0.4955916473317865,
        "parallel_requests_nb": 4
    },
    "6": {
        "speed_generation": [
            0.01913704211005829,
            3.4405050424938532,
            0.0383404609742688
        ],
        "time_to_first_token": [
            1.3176441192626953,
            3.341676950454712,
            0.6575398445129395
        ],
        "max_kv_cache": 0.7392111368909513,
        "parallel_requests_nb": 6
    },
    "8": {
        "speed_generation": [
            0.02114761357664241,
            2.6659095583115717,
            0.011347486173217458
        ],
        "time_to_first_token": [
            1.9284608364105225,
            3.9833009243011475,
            0.7542901039123535
        ],
        "max_kv_cache": 0.9870069605568446,
        "parallel_requests_nb": 8
    },
    "10": {
        "speed_generation": [
            0.06479235029118735,
            2.6891831496962686,
            0.00884360693241204
        ],
        "time_to_first_token": [
            1.9643800258636475,
            5.302875995635986,
            0.1601870059967041
        ],
        "max_kv_cache": 0.9874709976798144,
        "parallel_requests_nb": 10
    },
    "14": {
        "speed_generation": [
            0.002640444008277232,
            1.3463948078798915,
            1.2722696124177508
        ],
        "time_to_first_token": [
            2.5078861713409424,
            7.944474220275879,
            1.957082748413086
        ],
        "max_kv_cache": 0.9874709976798144,
        "parallel_requests_nb": 14
    },
    "18": {
        "speed_generation": [
            0.024098264141895198,
            1.3445722859386053,
            0.0056774350131101325
        ],
        "time_to_first_token": [
            0.11834383010864258,
            9.987590789794922,
            1.4763503074645996
        ],
        "max_kv_cache": 0.991647331786543,
        "parallel_requests_nb": 18
    },
    "22": {
        "speed_generation": [
            0.002434842704891582,
            0.8980226800932273,
            0.42303745366859
        ],
        "time_to_first_token": [
            2.498213768005371,
            13.8955237865448,
            1.9465031623840332
        ],
        "max_kv_cache": 0.9911832946635731,
        "parallel_requests_nb": 22
    },
    "26": {
        "speed_generation": [
            0.010352883172325855,
            0.8951399493836542,
            0.002906008170209806
        ],
        "time_to_first_token": [
            0.23592185974121094,
            16.07675790786743,
            1.372460126876831
        ],
        "max_kv_cache": 0.9865429234338747,
        "parallel_requests_nb": 26
    },
    "30": {
        "speed_generation": [
            0.0015923868888901849,
            0.673318320150813,
            0.218011181467759
        ],
        "time_to_first_token": [
            2.561645269393921,
            19.844061136245728,
            1.9355838298797607
        ],
        "max_kv_cache": 0.9888631090487239,
        "parallel_requests_nb": 30
    },
    "34": {
        "speed_generation": [
            0.004981162246969539,
            0.6710562682456198,
            0.0021842571781975906
        ],
        "time_to_first_token": [
            0.19617390632629395,
            21.969830989837646,
            1.3698759078979492
        ],
        "max_kv_cache": 0.9911832946635731,
        "parallel_requests_nb": 34
    },
    "38": {
        "speed_generation": [
            0.0019281041153150769,
            0.5388382449178427,
            0.1309444193542264
        ],
        "time_to_first_token": [
            2.572934865951538,
            25.823168992996216,
            1.8832998275756836
        ],
        "max_kv_cache": 0.991647331786543,
        "parallel_requests_nb": 38
    }
}