{
    "1": {
        "speed_generation": [
            0.4532609143062416,
            54.29739391448733,
            0.2952140753406951
        ],
        "time_to_first_token": [
            0.0011516213417053223,
            0.10117793083190918,
            0.0028280019760131836
        ],
        "max_kv_cache": 0.0023817987913259397,
        "parallel_requests_nb": 1
    },
    "2": {
        "speed_generation": [
            0.8047700759202243,
            43.43400766190977,
            0.5680394323465947
        ],
        "time_to_first_token": [
            0.007362842559814453,
            0.14049553871154785,
            0.036373794078826904
        ],
        "max_kv_cache": 0.004692499111269122,
        "parallel_requests_nb": 2
    },
    "3": {
        "speed_generation": [
            0.7776768860530652,
            35.816895796264404,
            0.5228904458797885
        ],
        "time_to_first_token": [
            0.0356745719909668,
            0.17593443393707275,
            0.031352698802948
        ],
        "max_kv_cache": 0.007074297902595061,
        "parallel_requests_nb": 3
    },
    "4": {
        "speed_generation": [
            0.7659208853118251,
            31.231888289786347,
            0.4806366574352978
        ],
        "time_to_first_token": [
            0.037978947162628174,
            0.1820695400238037,
            0.02818197011947632
        ],
        "max_kv_cache": 0.009313899751155374,
        "parallel_requests_nb": 4
    },
    "6": {
        "speed_generation": [
            0.5192646981052675,
            24.92157852395453,
            0.3791919355938269
        ],
        "time_to_first_token": [
            0.03167694807052612,
            0.18955206871032715,
            0.023022353649139404
        ],
        "max_kv_cache": 0.013828652683967269,
        "parallel_requests_nb": 6
    },
    "8": {
        "speed_generation": [
            0.6644229478012953,
            20.629426098521385,
            0.6809437818184527
        ],
        "time_to_first_token": [
            0.030886948108673096,
            0.19931650161743164,
            0.028353512287139893
        ],
        "max_kv_cache": 0.018414504088162142,
        "parallel_requests_nb": 8
    },
    "10": {
        "speed_generation": [
            0.12643908146197802,
            17.683047807402517,
            0.13462685160904897
        ],
        "time_to_first_token": [
            0.009620070457458496,
            0.19852852821350098,
            0.016713380813598633
        ],
        "max_kv_cache": 0.022893707785282658,
        "parallel_requests_nb": 10
    },
    "14": {
        "speed_generation": [
            0.06367781523884375,
            12.60284497633697,
            0.06251994528757976
        ],
        "time_to_first_token": [
            0.008886158466339111,
            0.5613336563110352,
            0.01387631893157959
        ],
        "max_kv_cache": 0.02271596160682543,
        "parallel_requests_nb": 14
    },
    "18": {
        "speed_generation": [
            0.04421479937155759,
            9.780217408720816,
            0.051652934470945766
        ],
        "time_to_first_token": [
            0.01092529296875,
            0.9271514415740967,
            0.017080843448638916
        ],
        "max_kv_cache": 0.0227870600782083,
        "parallel_requests_nb": 18
    },
    "22": {
        "speed_generation": [
            0.03014642465570283,
            7.991694498943385,
            0.0367869384213968
        ],
        "time_to_first_token": [
            0.010799050331115723,
            1.293578028678894,
            0.016333460807800293
        ],
        "max_kv_cache": 0.02275151084251692,
        "parallel_requests_nb": 22
    },
    "26": {
        "speed_generation": [
            0.024840895665797724,
            6.760640999773719,
            0.06275832550230742
        ],
        "time_to_first_token": [
            0.012675225734710693,
            1.6582180261611938,
            0.015551149845123291
        ],
        "max_kv_cache": 0.02271596160682543,
        "parallel_requests_nb": 26
    },
    "30": {
        "speed_generation": [
            0.018239686119342124,
            5.852921554309379,
            0.06763794318957128
        ],
        "time_to_first_token": [
            0.01518547534942627,
            2.0240010023117065,
            0.01792323589324951
        ],
        "max_kv_cache": 0.02268041237113405,
        "parallel_requests_nb": 30
    },
    "34": {
        "speed_generation": [
            0.0145148889784954,
            5.159417950109894,
            0.06129118436866143
        ],
        "time_to_first_token": [
            0.01911240816116333,
            2.3899810314178467,
            0.01695936918258667
        ],
        "max_kv_cache": 0.0227870600782083,
        "parallel_requests_nb": 34
    },
    "38": {
        "speed_generation": [
            0.014838092918107115,
            4.61769655688547,
            0.05121751365404403
        ],
        "time_to_first_token": [
            0.024548709392547607,
            2.7553035020828247,
            0.019865453243255615
        ],
        "max_kv_cache": 0.02271596160682543,
        "parallel_requests_nb": 38
    }
}