{
    "1": {
        "speed_generation": [
            0.28810819382908903,
            27.60319691809621,
            0.23547543248330527
        ],
        "time_to_first_token": [
            0.0029608607292175293,
            0.3810628652572632,
            0.008234083652496338
        ],
        "max_kv_cache": 0.009065055101315278,
        "parallel_requests_nb": 1
    },
    "2": {
        "speed_generation": [
            0.17158401986940675,
            18.11725417582059,
            0.1940896426758627
        ],
        "time_to_first_token": [
            0.014121711254119873,
            0.455053448677063,
            0.03165435791015625
        ],
        "max_kv_cache": 0.018059011731247798,
        "parallel_requests_nb": 2
    },
    "3": {
        "speed_generation": [
            0.0982848257296478,
            13.702865154051112,
            0.09804363119808102
        ],
        "time_to_first_token": [
            0.029899001121520996,
            0.4855480194091797,
            0.04160451889038086
        ],
        "max_kv_cache": 0.02687522218272309,
        "parallel_requests_nb": 3
    },
    "4": {
        "speed_generation": [
            0.05011188408587586,
            10.615387146290136,
            0.04700792360931416
        ],
        "time_to_first_token": [
            0.012124300003051758,
            0.7634727954864502,
            0.010498642921447754
        ],
        "max_kv_cache": 0.03583362957696412,
        "parallel_requests_nb": 4
    },
    "6": {
        "speed_generation": [
            0.03130334065985618,
            7.016001794019204,
            0.11787235948462982
        ],
        "time_to_first_token": [
            0.02035653591156006,
            1.5261220932006836,
            0.012841343879699707
        ],
        "max_kv_cache": 0.03576253110558125,
        "parallel_requests_nb": 6
    },
    "8": {
        "speed_generation": [
            0.021514460442940475,
            5.290084915537726,
            0.011943352010794328
        ],
        "time_to_first_token": [
            0.012828350067138672,
            2.2830657958984375,
            0.01386415958404541
        ],
        "max_kv_cache": 0.03576253110558125,
        "parallel_requests_nb": 8
    },
    "10": {
        "speed_generation": [
            0.009617529746646092,
            4.20998778323798,
            0.03943091171362223
        ],
        "time_to_first_token": [
            0.0200270414352417,
            3.047929048538208,
            0.015503406524658203
        ],
        "max_kv_cache": 0.0358691788126555,
        "parallel_requests_nb": 10
    },
    "14": {
        "speed_generation": [
            0.005178685520930593,
            3.0083200666458847,
            0.01653451301703157
        ],
        "time_to_first_token": [
            0.02078413963317871,
            4.569385051727295,
            0.013208389282226562
        ],
        "max_kv_cache": 0.03579808034127263,
        "parallel_requests_nb": 14
    },
    "18": {
        "speed_generation": [
            0.0037784021039284355,
            2.3407294800597587,
            0.006779854288743614
        ],
        "time_to_first_token": [
            0.018200993537902832,
            6.08604097366333,
            0.016349077224731445
        ],
        "max_kv_cache": 0.03594027728403837,
        "parallel_requests_nb": 18
    },
    "22": {
        "speed_generation": [
            0.0035184435992832164,
            1.9148259255098705,
            0.00404009517672721
        ],
        "time_to_first_token": [
            0.021999478340148926,
            7.610460042953491,
            0.017020463943481445
        ],
        "max_kv_cache": 0.03579808034127263,
        "parallel_requests_nb": 22
    },
    "26": {
        "speed_generation": [
            0.005465934802715067,
            1.6206768344691356,
            0.002515181946631362
        ],
        "time_to_first_token": [
            0.019586503505706787,
            9.12874948978424,
            0.023781001567840576
        ],
        "max_kv_cache": 0.03579808034127263,
        "parallel_requests_nb": 26
    },
    "30": {
        "speed_generation": [
            0.0034218385595630174,
            1.403299872371008,
            0.002576263563746295
        ],
        "time_to_first_token": [
            0.02223747968673706,
            10.656649470329285,
            0.025126636028289795
        ],
        "max_kv_cache": 0.03579808034127263,
        "parallel_requests_nb": 30
    },
    "34": {
        "speed_generation": [
            0.0031885136086169386,
            1.2387430183762884,
            0.0015287059007074166
        ],
        "time_to_first_token": [
            0.02200108766555786,
            12.174780011177063,
            0.02776515483856201
        ],
        "max_kv_cache": 0.03579808034127263,
        "parallel_requests_nb": 34
    },
    "38": {
        "speed_generation": [
            0.002632041489707637,
            1.1077553089709409,
            0.0015061083182745794
        ],
        "time_to_first_token": [
            0.02270948886871338,
            13.700446963310242,
            0.02758622169494629
        ],
        "max_kv_cache": 0.03579808034127263,
        "parallel_requests_nb": 38
    }
}