{
    "1": {
        "speed_generation": [
            0.11897789442809881,
            73.8170330104723,
            0.16439084470371768
        ],
        "time_to_first_token": [
            0.0020105838775634766,
            0.10410594940185547,
            0.0012465715408325195
        ],
        "max_kv_cache": 0.002630643441166036,
        "parallel_requests_nb": 1
    },
    "2": {
        "speed_generation": [
            0.36234125161641373,
            70.33195784046003,
            0.2279424370161962
        ],
        "time_to_first_token": [
            0.008849740028381348,
            0.14236211776733398,
            0.032891273498535156
        ],
        "max_kv_cache": 0.005190188410949204,
        "parallel_requests_nb": 2
    },
    "3": {
        "speed_generation": [
            0.42980312528521125,
            63.58560926442158,
            0.30026064837029054
        ],
        "time_to_first_token": [
            0.0359533429145813,
            0.1770780086517334,
            0.03317439556121826
        ],
        "max_kv_cache": 0.00774973338073226,
        "parallel_requests_nb": 3
    },
    "4": {
        "speed_generation": [
            0.5084828611969456,
            61.32206198124282,
            0.27369673341156187
        ],
        "time_to_first_token": [
            0.03577899932861328,
            0.18059587478637695,
            0.018957138061523438
        ],
        "max_kv_cache": 0.010344827586206917,
        "parallel_requests_nb": 4
    },
    "6": {
        "speed_generation": [
            0.5324965322511659,
            56.738187217627946,
            0.44839396588017166
        ],
        "time_to_first_token": [
            0.023413419723510742,
            0.19844388961791992,
            0.024156570434570312
        ],
        "max_kv_cache": 0.015321720583007514,
        "parallel_requests_nb": 6
    },
    "8": {
        "speed_generation": [
            0.5225320293085076,
            53.03755878109422,
            0.4092317184517782
        ],
        "time_to_first_token": [
            0.03892332315444946,
            0.1910954713821411,
            0.027225613594055176
        ],
        "max_kv_cache": 0.02040526128688236,
        "parallel_requests_nb": 8
    },
    "10": {
        "speed_generation": [
            0.599094315437128,
            49.59499799945392,
            0.45805864331912005
        ],
        "time_to_first_token": [
            0.024628400802612305,
            0.21414637565612793,
            0.04335653781890869
        ],
        "max_kv_cache": 0.025346605047991466,
        "parallel_requests_nb": 10
    },
    "14": {
        "speed_generation": [
            0.41673676265858717,
            44.011874979608336,
            0.32193041981201276
        ],
        "time_to_first_token": [
            0.02378547191619873,
            0.2168344259262085,
            0.04597771167755127
        ],
        "max_kv_cache": 0.03537148951297542,
        "parallel_requests_nb": 14
    },
    "18": {
        "speed_generation": [
            0.2601644101861922,
            38.31747495896876,
            0.24820707639638329
        ],
        "time_to_first_token": [
            0.05274367332458496,
            0.2559390068054199,
            0.016108274459838867
        ],
        "max_kv_cache": 0.045147529328119496,
        "parallel_requests_nb": 18
    },
    "22": {
        "speed_generation": [
            0.21051490794925343,
            34.827783681289205,
            0.22729446218739469
        ],
        "time_to_first_token": [
            0.055771827697753906,
            0.2650951147079468,
            0.010889768600463867
        ],
        "max_kv_cache": 0.05492356914326346,
        "parallel_requests_nb": 22
    },
    "26": {
        "speed_generation": [
            0.20910546611625946,
            31.894465600507534,
            0.15878496431411904
        ],
        "time_to_first_token": [
            0.05462831258773804,
            0.2635610103607178,
            0.012444376945495605
        ],
        "max_kv_cache": 0.06462851048702456,
        "parallel_requests_nb": 26
    },
    "30": {
        "speed_generation": [
            0.2271796303330227,
            28.922593448757883,
            0.1296449932334589
        ],
        "time_to_first_token": [
            0.055478572845458984,
            0.2685915231704712,
            0.014526665210723877
        ],
        "max_kv_cache": 0.07433345183078566,
        "parallel_requests_nb": 30
    },
    "34": {
        "speed_generation": [
            0.27463041873070715,
            15.111736070164289,
            0.17784556481440106
        ],
        "time_to_first_token": [
            0.1419386863708496,
            0.7089763879776001,
            0.14783316850662231
        ],
        "max_kv_cache": 0.08375399928901528,
        "parallel_requests_nb": 34
    },
    "38": {
        "speed_generation": [
            1.1264071824068704,
            13.94935145386285,
            0.32923401486308634
        ],
        "time_to_first_token": [
            0.3231598734855652,
            0.9077039957046509,
            0.2017219066619873
        ],
        "max_kv_cache": 0.09328119445431926,
        "parallel_requests_nb": 38
    }
}