{
    "1": {
        "speed_generation": [
            0.16985355774319544,
            79.01806122263045,
            0.22978424337378556
        ],
        "time_to_first_token": [
            0.0006827712059020996,
            0.03240501880645752,
            0.0010003447532653809
        ],
        "max_kv_cache": 0.0024528972627088086,
        "parallel_requests_nb": 1
    },
    "2": {
        "speed_generation": [
            0.32237706892234996,
            77.89583266017391,
            0.14406872571596807
        ],
        "time_to_first_token": [
            0.002592623233795166,
            0.037981390953063965,
            0.0038524270057678223
        ],
        "max_kv_cache": 0.004870245289726238,
        "parallel_requests_nb": 2
    },
    "3": {
        "speed_generation": [
            0.28490380585836306,
            74.99100994967506,
            0.3268451310393061
        ],
        "time_to_first_token": [
            0.002980053424835205,
            0.04206538200378418,
            0.004998385906219482
        ],
        "max_kv_cache": 0.007287593316743668,
        "parallel_requests_nb": 3
    },
    "4": {
        "speed_generation": [
            0.3542020192668218,
            74.3735697005138,
            0.17234797513825129
        ],
        "time_to_first_token": [
            0.0034189224243164062,
            0.04395604133605957,
            0.0053670406341552734
        ],
        "max_kv_cache": 0.009704941343761098,
        "parallel_requests_nb": 4
    },
    "6": {
        "speed_generation": [
            0.09347175230750793,
            72.96101205627475,
            0.3815415609937389
        ],
        "time_to_first_token": [
            0.006361484527587891,
            0.05158090591430664,
            0.003765702247619629
        ],
        "max_kv_cache": 0.014504088162104467,
        "parallel_requests_nb": 6
    },
    "8": {
        "speed_generation": [
            0.22816711837806736,
            72.09732282724376,
            0.37395851728811635
        ],
        "time_to_first_token": [
            0.0052912235260009766,
            0.05637502670288086,
            0.0058879852294921875
        ],
        "max_kv_cache": 0.019303234980447947,
        "parallel_requests_nb": 8
    },
    "10": {
        "speed_generation": [
            0.122476607559733,
            70.42124152987516,
            0.4446636962289716
        ],
        "time_to_first_token": [
            0.007822751998901367,
            0.0614778995513916,
            0.006900310516357422
        ],
        "max_kv_cache": 0.024102381798791317,
        "parallel_requests_nb": 10
    },
    "14": {
        "speed_generation": [
            1.0373169532888937,
            68.8920872384176,
            0.19613489463178269
        ],
        "time_to_first_token": [
            0.01006174087524414,
            0.06979084014892578,
            0.010291099548339844
        ],
        "max_kv_cache": 0.03366512619978668,
        "parallel_requests_nb": 14
    },
    "18": {
        "speed_generation": [
            0.32302477872343616,
            63.171657851518056,
            0.27435482354072604
        ],
        "time_to_first_token": [
            0.007840871810913086,
            0.08617901802062988,
            0.007567167282104492
        ],
        "max_kv_cache": 0.043298969072164906,
        "parallel_requests_nb": 18
    },
    "22": {
        "speed_generation": [
            0.20537028211516883,
            61.425083017096625,
            0.5192550363189525
        ],
        "time_to_first_token": [
            0.018846988677978516,
            0.09193897247314453,
            0.01070261001586914
        ],
        "max_kv_cache": 0.05286171347316038,
        "parallel_requests_nb": 22
    },
    "26": {
        "speed_generation": [
            0.23870398642026913,
            59.18071816617028,
            0.3613727193479548
        ],
        "time_to_first_token": [
            0.019511938095092773,
            0.10273289680480957,
            0.017768144607543945
        ],
        "max_kv_cache": 0.06238890863846425,
        "parallel_requests_nb": 26
    },
    "30": {
        "speed_generation": [
            0.48828035258820535,
            56.522712762388785,
            0.509799376632337
        ],
        "time_to_first_token": [
            0.024494171142578125,
            0.11256909370422363,
            0.012553930282592773
        ],
        "max_kv_cache": 0.07205830074653397,
        "parallel_requests_nb": 30
    },
    "34": {
        "speed_generation": [
            0.47325364203281595,
            46.58864442229071,
            0.9245998783700813
        ],
        "time_to_first_token": [
            0.0203859806060791,
            0.13915705680847168,
            0.022037506103515625
        ],
        "max_kv_cache": 0.08162104514752933,
        "parallel_requests_nb": 34
    },
    "38": {
        "speed_generation": [
            0.4236439402201597,
            35.795512385977155,
            0.7329705221007288
        ],
        "time_to_first_token": [
            0.025509119033813477,
            0.15535497665405273,
            0.04693794250488281
        ],
        "max_kv_cache": 0.0909349448986847,
        "parallel_requests_nb": 38
    }
}