{
    "1": {
        "speed_generation": [
            0.23016724864765692,
            27.34164474734931,
            0.18199915807576872
        ],
        "time_to_first_token": [
            0.004226803779602051,
            0.41184186935424805,
            0.003384709358215332
        ],
        "max_kv_cache": 0.007928642220019877,
        "parallel_requests_nb": 1
    },
    "2": {
        "speed_generation": [
            0.11760643785363101,
            15.818157175886695,
            0.20214782044478063
        ],
        "time_to_first_token": [
            0.33805131912231445,
            0.7580511569976807,
            0.054523468017578125
        ],
        "max_kv_cache": 0.015857284440039643,
        "parallel_requests_nb": 2
    },
    "3": {
        "speed_generation": [
            0.0814272860618459,
            11.630278437337093,
            0.11047208121066987
        ],
        "time_to_first_token": [
            0.37074530124664307,
            1.1356209516525269,
            0.027302086353302002
        ],
        "max_kv_cache": 0.02378592666005952,
        "parallel_requests_nb": 3
    },
    "4": {
        "speed_generation": [
            0.05981124122361692,
            9.151789449912368,
            0.076160587682093
        ],
        "time_to_first_token": [
            0.7090089321136475,
            1.4925730228424072,
            0.02383589744567871
        ],
        "max_kv_cache": 0.031714568880079286,
        "parallel_requests_nb": 4
    },
    "6": {
        "speed_generation": [
            0.041266191126874574,
            6.408235681920009,
            0.044829159985513733
        ],
        "time_to_first_token": [
            0.7125829458236694,
            2.195183038711548,
            0.030580997467041016
        ],
        "max_kv_cache": 0.04757185332011893,
        "parallel_requests_nb": 6
    },
    "8": {
        "speed_generation": [
            0.030825742046291182,
            4.923793558444974,
            0.03266069472415278
        ],
        "time_to_first_token": [
            0.3690972328186035,
            2.5719361305236816,
            0.3588879108428955
        ],
        "max_kv_cache": 0.06342913776015857,
        "parallel_requests_nb": 8
    },
    "10": {
        "speed_generation": [
            0.025129114562664423,
            4.000460200797769,
            0.014927893240370693
        ],
        "time_to_first_token": [
            0.03202390670776367,
            2.5876309871673584,
            1.0566821098327637
        ],
        "max_kv_cache": 0.07928642220019821,
        "parallel_requests_nb": 10
    },
    "14": {
        "speed_generation": [
            0.013306348861237272,
            2.9137471100835852,
            0.011846772422645202
        ],
        "time_to_first_token": [
            1.099045753479004,
            3.682421922683716,
            1.3671901226043701
        ],
        "max_kv_cache": 0.1110009910802775,
        "parallel_requests_nb": 14
    },
    "18": {
        "speed_generation": [
            0.015056622911111539,
            2.2688631048755856,
            0.008188340800023397
        ],
        "time_to_first_token": [
            2.0092556476593018,
            4.717405796051025,
            1.3522381782531738
        ],
        "max_kv_cache": 0.14271555996035679,
        "parallel_requests_nb": 18
    },
    "22": {
        "speed_generation": [
            0.015071097788833088,
            1.8694087130907402,
            0.008069846753915755
        ],
        "time_to_first_token": [
            2.184429168701172,
            5.1271281242370605,
            2.123607873916626
        ],
        "max_kv_cache": 0.17443012884043607,
        "parallel_requests_nb": 22
    },
    "26": {
        "speed_generation": [
            0.009222034625910203,
            1.5861692586354326,
            0.011248493765900536
        ],
        "time_to_first_token": [
            2.462391972541809,
            6.122936964035034,
            1.694040060043335
        ],
        "max_kv_cache": 0.20614469772051536,
        "parallel_requests_nb": 26
    },
    "30": {
        "speed_generation": [
            0.01844407431006978,
            1.3812547163052171,
            0.0056538603017033395
        ],
        "time_to_first_token": [
            2.5181150436401367,
            7.199182033538818,
            2.831886410713196
        ],
        "max_kv_cache": 0.23785926660059464,
        "parallel_requests_nb": 30
    },
    "34": {
        "speed_generation": [
            0.01023472897464206,
            1.2204057329452458,
            0.005250918561813256
        ],
        "time_to_first_token": [
            2.5111777782440186,
            7.5969789028167725,
            2.5167200565338135
        ],
        "max_kv_cache": 0.26957383548067393,
        "parallel_requests_nb": 34
    },
    "38": {
        "speed_generation": [
            0.0077959679884935795,
            1.0899058603253633,
            0.002594580809070157
        ],
        "time_to_first_token": [
            2.6434590816497803,
            7.7749340534210205,
            3.752371072769165
        ],
        "max_kv_cache": 0.3012884043607532,
        "parallel_requests_nb": 38
    }
}