{
    "1": {
        "speed_generation": [
            0.10120264054037875,
            92.8644930859223,
            0.09858163991245306
        ],
        "time_to_first_token": [
            0.0010849833488464355,
            0.026129961013793945,
            0.003827810287475586
        ],
        "max_kv_cache": 0.002167988107036667,
        "parallel_requests_nb": 1
    },
    "2": {
        "speed_generation": [
            0.20229830500601054,
            92.03066936625123,
            0.14910572643061926
        ],
        "time_to_first_token": [
            0.0022640228271484375,
            0.029474496841430664,
            0.0022760629653930664
        ],
        "max_kv_cache": 0.004243062438057499,
        "parallel_requests_nb": 2
    },
    "3": {
        "speed_generation": [
            0.8415317748949036,
            89.14494092348164,
            0.4957230469375702
        ],
        "time_to_first_token": [
            0.01457202434539795,
            0.04800903797149658,
            0.008147656917572021
        ],
        "max_kv_cache": 0.006380079286422147,
        "parallel_requests_nb": 3
    },
    "4": {
        "speed_generation": [
            1.0796194756593707,
            87.48865253351244,
            0.22420585282580419
        ],
        "time_to_first_token": [
            0.017851829528808594,
            0.05941891670227051,
            0.0077359676361083984
        ],
        "max_kv_cache": 0.008486124876114998,
        "parallel_requests_nb": 4
    },
    "6": {
        "speed_generation": [
            1.37689582984882,
            81.86424110317623,
            0.2121308212445001
        ],
        "time_to_first_token": [
            0.025590062141418457,
            0.08991312980651855,
            0.006852507591247559
        ],
        "max_kv_cache": 0.012729187314172496,
        "parallel_requests_nb": 6
    },
    "8": {
        "speed_generation": [
            0.9466489361043244,
            77.57882038364978,
            0.7089115509904218
        ],
        "time_to_first_token": [
            0.017359256744384766,
            0.10230016708374023,
            0.010269880294799805
        ],
        "max_kv_cache": 0.016941278493557976,
        "parallel_requests_nb": 8
    },
    "10": {
        "speed_generation": [
            2.503267513521223,
            70.54266488993059,
            0.4322832744144023
        ],
        "time_to_first_token": [
            0.030992984771728516,
            0.11469602584838867,
            0.013193130493164062
        ],
        "max_kv_cache": 0.02109142715559964,
        "parallel_requests_nb": 10
    },
    "14": {
        "speed_generation": [
            0.3678082903846587,
            64.53256276309052,
            0.6761746669566264
        ],
        "time_to_first_token": [
            0.04922604560852051,
            0.14385008811950684,
            0.01990985870361328
        ],
        "max_kv_cache": 0.02951560951437071,
        "parallel_requests_nb": 14
    },
    "18": {
        "speed_generation": [
            1.0351807116863796,
            52.93344857918147,
            0.310910121506474
        ],
        "time_to_first_token": [
            0.046073079109191895,
            0.15955305099487305,
            0.021408438682556152
        ],
        "max_kv_cache": 0.0380017343904856,
        "parallel_requests_nb": 18
    },
    "22": {
        "speed_generation": [
            1.0950977547922776,
            50.73051728666465,
            0.4353624002906997
        ],
        "time_to_first_token": [
            0.07132601737976074,
            0.18191313743591309,
            0.030939817428588867
        ],
        "max_kv_cache": 0.04636397423191274,
        "parallel_requests_nb": 22
    },
    "26": {
        "speed_generation": [
            1.0468668604843288,
            47.13284750465338,
            0.5513823899863795
        ],
        "time_to_first_token": [
            0.02775895595550537,
            0.20193791389465332,
            0.035500526428222656
        ],
        "max_kv_cache": 0.054757185332011904,
        "parallel_requests_nb": 26
    },
    "30": {
        "speed_generation": [
            0.36587297773309047,
            44.04455271180428,
            0.3798256943535563
        ],
        "time_to_first_token": [
            0.06129622459411621,
            0.24345111846923828,
            0.01622605323791504
        ],
        "max_kv_cache": 0.06318136769078297,
        "parallel_requests_nb": 30
    },
    "34": {
        "speed_generation": [
            0.4733946080899827,
            37.57681484296013,
            0.3315160073365604
        ],
        "time_to_first_token": [
            0.1006159782409668,
            0.25609803199768066,
            0.02674388885498047
        ],
        "max_kv_cache": 0.07157457879088203,
        "parallel_requests_nb": 34
    },
    "38": {
        "speed_generation": [
            0.5329065906366139,
            36.16333432826061,
            0.3584349293047566
        ],
        "time_to_first_token": [
            0.06474995613098145,
            0.28404903411865234,
            0.02947402000427246
        ],
        "max_kv_cache": 0.07993681863230917,
        "parallel_requests_nb": 38
    }
}