{
    "1": {
        "speed_generation": [
            0.8056554339022455,
            87.27264026080714,
            0.61243016306058
        ],
        "time_to_first_token": [
            0.0014258623123168945,
            0.023849964141845703,
            0.002026796340942383
        ],
        "max_kv_cache": 0.0002167988107036889,
        "parallel_requests_nb": 1
    },
    "2": {
        "speed_generation": [
            2.528393180531154,
            79.16166270458386,
            1.7323257338891125
        ],
        "time_to_first_token": [
            0.006838500499725342,
            0.03402149677276611,
            0.006602168083190918
        ],
        "max_kv_cache": 0.0003716551040634508,
        "parallel_requests_nb": 2
    },
    "3": {
        "speed_generation": [
            1.5941996823633673,
            72.98451991838769,
            2.6247119786601587
        ],
        "time_to_first_token": [
            0.012379646301269531,
            0.0476994514465332,
            0.007571041584014893
        ],
        "max_kv_cache": 0.0005884539147671397,
        "parallel_requests_nb": 3
    },
    "4": {
        "speed_generation": [
            2.130110582784397,
            68.49356413987061,
            1.535658502772904
        ],
        "time_to_first_token": [
            0.015752971172332764,
            0.060837507247924805,
            0.008854568004608154
        ],
        "max_kv_cache": 0.0007433102081269016,
        "parallel_requests_nb": 4
    },
    "6": {
        "speed_generation": [
            1.5956150359540757,
            59.652509439032784,
            1.7915361458711345
        ],
        "time_to_first_token": [
            0.018979012966156006,
            0.08491039276123047,
            0.00928497314453125
        ],
        "max_kv_cache": 0.0010220515361744065,
        "parallel_requests_nb": 6
    },
    "8": {
        "speed_generation": [
            1.9420335925821561,
            55.71398849702578,
            1.597994548982797
        ],
        "time_to_first_token": [
            0.017315030097961426,
            0.09828901290893555,
            0.010170578956604004
        ],
        "max_kv_cache": 0.0013627353815659493,
        "parallel_requests_nb": 8
    },
    "10": {
        "speed_generation": [
            1.2098340509490342,
            50.674129132997656,
            1.2670828844336839
        ],
        "time_to_first_token": [
            0.01741182804107666,
            0.11011838912963867,
            0.008634388446807861
        ],
        "max_kv_cache": 0.0016414767096134542,
        "parallel_requests_nb": 10
    },
    "14": {
        "speed_generation": [
            1.2068380210898013,
            46.903019675778765,
            1.3184827978706153
        ],
        "time_to_first_token": [
            0.012065887451171875,
            0.13167059421539307,
            0.008181393146514893
        ],
        "max_kv_cache": 0.002229930624380594,
        "parallel_requests_nb": 14
    },
    "18": {
        "speed_generation": [
            0.7985799225206875,
            39.57463418490513,
            0.6706521360174307
        ],
        "time_to_first_token": [
            0.010479867458343506,
            0.1561504602432251,
            0.006588637828826904
        ],
        "max_kv_cache": 0.0027874132804757146,
        "parallel_requests_nb": 18
    },
    "22": {
        "speed_generation": [
            0.8468922540520438,
            37.06741267453941,
            0.8742252546452463
        ],
        "time_to_first_token": [
            0.012507081031799316,
            0.17416644096374512,
            0.009380102157592773
        ],
        "max_kv_cache": 0.0034687809712586892,
        "parallel_requests_nb": 22
    },
    "26": {
        "speed_generation": [
            0.5338175818049322,
            33.92262856727296,
            0.6341976093713626
        ],
        "time_to_first_token": [
            0.008328855037689209,
            0.19485807418823242,
            0.006760120391845703
        ],
        "max_kv_cache": 0.004088206144697737,
        "parallel_requests_nb": 26
    },
    "30": {
        "speed_generation": [
            0.914863763384723,
            32.073279924428924,
            0.5844921248945525
        ],
        "time_to_first_token": [
            0.0135575532913208,
            0.21171700954437256,
            0.011258721351623535
        ],
        "max_kv_cache": 0.004676660059464766,
        "parallel_requests_nb": 30
    },
    "34": {
        "speed_generation": [
            0.5423050243827419,
            28.15597453536626,
            0.55311651126501
        ],
        "time_to_first_token": [
            0.0120200514793396,
            0.2370821237564087,
            0.006246328353881836
        ],
        "max_kv_cache": 0.00517220019821607,
        "parallel_requests_nb": 34
    },
    "38": {
        "speed_generation": [
            0.5173115028332127,
            26.23404994487811,
            0.4364335578760894
        ],
        "time_to_first_token": [
            0.013227224349975586,
            0.27294790744781494,
            0.010057687759399414
        ],
        "max_kv_cache": 0.005853567888999045,
        "parallel_requests_nb": 38
    }
}