{
    "1": {
        "speed_generation": [
            0.3017403808535022,
            70.63896690209441,
            0.2073366657077429
        ],
        "time_to_first_token": [
            0.005706667900085449,
            0.4105350971221924,
            0.002836942672729492
        ],
        "max_kv_cache": 0.007928642220019877,
        "parallel_requests_nb": 1
    },
    "2": {
        "speed_generation": [
            0.38399656477800903,
            53.33973219599325,
            0.7797396715305638
        ],
        "time_to_first_token": [
            0.3371161222457886,
            0.7546281814575195,
            0.0464327335357666
        ],
        "max_kv_cache": 0.015857284440039643,
        "parallel_requests_nb": 2
    },
    "3": {
        "speed_generation": [
            0.2019726249426057,
            44.78059216064102,
            0.19563587489805911
        ],
        "time_to_first_token": [
            0.3476043939590454,
            1.1105879545211792,
            0.04290175437927246
        ],
        "max_kv_cache": 0.02378592666005952,
        "parallel_requests_nb": 3
    },
    "4": {
        "speed_generation": [
            0.280312330637166,
            37.81636465938634,
            0.20423556325408043
        ],
        "time_to_first_token": [
            0.6993539333343506,
            1.4784660339355469,
            0.027445077896118164
        ],
        "max_kv_cache": 0.031714568880079286,
        "parallel_requests_nb": 4
    },
    "6": {
        "speed_generation": [
            0.1437794061013591,
            29.181484423885305,
            0.13054037495218296
        ],
        "time_to_first_token": [
            0.6805400848388672,
            2.1681790351867676,
            0.048888444900512695
        ],
        "max_kv_cache": 0.04757185332011893,
        "parallel_requests_nb": 6
    },
    "8": {
        "speed_generation": [
            0.1492396824698261,
            23.893867915606148,
            0.1488694811117348
        ],
        "time_to_first_token": [
            1.0802521705627441,
            2.8912861347198486,
            0.02497386932373047
        ],
        "max_kv_cache": 0.06342913776015857,
        "parallel_requests_nb": 8
    },
    "10": {
        "speed_generation": [
            0.22924157273939372,
            19.97632151140353,
            0.11240790621513952
        ],
        "time_to_first_token": [
            1.0659730434417725,
            3.2467410564422607,
            0.37856292724609375
        ],
        "max_kv_cache": 0.07928642220019821,
        "parallel_requests_nb": 10
    },
    "14": {
        "speed_generation": [
            0.20471433667720795,
            15.13034166776907,
            0.11487906181133845
        ],
        "time_to_first_token": [
            1.058692455291748,
            3.6256070137023926,
            1.4062235355377197
        ],
        "max_kv_cache": 0.1110009910802775,
        "parallel_requests_nb": 14
    },
    "18": {
        "speed_generation": [
            0.14711123266147474,
            11.761514733831527,
            0.04095754230229964
        ],
        "time_to_first_token": [
            2.0485512018203735,
            4.7005531787872314,
            1.4003022909164429
        ],
        "max_kv_cache": 0.14271555996035679,
        "parallel_requests_nb": 18
    },
    "22": {
        "speed_generation": [
            0.05974189914290129,
            9.863367632056502,
            0.09512999612590178
        ],
        "time_to_first_token": [
            2.2123674154281616,
            5.112788915634155,
            2.4356870651245117
        ],
        "max_kv_cache": 0.17443012884043607,
        "parallel_requests_nb": 22
    },
    "26": {
        "speed_generation": [
            0.1309874168325731,
            8.644846657971435,
            0.05419465055192774
        ],
        "time_to_first_token": [
            2.4075911045074463,
            5.257252931594849,
            2.446967124938965
        ],
        "max_kv_cache": 0.20614469772051536,
        "parallel_requests_nb": 26
    },
    "30": {
        "speed_generation": [
            0.13285237642229575,
            7.478945182853261,
            0.038247894565580864
        ],
        "time_to_first_token": [
            2.803264856338501,
            7.534860849380493,
            2.4863367080688477
        ],
        "max_kv_cache": 0.23785926660059464,
        "parallel_requests_nb": 30
    },
    "34": {
        "speed_generation": [
            0.05046702721284557,
            6.53360073746918,
            0.08728918971115895
        ],
        "time_to_first_token": [
            2.5094141960144043,
            7.581533193588257,
            2.582373261451721
        ],
        "max_kv_cache": 0.26957383548067393,
        "parallel_requests_nb": 34
    },
    "38": {
        "speed_generation": [
            0.023357981789392745,
            5.941593856433156,
            0.03773649836764825
        ],
        "time_to_first_token": [
            2.602493405342102,
            7.710866928100586,
            4.4584819078445435
        ],
        "max_kv_cache": 0.3012884043607532,
        "parallel_requests_nb": 38
    }
}