{
    "1": {
        "speed_generation": [
            0.27051663859930386,
            92.1801392653072,
            0.19034667095640145
        ],
        "time_to_first_token": [
            0.0012971758842468262,
            0.0249330997467041,
            0.002963423728942871
        ],
        "max_kv_cache": 0.0004335976214073778,
        "parallel_requests_nb": 1
    },
    "2": {
        "speed_generation": [
            0.377072451384052,
            90.92324047053675,
            0.35690189573266196
        ],
        "time_to_first_token": [
            0.00819694995880127,
            0.036607980728149414,
            0.005735039710998535
        ],
        "max_kv_cache": 0.0008052527254707176,
        "parallel_requests_nb": 2
    },
    "3": {
        "speed_generation": [
            0.5090527530336857,
            90.23482612653977,
            0.5371140247352884
        ],
        "time_to_first_token": [
            0.013376593589782715,
            0.048333048820495605,
            0.0062062740325927734
        ],
        "max_kv_cache": 0.0012078790882061874,
        "parallel_requests_nb": 3
    },
    "4": {
        "speed_generation": [
            0.5600530194944326,
            89.06597626426539,
            0.5413345128618658
        ],
        "time_to_first_token": [
            0.016088247299194336,
            0.06143808364868164,
            0.008672952651977539
        ],
        "max_kv_cache": 0.0016105054509415462,
        "parallel_requests_nb": 4
    },
    "6": {
        "speed_generation": [
            0.8971260968697408,
            82.82953110206596,
            0.6732548031990717
        ],
        "time_to_first_token": [
            0.018118083477020264,
            0.0881354808807373,
            0.010497748851776123
        ],
        "max_kv_cache": 0.002322844400396429,
        "parallel_requests_nb": 6
    },
    "8": {
        "speed_generation": [
            0.6525090270312006,
            79.99462283047211,
            0.43224722354088385
        ],
        "time_to_first_token": [
            0.01831042766571045,
            0.09987211227416992,
            0.009803175926208496
        ],
        "max_kv_cache": 0.0030971258671952384,
        "parallel_requests_nb": 8
    },
    "10": {
        "speed_generation": [
            0.4951334402821743,
            72.58667653986511,
            0.45468440304304636
        ],
        "time_to_first_token": [
            0.018913686275482178,
            0.10871350765228271,
            0.01117616891860962
        ],
        "max_kv_cache": 0.003778493557978213,
        "parallel_requests_nb": 10
    },
    "14": {
        "speed_generation": [
            0.45273633768331933,
            69.28544012219288,
            0.5190666992547506
        ],
        "time_to_first_token": [
            0.009981036186218262,
            0.12781548500061035,
            0.009102106094360352
        ],
        "max_kv_cache": 0.005327056491575832,
        "parallel_requests_nb": 14
    },
    "18": {
        "speed_generation": [
            0.2635476893352191,
            57.48005334640378,
            0.26720889023084027
        ],
        "time_to_first_token": [
            0.012137234210968018,
            0.155007004737854,
            0.007859468460083008
        ],
        "max_kv_cache": 0.0067517343904855975,
        "parallel_requests_nb": 18
    },
    "22": {
        "speed_generation": [
            0.5558544109435886,
            55.18359015361354,
            0.27772945934128046
        ],
        "time_to_first_token": [
            0.009867191314697266,
            0.1731795072555542,
            0.01142805814743042
        ],
        "max_kv_cache": 0.008145441030723455,
        "parallel_requests_nb": 22
    },
    "26": {
        "speed_generation": [
            0.3689406144541181,
            51.38763583707945,
            0.28488708725861756
        ],
        "time_to_first_token": [
            0.011116862297058105,
            0.1917330026626587,
            0.010963082313537598
        ],
        "max_kv_cache": 0.009817888999008928,
        "parallel_requests_nb": 26
    },
    "30": {
        "speed_generation": [
            0.5474651591082562,
            48.989848953464204,
            0.4424612175717755
        ],
        "time_to_first_token": [
            0.013811588287353516,
            0.21454501152038574,
            0.013756990432739258
        ],
        "max_kv_cache": 0.011149653121902858,
        "parallel_requests_nb": 30
    },
    "34": {
        "speed_generation": [
            0.41120372738837574,
            42.671353325421904,
            0.23935413756342427
        ],
        "time_to_first_token": [
            0.015089035034179688,
            0.244439959526062,
            0.012637615203857422
        ],
        "max_kv_cache": 0.01263627353815655,
        "parallel_requests_nb": 34
    },
    "38": {
        "speed_generation": [
            1.9037004910839812,
            41.25592108145072,
            0.2165169097744979
        ],
        "time_to_first_token": [
            0.017828941345214844,
            0.25989603996276855,
            0.010733544826507568
        ],
        "max_kv_cache": 0.014153865213082262,
        "parallel_requests_nb": 38
    }
}