{
    "1": {
        "speed_generation": [
            1.0146208214414116,
            87.16933951556489,
            0.37480594602433825
        ],
        "time_to_first_token": [
            0.005001723766326904,
            0.4089139699935913,
            0.0023393630981445312
        ],
        "max_kv_cache": 0.007928642220019877,
        "parallel_requests_nb": 1
    },
    "2": {
        "speed_generation": [
            0.3702957203565802,
            74.88365893751876,
            0.24614429584792674
        ],
        "time_to_first_token": [
            0.008082151412963867,
            0.7539825439453125,
            0.01585519313812256
        ],
        "max_kv_cache": 0.015857284440039643,
        "parallel_requests_nb": 2
    },
    "3": {
        "speed_generation": [
            1.7422765048821702,
            68.56220862650099,
            0.15520852256936735
        ],
        "time_to_first_token": [
            0.3393968939781189,
            1.0978710651397705,
            0.05005282163619995
        ],
        "max_kv_cache": 0.02378592666005952,
        "parallel_requests_nb": 3
    },
    "4": {
        "speed_generation": [
            2.1152789294760055,
            61.1767539498228,
            0.15219401381786213
        ],
        "time_to_first_token": [
            0.7265710830688477,
            1.489880084991455,
            0.015388011932373047
        ],
        "max_kv_cache": 0.031714568880079286,
        "parallel_requests_nb": 4
    },
    "6": {
        "speed_generation": [
            0.9645678615300497,
            51.29925147551566,
            0.31405512989265816
        ],
        "time_to_first_token": [
            0.37951087951660156,
            2.1983530521392822,
            0.013369083404541016
        ],
        "max_kv_cache": 0.04757185332011893,
        "parallel_requests_nb": 6
    },
    "8": {
        "speed_generation": [
            1.0138686914278878,
            44.925602959267295,
            0.1475850795293141
        ],
        "time_to_first_token": [
            1.036695957183838,
            2.8694729804992676,
            0.03186821937561035
        ],
        "max_kv_cache": 0.06342913776015857,
        "parallel_requests_nb": 8
    },
    "10": {
        "speed_generation": [
            0.8364279499840492,
            39.282844155914,
            0.128554429525785
        ],
        "time_to_first_token": [
            1.6520527601242065,
            3.4847981929779053,
            0.1344362497329712
        ],
        "max_kv_cache": 0.07928642220019821,
        "parallel_requests_nb": 10
    },
    "14": {
        "speed_generation": [
            0.07672920862775356,
            30.876404671440778,
            0.4516788773113909
        ],
        "time_to_first_token": [
            1.3459346294403076,
            3.930103063583374,
            1.0511198043823242
        ],
        "max_kv_cache": 0.1110009910802775,
        "parallel_requests_nb": 14
    },
    "18": {
        "speed_generation": [
            0.1278158371620357,
            23.66024819199897,
            0.11309218774337282
        ],
        "time_to_first_token": [
            1.0848019123077393,
            4.302738904953003,
            1.827855110168457
        ],
        "max_kv_cache": 0.14271555996035679,
        "parallel_requests_nb": 18
    },
    "22": {
        "speed_generation": [
            0.01887799466393858,
            21.029040895744277,
            0.18206695660689576
        ],
        "time_to_first_token": [
            2.439876079559326,
            5.075343132019043,
            2.4436018466949463
        ],
        "max_kv_cache": 0.17443012884043607,
        "parallel_requests_nb": 22
    },
    "26": {
        "speed_generation": [
            0.196910958142535,
            18.548410452388293,
            0.10257781225038087
        ],
        "time_to_first_token": [
            2.462667465209961,
            5.70198392868042,
            2.190878391265869
        ],
        "max_kv_cache": 0.20614469772051536,
        "parallel_requests_nb": 26
    },
    "30": {
        "speed_generation": [
            0.10316984658980743,
            16.129452463634895,
            0.027768674805933813
        ],
        "time_to_first_token": [
            2.482412099838257,
            6.475206136703491,
            3.544752836227417
        ],
        "max_kv_cache": 0.23785926660059464,
        "parallel_requests_nb": 30
    },
    "34": {
        "speed_generation": [
            0.030100407903422166,
            14.165639153079887,
            0.020203104061160104
        ],
        "time_to_first_token": [
            2.4906210899353027,
            7.592514991760254,
            2.5471439361572266
        ],
        "max_kv_cache": 0.26957383548067393,
        "parallel_requests_nb": 34
    },
    "38": {
        "speed_generation": [
            0.02176840363902066,
            12.788931317496555,
            0.07201261262075676
        ],
        "time_to_first_token": [
            2.7052364349365234,
            7.854032039642334,
            4.70749306678772
        ],
        "max_kv_cache": 0.3012884043607532,
        "parallel_requests_nb": 38
    }
}