{
    "1": {
        "speed_generation": [
            0.3542428343493924,
            53.848593904081525,
            0.7480112333346582
        ],
        "time_to_first_token": [
            0.0012870430946350098,
            0.13077998161315918,
            0.0016865730285644531
        ],
        "max_kv_cache": 0.002353815659068337,
        "parallel_requests_nb": 1
    },
    "2": {
        "speed_generation": [
            0.600521370136228,
            37.883674098072085,
            3.2969832449542977
        ],
        "time_to_first_token": [
            0.08068066835403442,
            0.21480441093444824,
            0.034891605377197266
        ],
        "max_kv_cache": 0.00461471754212095,
        "parallel_requests_nb": 2
    },
    "3": {
        "speed_generation": [
            0.3227687581304757,
            30.87875692894307,
            0.5602430122855253
        ],
        "time_to_first_token": [
            0.08116847276687622,
            0.2972449064254761,
            0.036781251430511475
        ],
        "max_kv_cache": 0.0068136769078295245,
        "parallel_requests_nb": 3
    },
    "4": {
        "speed_generation": [
            0.390389366209007,
            26.65964205781868,
            0.4168944315306149
        ],
        "time_to_first_token": [
            0.17442351579666138,
            0.4001290798187256,
            0.012766599655151367
        ],
        "max_kv_cache": 0.00901263627353821,
        "parallel_requests_nb": 4
    },
    "6": {
        "speed_generation": [
            0.2535684936406497,
            20.23493974101781,
            0.255299756602124
        ],
        "time_to_first_token": [
            0.18537366390228271,
            0.5742195844650269,
            0.011996746063232422
        ],
        "max_kv_cache": 0.013379583746283452,
        "parallel_requests_nb": 6
    },
    "8": {
        "speed_generation": [
            0.2048684349534362,
            16.406547139365017,
            0.3138803397530232
        ],
        "time_to_first_token": [
            0.0936046838760376,
            0.7373409271240234,
            0.021379947662353516
        ],
        "max_kv_cache": 0.017901387512388456,
        "parallel_requests_nb": 8
    },
    "10": {
        "speed_generation": [
            0.22904254075849373,
            13.879836763075533,
            0.32649567627325915
        ],
        "time_to_first_token": [
            0.02642536163330078,
            0.900801420211792,
            0.02421283721923828
        ],
        "max_kv_cache": 0.02226833498513381,
        "parallel_requests_nb": 10
    },
    "14": {
        "speed_generation": [
            0.14809057638839462,
            10.590626229710933,
            0.07584801026920296
        ],
        "time_to_first_token": [
            0.014544248580932617,
            1.2434790134429932,
            0.011240243911743164
        ],
        "max_kv_cache": 0.03106417244796833,
        "parallel_requests_nb": 14
    },
    "18": {
        "speed_generation": [
            0.09776029948733012,
            8.365589036106197,
            0.0538955836095667
        ],
        "time_to_first_token": [
            0.01236194372177124,
            1.5828019380569458,
            0.020718812942504883
        ],
        "max_kv_cache": 0.03989098116947476,
        "parallel_requests_nb": 18
    },
    "22": {
        "speed_generation": [
            0.06048989834110685,
            7.094036374509136,
            0.03778285157157946
        ],
        "time_to_first_token": [
            0.014271020889282227,
            1.9188499450683594,
            0.011390447616577148
        ],
        "max_kv_cache": 0.04865584737363726,
        "parallel_requests_nb": 22
    },
    "26": {
        "speed_generation": [
            0.06234909047316872,
            6.050704883088905,
            0.060231062451304496
        ],
        "time_to_first_token": [
            0.04348987340927124,
            2.262500524520874,
            0.027169525623321533
        ],
        "max_kv_cache": 0.05751362735381571,
        "parallel_requests_nb": 26
    },
    "30": {
        "speed_generation": [
            0.0238804005783253,
            5.2232318793106645,
            0.032898496894431695
        ],
        "time_to_first_token": [
            0.03971505165100098,
            2.550119638442993,
            0.08885341882705688
        ],
        "max_kv_cache": 0.06668111992071357,
        "parallel_requests_nb": 30
    },
    "34": {
        "speed_generation": [
            0.035989917683777684,
            4.599959478244695,
            0.048220653303197025
        ],
        "time_to_first_token": [
            0.12410974502563477,
            2.673658013343811,
            0.28173601627349854
        ],
        "max_kv_cache": 0.07513627353815655,
        "parallel_requests_nb": 34
    },
    "38": {
        "speed_generation": [
            0.02612981986699303,
            4.170368950667467,
            0.016876727188322782
        ],
        "time_to_first_token": [
            0.20651304721832275,
            2.7665663957595825,
            0.45970213413238525
        ],
        "max_kv_cache": 0.08390113974231916,
        "parallel_requests_nb": 38
    }
}