{
    "1": {
        "speed_generation": [
            0.3329904270416506,
            92.12390897981008,
            0.11093073789440666
        ],
        "time_to_first_token": [
            0.0013962984085083008,
            0.13048136234283447,
            0.0031003952026367188
        ],
        "max_kv_cache": 0.004274033696729407,
        "parallel_requests_nb": 1
    },
    "2": {
        "speed_generation": [
            0.35921336913550306,
            88.53655266432068,
            0.2541690467760702
        ],
        "time_to_first_token": [
            0.07535344362258911,
            0.2108393907546997,
            0.03717184066772461
        ],
        "max_kv_cache": 0.008455153617442979,
        "parallel_requests_nb": 2
    },
    "3": {
        "speed_generation": [
            0.8502705785549978,
            83.53397613298462,
            0.1777423672963181
        ],
        "time_to_first_token": [
            0.18869507312774658,
            0.32484006881713867,
            0.010929346084594727
        ],
        "max_kv_cache": 0.01263627353815655,
        "parallel_requests_nb": 3
    },
    "4": {
        "speed_generation": [
            1.081692150345262,
            79.05276899938715,
            0.1931322588406914
        ],
        "time_to_first_token": [
            0.107086181640625,
            0.4027090072631836,
            0.010812997817993164
        ],
        "max_kv_cache": 0.016817393458870122,
        "parallel_requests_nb": 4
    },
    "6": {
        "speed_generation": [
            0.9792542027907842,
            70.61655953666634,
            0.6704861043366321
        ],
        "time_to_first_token": [
            0.2829878330230713,
            0.5746870040893555,
            0.008641958236694336
        ],
        "max_kv_cache": 0.025055748265609523,
        "parallel_requests_nb": 6
    },
    "8": {
        "speed_generation": [
            0.9581231929148544,
            65.11496739185887,
            0.3828318882027446
        ],
        "time_to_first_token": [
            0.04239392280578613,
            0.7438218593597412,
            0.009231090545654297
        ],
        "max_kv_cache": 0.0335109018830525,
        "parallel_requests_nb": 8
    },
    "10": {
        "speed_generation": [
            1.3385568590543642,
            57.75661197215064,
            0.3598115497409182
        ],
        "time_to_first_token": [
            0.3446078300476074,
            0.9083199501037598,
            0.01482701301574707
        ],
        "max_kv_cache": 0.04162537165510405,
        "parallel_requests_nb": 10
    },
    "14": {
        "speed_generation": [
            1.1514644788743098,
            50.69769765542079,
            0.2088873268302791
        ],
        "time_to_first_token": [
            0.032655954360961914,
            1.2446420192718506,
            0.011900901794433594
        ],
        "max_kv_cache": 0.058349851337958336,
        "parallel_requests_nb": 14
    },
    "18": {
        "speed_generation": [
            0.7480093246992752,
            40.444718024623874,
            0.19724167251070668
        ],
        "time_to_first_token": [
            0.8585295677185059,
            1.587805986404419,
            0.0144575834274292
        ],
        "max_kv_cache": 0.07498141724479679,
        "parallel_requests_nb": 18
    },
    "22": {
        "speed_generation": [
            0.46957765762078196,
            37.43582155662713,
            0.5369064434909845
        ],
        "time_to_first_token": [
            0.9422779083251953,
            1.9210340976715088,
            0.01983475685119629
        ],
        "max_kv_cache": 0.09167492566897917,
        "parallel_requests_nb": 22
    },
    "26": {
        "speed_generation": [
            0.2929295568292929,
            33.91209973666324,
            0.24192756589783215
        ],
        "time_to_first_token": [
            0.18295586109161377,
            2.1975278854370117,
            0.07090318202972412
        ],
        "max_kv_cache": 0.10818260654112988,
        "parallel_requests_nb": 26
    },
    "30": {
        "speed_generation": [
            0.23226381128076667,
            30.31109423996325,
            0.26945855768486027
        ],
        "time_to_first_token": [
            1.4788110256195068,
            2.568547010421753,
            0.0251619815826416
        ],
        "max_kv_cache": 0.12472125867195238,
        "parallel_requests_nb": 30
    },
    "34": {
        "speed_generation": [
            0.16445616860774948,
            26.21094573522757,
            0.14060101401669556
        ],
        "time_to_first_token": [
            1.550299048423767,
            2.904412031173706,
            0.039736390113830566
        ],
        "max_kv_cache": 0.14138379583746286,
        "parallel_requests_nb": 34
    },
    "38": {
        "speed_generation": [
            0.19162728830788467,
            24.633325404726037,
            0.13766923654316798
        ],
        "time_to_first_token": [
            1.1726545095443726,
            3.210632085800171,
            0.0688624382019043
        ],
        "max_kv_cache": 0.15779856293359762,
        "parallel_requests_nb": 38
    }
}