{
    "1": {
        "speed_generation": [
            0.3706139039056353,
            85.50264102648225,
            0.5098560536766428
        ],
        "time_to_first_token": [
            0.0011239051818847656,
            0.1302938461303711,
            0.0014030933380126953
        ],
        "max_kv_cache": 0.0025396432111001177,
        "parallel_requests_nb": 1
    },
    "2": {
        "speed_generation": [
            0.44770723150827507,
            77.98154864437078,
            1.3033836746966472
        ],
        "time_to_first_token": [
            0.08008432388305664,
            0.21459317207336426,
            0.03132927417755127
        ],
        "max_kv_cache": 0.005048315163528216,
        "parallel_requests_nb": 2
    },
    "3": {
        "speed_generation": [
            0.44786340578220063,
            71.4815893978365,
            0.5291394274036207
        ],
        "time_to_first_token": [
            0.08143842220306396,
            0.2955038547515869,
            0.0361936092376709
        ],
        "max_kv_cache": 0.007433102081268572,
        "parallel_requests_nb": 3
    },
    "4": {
        "speed_generation": [
            0.8186439998518011,
            66.08746569580491,
            0.6383504160778131
        ],
        "time_to_first_token": [
            0.16347789764404297,
            0.3983149528503418,
            0.016137123107910156
        ],
        "max_kv_cache": 0.009941774033696782,
        "parallel_requests_nb": 4
    },
    "6": {
        "speed_generation": [
            0.9846058931882737,
            56.54614337356834,
            0.5626163233010288
        ],
        "time_to_first_token": [
            0.18794715404510498,
            0.5717160701751709,
            0.015683412551879883
        ],
        "max_kv_cache": 0.014835232903865236,
        "parallel_requests_nb": 6
    },
    "8": {
        "speed_generation": [
            0.6870184991880706,
            50.53917289936888,
            0.49203481688413575
        ],
        "time_to_first_token": [
            0.17344999313354492,
            0.7330989837646484,
            0.023018836975097656
        ],
        "max_kv_cache": 0.019604806739345837,
        "parallel_requests_nb": 8
    },
    "10": {
        "speed_generation": [
            0.43440941462898053,
            44.76663425185691,
            0.37981717979477025
        ],
        "time_to_first_token": [
            0.030740678310394287,
            0.896514892578125,
            0.022449612617492676
        ],
        "max_kv_cache": 0.024498265609514402,
        "parallel_requests_nb": 10
    },
    "14": {
        "speed_generation": [
            0.4139201317085508,
            37.414337032739226,
            0.3294154308076003
        ],
        "time_to_first_token": [
            0.016679883003234863,
            1.2457383871078491,
            0.014439165592193604
        ],
        "max_kv_cache": 0.034192269573835476,
        "parallel_requests_nb": 14
    },
    "18": {
        "speed_generation": [
            0.2620148288812132,
            29.730977228335078,
            0.10359458573830338
        ],
        "time_to_first_token": [
            0.0108795166015625,
            1.5768464803695679,
            0.013143777847290039
        ],
        "max_kv_cache": 0.043824331020812735,
        "parallel_requests_nb": 18
    },
    "22": {
        "speed_generation": [
            0.3283955468569495,
            27.2562799568231,
            0.1725880872169796
        ],
        "time_to_first_token": [
            0.021978378295898438,
            1.9255861043930054,
            0.02861344814300537
        ],
        "max_kv_cache": 0.053611248761149644,
        "parallel_requests_nb": 22
    },
    "26": {
        "speed_generation": [
            0.38338953202484305,
            24.122103185853604,
            0.07903835728414776
        ],
        "time_to_first_token": [
            0.06349688768386841,
            2.261334538459778,
            0.017853260040283203
        ],
        "max_kv_cache": 0.06315039643211096,
        "parallel_requests_nb": 26
    },
    "30": {
        "speed_generation": [
            0.3731314646282584,
            21.342449691605417,
            0.12406980233797427
        ],
        "time_to_first_token": [
            0.09351998567581177,
            2.59265398979187,
            0.013871967792510986
        ],
        "max_kv_cache": 0.07287537165510405,
        "parallel_requests_nb": 30
    },
    "34": {
        "speed_generation": [
            0.5189632980667191,
            18.646351959282057,
            0.08506278578909132
        ],
        "time_to_first_token": [
            0.3066582679748535,
            2.8291419744491577,
            0.12114471197128296
        ],
        "max_kv_cache": 0.08256937561942512,
        "parallel_requests_nb": 34
    },
    "38": {
        "speed_generation": [
            0.3202184517177393,
            17.232251369271214,
            0.107895567480643
        ],
        "time_to_first_token": [
            0.46900296211242676,
            3.024701476097107,
            0.24031376838684082
        ],
        "max_kv_cache": 0.09220143706640238,
        "parallel_requests_nb": 38
    }
}