{
    "1": {
        "speed_generation": [
            0.14223251393724468,
            50.328609468008295,
            0.09879146006976924
        ],
        "time_to_first_token": [
            0.002223670482635498,
            0.4749584197998047,
            0.0024340152740478516
        ],
        "max_kv_cache": 0.014734774066797685,
        "parallel_requests_nb": 1
    },
    "2": {
        "speed_generation": [
            0.20812252619332838,
            47.87225377365895,
            0.2299090974456064
        ],
        "time_to_first_token": [
            0.01684659719467163,
            0.5192005634307861,
            0.015070140361785889
        ],
        "max_kv_cache": 0.029262744287043785,
        "parallel_requests_nb": 2
    },
    "3": {
        "speed_generation": [
            0.05678632905702585,
            44.6261741502838,
            0.0755222324428999
        ],
        "time_to_first_token": [
            0.02250009775161743,
            0.5335239171981812,
            0.01323777437210083
        ],
        "max_kv_cache": 0.04301520008272153,
        "parallel_requests_nb": 3
    },
    "4": {
        "speed_generation": [
            0.18102592784538984,
            44.06521743805591,
            0.09943311924745046
        ],
        "time_to_first_token": [
            0.014735400676727295,
            0.5413815975189209,
            0.010878562927246094
        ],
        "max_kv_cache": 0.05743976837969189,
        "parallel_requests_nb": 4
    },
    "6": {
        "speed_generation": [
            0.22526348414256603,
            38.06161837443536,
            0.08147518508768314
        ],
        "time_to_first_token": [
            0.015130043029785156,
            0.5554580688476562,
            0.019026875495910645
        ],
        "max_kv_cache": 0.0861338020887189,
        "parallel_requests_nb": 6
    },
    "8": {
        "speed_generation": [
            0.13906393063495415,
            36.30758542920783,
            0.10128524981362119
        ],
        "time_to_first_token": [
            0.012444019317626953,
            0.5746979713439941,
            0.020694255828857422
        ],
        "max_kv_cache": 0.1137938165649881,
        "parallel_requests_nb": 8
    },
    "10": {
        "speed_generation": [
            0.057413703247032544,
            13.496408339460707,
            0.08509204083293653
        ],
        "time_to_first_token": [
            0.06224930286407471,
            0.6463713645935059,
            0.030029296875
        ],
        "max_kv_cache": 0.14259125219729085,
        "parallel_requests_nb": 10
    },
    "14": {
        "speed_generation": [
            0.06233726439974774,
            13.208469433500731,
            0.07131475002469045
        ],
        "time_to_first_token": [
            0.06530308723449707,
            0.7248101234436035,
            0.11021637916564941
        ],
        "max_kv_cache": 0.19811808499638095,
        "parallel_requests_nb": 14
    },
    "18": {
        "speed_generation": [
            0.05997616235363168,
            13.141256741087684,
            0.04150771931715269
        ],
        "time_to_first_token": [
            0.06899547576904297,
            0.7305610179901123,
            0.07408487796783447
        ],
        "max_kv_cache": 0.25416192741184984,
        "parallel_requests_nb": 18
    },
    "22": {
        "speed_generation": [
            0.032409942890792465,
            12.94309071040275,
            0.09423073273148219
        ],
        "time_to_first_token": [
            0.02073812484741211,
            0.7593481540679932,
            0.11445534229278564
        ],
        "max_kv_cache": 0.30860304001654426,
        "parallel_requests_nb": 22
    },
    "26": {
        "speed_generation": [
            0.059315451235743666,
            12.81545993427645,
            0.05505682848424165
        ],
        "time_to_first_token": [
            0.017737627029418945,
            0.7787690162658691,
            0.16232597827911377
        ],
        "max_kv_cache": 0.36366456416089343,
        "parallel_requests_nb": 26
    },
    "30": {
        "speed_generation": [
            0.041996052995433075,
            12.521329995888074,
            0.11297589285413068
        ],
        "time_to_first_token": [
            0.08833539485931396,
            0.8943078517913818,
            0.5053280591964722
        ],
        "max_kv_cache": 0.4194499017681729,
        "parallel_requests_nb": 30
    }
}