{
    "1": {
        "speed_generation": [
            0.06263242359381138,
            43.705099877547454,
            0.061449466020640386
        ],
        "time_to_first_token": [
            0.0025179386138916016,
            0.4716629981994629,
            0.0020210742950439453
        ],
        "max_kv_cache": 0.01183952021507595,
        "parallel_requests_nb": 1
    },
    "2": {
        "speed_generation": [
            0.13655660208704035,
            38.032076754575186,
            0.09658123641079186
        ],
        "time_to_first_token": [
            0.014701128005981445,
            0.5115470886230469,
            0.02069091796875
        ],
        "max_kv_cache": 0.023420535621962557,
        "parallel_requests_nb": 2
    },
    "3": {
        "speed_generation": [
            0.12254770046463648,
            32.99483958400447,
            0.15303478223639644
        ],
        "time_to_first_token": [
            0.020882248878479004,
            0.5307968854904175,
            0.01185840368270874
        ],
        "max_kv_cache": 0.03474304622065971,
        "parallel_requests_nb": 3
    },
    "4": {
        "speed_generation": [
            0.10660274193292096,
            30.333686482754374,
            0.07961420251951168
        ],
        "time_to_first_token": [
            0.01624917984008789,
            0.5369291305541992,
            0.014327764511108398
        ],
        "max_kv_cache": 0.04622065970427047,
        "parallel_requests_nb": 4
    },
    "6": {
        "speed_generation": [
            0.07518456216119063,
            24.486046220939883,
            0.07399922361458877
        ],
        "time_to_first_token": [
            0.010465621948242188,
            0.5517514944076538,
            0.008062481880187988
        ],
        "max_kv_cache": 0.06896908282494052,
        "parallel_requests_nb": 6
    },
    "8": {
        "speed_generation": [
            0.07145402442026949,
            21.310563574474887,
            0.07518245386059164
        ],
        "time_to_first_token": [
            0.011355161666870117,
            0.5629739761352539,
            0.009486913681030273
        ],
        "max_kv_cache": 0.09156240306069696,
        "parallel_requests_nb": 8
    },
    "10": {
        "speed_generation": [
            0.09489793021141146,
            13.028253746770268,
            0.045435039500066665
        ],
        "time_to_first_token": [
            0.007528245449066162,
            0.5702184438705444,
            0.013382256031036377
        ],
        "max_kv_cache": 0.11358701271843652,
        "parallel_requests_nb": 10
    },
    "14": {
        "speed_generation": [
            0.05960749824793865,
            11.774019662681717,
            0.05801709690208057
        ],
        "time_to_first_token": [
            0.024227380752563477,
            0.6666544675827026,
            0.026693224906921387
        ],
        "max_kv_cache": 0.1578947368421053,
        "parallel_requests_nb": 14
    },
    "18": {
        "speed_generation": [
            0.07315947474208073,
            11.368707102514335,
            0.06361902655078921
        ],
        "time_to_first_token": [
            0.018028318881988525,
            0.6696674823760986,
            0.04061406850814819
        ],
        "max_kv_cache": 0.20313307827525595,
        "parallel_requests_nb": 18
    },
    "22": {
        "speed_generation": [
            0.0561561232996457,
            10.02394435447334,
            0.044427177343749236
        ],
        "time_to_first_token": [
            0.05809837579727173,
            1.9932409524917603,
            0.034190833568573
        ],
        "max_kv_cache": 0.22422707062351355,
        "parallel_requests_nb": 22
    },
    "26": {
        "speed_generation": [
            0.039691121193607515,
            8.441010054198026,
            0.04440097323292669
        ],
        "time_to_first_token": [
            0.043898820877075195,
            4.334733963012695,
            0.035186052322387695
        ],
        "max_kv_cache": 0.22402026677696207,
        "parallel_requests_nb": 26
    },
    "30": {
        "speed_generation": [
            0.02502810171727976,
            7.334754690311499,
            0.02741056953229659
        ],
        "time_to_first_token": [
            0.03281372785568237,
            6.6328065395355225,
            0.06130516529083252
        ],
        "max_kv_cache": 0.224485575431703,
        "parallel_requests_nb": 30
    },
    "34": {
        "speed_generation": [
            0.030594069291440817,
            6.4802875548048995,
            0.022741689019248668
        ],
        "time_to_first_token": [
            0.06757199764251709,
            8.957010984420776,
            0.07148623466491699
        ],
        "max_kv_cache": 0.2243304725467894,
        "parallel_requests_nb": 34
    },
    "38": {
        "speed_generation": [
            0.041274416376516854,
            5.7889826937338835,
            0.02923032558047911
        ],
        "time_to_first_token": [
            0.05283677577972412,
            11.288272976875305,
            0.07677322626113892
        ],
        "max_kv_cache": 0.22495088408644404,
        "parallel_requests_nb": 38
    }
}