{
    "1": {
        "speed_generation": [
            0.09647879809440951,
            53.45829504304527,
            0.06850748436558263
        ],
        "time_to_first_token": [
            0.002083420753479004,
            0.02590203285217285,
            0.0014420747756958008
        ],
        "max_kv_cache": 0.0006204115396546417,
        "parallel_requests_nb": 1
    },
    "2": {
        "speed_generation": [
            0.13909050339935192,
            53.416594905060265,
            0.16676961789619327
        ],
        "time_to_first_token": [
            0.004873991012573242,
            0.03426098823547363,
            0.004990100860595703
        ],
        "max_kv_cache": 0.0012925240409471517,
        "parallel_requests_nb": 2
    },
    "3": {
        "speed_generation": [
            0.15311359630659638,
            52.37615787787844,
            0.17233878189408358
        ],
        "time_to_first_token": [
            0.0053040385246276855,
            0.036601901054382324,
            0.0050095319747924805
        ],
        "max_kv_cache": 0.0018095336573260568,
        "parallel_requests_nb": 3
    },
    "4": {
        "speed_generation": [
            0.19272751970100188,
            51.98028727902098,
            0.1511750202379858
        ],
        "time_to_first_token": [
            0.004453182220458984,
            0.03861808776855469,
            0.005097866058349609
        ],
        "max_kv_cache": 0.0024299451969806984,
        "parallel_requests_nb": 4
    },
    "6": {
        "speed_generation": [
            0.14642378644359866,
            50.68602249414422,
            0.1635626984612344
        ],
        "time_to_first_token": [
            0.006182432174682617,
            0.04843497276306152,
            0.006419181823730469
        ],
        "max_kv_cache": 0.003515665391376266,
        "parallel_requests_nb": 6
    },
    "8": {
        "speed_generation": [
            0.17520209432742462,
            49.75439901742481,
            0.17102143802310366
        ],
        "time_to_first_token": [
            0.006924867630004883,
            0.04943490028381348,
            0.007889032363891602
        ],
        "max_kv_cache": 0.004756488470685549,
        "parallel_requests_nb": 8
    },
    "10": {
        "speed_generation": [
            0.25523303382904317,
            47.72517627606868,
            0.1945377474102017
        ],
        "time_to_first_token": [
            0.011398136615753174,
            0.06580102443695068,
            0.007878601551055908
        ],
        "max_kv_cache": 0.005997311549994833,
        "parallel_requests_nb": 10
    },
    "14": {
        "speed_generation": [
            0.1424330246028802,
            45.89382223696838,
            0.14548016959625443
        ],
        "time_to_first_token": [
            0.007527530193328857,
            0.06142854690551758,
            0.006575882434844971
        ],
        "max_kv_cache": 0.008168751938786079,
        "parallel_requests_nb": 14
    },
    "18": {
        "speed_generation": [
            0.14876630471931662,
            42.17911121308003,
            0.11861921740310066
        ],
        "time_to_first_token": [
            0.01634049415588379,
            0.08820450305938721,
            0.008005321025848389
        ],
        "max_kv_cache": 0.010391893289215193,
        "parallel_requests_nb": 18
    },
    "22": {
        "speed_generation": [
            0.15203653263200323,
            40.96207198205034,
            0.17138683442241387
        ],
        "time_to_first_token": [
            0.011938929557800293,
            0.0921015739440918,
            0.013156235218048096
        ],
        "max_kv_cache": 0.012821838486195891,
        "parallel_requests_nb": 22
    },
    "26": {
        "speed_generation": [
            0.14552659485516273,
            38.85733922805565,
            0.15320077382595798
        ],
        "time_to_first_token": [
            0.01946789026260376,
            0.10281145572662354,
            0.012474596500396729
        ],
        "max_kv_cache": 0.015096680798262874,
        "parallel_requests_nb": 26
    },
    "30": {
        "speed_generation": [
            0.21947523354824483,
            37.60522974270165,
            0.19566499745655364
        ],
        "time_to_first_token": [
            0.02131253480911255,
            0.10769796371459961,
            0.012340426445007324
        ],
        "max_kv_cache": 0.01721642022541614,
        "parallel_requests_nb": 30
    },
    "34": {
        "speed_generation": [
            0.2271399372853864,
            33.08892460249939,
            0.1929176743309995
        ],
        "time_to_first_token": [
            0.016666173934936523,
            0.10408496856689453,
            0.013835728168487549
        ],
        "max_kv_cache": 0.019491262537483234,
        "parallel_requests_nb": 34
    },
    "38": {
        "speed_generation": [
            0.19159613084026716,
            32.059654630520896,
            0.14564744784046013
        ],
        "time_to_first_token": [
            0.01210331916809082,
            0.11442947387695312,
            0.009529829025268555
        ],
        "max_kv_cache": 0.02166270292627448,
        "parallel_requests_nb": 38
    }
}