{
    "1": {
        "speed_generation": [
            0.22890868389639962,
            39.40119503129075,
            0.16334826499279842
        ],
        "time_to_first_token": [
            0.0010273456573486328,
            0.1188209056854248,
            0.0014777183532714844
        ],
        "max_kv_cache": 0.0031020576982732084,
        "parallel_requests_nb": 1
    },
    "2": {
        "speed_generation": [
            0.36309677809263263,
            31.9638851413671,
            0.3342153460819617
        ],
        "time_to_first_token": [
            0.02465689182281494,
            0.15403544902801514,
            0.01416480541229248
        ],
        "max_kv_cache": 0.005945610588356964,
        "parallel_requests_nb": 2
    },
    "3": {
        "speed_generation": [
            0.2461589736956391,
            26.76923421485746,
            0.2972771959187561
        ],
        "time_to_first_token": [
            0.027585506439208984,
            0.16267597675323486,
            0.008809924125671387
        ],
        "max_kv_cache": 0.008840864440078589,
        "parallel_requests_nb": 3
    },
    "4": {
        "speed_generation": [
            0.23145333844247062,
            23.42045417622588,
            0.22082793936571932
        ],
        "time_to_first_token": [
            0.010369956493377686,
            0.16486895084381104,
            0.008204817771911621
        ],
        "max_kv_cache": 0.011684417330162344,
        "parallel_requests_nb": 4
    },
    "6": {
        "speed_generation": [
            0.16268521283045345,
            18.715936725400915,
            0.16454220719330692
        ],
        "time_to_first_token": [
            0.0067365169525146484,
            0.16836750507354736,
            0.00707775354385376
        ],
        "max_kv_cache": 0.017474925033605593,
        "parallel_requests_nb": 6
    },
    "8": {
        "speed_generation": [
            0.1520089200283099,
            15.531899390118816,
            0.13507820138571702
        ],
        "time_to_first_token": [
            0.007106661796569824,
            0.17157506942749023,
            0.006377696990966797
        ],
        "max_kv_cache": 0.02295522696722163,
        "parallel_requests_nb": 8
    },
    "10": {
        "speed_generation": [
            0.5953058589237319,
            13.408904274606375,
            0.18224895226923898
        ],
        "time_to_first_token": [
            0.011305510997772217,
            0.19084203243255615,
            0.068614661693573
        ],
        "max_kv_cache": 0.028332126977561822,
        "parallel_requests_nb": 10
    },
    "14": {
        "speed_generation": [
            0.041147424984803393,
            9.663679817649161,
            0.04847692698594663
        ],
        "time_to_first_token": [
            0.006671547889709473,
            0.612465500831604,
            0.006226003170013428
        ],
        "max_kv_cache": 0.02874573467066488,
        "parallel_requests_nb": 14
    },
    "18": {
        "speed_generation": [
            0.03527610869276643,
            7.481878242196636,
            0.2138148434488425
        ],
        "time_to_first_token": [
            0.05959475040435791,
            1.095228910446167,
            0.009246587753295898
        ],
        "max_kv_cache": 0.028900837555578485,
        "parallel_requests_nb": 18
    },
    "22": {
        "speed_generation": [
            0.13630794005923086,
            6.2339427159698495,
            0.03294107752219588
        ],
        "time_to_first_token": [
            0.010994672775268555,
            1.524082899093628,
            0.058426856994628906
        ],
        "max_kv_cache": 0.028797435632302748,
        "parallel_requests_nb": 22
    },
    "26": {
        "speed_generation": [
            0.08127548530371165,
            5.2543973935391435,
            0.016971679529982353
        ],
        "time_to_first_token": [
            0.008602261543273926,
            2.0036765336990356,
            0.05154496431350708
        ],
        "max_kv_cache": 0.028849136593940616,
        "parallel_requests_nb": 26
    },
    "30": {
        "speed_generation": [
            0.014127231131930706,
            4.531763924943279,
            0.010816370466429248
        ],
        "time_to_first_token": [
            0.0075026750564575195,
            2.4887994527816772,
            0.008864760398864746
        ],
        "max_kv_cache": 0.028849136593940616,
        "parallel_requests_nb": 30
    },
    "34": {
        "speed_generation": [
            0.009141426051944013,
            3.9883803105047617,
            0.013293612900467267
        ],
        "time_to_first_token": [
            0.011783421039581299,
            2.9699666500091553,
            0.00834733247756958
        ],
        "max_kv_cache": 0.028849136593940616,
        "parallel_requests_nb": 34
    },
    "38": {
        "speed_generation": [
            0.013431548101157986,
            3.5571646733166267,
            0.04032087261507522
        ],
        "time_to_first_token": [
            0.05209141969680786,
            3.456251859664917,
            0.01420062780380249
        ],
        "max_kv_cache": 0.028642332747389143,
        "parallel_requests_nb": 38
    }
}