{
    "1": {
        "speed_generation": [
            0.057097737200958676,
            21.04164126953071,
            0.07124268409125989
        ],
        "time_to_first_token": [
            0.002214193344116211,
            0.46879005432128906,
            0.0020918846130371094
        ],
        "max_kv_cache": 0.01147761348361076,
        "parallel_requests_nb": 1
    },
    "2": {
        "speed_generation": [
            0.09906884758272838,
            14.099499061173029,
            0.0949650149471335
        ],
        "time_to_first_token": [
            0.018230438232421875,
            0.5100979804992676,
            0.020693063735961914
        ],
        "max_kv_cache": 0.02264502119739431,
        "parallel_requests_nb": 2
    },
    "3": {
        "speed_generation": [
            0.059923428026497305,
            10.69908897484773,
            0.08216324940839392
        ],
        "time_to_first_token": [
            0.027794718742370605,
            0.530547022819519,
            0.012972414493560791
        ],
        "max_kv_cache": 0.03370902698790201,
        "parallel_requests_nb": 3
    },
    "4": {
        "speed_generation": [
            0.08468368782788716,
            8.343567337619694,
            0.2283226715846105
        ],
        "time_to_first_token": [
            0.054451704025268555,
            0.842958927154541,
            0.01634502410888672
        ],
        "max_kv_cache": 0.04508323854823704,
        "parallel_requests_nb": 4
    },
    "6": {
        "speed_generation": [
            0.015195896819647281,
            5.565501698124599,
            0.10616565916581422
        ],
        "time_to_first_token": [
            0.05513119697570801,
            1.7959201335906982,
            0.007523059844970703
        ],
        "max_kv_cache": 0.04487643470168545,
        "parallel_requests_nb": 6
    },
    "8": {
        "speed_generation": [
            0.01204392749551797,
            4.189913494397124,
            0.010983287991971125
        ],
        "time_to_first_token": [
            0.008411943912506104,
            2.738818883895874,
            0.00999760627746582
        ],
        "max_kv_cache": 0.04492813566332332,
        "parallel_requests_nb": 8
    },
    "10": {
        "speed_generation": [
            0.039517724192297266,
            3.3586251614779843,
            0.007032472876518092
        ],
        "time_to_first_token": [
            0.009799957275390625,
            3.6844630241394043,
            0.05790400505065918
        ],
        "max_kv_cache": 0.04492813566332332,
        "parallel_requests_nb": 10
    },
    "14": {
        "speed_generation": [
            0.00483379179436394,
            2.386501384017965,
            0.019551726084449328
        ],
        "time_to_first_token": [
            0.05491232872009277,
            5.625076413154602,
            0.01204615831375122
        ],
        "max_kv_cache": 0.044824733740047584,
        "parallel_requests_nb": 14
    },
    "18": {
        "speed_generation": [
            0.012885843872840752,
            1.8624761883949164,
            0.0038709853988512233
        ],
        "time_to_first_token": [
            0.015718519687652588,
            7.510884523391724,
            0.05966365337371826
        ],
        "max_kv_cache": 0.044773032778409716,
        "parallel_requests_nb": 18
    },
    "22": {
        "speed_generation": [
            0.0030645867849976582,
            1.5193184807386209,
            0.006455277728331543
        ],
        "time_to_first_token": [
            0.04475635290145874,
            9.451678037643433,
            0.021741032600402832
        ],
        "max_kv_cache": 0.044824733740047584,
        "parallel_requests_nb": 22
    },
    "26": {
        "speed_generation": [
            0.004548147331363328,
            1.2854990607901744,
            0.0034372361007868335
        ],
        "time_to_first_token": [
            0.031675100326538086,
            11.366242170333862,
            0.04280579090118408
        ],
        "max_kv_cache": 0.044617929893496,
        "parallel_requests_nb": 26
    },
    "30": {
        "speed_generation": [
            0.0028303774083364708,
            1.1134044803816252,
            0.0036845630153137243
        ],
        "time_to_first_token": [
            0.046906471252441406,
            13.288872957229614,
            0.03495204448699951
        ],
        "max_kv_cache": 0.045134939509874905,
        "parallel_requests_nb": 30
    },
    "34": {
        "speed_generation": [
            0.0027900546217420885,
            0.9829428048401776,
            0.0019414354563953573
        ],
        "time_to_first_token": [
            0.03162074089050293,
            15.197749972343445,
            0.0461423397064209
        ],
        "max_kv_cache": 0.044773032778409716,
        "parallel_requests_nb": 34
    },
    "38": {
        "speed_generation": [
            0.0017359265627987508,
            0.878878097249475,
            0.0029816235021756787
        ],
        "time_to_first_token": [
            0.058861494064331055,
            17.123021483421326,
            0.03584223985671997
        ],
        "max_kv_cache": 0.044617929893496,
        "parallel_requests_nb": 38
    }
}