{
    "1": {
        "speed_generation": [
            0.2554029485515912,
            52.43484229980946,
            0.31209799106412817
        ],
        "time_to_first_token": [
            0.002136707305908203,
            0.02573847770690918,
            0.001264333724975586
        ],
        "max_kv_cache": 0.00031020576982732084,
        "parallel_requests_nb": 1
    },
    "2": {
        "speed_generation": [
            0.841734656434916,
            50.61866850693411,
            0.7717047002526911
        ],
        "time_to_first_token": [
            0.005115985870361328,
            0.0346449613571167,
            0.005018174648284912
        ],
        "max_kv_cache": 0.0005687105780167734,
        "parallel_requests_nb": 2
    },
    "3": {
        "speed_generation": [
            0.8219422211351812,
            49.51468681453969,
            0.7045360527135216
        ],
        "time_to_first_token": [
            0.0049675703048706055,
            0.037758469581604004,
            0.005896568298339844
        ],
        "max_kv_cache": 0.0007755144245682466,
        "parallel_requests_nb": 3
    },
    "4": {
        "speed_generation": [
            0.7972281215308357,
            48.47715447471597,
            0.8016337366010475
        ],
        "time_to_first_token": [
            0.005710005760192871,
            0.04177439212799072,
            0.006418049335479736
        ],
        "max_kv_cache": 0.0009823182711198308,
        "parallel_requests_nb": 4
    },
    "6": {
        "speed_generation": [
            0.6709304712605686,
            46.17705774677842,
            0.8039132803472597
        ],
        "time_to_first_token": [
            0.006972849369049072,
            0.047655582427978516,
            0.007953524589538574
        ],
        "max_kv_cache": 0.0014476269258608676,
        "parallel_requests_nb": 6
    },
    "8": {
        "speed_generation": [
            0.6954146124980838,
            44.29929224661322,
            0.7877670774236734
        ],
        "time_to_first_token": [
            0.007847309112548828,
            0.052437543869018555,
            0.008579373359680176
        ],
        "max_kv_cache": 0.001861234618963925,
        "parallel_requests_nb": 8
    },
    "10": {
        "speed_generation": [
            0.6848956873222747,
            41.61122969962802,
            0.7910870536840235
        ],
        "time_to_first_token": [
            0.011729240417480469,
            0.06489753723144531,
            0.01013249158859253
        ],
        "max_kv_cache": 0.002326543273704851,
        "parallel_requests_nb": 10
    },
    "14": {
        "speed_generation": [
            0.6037527197097461,
            38.682436978550385,
            0.6115325725231031
        ],
        "time_to_first_token": [
            0.013353824615478516,
            0.07470858097076416,
            0.00965815782546997
        ],
        "max_kv_cache": 0.0031020576982732084,
        "parallel_requests_nb": 14
    },
    "18": {
        "speed_generation": [
            0.574966737755453,
            35.13222000024792,
            0.5262205729742178
        ],
        "time_to_first_token": [
            0.01505953073501587,
            0.0772244930267334,
            0.015558421611785889
        ],
        "max_kv_cache": 0.003929273084479323,
        "parallel_requests_nb": 18
    },
    "22": {
        "speed_generation": [
            0.4737245965236454,
            32.91852025567211,
            0.5264130470960353
        ],
        "time_to_first_token": [
            0.018352091312408447,
            0.09279143810272217,
            0.008761048316955566
        ],
        "max_kv_cache": 0.004704787509047681,
        "parallel_requests_nb": 22
    },
    "26": {
        "speed_generation": [
            0.3661723591785986,
            30.981152931259757,
            0.3724703566160983
        ],
        "time_to_first_token": [
            0.013482093811035156,
            0.10160291194915771,
            0.011957347393035889
        ],
        "max_kv_cache": 0.005583703856891775,
        "parallel_requests_nb": 26
    },
    "30": {
        "speed_generation": [
            0.42167159569934043,
            29.374750202981055,
            0.4311535234542774
        ],
        "time_to_first_token": [
            0.01947849988937378,
            0.1062774658203125,
            0.012076199054718018
        ],
        "max_kv_cache": 0.00641091924309789,
        "parallel_requests_nb": 30
    },
    "34": {
        "speed_generation": [
            0.4172682663769365,
            26.45273292526776,
            0.44432751862966313
        ],
        "time_to_first_token": [
            0.010769188404083252,
            0.10239994525909424,
            0.014560163021087646
        ],
        "max_kv_cache": 0.007186433667666248,
        "parallel_requests_nb": 34
    },
    "38": {
        "speed_generation": [
            0.29295299348168413,
            25.3223270617384,
            0.26815011521425447
        ],
        "time_to_first_token": [
            0.01664578914642334,
            0.11567246913909912,
            0.010042369365692139
        ],
        "max_kv_cache": 0.00811705097714821,
        "parallel_requests_nb": 38
    }
}