{
    "1": {
        "speed_generation": [
            0.2007123144902323,
            52.87318116044615,
            0.07840527488504279
        ],
        "time_to_first_token": [
            0.0027559399604797363,
            0.02608513832092285,
            0.001095592975616455
        ],
        "max_kv_cache": 0.003567366353014134,
        "parallel_requests_nb": 1
    },
    "2": {
        "speed_generation": [
            0.18134076645308284,
            52.64648421919246,
            0.12499882083675118
        ],
        "time_to_first_token": [
            0.003537893295288086,
            0.031947970390319824,
            0.008518517017364502
        ],
        "max_kv_cache": 0.007031330782752532,
        "parallel_requests_nb": 2
    },
    "3": {
        "speed_generation": [
            0.1417232090772771,
            50.674684579645984,
            0.15025103752079616
        ],
        "time_to_first_token": [
            0.004673480987548828,
            0.03540050983428955,
            0.0045239925384521484
        ],
        "max_kv_cache": 0.010443594250853061,
        "parallel_requests_nb": 3
    },
    "4": {
        "speed_generation": [
            0.18909255338831343,
            50.24549875576808,
            0.08164240942249279
        ],
        "time_to_first_token": [
            0.005982875823974609,
            0.04329180717468262,
            0.004522085189819336
        ],
        "max_kv_cache": 0.013959259642229327,
        "parallel_requests_nb": 4
    },
    "6": {
        "speed_generation": [
            0.30839292361635273,
            48.69349975942167,
            0.2728346659509455
        ],
        "time_to_first_token": [
            0.006117343902587891,
            0.04445219039916992,
            0.006962776184082031
        ],
        "max_kv_cache": 0.020887188501706122,
        "parallel_requests_nb": 6
    },
    "8": {
        "speed_generation": [
            0.18134650614011605,
            48.012741370664095,
            0.2167738486093853
        ],
        "time_to_first_token": [
            0.005880117416381836,
            0.05068516731262207,
            0.008254766464233398
        ],
        "max_kv_cache": 0.027866818322820786,
        "parallel_requests_nb": 8
    },
    "10": {
        "speed_generation": [
            0.1861490332877409,
            46.88157638912751,
            0.09345516325902992
        ],
        "time_to_first_token": [
            0.004837155342102051,
            0.05000805854797363,
            0.005346417427062988
        ],
        "max_kv_cache": 0.03474304622065971,
        "parallel_requests_nb": 10
    },
    "14": {
        "speed_generation": [
            0.7031564793837433,
            45.237974369853916,
            0.18188537051401
        ],
        "time_to_first_token": [
            0.007954835891723633,
            0.06646084785461426,
            0.00736081600189209
        ],
        "max_kv_cache": 0.0485989039396133,
        "parallel_requests_nb": 14
    },
    "18": {
        "speed_generation": [
            0.4639757694788855,
            40.91756003463929,
            0.1629843095647061
        ],
        "time_to_first_token": [
            0.011294841766357422,
            0.08652687072753906,
            0.009577155113220215
        ],
        "max_kv_cache": 0.062403060696928914,
        "parallel_requests_nb": 18
    },
    "22": {
        "speed_generation": [
            0.2967365329720053,
            39.107711799009415,
            0.2812379201847506
        ],
        "time_to_first_token": [
            0.011468052864074707,
            0.10036396980285645,
            0.008785605430603027
        ],
        "max_kv_cache": 0.0762589184158825,
        "parallel_requests_nb": 22
    },
    "26": {
        "speed_generation": [
            0.08042873764536296,
            36.99269331467176,
            0.4611916939098677
        ],
        "time_to_first_token": [
            0.009192705154418945,
            0.10681891441345215,
            0.010560989379882812
        ],
        "max_kv_cache": 0.09016647709647396,
        "parallel_requests_nb": 26
    },
    "30": {
        "speed_generation": [
            0.07940290173755216,
            34.964920157098625,
            0.14532411903371667
        ],
        "time_to_first_token": [
            0.014009952545166016,
            0.11248087882995605,
            0.010368108749389648
        ],
        "max_kv_cache": 0.10412573673870329,
        "parallel_requests_nb": 30
    },
    "34": {
        "speed_generation": [
            0.07852976198407546,
            29.016059197048794,
            0.06851166598232084
        ],
        "time_to_first_token": [
            0.013125896453857422,
            0.11994791030883789,
            0.010556936264038086
        ],
        "max_kv_cache": 0.11782649157274327,
        "parallel_requests_nb": 34
    },
    "38": {
        "speed_generation": [
            0.14598093410612378,
            25.439815506513806,
            0.09469100941644015
        ],
        "time_to_first_token": [
            0.008760213851928711,
            0.12548518180847168,
            0.008180499076843262
        ],
        "max_kv_cache": 0.13173405025333473,
        "parallel_requests_nb": 38
    }
}