{
    "1": {
        "speed_generation": [
            0.16445822099331764,
            50.25512382676071,
            0.11556976167154431
        ],
        "time_to_first_token": [
            0.0012156963348388672,
            0.12167048454284668,
            0.0018720030784606934
        ],
        "max_kv_cache": 0.003360562506462661,
        "parallel_requests_nb": 1
    },
    "2": {
        "speed_generation": [
            0.18302429584542068,
            48.42811291965901,
            0.13926292580423905
        ],
        "time_to_first_token": [
            0.023202896118164062,
            0.15340304374694824,
            0.015608787536621094
        ],
        "max_kv_cache": 0.006669424051287343,
        "parallel_requests_nb": 2
    },
    "3": {
        "speed_generation": [
            0.31394389827221403,
            44.48078522274307,
            0.21089525838068823
        ],
        "time_to_first_token": [
            0.025037288665771484,
            0.1633690595626831,
            0.010053455829620361
        ],
        "max_kv_cache": 0.009926584634474156,
        "parallel_requests_nb": 3
    },
    "4": {
        "speed_generation": [
            0.17973311057428987,
            42.688552208765245,
            0.146084052092597
        ],
        "time_to_first_token": [
            0.016877174377441406,
            0.16765809059143066,
            0.007306098937988281
        ],
        "max_kv_cache": 0.01318374521766108,
        "parallel_requests_nb": 4
    },
    "6": {
        "speed_generation": [
            0.20058921305578536,
            39.80612882996264,
            0.1267345062611298
        ],
        "time_to_first_token": [
            0.006938934326171875,
            0.1696610450744629,
            0.0064449310302734375
        ],
        "max_kv_cache": 0.01959466446075897,
        "parallel_requests_nb": 6
    },
    "8": {
        "speed_generation": [
            0.13751991764841875,
            37.5051127498724,
            0.09582264017979725
        ],
        "time_to_first_token": [
            0.006908893585205078,
            0.17241787910461426,
            0.0063086748123168945
        ],
        "max_kv_cache": 0.025902181780581124,
        "parallel_requests_nb": 8
    },
    "10": {
        "speed_generation": [
            0.14567262766370703,
            35.25211433860424,
            0.11644862904631026
        ],
        "time_to_first_token": [
            0.007053852081298828,
            0.17471790313720703,
            0.006369113922119141
        ],
        "max_kv_cache": 0.032261400062041146,
        "parallel_requests_nb": 10
    },
    "14": {
        "speed_generation": [
            0.1293471071058825,
            31.15941968921449,
            0.08952430337969375
        ],
        "time_to_first_token": [
            0.0068168044090271,
            0.17885255813598633,
            0.006559789180755615
        ],
        "max_kv_cache": 0.04472133181677174,
        "parallel_requests_nb": 14
    },
    "18": {
        "speed_generation": [
            0.14499288191170834,
            27.051742574268104,
            0.0933421690919296
        ],
        "time_to_first_token": [
            0.007184207439422607,
            0.18577361106872559,
            0.0075585246086120605
        ],
        "max_kv_cache": 0.05718126357150244,
        "parallel_requests_nb": 18
    },
    "22": {
        "speed_generation": [
            0.12477891427626986,
            24.500121252370043,
            0.10227886081237969
        ],
        "time_to_first_token": [
            0.007315933704376221,
            0.19212448596954346,
            0.007468521595001221
        ],
        "max_kv_cache": 0.06958949436459516,
        "parallel_requests_nb": 22
    },
    "26": {
        "speed_generation": [
            0.1637873955316067,
            22.260650348600663,
            0.12384081573217642
        ],
        "time_to_first_token": [
            0.007234334945678711,
            0.19776153564453125,
            0.008395731449127197
        ],
        "max_kv_cache": 0.08251473477406679,
        "parallel_requests_nb": 26
    },
    "30": {
        "speed_generation": [
            0.13411785986648894,
            20.09059790102313,
            0.08807769874653815
        ],
        "time_to_first_token": [
            0.0075241923332214355,
            0.2061229944229126,
            0.008201897144317627
        ],
        "max_kv_cache": 0.09383724537276394,
        "parallel_requests_nb": 30
    },
    "34": {
        "speed_generation": [
            0.08218375536431566,
            18.222906358477225,
            0.07610722040288209
        ],
        "time_to_first_token": [
            0.006341993808746338,
            0.21109402179718018,
            0.007308840751647949
        ],
        "max_kv_cache": 0.10593527039602935,
        "parallel_requests_nb": 34
    },
    "38": {
        "speed_generation": [
            0.09136275256731885,
            12.434390924011314,
            0.2344741560322987
        ],
        "time_to_first_token": [
            0.026794373989105225,
            0.24626851081848145,
            0.023281097412109375
        ],
        "max_kv_cache": 0.11787819253438114,
        "parallel_requests_nb": 38
    }
}