{
    "1": {
        "speed_generation": [
            0.08104495875519646,
            14.5931805363121,
            0.06516681123872559
        ],
        "time_to_first_token": [
            0.005434513092041016,
            0.6857481002807617,
            0.005979716777801514
        ],
        "max_kv_cache": 0.007240112383834041,
        "parallel_requests_nb": 1
    },
    "2": {
        "speed_generation": [
            0.060098764104710156,
            9.31454865244195,
            0.06394211672998829
        ],
        "time_to_first_token": [
            0.015825390815734863,
            0.7085070610046387,
            0.27884185314178467
        ],
        "max_kv_cache": 0.01437216338880487,
        "parallel_requests_nb": 2
    },
    "3": {
        "speed_generation": [
            0.04200303425135665,
            6.882021986731793,
            0.031487292464845495
        ],
        "time_to_first_token": [
            0.014221906661987305,
            0.7091934680938721,
            0.2749856114387512
        ],
        "max_kv_cache": 0.021288091636049278,
        "parallel_requests_nb": 3
    },
    "4": {
        "speed_generation": [
            0.032912800683503995,
            5.46383425616426,
            0.028353752198380988
        ],
        "time_to_first_token": [
            0.27438151836395264,
            0.982196569442749,
            0.02559608221054077
        ],
        "max_kv_cache": 0.028312081262156896,
        "parallel_requests_nb": 4
    },
    "6": {
        "speed_generation": [
            0.03015582186140131,
            3.881888745309136,
            0.02907385016857722
        ],
        "time_to_first_token": [
            0.04179912805557251,
            1.0194520950317383,
            0.28548502922058105
        ],
        "max_kv_cache": 0.0419278149989194,
        "parallel_requests_nb": 6
    },
    "8": {
        "speed_generation": [
            0.02261777098445572,
            3.0086595358749157,
            0.041678068260922796
        ],
        "time_to_first_token": [
            0.29534029960632324,
            1.2980031967163086,
            0.2907137870788574
        ],
        "max_kv_cache": 0.055759671493408214,
        "parallel_requests_nb": 8
    },
    "10": {
        "speed_generation": [
            0.003771324018512434,
            2.480352510960527,
            0.00363092872149684
        ],
        "time_to_first_token": [
            0.006685972213745117,
            1.6028180122375488,
            0.0067179203033447266
        ],
        "max_kv_cache": 0.06937540523017072,
        "parallel_requests_nb": 10
    },
    "14": {
        "speed_generation": [
            0.0015157412127926317,
            1.7722513140854586,
            0.0016724325723955769
        ],
        "time_to_first_token": [
            0.006415605545043945,
            4.18372106552124,
            0.0063478946685791016
        ],
        "max_kv_cache": 0.06894315971471798,
        "parallel_requests_nb": 14
    },
    "18": {
        "speed_generation": [
            0.0013440862647131624,
            1.3781451031669247,
            0.004005564259527805
        ],
        "time_to_first_token": [
            0.016950130462646484,
            6.765387058258057,
            0.008168458938598633
        ],
        "max_kv_cache": 0.0690512210935812,
        "parallel_requests_nb": 18
    },
    "22": {
        "speed_generation": [
            0.0019944495234609505,
            1.1294864558131117,
            0.00636193653441075
        ],
        "time_to_first_token": [
            0.049205243587493896,
            9.329242467880249,
            0.019424915313720703
        ],
        "max_kv_cache": 0.0692673438513075,
        "parallel_requests_nb": 22
    },
    "26": {
        "speed_generation": [
            0.0006245172431433854,
            0.9539684044466911,
            0.01761090149478839
        ],
        "time_to_first_token": [
            0.09026646614074707,
            11.928529977798462,
            0.009873509407043457
        ],
        "max_kv_cache": 0.06894315971471798,
        "parallel_requests_nb": 26
    },
    "30": {
        "speed_generation": [
            0.00043888659375568295,
            0.8265259030594945,
            0.013486117960613164
        ],
        "time_to_first_token": [
            0.31091439723968506,
            14.513967990875244,
            0.009119510650634766
        ],
        "max_kv_cache": 0.06883509833585477,
        "parallel_requests_nb": 30
    },
    "34": {
        "speed_generation": [
            0.0004996382146833511,
            0.7317535204276922,
            0.010515299939160005
        ],
        "time_to_first_token": [
            0.31088197231292725,
            17.038220405578613,
            0.013803660869598389
        ],
        "max_kv_cache": 0.0690512210935812,
        "parallel_requests_nb": 34
    },
    "38": {
        "speed_generation": [
            0.0003194023749309993,
            0.6545002717092627,
            0.008404397491924787
        ],
        "time_to_first_token": [
            0.31189286708831787,
            19.617295026779175,
            0.010466337203979492
        ],
        "max_kv_cache": 0.0691592824724443,
        "parallel_requests_nb": 38
    }
}