{
    "1": {
        "speed_generation": [
            0.039217128857110595,
            35.17517275294387,
            0.024837593373426614
        ],
        "time_to_first_token": [
            0.003409266471862793,
            0.6817959547042847,
            0.005366802215576172
        ],
        "max_kv_cache": 0.014047979252215237,
        "parallel_requests_nb": 1
    },
    "2": {
        "speed_generation": [
            0.03177405850838255,
            33.76732020838853,
            0.026651206094399527
        ],
        "time_to_first_token": [
            0.04308706521987915,
            0.7441844940185547,
            0.25112056732177734
        ],
        "max_kv_cache": 0.02766371298897774,
        "parallel_requests_nb": 2
    },
    "3": {
        "speed_generation": [
            0.3730835129988961,
            31.900398168600837,
            0.06651516228795629
        ],
        "time_to_first_token": [
            0.01789647340774536,
            1.0040096044540405,
            0.2783058285713196
        ],
        "max_kv_cache": 0.041495569483466554,
        "parallel_requests_nb": 3
    },
    "4": {
        "speed_generation": [
            0.05309563477606716,
            30.88645117817927,
            0.1884890498942191
        ],
        "time_to_first_token": [
            0.019098520278930664,
            1.008360505104065,
            0.28555774688720703
        ],
        "max_kv_cache": 0.05532742597795548,
        "parallel_requests_nb": 4
    },
    "6": {
        "speed_generation": [
            0.054238628507079056,
            28.541243517358726,
            0.20051275383743317
        ],
        "time_to_first_token": [
            0.2727649211883545,
            1.3027560710906982,
            0.2908658981323242
        ],
        "max_kv_cache": 0.08266695483034359,
        "parallel_requests_nb": 6
    },
    "8": {
        "speed_generation": [
            0.086384904489762,
            27.42276376811759,
            0.0629606870990358
        ],
        "time_to_first_token": [
            0.3224499225616455,
            1.3398879766464233,
            0.2666487693786621
        ],
        "max_kv_cache": 0.10989842230386859,
        "parallel_requests_nb": 8
    },
    "10": {
        "speed_generation": [
            0.2015225853529543,
            25.65290283082446,
            0.09863739138739902
        ],
        "time_to_first_token": [
            0.4241800308227539,
            1.595329999923706,
            0.026810407638549805
        ],
        "max_kv_cache": 0.13745407391398312,
        "parallel_requests_nb": 10
    },
    "14": {
        "speed_generation": [
            0.1474734448962245,
            23.820942529383842,
            0.06679849336230959
        ],
        "time_to_first_token": [
            0.30132603645324707,
            1.6088480949401855,
            0.3299558162689209
        ],
        "max_kv_cache": 0.19116057920899066,
        "parallel_requests_nb": 14
    },
    "18": {
        "speed_generation": [
            0.0378665789708208,
            19.84544735848731,
            0.04251176688554281
        ],
        "time_to_first_token": [
            0.24508142471313477,
            1.611785888671875,
            0.013248562812805176
        ],
        "max_kv_cache": 0.24583963691376698,
        "parallel_requests_nb": 18
    },
    "22": {
        "speed_generation": [
            0.10659805667584266,
            18.638075129650495,
            0.02624046144322989
        ],
        "time_to_first_token": [
            0.009892463684082031,
            1.6255059242248535,
            0.25031912326812744
        ],
        "max_kv_cache": 0.2994380808299114,
        "parallel_requests_nb": 22
    }
}