{
    "1": {
        "speed_generation": [
            0.0496442085227784,
            36.10174928968878,
            0.02640088532321272
        ],
        "time_to_first_token": [
            0.001580953598022461,
            0.08236098289489746,
            0.002172231674194336
        ],
        "max_kv_cache": 0.007456235141560352,
        "parallel_requests_nb": 1
    },
    "2": {
        "speed_generation": [
            0.016658687485119117,
            35.50621855267552,
            0.029991610187565243
        ],
        "time_to_first_token": [
            0.009489357471466064,
            0.12911450862884521,
            0.010867893695831299
        ],
        "max_kv_cache": 0.014912470283120816,
        "parallel_requests_nb": 2
    },
    "3": {
        "speed_generation": [
            0.050369745119169806,
            34.99889091424723,
            0.045533481596677916
        ],
        "time_to_first_token": [
            0.015479207038879395,
            0.1569279432296753,
            0.012607991695404053
        ],
        "max_kv_cache": 0.022152582666954856,
        "parallel_requests_nb": 3
    },
    "4": {
        "speed_generation": [
            0.04011800348322936,
            34.58012654816157,
            0.08534238288492446
        ],
        "time_to_first_token": [
            0.016236305236816406,
            0.18844091892242432,
            0.00809413194656372
        ],
        "max_kv_cache": 0.029500756429651998,
        "parallel_requests_nb": 4
    },
    "6": {
        "speed_generation": [
            0.013302308253727801,
            33.573415930662605,
            0.04280258512590507
        ],
        "time_to_first_token": [
            0.016699671745300293,
            0.2445840835571289,
            0.010667920112609863
        ],
        "max_kv_cache": 0.0441971039550465,
        "parallel_requests_nb": 6
    },
    "8": {
        "speed_generation": [
            0.05467421765260383,
            33.29295588709442,
            0.0379145076811227
        ],
        "time_to_first_token": [
            0.0152740478515625,
            0.23798894882202148,
            0.008785009384155273
        ],
        "max_kv_cache": 0.05846120596498816,
        "parallel_requests_nb": 8
    },
    "10": {
        "speed_generation": [
            0.04322087083446746,
            32.15711684117944,
            0.0789627501525203
        ],
        "time_to_first_token": [
            0.01842641830444336,
            0.21912193298339844,
            0.03406107425689697
        ],
        "max_kv_cache": 0.07348173762697208,
        "parallel_requests_nb": 10
    },
    "14": {
        "speed_generation": [
            0.03758001612143502,
            31.67070101377764,
            0.043393430484169215
        ],
        "time_to_first_token": [
            0.021121501922607422,
            0.4820990562438965,
            0.027602434158325195
        ],
        "max_kv_cache": 0.10244218716230824,
        "parallel_requests_nb": 14
    },
    "18": {
        "speed_generation": [
            0.05535381541002948,
            26.68380964451552,
            0.062156725838114824
        ],
        "time_to_first_token": [
            0.10399723052978516,
            0.543891191482544,
            0.06329178810119629
        ],
        "max_kv_cache": 0.1315106980765075,
        "parallel_requests_nb": 18
    },
    "22": {
        "speed_generation": [
            0.021878154080461343,
            26.298445233875967,
            0.05576788001116029
        ],
        "time_to_first_token": [
            0.11081743240356445,
            0.6514170169830322,
            0.04142200946807861
        ],
        "max_kv_cache": 0.16079533174843308,
        "parallel_requests_nb": 22
    }
}