{
    "1": {
        "speed_generation": [
            0.32170188082248785,
            49.9700398069371,
            0.3249934587144452
        ],
        "time_to_first_token": [
            0.0015194416046142578,
            0.03603792190551758,
            0.0028066635131835938
        ],
        "max_kv_cache": 0.00023636670606108634,
        "parallel_requests_nb": 1
    },
    "2": {
        "speed_generation": [
            0.5236692478087832,
            44.31579058362249,
            1.3091541980355075
        ],
        "time_to_first_token": [
            0.00822824239730835,
            0.04698646068572998,
            0.01440495252609253
        ],
        "max_kv_cache": 0.0004389667398277952,
        "parallel_requests_nb": 2
    },
    "3": {
        "speed_generation": [
            0.6045459593780649,
            42.512023585248826,
            0.7988552648409737
        ],
        "time_to_first_token": [
            0.018651127815246582,
            0.06339395046234131,
            0.010096848011016846
        ],
        "max_kv_cache": 0.0006415667735945041,
        "parallel_requests_nb": 3
    },
    "4": {
        "speed_generation": [
            0.6639337937471694,
            41.26854433218641,
            0.7233309203087686
        ],
        "time_to_first_token": [
            0.023060262203216553,
            0.07582557201385498,
            0.007238984107971191
        ],
        "max_kv_cache": 0.0008441668073611019,
        "parallel_requests_nb": 4
    },
    "6": {
        "speed_generation": [
            0.7103152201880789,
            36.831223568786314,
            0.8546925137190016
        ],
        "time_to_first_token": [
            0.028746366500854492,
            0.10233807563781738,
            0.011266052722930908
        ],
        "max_kv_cache": 0.0012156002026000312,
        "parallel_requests_nb": 6
    },
    "8": {
        "speed_generation": [
            0.6927397191852194,
            34.729118412138064,
            0.6434271229730584
        ],
        "time_to_first_token": [
            0.02216780185699463,
            0.13068151473999023,
            0.009982585906982422
        ],
        "max_kv_cache": 0.0015195002532500945,
        "parallel_requests_nb": 8
    },
    "10": {
        "speed_generation": [
            0.666346256531984,
            31.380361524275173,
            0.5709609618452163
        ],
        "time_to_first_token": [
            0.03488445281982422,
            0.1531839370727539,
            0.012389779090881348
        ],
        "max_kv_cache": 0.0018909336484889128,
        "parallel_requests_nb": 10
    },
    "14": {
        "speed_generation": [
            0.5616824294528193,
            27.441523909480168,
            0.7244774185005696
        ],
        "time_to_first_token": [
            0.01983511447906494,
            0.21680903434753418,
            0.017474651336669922
        ],
        "max_kv_cache": 0.002600033766672283,
        "parallel_requests_nb": 14
    },
    "18": {
        "speed_generation": [
            0.5097248177118239,
            23.312025507511933,
            0.42742547103749473
        ],
        "time_to_first_token": [
            0.01292949914932251,
            0.28625261783599854,
            0.013469398021697998
        ],
        "max_kv_cache": 0.003309133884855653,
        "parallel_requests_nb": 18
    },
    "22": {
        "speed_generation": [
            0.5213500825475208,
            21.25668509924477,
            0.3847297512645973
        ],
        "time_to_first_token": [
            0.01453101634979248,
            0.3438899517059326,
            0.016080081462860107
        ],
        "max_kv_cache": 0.003984467330744534,
        "parallel_requests_nb": 22
    },
    "26": {
        "speed_generation": [
            0.3744751216206623,
            18.928157654529542,
            0.34760706494603255
        ],
        "time_to_first_token": [
            0.01660245656967163,
            0.4051849842071533,
            0.018085956573486328
        ],
        "max_kv_cache": 0.004659800776633416,
        "parallel_requests_nb": 26
    },
    "30": {
        "speed_generation": [
            0.28359071523789225,
            17.54474377370016,
            0.40797834198071214
        ],
        "time_to_first_token": [
            0.018935203552246094,
            0.46277916431427,
            0.01825934648513794
        ],
        "max_kv_cache": 0.005233834205639054,
        "parallel_requests_nb": 30
    },
    "34": {
        "speed_generation": [
            0.20725780454191955,
            15.937905950333558,
            0.21554361360294294
        ],
        "time_to_first_token": [
            0.0192795991897583,
            0.5323214530944824,
            0.012571930885314941
        ],
        "max_kv_cache": 0.0061793010298835105,
        "parallel_requests_nb": 34
    },
    "38": {
        "speed_generation": [
            0.2931766856011002,
            15.075509493324462,
            0.3043519346179675
        ],
        "time_to_first_token": [
            0.021261870861053467,
            0.5773329734802246,
            0.016080737113952637
        ],
        "max_kv_cache": 0.006685801114300172,
        "parallel_requests_nb": 38
    }
}