{
    "1": {
        "speed_generation": [
            0.16302480237285977,
            45.939824468864245,
            0.16518103831376152
        ],
        "time_to_first_token": [
            0.0038909912109375,
            0.3138265609741211,
            0.005015194416046143
        ],
        "max_kv_cache": 0.0030052338342055895,
        "parallel_requests_nb": 1
    },
    "2": {
        "speed_generation": [
            0.18327627619326847,
            40.19993320863615,
            0.2063014487690964
        ],
        "time_to_first_token": [
            0.2709153890609741,
            0.5972039699554443,
            0.011245965957641602
        ],
        "max_kv_cache": 0.005909167651527936,
        "parallel_requests_nb": 2
    },
    "3": {
        "speed_generation": [
            0.18138146171508396,
            35.68192911125153,
            0.1513625112165542
        ],
        "time_to_first_token": [
            0.28104090690612793,
            0.8801436424255371,
            0.016812503337860107
        ],
        "max_kv_cache": 0.008914401485733636,
        "parallel_requests_nb": 3
    },
    "4": {
        "speed_generation": [
            0.12663417526671594,
            32.8705438989112,
            0.1115640121798478
        ],
        "time_to_first_token": [
            0.5440559387207031,
            1.154336929321289,
            0.02136707305908203
        ],
        "max_kv_cache": 0.011750801958467005,
        "parallel_requests_nb": 4
    },
    "6": {
        "speed_generation": [
            0.09157879739128916,
            27.985463034381763,
            0.10938510413570413
        ],
        "time_to_first_token": [
            0.5427861213684082,
            1.7226591110229492,
            0.022025465965270996
        ],
        "max_kv_cache": 0.017558669593111587,
        "parallel_requests_nb": 6
    },
    "8": {
        "speed_generation": [
            0.12092921397110246,
            24.24525770438304,
            0.10160037853155046
        ],
        "time_to_first_token": [
            0.05523395538330078,
            2.2817468643188477,
            0.022518157958984375
        ],
        "max_kv_cache": 0.023299003883167302,
        "parallel_requests_nb": 8
    },
    "10": {
        "speed_generation": [
            0.08391807586017563,
            20.845245851914946,
            0.07102740725542134
        ],
        "time_to_first_token": [
            1.1116256713867188,
            2.8362817764282227,
            0.02922224998474121
        ],
        "max_kv_cache": 0.02914063819010637,
        "parallel_requests_nb": 10
    },
    "14": {
        "speed_generation": [
            0.08909993412712325,
            17.177753984085417,
            0.0737849934428283
        ],
        "time_to_first_token": [
            0.05357503890991211,
            3.930202007293701,
            0.03190779685974121
        ],
        "max_kv_cache": 0.04068884011480667,
        "parallel_requests_nb": 14
    },
    "18": {
        "speed_generation": [
            0.023795160250985603,
            14.157377014077742,
            0.06303039777002795
        ],
        "time_to_first_token": [
            0.5472384691238403,
            4.234243869781494,
            0.8183431625366211
        ],
        "max_kv_cache": 0.05203444200574037,
        "parallel_requests_nb": 18
    },
    "22": {
        "speed_generation": [
            0.04449611275587273,
            12.218430861828164,
            0.03169181716805625
        ],
        "time_to_first_token": [
            0.9344730377197266,
            4.822636127471924,
            1.3238317966461182
        ],
        "max_kv_cache": 0.06361641060273515,
        "parallel_requests_nb": 22
    },
    "26": {
        "speed_generation": [
            0.06478601746170298,
            10.728008489193957,
            0.04890552434662965
        ],
        "time_to_first_token": [
            1.429307460784912,
            5.39333701133728,
            1.872473955154419
        ],
        "max_kv_cache": 0.07523214587202431,
        "parallel_requests_nb": 26
    },
    "30": {
        "speed_generation": [
            0.031102489876008832,
            9.659419316718736,
            0.03215392457654964
        ],
        "time_to_first_token": [
            1.717677116394043,
            5.727627992630005,
            2.1539618968963623
        ],
        "max_kv_cache": 0.08651021441836904,
        "parallel_requests_nb": 30
    },
    "34": {
        "speed_generation": [
            0.03865598837361972,
            8.73412265946303,
            0.03147206660562141
        ],
        "time_to_first_token": [
            2.487415075302124,
            6.724714994430542,
            2.4294450283050537
        ],
        "max_kv_cache": 0.09880128313354719,
        "parallel_requests_nb": 34
    },
    "38": {
        "speed_generation": [
            0.025300568675831414,
            7.968763367493607,
            0.028782389542000075
        ],
        "time_to_first_token": [
            2.6285908222198486,
            7.108591794967651,
            2.510730266571045
        ],
        "max_kv_cache": 0.10937025156170854,
        "parallel_requests_nb": 38
    }
}