{
    "1": {
        "speed_generation": [
            0.17129638446687956,
            10.879905895329017,
            0.09029384461821799
        ],
        "time_to_first_token": [
            0.010534226894378662,
            1.1690285205841064,
            0.02454894781112671
        ],
        "max_kv_cache": 0.008644268107378061,
        "parallel_requests_nb": 1
    },
    "2": {
        "speed_generation": [
            0.05935068877638372,
            6.049167921109799,
            0.07159104743824862
        ],
        "time_to_first_token": [
            1.082974910736084,
            2.2891829013824463,
            0.04020416736602783
        ],
        "max_kv_cache": 0.017288536214756012,
        "parallel_requests_nb": 2
    },
    "3": {
        "speed_generation": [
            0.030578014846033952,
            4.212750317154344,
            0.04023100287273973
        ],
        "time_to_first_token": [
            1.072336196899414,
            3.384052038192749,
            0.06596803665161133
        ],
        "max_kv_cache": 0.025932804322134073,
        "parallel_requests_nb": 3
    },
    "4": {
        "speed_generation": [
            0.023509078764752722,
            3.2407236879180967,
            0.0229651433852891
        ],
        "time_to_first_token": [
            0.11053299903869629,
            3.44726300239563,
            1.1235980987548828
        ],
        "max_kv_cache": 0.034577072429512024,
        "parallel_requests_nb": 4
    },
    "6": {
        "speed_generation": [
            0.01196187603215293,
            2.21429352480252,
            0.010368578025326869
        ],
        "time_to_first_token": [
            1.382542371749878,
            4.799386978149414,
            1.9843785762786865
        ],
        "max_kv_cache": 0.051865608644268146,
        "parallel_requests_nb": 6
    },
    "8": {
        "speed_generation": [
            0.010541893909474132,
            1.6790343530089,
            0.006743071569934811
        ],
        "time_to_first_token": [
            3.3196418285369873,
            6.773675918579102,
            1.2067601680755615
        ],
        "max_kv_cache": 0.06915414485902416,
        "parallel_requests_nb": 8
    },
    "10": {
        "speed_generation": [
            0.010303254480635404,
            1.3531923196093125,
            0.0031340222588005506
        ],
        "time_to_first_token": [
            3.311924934387207,
            6.816812038421631,
            3.3599389791488647
        ],
        "max_kv_cache": 0.08644268107378017,
        "parallel_requests_nb": 10
    },
    "14": {
        "speed_generation": [
            0.00525769254203412,
            0.9746137503002241,
            0.005893878093513272
        ],
        "time_to_first_token": [
            3.464723825454712,
            10.155718803405762,
            3.4358344078063965
        ],
        "max_kv_cache": 0.1210197535032923,
        "parallel_requests_nb": 14
    },
    "18": {
        "speed_generation": [
            0.0011007757578767041,
            0.761829669076069,
            0.0019855417412945053
        ],
        "time_to_first_token": [
            5.540005922317505,
            12.370435953140259,
            4.576094150543213
        ],
        "max_kv_cache": 0.15559682593280433,
        "parallel_requests_nb": 18
    },
    "22": {
        "speed_generation": [
            0.000928473444287814,
            0.6226265290188768,
            0.0021406168540406556
        ],
        "time_to_first_token": [
            6.612421751022339,
            13.638954877853394,
            6.693252682685852
        ],
        "max_kv_cache": 0.19017389836231635,
        "parallel_requests_nb": 22
    },
    "26": {
        "speed_generation": [
            0.0014867204809613233,
            0.5288876116000517,
            0.0013597716049311703
        ],
        "time_to_first_token": [
            6.8566734790802,
            16.94455099105835,
            6.779701471328735
        ],
        "max_kv_cache": 0.22475097079182849,
        "parallel_requests_nb": 26
    },
    "30": {
        "speed_generation": [
            0.0012817620526354712,
            0.45892496631005636,
            0.0018657997343612953
        ],
        "time_to_first_token": [
            7.678984880447388,
            17.965848922729492,
            9.263086080551147
        ],
        "max_kv_cache": 0.2593280432213405,
        "parallel_requests_nb": 30
    },
    "34": {
        "speed_generation": [
            0.0019291329700843463,
            0.40588060123577163,
            0.0009943856011126462
        ],
        "time_to_first_token": [
            9.763623833656311,
            20.485262870788574,
            10.063329100608826
        ],
        "max_kv_cache": 0.29390511565085264,
        "parallel_requests_nb": 34
    },
    "38": {
        "speed_generation": [
            0.0007389557385028556,
            0.3634073168100585,
            0.0003351208262991068
        ],
        "time_to_first_token": [
            10.173723220825195,
            23.787248134613037,
            10.129005908966064
        ],
        "max_kv_cache": 0.32848218808036467,
        "parallel_requests_nb": 38
    }
}