{
    "1": {
        "speed_generation": [
            0.1430948335542297,
            51.739290013404485,
            0.06940740735298334
        ],
        "time_to_first_token": [
            0.001119077205657959,
            0.03693187236785889,
            0.0027599334716796875
        ],
        "max_kv_cache": 0.0023636670606111965,
        "parallel_requests_nb": 1
    },
    "2": {
        "speed_generation": [
            0.11031984561022057,
            49.69349551475227,
            0.09554540094809738
        ],
        "time_to_first_token": [
            0.00796443223953247,
            0.04975903034210205,
            0.013963282108306885
        ],
        "max_kv_cache": 0.0046935674489279045,
        "parallel_requests_nb": 2
    },
    "3": {
        "speed_generation": [
            0.111179949153005,
            48.09817938688133,
            0.04634789644688908
        ],
        "time_to_first_token": [
            0.025022387504577637,
            0.06827497482299805,
            0.006773471832275391
        ],
        "max_kv_cache": 0.006922167820361258,
        "parallel_requests_nb": 3
    },
    "4": {
        "speed_generation": [
            0.04927167443130287,
            47.445053856898,
            0.09727669541104689
        ],
        "time_to_first_token": [
            0.02358722686767578,
            0.07630205154418945,
            0.019429922103881836
        ],
        "max_kv_cache": 0.00935336822556132,
        "parallel_requests_nb": 4
    },
    "6": {
        "speed_generation": [
            0.04059324642393847,
            45.90823170684129,
            0.046151585323706
        ],
        "time_to_first_token": [
            0.036980628967285156,
            0.10216307640075684,
            0.0083540678024292
        ],
        "max_kv_cache": 0.013844335640722627,
        "parallel_requests_nb": 6
    },
    "8": {
        "speed_generation": [
            0.05812410193399131,
            45.12897508522217,
            0.08278796190248272
        ],
        "time_to_first_token": [
            0.02183079719543457,
            0.13442683219909668,
            0.009477376937866211
        ],
        "max_kv_cache": 0.018504136417356043,
        "parallel_requests_nb": 8
    },
    "10": {
        "speed_generation": [
            0.08018830910739894,
            40.803414577334635,
            0.20319112931806416
        ],
        "time_to_first_token": [
            0.06524312496185303,
            0.15854406356811523,
            0.011738896369934082
        ],
        "max_kv_cache": 0.023096403849400593,
        "parallel_requests_nb": 10
    },
    "14": {
        "speed_generation": [
            0.1846864502746115,
            39.38306428596508,
            0.07398840699691078
        ],
        "time_to_first_token": [
            0.019760608673095703,
            0.2090160846710205,
            0.017562389373779297
        ],
        "max_kv_cache": 0.03238223873037316,
        "parallel_requests_nb": 14
    },
    "18": {
        "speed_generation": [
            0.17222406343704222,
            34.976779687885525,
            0.09645432132138865
        ],
        "time_to_first_token": [
            0.03775501251220703,
            0.2852640151977539,
            0.013645172119140625
        ],
        "max_kv_cache": 0.04139794023299004,
        "parallel_requests_nb": 18
    },
    "22": {
        "speed_generation": [
            0.2481446338798321,
            33.08513232189375,
            0.09699273532652342
        ],
        "time_to_first_token": [
            0.028432488441467285,
            0.33837199211120605,
            0.024427056312561035
        ],
        "max_kv_cache": 0.05061624176937363,
        "parallel_requests_nb": 22
    },
    "26": {
        "speed_generation": [
            0.18650658439707257,
            30.871311086532874,
            0.05085342103971513
        ],
        "time_to_first_token": [
            0.05686795711517334,
            0.39533400535583496,
            0.02925288677215576
        ],
        "max_kv_cache": 0.05990207665034608,
        "parallel_requests_nb": 26
    },
    "30": {
        "speed_generation": [
            0.3565921725716876,
            29.986761082791578,
            0.07336597011989099
        ],
        "time_to_first_token": [
            0.05672407150268555,
            0.46042895317077637,
            0.012161016464233398
        ],
        "max_kv_cache": 0.06901907816984632,
        "parallel_requests_nb": 30
    },
    "34": {
        "speed_generation": [
            0.03793198093168115,
            28.20815345709611,
            0.2065439430266096
        ],
        "time_to_first_token": [
            0.047872066497802734,
            0.5004611015319824,
            0.03264594078063965
        ],
        "max_kv_cache": 0.07816984636164104,
        "parallel_requests_nb": 34
    },
    "38": {
        "speed_generation": [
            0.06791577977168117,
            26.922500544283707,
            0.1231863801067341
        ],
        "time_to_first_token": [
            0.18042635917663574,
            0.5845258235931396,
            0.017131567001342773
        ],
        "max_kv_cache": 0.08742191457031911,
        "parallel_requests_nb": 38
    }
}