{
    "1": {
        "speed_generation": [
            0.23539347676347333,
            26.350853160599296,
            0.22206589304804325
        ],
        "time_to_first_token": [
            0.0045601725578308105,
            0.31340456008911133,
            0.005253136157989502
        ],
        "max_kv_cache": 0.0028026338004389917,
        "parallel_requests_nb": 1
    },
    "2": {
        "speed_generation": [
            0.20988349369030956,
            17.495762595871806,
            0.19013498609449542
        ],
        "time_to_first_token": [
            0.2761338949203491,
            0.5964789390563965,
            0.010403037071228027
        ],
        "max_kv_cache": 0.005537734256289006,
        "parallel_requests_nb": 2
    },
    "3": {
        "speed_generation": [
            0.12160867359311389,
            13.152777456569229,
            0.12964021531860936
        ],
        "time_to_first_token": [
            0.27721405029296875,
            0.8740139007568359,
            0.020008087158203125
        ],
        "max_kv_cache": 0.008239068039844644,
        "parallel_requests_nb": 3
    },
    "4": {
        "speed_generation": [
            0.08102629767114067,
            10.674294730680646,
            0.09250394955798846
        ],
        "time_to_first_token": [
            0.5386579036712646,
            1.1554899215698242,
            0.02093219757080078
        ],
        "max_kv_cache": 0.01114300185716699,
        "parallel_requests_nb": 4
    },
    "6": {
        "speed_generation": [
            0.06462778755646692,
            7.710375427303464,
            0.06678178700793591
        ],
        "time_to_first_token": [
            0.5419595241546631,
            1.7179839611053467,
            0.023586511611938477
        ],
        "max_kv_cache": 0.0162417693736282,
        "parallel_requests_nb": 6
    },
    "8": {
        "speed_generation": [
            0.045651019595510434,
            6.028717700312948,
            0.05019188554062559
        ],
        "time_to_first_token": [
            0.8241491317749023,
            2.2787671089172363,
            0.026657819747924805
        ],
        "max_kv_cache": 0.021475603579267255,
        "parallel_requests_nb": 8
    },
    "10": {
        "speed_generation": [
            0.035631178154601706,
            4.925998953858955,
            0.04058678409407879
        ],
        "time_to_first_token": [
            0.5324802398681641,
            2.831088066101074,
            0.03410041332244873
        ],
        "max_kv_cache": 0.02704710450785075,
        "parallel_requests_nb": 10
    },
    "14": {
        "speed_generation": [
            0.017562253288755603,
            3.6592991421085697,
            0.01839240126621
        ],
        "time_to_first_token": [
            0.046569108963012695,
            3.6892359256744385,
            0.26708006858825684
        ],
        "max_kv_cache": 0.03727840621306766,
        "parallel_requests_nb": 14
    },
    "18": {
        "speed_generation": [
            0.014712706348501747,
            2.8842439736073673,
            0.015457433333142312
        ],
        "time_to_first_token": [
            0.3347240686416626,
            4.219011068344116,
            0.8212958574295044
        ],
        "max_kv_cache": 0.047982441330406855,
        "parallel_requests_nb": 18
    },
    "22": {
        "speed_generation": [
            0.009971886968354049,
            2.3864805493470387,
            0.007678453066566782
        ],
        "time_to_first_token": [
            1.173557162284851,
            5.034294962882996,
            1.0457720160484314
        ],
        "max_kv_cache": 0.05851764308627383,
        "parallel_requests_nb": 22
    },
    "26": {
        "speed_generation": [
            0.007268792087279152,
            2.0368266989754353,
            0.0075801630048153434
        ],
        "time_to_first_token": [
            1.6867056488990784,
            5.347415924072266,
            1.8334656357765198
        ],
        "max_kv_cache": 0.06881647813607972,
        "parallel_requests_nb": 26
    },
    "30": {
        "speed_generation": [
            0.009079550628943167,
            1.7785062689557822,
            0.008096926055370712
        ],
        "time_to_first_token": [
            2.223564624786377,
            5.939593076705933,
            2.411325454711914
        ],
        "max_kv_cache": 0.07965557994259664,
        "parallel_requests_nb": 30
    },
    "34": {
        "speed_generation": [
            0.0063376255033291695,
            1.5797019435991562,
            0.004643859962583541
        ],
        "time_to_first_token": [
            2.228423237800598,
            6.197535514831543,
            3.0716938972473145
        ],
        "max_kv_cache": 0.09015701502616913,
        "parallel_requests_nb": 34
    },
    "38": {
        "speed_generation": [
            0.006523575953599092,
            1.416534804147386,
            0.0054812998275570735
        ],
        "time_to_first_token": [
            2.973401427268982,
            7.264040470123291,
            2.5492390990257263
        ],
        "max_kv_cache": 0.10082728347121395,
        "parallel_requests_nb": 38
    }
}