{
    "1": {
        "speed_generation": [
            0.16411953540166735,
            52.93392652492153,
            0.10346197290198234
        ],
        "time_to_first_token": [
            0.0015472173690795898,
            0.036321043968200684,
            0.0029410719871520996
        ],
        "max_kv_cache": 0.0004727334121222837,
        "parallel_requests_nb": 1
    },
    "2": {
        "speed_generation": [
            0.19950502221287536,
            50.481747588681884,
            0.19081040196057586
        ],
        "time_to_first_token": [
            0.009177565574645996,
            0.04811501502990723,
            0.014769911766052246
        ],
        "max_kv_cache": 0.0009117001519500789,
        "parallel_requests_nb": 2
    },
    "3": {
        "speed_generation": [
            0.14908601667338672,
            48.90576971777227,
            0.18580964637092023
        ],
        "time_to_first_token": [
            0.02102184295654297,
            0.06572389602661133,
            0.009016275405883789
        ],
        "max_kv_cache": 0.0013844335640722516,
        "parallel_requests_nb": 3
    },
    "4": {
        "speed_generation": [
            0.1803389008181071,
            48.37258404414731,
            0.18622581434072316
        ],
        "time_to_first_token": [
            0.028387784957885742,
            0.08000397682189941,
            0.0060160160064697266
        ],
        "max_kv_cache": 0.0018234003039000468,
        "parallel_requests_nb": 4
    },
    "6": {
        "speed_generation": [
            0.16665909084849773,
            45.21967914777217,
            0.14643053251917593
        ],
        "time_to_first_token": [
            0.030314922332763672,
            0.10257387161254883,
            0.01073455810546875
        ],
        "max_kv_cache": 0.0026338004389667713,
        "parallel_requests_nb": 6
    },
    "8": {
        "speed_generation": [
            0.13643214427958839,
            44.767800792922486,
            0.13236406459351713
        ],
        "time_to_first_token": [
            0.025166034698486328,
            0.1291208267211914,
            0.010160207748413086
        ],
        "max_kv_cache": 0.003376667229444519,
        "parallel_requests_nb": 8
    },
    "10": {
        "speed_generation": [
            0.20182953396792414,
            41.42688368461669,
            0.17789000306479608
        ],
        "time_to_first_token": [
            0.03724813461303711,
            0.15235614776611328,
            0.014192819595336914
        ],
        "max_kv_cache": 0.004254600709100109,
        "parallel_requests_nb": 10
    },
    "14": {
        "speed_generation": [
            0.30429024365562896,
            39.65363725872518,
            0.1585104126719159
        ],
        "time_to_first_token": [
            0.0207633376121521,
            0.22154104709625244,
            0.014220774173736572
        ],
        "max_kv_cache": 0.005942934323822424,
        "parallel_requests_nb": 14
    },
    "18": {
        "speed_generation": [
            0.16856531064920688,
            34.97205598319167,
            0.1702555642166388
        ],
        "time_to_first_token": [
            0.015927910804748535,
            0.2854773998260498,
            0.015819132328033447
        ],
        "max_kv_cache": 0.007529967921661274,
        "parallel_requests_nb": 18
    },
    "22": {
        "speed_generation": [
            0.14703402190444592,
            33.59393216536629,
            0.1446328046081149
        ],
        "time_to_first_token": [
            0.013716518878936768,
            0.34620654582977295,
            0.011208713054656982
        ],
        "max_kv_cache": 0.009150768191794723,
        "parallel_requests_nb": 22
    },
    "26": {
        "speed_generation": [
            0.16327582490827552,
            31.088707887718247,
            0.17038321928827216
        ],
        "time_to_first_token": [
            0.02382904291152954,
            0.40286850929260254,
            0.015710830688476562
        ],
        "max_kv_cache": 0.010737801789633683,
        "parallel_requests_nb": 26
    },
    "30": {
        "speed_generation": [
            0.2477897730259926,
            30.10955964431341,
            0.17911396557456527
        ],
        "time_to_first_token": [
            0.03588104248046875,
            0.46315455436706543,
            0.013941764831542969
        ],
        "max_kv_cache": 0.012291068715178155,
        "parallel_requests_nb": 30
    },
    "34": {
        "speed_generation": [
            1.0687184792133948,
            28.30971867867772,
            0.15792371202366695
        ],
        "time_to_first_token": [
            0.02220255136489868,
            0.5195504426956177,
            0.021575629711151123
        ],
        "max_kv_cache": 0.014215769035961556,
        "parallel_requests_nb": 34
    },
    "38": {
        "speed_generation": [
            0.12820171249730805,
            27.419858241992642,
            0.16344464910301681
        ],
        "time_to_first_token": [
            0.0236625075340271,
            0.5852594375610352,
            0.015167951583862305
        ],
        "max_kv_cache": 0.015498902583150453,
        "parallel_requests_nb": 38
    }
}