{
    "1": {
        "speed_generation": [
            0.0847440104225825,
            50.490559739816945,
            0.07384877949156277
        ],
        "time_to_first_token": [
            0.006385445594787598,
            0.31680452823638916,
            0.0030243396759033203
        ],
        "max_kv_cache": 0.004896167482694613,
        "parallel_requests_nb": 1
    },
    "2": {
        "speed_generation": [
            0.09410078154716928,
            47.65293149098157,
            0.07312459495867074
        ],
        "time_to_first_token": [
            0.2721753716468811,
            0.5986499786376953,
            0.008862078189849854
        ],
        "max_kv_cache": 0.009657268276211384,
        "parallel_requests_nb": 2
    },
    "3": {
        "speed_generation": [
            0.11840152059436804,
            44.930590122761075,
            0.0422091816616188
        ],
        "time_to_first_token": [
            0.27457934617996216,
            0.8751949071884155,
            0.017872393131256104
        ],
        "max_kv_cache": 0.014418369069728154,
        "parallel_requests_nb": 3
    },
    "4": {
        "speed_generation": [
            0.047830942743900096,
            44.322799282593934,
            0.04196444547238798
        ],
        "time_to_first_token": [
            0.016730546951293945,
            1.1584354639053345,
            0.015635311603546143
        ],
        "max_kv_cache": 0.01928076988012828,
        "parallel_requests_nb": 4
    },
    "6": {
        "speed_generation": [
            0.036058271313685,
            40.187753899998576,
            0.10040790328893934
        ],
        "time_to_first_token": [
            0.05697798728942871,
            1.7166759967803955,
            0.012632966041564941
        ],
        "max_kv_cache": 0.02863413810568971,
        "parallel_requests_nb": 6
    },
    "8": {
        "speed_generation": [
            0.27199493609644776,
            37.601998680076626,
            0.04750448032299914
        ],
        "time_to_first_token": [
            0.032138824462890625,
            2.26554799079895,
            0.02266097068786621
        ],
        "max_kv_cache": 0.03835893972648996,
        "parallel_requests_nb": 8
    },
    "10": {
        "speed_generation": [
            0.041632165549771116,
            33.66366559791487,
            0.03694904496261131
        ],
        "time_to_first_token": [
            0.8056869506835938,
            2.831002950668335,
            0.027687430381774902
        ],
        "max_kv_cache": 0.04794867465811248,
        "parallel_requests_nb": 10
    },
    "14": {
        "speed_generation": [
            0.14631958283992574,
            30.37870936325988,
            0.10489333231171827
        ],
        "time_to_first_token": [
            1.700453758239746,
            3.941819906234741,
            0.0401461124420166
        ],
        "max_kv_cache": 0.06699307783217967,
        "parallel_requests_nb": 14
    },
    "18": {
        "speed_generation": [
            0.1680211497493822,
            26.368101537179935,
            0.0853329500306863
        ],
        "time_to_first_token": [
            0.8027360439300537,
            4.698549032211304,
            0.3338043689727783
        ],
        "max_kv_cache": 0.08586864764477464,
        "parallel_requests_nb": 18
    },
    "22": {
        "speed_generation": [
            0.039507732436828036,
            23.48542629071814,
            0.08540771100937405
        ],
        "time_to_first_token": [
            2.182849884033203,
            5.055085897445679,
            1.1267023086547852
        ],
        "max_kv_cache": 0.10521695086949179,
        "parallel_requests_nb": 22
    },
    "26": {
        "speed_generation": [
            0.13076037361422266,
            21.450620445566592,
            0.06084435845648528
        ],
        "time_to_first_token": [
            2.7137129306793213,
            6.141315937042236,
            0.9034411907196045
        ],
        "max_kv_cache": 0.12412628735438125,
        "parallel_requests_nb": 26
    },
    "30": {
        "speed_generation": [
            0.0659023716992877,
            20.153016927494754,
            0.023938338226052736
        ],
        "time_to_first_token": [
            2.527217984199524,
            6.217583894729614,
            1.3208680152893066
        ],
        "max_kv_cache": 0.14317069052844844,
        "parallel_requests_nb": 30
    },
    "34": {
        "speed_generation": [
            0.12903845272769487,
            18.70614932604236,
            0.0183425110520119
        ],
        "time_to_first_token": [
            2.8833060264587402,
            6.715984106063843,
            2.300131916999817
        ],
        "max_kv_cache": 0.16255276042546007,
        "parallel_requests_nb": 34
    }
}