{
    "1": {
        "speed_generation": [
            0.13815101191255508,
            41.9604591245287,
            0.11830633129054746
        ],
        "time_to_first_token": [
            0.006778836250305176,
            0.9065115451812744,
            0.019330620765686035
        ],
        "max_kv_cache": 0.1843115743280307,
        "parallel_requests_nb": 1
    },
    "2": {
        "speed_generation": [
            0.09689718190493934,
            31.605137388044575,
            0.19573714865513026
        ],
        "time_to_first_token": [
            0.029081642627716064,
            1.787473440170288,
            0.03759765625
        ],
        "max_kv_cache": 0.3625891387822271,
        "parallel_requests_nb": 2
    },
    "3": {
        "speed_generation": [
            0.08459362639733925,
            28.991447381712614,
            0.02892065209702821
        ],
        "time_to_first_token": [
            0.84783536195755,
            2.64395010471344,
            0.023772895336151123
        ],
        "max_kv_cache": 0.5463521667580911,
        "parallel_requests_nb": 3
    },
    "4": {
        "speed_generation": [
            0.07104029175886595,
            25.296653123326976,
            0.09277314926473679
        ],
        "time_to_first_token": [
            0.8968727588653564,
            2.7388380765914917,
            0.8130320906639099
        ],
        "max_kv_cache": 0.7240811848601207,
        "parallel_requests_nb": 4
    },
    "6": {
        "speed_generation": [
            0.8458337479120175,
            20.522624013732035,
            0.5713979186493852
        ],
        "time_to_first_token": [
            0.11684781312942505,
            3.5973418951034546,
            0.8151941299438477
        ],
        "max_kv_cache": 1.0,
        "parallel_requests_nb": 6
    },
    "8": {
        "speed_generation": [
            4.985583546358825,
            16.76207655054578,
            3.6937183176882016
        ],
        "time_to_first_token": [
            2.7414286136627197,
            7.906494498252869,
            27.87581205368042
        ],
        "max_kv_cache": 1.0,
        "parallel_requests_nb": 8
    },
    "10": {
        "speed_generation": [
            0.522200721109435,
            10.827220652694827,
            4.159542592187556
        ],
        "time_to_first_token": [
            32.4419487118721,
            50.12744200229645,
            2.7746428847312927
        ],
        "max_kv_cache": 1.0,
        "parallel_requests_nb": 10
    },
    "14": {
        "speed_generation": [
            2.1647247770185603,
            9.340105245661492,
            1.0058300141119183
        ],
        "time_to_first_token": [
            5.034014403820038,
            59.453537821769714,
            28.519808053970337
        ],
        "max_kv_cache": 1.0,
        "parallel_requests_nb": 14
    },
    "18": {
        "speed_generation": [
            0.2772107723732429,
            6.878349116507524,
            0.20878830872226573
        ],
        "time_to_first_token": [
            2.404461622238159,
            103.65504312515259,
            1.44062077999115
        ],
        "max_kv_cache": 0.9994514536478333,
        "parallel_requests_nb": 18
    }
}