{
    "1": {
        "speed_generation": [
            0.2608954286647176,
            44.26650589471504,
            0.23852164700871725
        ],
        "time_to_first_token": [
            0.0005958080291748047,
            0.0409238338470459,
            0.0008709430694580078
        ],
        "max_kv_cache": 0.0038398244651672853,
        "parallel_requests_nb": 1
    },
    "2": {
        "speed_generation": [
            0.8162357208239825,
            37.83704656010586,
            1.2673105750806002
        ],
        "time_to_first_token": [
            0.0103873610496521,
            0.057739973068237305,
            0.01754748821258545
        ],
        "max_kv_cache": 0.006582556226001124,
        "parallel_requests_nb": 2
    },
    "3": {
        "speed_generation": [
            0.6265420955334449,
            35.77701654643207,
            0.7110778921114616
        ],
        "time_to_first_token": [
            0.017779231071472168,
            0.0729990005493164,
            0.015961885452270508
        ],
        "max_kv_cache": 0.009325287986834851,
        "parallel_requests_nb": 3
    },
    "4": {
        "speed_generation": [
            0.8971231353246338,
            35.0968049653964,
            1.3178626502167958
        ],
        "time_to_first_token": [
            0.023200571537017822,
            0.08431053161621094,
            0.012902796268463135
        ],
        "max_kv_cache": 0.01206801974766869,
        "parallel_requests_nb": 4
    },
    "6": {
        "speed_generation": [
            0.6401766802770155,
            32.579649142620184,
            0.8181680776852573
        ],
        "time_to_first_token": [
            0.026420295238494873,
            0.10190701484680176,
            0.012222111225128174
        ],
        "max_kv_cache": 0.01810202962150298,
        "parallel_requests_nb": 6
    },
    "8": {
        "speed_generation": [
            0.6085619141848113,
            30.818595909246646,
            0.6610371076133106
        ],
        "time_to_first_token": [
            0.02452254295349121,
            0.11820459365844727,
            0.011861443519592285
        ],
        "max_kv_cache": 0.023587493143170546,
        "parallel_requests_nb": 8
    },
    "10": {
        "speed_generation": [
            0.5396121753832901,
            28.58092274193966,
            0.5357150996720215
        ],
        "time_to_first_token": [
            0.01823592185974121,
            0.14004600048065186,
            0.012159228324890137
        ],
        "max_kv_cache": 0.027975863960504666,
        "parallel_requests_nb": 10
    },
    "14": {
        "speed_generation": [
            0.4736549845327218,
            26.48725497733896,
            0.5709678776568445
        ],
        "time_to_first_token": [
            0.012899041175842285,
            0.17958307266235352,
            0.012775182723999023
        ],
        "max_kv_cache": 0.0389467910038398,
        "parallel_requests_nb": 14
    },
    "18": {
        "speed_generation": [
            0.34610382049812216,
            23.40262503852152,
            0.343335979072414
        ],
        "time_to_first_token": [
            0.0109366774559021,
            0.22381591796875,
            0.008670389652252197
        ],
        "max_kv_cache": 0.04936917169500821,
        "parallel_requests_nb": 18
    },
    "22": {
        "speed_generation": [
            0.3274507543016938,
            21.90049810148966,
            0.37861815831705314
        ],
        "time_to_first_token": [
            0.0163915753364563,
            0.26335155963897705,
            0.01009434461593628
        ],
        "max_kv_cache": 0.059791552386176616,
        "parallel_requests_nb": 22
    },
    "26": {
        "speed_generation": [
            0.4606404503192678,
            20.072275977938908,
            0.5474410423649942
        ],
        "time_to_first_token": [
            0.021123647689819336,
            0.31241345405578613,
            0.01588362455368042
        ],
        "max_kv_cache": 0.06911684037301147,
        "parallel_requests_nb": 26
    },
    "30": {
        "speed_generation": [
            0.5650866049182213,
            18.941232919861225,
            0.49969099036772135
        ],
        "time_to_first_token": [
            0.01963937282562256,
            0.3517179489135742,
            0.016598403453826904
        ],
        "max_kv_cache": 0.08228195282501372,
        "parallel_requests_nb": 30
    },
    "34": {
        "speed_generation": [
            0.2666941879341955,
            13.646672695706668,
            0.21859743594071546
        ],
        "time_to_first_token": [
            0.01745784282684326,
            0.38931703567504883,
            0.03021073341369629
        ],
        "max_kv_cache": 0.09051014810751512,
        "parallel_requests_nb": 34
    },
    "38": {
        "speed_generation": [
            0.42643385906182374,
            13.096606329857945,
            0.35430452580452076
        ],
        "time_to_first_token": [
            0.031893908977508545,
            0.43759703636169434,
            0.02497851848602295
        ],
        "max_kv_cache": 0.1003839824465167,
        "parallel_requests_nb": 38
    }
}