{
    "1": {
        "speed_generation": [
            0.09094683543847992,
            47.20127732870141,
            0.08684335237967389
        ],
        "time_to_first_token": [
            0.0006740689277648926,
            0.04151654243469238,
            0.0020333528518676758
        ],
        "max_kv_cache": 0.03784969829950635,
        "parallel_requests_nb": 1
    },
    "2": {
        "speed_generation": [
            0.24537347674739607,
            41.52418938052292,
            0.6269286385472057
        ],
        "time_to_first_token": [
            0.011895716190338135,
            0.0580744743347168,
            0.018946826457977295
        ],
        "max_kv_cache": 0.07515085024684587,
        "parallel_requests_nb": 2
    },
    "3": {
        "speed_generation": [
            0.12985355614488014,
            40.61380359906795,
            0.10408390359960862
        ],
        "time_to_first_token": [
            0.020457208156585693,
            0.07745206356048584,
            0.02125340700149536
        ],
        "max_kv_cache": 0.11245200219418539,
        "parallel_requests_nb": 3
    },
    "4": {
        "speed_generation": [
            0.05380685415894959,
            39.36936078754246,
            0.09387254141005741
        ],
        "time_to_first_token": [
            0.024031400680541992,
            0.08344042301177979,
            0.011849462985992432
        ],
        "max_kv_cache": 0.14920460778935818,
        "parallel_requests_nb": 4
    },
    "6": {
        "speed_generation": [
            0.08956009974788515,
            36.832151648290356,
            0.3451944286859643
        ],
        "time_to_first_token": [
            0.031916141510009766,
            0.10612893104553223,
            0.0037832260131835938
        ],
        "max_kv_cache": 0.22435545803620405,
        "parallel_requests_nb": 6
    },
    "8": {
        "speed_generation": [
            0.0857563421919636,
            35.1083302631362,
            0.4409636985066214
        ],
        "time_to_first_token": [
            0.023541927337646484,
            0.12297606468200684,
            0.007919073104858398
        ],
        "max_kv_cache": 0.29786066922654963,
        "parallel_requests_nb": 8
    },
    "10": {
        "speed_generation": [
            0.02682299981555758,
            33.048518819127956,
            0.06054480093902015
        ],
        "time_to_first_token": [
            0.02734971046447754,
            0.1490778923034668,
            0.013733625411987305
        ],
        "max_kv_cache": 0.3724629731212288,
        "parallel_requests_nb": 10
    },
    "14": {
        "speed_generation": [
            0.028240005420183678,
            30.868246557479733,
            0.10286372144893008
        ],
        "time_to_first_token": [
            0.03444540500640869,
            0.19564199447631836,
            0.00802004337310791
        ],
        "max_kv_cache": 0.5211190345584202,
        "parallel_requests_nb": 14
    },
    "18": {
        "speed_generation": [
            0.16489691600827072,
            28.092425266908197,
            0.14448180743825745
        ],
        "time_to_first_token": [
            0.028982877731323242,
            0.2204899787902832,
            0.011961936950683594
        ],
        "max_kv_cache": 0.6692265496434449,
        "parallel_requests_nb": 18
    },
    "22": {
        "speed_generation": [
            0.13243499589120233,
            26.245061100189606,
            0.07339994878328326
        ],
        "time_to_first_token": [
            0.03723788261413574,
            0.2626478672027588,
            0.030507206916809082
        ],
        "max_kv_cache": 0.8217224355458036,
        "parallel_requests_nb": 22
    },
    "26": {
        "speed_generation": [
            0.15985453038798525,
            24.321676422847734,
            0.04631074054939077
        ],
        "time_to_first_token": [
            0.02946639060974121,
            0.31109189987182617,
            0.03439009189605713
        ],
        "max_kv_cache": 0.968184311574328,
        "parallel_requests_nb": 26
    },
    "30": {
        "speed_generation": [
            0.10983496305586371,
            22.09320780581203,
            0.24881271543657135
        ],
        "time_to_first_token": [
            0.07317763566970825,
            0.8632415533065796,
            0.08617657423019409
        ],
        "max_kv_cache": 1.0,
        "parallel_requests_nb": 30
    },
    "34": {
        "speed_generation": [
            0.13798992878355776,
            16.028999461190132,
            0.5742036848497314
        ],
        "time_to_first_token": [
            0.8806610107421875,
            1.2411301136016846,
            0.16053295135498047
        ],
        "max_kv_cache": 1.0,
        "parallel_requests_nb": 34
    }
}