{
    "1": {
        "speed_generation": [
            0.09919300208400728,
            44.006034323655655,
            0.09040929554753063
        ],
        "time_to_first_token": [
            0.0009274482727050781,
            0.22475147247314453,
            0.0015832781791687012
        ],
        "max_kv_cache": 0.04278661546900708,
        "parallel_requests_nb": 1
    },
    "2": {
        "speed_generation": [
            0.15968521301209648,
            36.0826411854351,
            0.13625178541173
        ],
        "time_to_first_token": [
            0.1911451816558838,
            0.4176490306854248,
            0.012966156005859375
        ],
        "max_kv_cache": 0.08447613823368072,
        "parallel_requests_nb": 2
    },
    "3": {
        "speed_generation": [
            0.08111844092178444,
            32.68376111667268,
            0.1265313266187107
        ],
        "time_to_first_token": [
            0.1859142780303955,
            0.6074628829956055,
            0.020331621170043945
        ],
        "max_kv_cache": 0.12561711464618763,
        "parallel_requests_nb": 3
    },
    "4": {
        "speed_generation": [
            0.13854547914311865,
            30.11840399826225,
            0.14625741461649255
        ],
        "time_to_first_token": [
            0.21162104606628418,
            0.8047580718994141,
            0.01592278480529785
        ],
        "max_kv_cache": 0.16895227646736144,
        "parallel_requests_nb": 4
    },
    "6": {
        "speed_generation": [
            0.13649386742886804,
            25.480775139743685,
            0.09704438760078915
        ],
        "time_to_first_token": [
            0.39335203170776367,
            1.200843095779419,
            0.020372390747070312
        ],
        "max_kv_cache": 0.25068568294020843,
        "parallel_requests_nb": 6
    },
    "8": {
        "speed_generation": [
            0.08453657309400242,
            22.69388863456041,
            0.05999266147324178
        ],
        "time_to_first_token": [
            0.7606501579284668,
            1.5850770473480225,
            0.022603988647460938
        ],
        "max_kv_cache": 0.3340647284695557,
        "parallel_requests_nb": 8
    },
    "10": {
        "speed_generation": [
            0.08840212972473083,
            20.94574609579049,
            0.07533603214223561
        ],
        "time_to_first_token": [
            0.7879908084869385,
            1.9978978633880615,
            0.014728069305419922
        ],
        "max_kv_cache": 0.4185408667032364,
        "parallel_requests_nb": 10
    },
    "14": {
        "speed_generation": [
            0.05695848741576981,
            16.88575765017533,
            0.06838650015851044
        ],
        "time_to_first_token": [
            0.06514012813568115,
            2.783996105194092,
            0.020437955856323242
        ],
        "max_kv_cache": 0.5814591332967636,
        "parallel_requests_nb": 14
    },
    "18": {
        "speed_generation": [
            0.05195740666292181,
            14.318366731241937,
            0.0950763622948827
        ],
        "time_to_first_token": [
            0.2241075038909912,
            3.3877789974212646,
            0.19771206378936768
        ],
        "max_kv_cache": 0.746023038946791,
        "parallel_requests_nb": 18
    },
    "22": {
        "speed_generation": [
            0.0721095129436069,
            12.403931314308737,
            0.046458064475521255
        ],
        "time_to_first_token": [
            0.6204749345779419,
            3.8012659549713135,
            0.5191134214401245
        ],
        "max_kv_cache": 0.9111354909489852,
        "parallel_requests_nb": 22
    },
    "26": {
        "speed_generation": [
            0.04454165191578063,
            10.860461622745664,
            0.11645291447196726
        ],
        "time_to_first_token": [
            0.02042102813720703,
            3.383646011352539,
            1.719519853591919
        ],
        "max_kv_cache": 1.0,
        "parallel_requests_nb": 26
    },
    "30": {
        "speed_generation": [
            0.423234169605772,
            10.806684331624608,
            0.0659554066305077
        ],
        "time_to_first_token": [
            0.031851768493652344,
            4.175958871841431,
            0.9848451614379883
        ],
        "max_kv_cache": 1.0,
        "parallel_requests_nb": 30
    },
    "34": {
        "speed_generation": [
            5.167538656095979,
            10.665417075862559,
            0.22619855899094254
        ],
        "time_to_first_token": [
            0.020738840103149414,
            4.941495895385742,
            8.601704120635986
        ],
        "max_kv_cache": 1.0,
        "parallel_requests_nb": 34
    },
    "38": {
        "speed_generation": [
            1.9089775370575985,
            7.33347846275352,
            3.492554538210591
        ],
        "time_to_first_token": [
            0.22884106636047363,
            5.332165956497192,
            9.22545313835144
        ],
        "max_kv_cache": 1.0,
        "parallel_requests_nb": 38
    }
}