{
    "1": {
        "speed_generation": [
            0.1891368031842351,
            12.840864912235384,
            0.05680216392145532
        ],
        "time_to_first_token": [
            0.004955291748046875,
            0.8924119472503662,
            0.02085411548614502
        ],
        "max_kv_cache": 0.149753154141525,
        "parallel_requests_nb": 1
    },
    "2": {
        "speed_generation": [
            0.07145615663224181,
            7.194943491237373,
            0.039255456158621804
        ],
        "time_to_first_token": [
            0.038536787033081055,
            1.7659869194030762,
            0.014019250869750977
        ],
        "max_kv_cache": 0.2951179374657159,
        "parallel_requests_nb": 2
    },
    "3": {
        "speed_generation": [
            0.0452474546471322,
            5.087220202890357,
            0.03761795838036175
        ],
        "time_to_first_token": [
            0.8424491882324219,
            2.6291611194610596,
            0.03516697883605957
        ],
        "max_kv_cache": 0.4443225452550741,
        "parallel_requests_nb": 3
    },
    "4": {
        "speed_generation": [
            0.024713855677775953,
            3.890904857387893,
            0.029827814985149637
        ],
        "time_to_first_token": [
            0.8532609939575195,
            2.7095909118652344,
            0.8564720153808594
        ],
        "max_kv_cache": 0.5874931431705979,
        "parallel_requests_nb": 4
    },
    "6": {
        "speed_generation": [
            0.014563234526681956,
            2.6766196644935465,
            0.012868429431888817
        ],
        "time_to_first_token": [
            0.9327529668807983,
            3.6375019550323486,
            1.69359290599823
        ],
        "max_kv_cache": 0.8782227098189797,
        "parallel_requests_nb": 6
    },
    "8": {
        "speed_generation": [
            1.3314575115023475,
            2.6831560478565435,
            0.018622933219370363
        ],
        "time_to_first_token": [
            0.08032512664794922,
            4.488152027130127,
            3.177884817123413
        ],
        "max_kv_cache": 0.8776741634668129,
        "parallel_requests_nb": 8
    },
    "10": {
        "speed_generation": [
            0.0074616089850900735,
            1.3566035102563467,
            1.3363780700959436
        ],
        "time_to_first_token": [
            3.208113193511963,
            8.519140005111694,
            0.08277487754821777
        ],
        "max_kv_cache": 0.8776741634668129,
        "parallel_requests_nb": 10
    },
    "14": {
        "speed_generation": [
            0.44461056900793905,
            1.3496647340652899,
            0.0062034794554644
        ],
        "time_to_first_token": [
            0.07413887977600098,
            11.205223083496094,
            3.1990318298339844
        ],
        "max_kv_cache": 0.8787712561711465,
        "parallel_requests_nb": 14
    },
    "18": {
        "speed_generation": [
            0.001622354582217156,
            0.9027353883360713,
            0.0030450477143627586
        ],
        "time_to_first_token": [
            0.18133997917175293,
            14.623775005340576,
            2.4571309089660645
        ],
        "max_kv_cache": 0.8815139879319802,
        "parallel_requests_nb": 18
    },
    "22": {
        "speed_generation": [
            0.00248306815291377,
            0.6804973460154254,
            0.22256602165867023
        ],
        "time_to_first_token": [
            3.187558889389038,
            20.263774871826172,
            0.12436318397521973
        ],
        "max_kv_cache": 0.8749314317059791,
        "parallel_requests_nb": 22
    },
    "26": {
        "speed_generation": [
            0.1330489523332108,
            0.6759063041229603,
            0.002136937258265581
        ],
        "time_to_first_token": [
            0.11514687538146973,
            23.012866973876953,
            3.18403697013855
        ],
        "max_kv_cache": 0.8776741634668129,
        "parallel_requests_nb": 26
    },
    "30": {
        "speed_generation": [
            0.00222981377681597,
            0.5414006073232003,
            0.0020229350963729686
        ],
        "time_to_first_token": [
            0.3075847625732422,
            26.553990602493286,
            2.3566718697547913
        ],
        "max_kv_cache": 0.9934174437739989,
        "parallel_requests_nb": 30
    },
    "34": {
        "speed_generation": [
            0.001886051996717042,
            0.45194411858481703,
            0.08795696883186993
        ],
        "time_to_first_token": [
            3.1782429218292236,
            32.17030096054077,
            0.1427009105682373
        ],
        "max_kv_cache": 0.8804168952276468,
        "parallel_requests_nb": 34
    },
    "38": {
        "speed_generation": [
            0.061919794932483285,
            0.45050487474530704,
            0.0025928405469132776
        ],
        "time_to_first_token": [
            0.20140790939331055,
            34.78617286682129,
            3.1265311241149902
        ],
        "max_kv_cache": 0.8793198025233132,
        "parallel_requests_nb": 38
    }
}