{
    "1": {
        "speed_generation": [
            0.17376214115533628,
            33.73392890187904,
            0.11689484685456364
        ],
        "time_to_first_token": [
            0.0061179399490356445,
            0.9046084880828857,
            0.019649267196655273
        ],
        "max_kv_cache": 0.15194733955019202,
        "parallel_requests_nb": 1
    },
    "2": {
        "speed_generation": [
            0.12377896995659654,
            23.255315528791026,
            0.11660171089737759
        ],
        "time_to_first_token": [
            0.04517817497253418,
            1.7714190483093262,
            0.024486064910888672
        ],
        "max_kv_cache": 0.3017004936917169,
        "parallel_requests_nb": 2
    },
    "3": {
        "speed_generation": [
            0.058952614590058516,
            19.08243293480083,
            0.04016304009373073
        ],
        "time_to_first_token": [
            0.8516300916671753,
            2.64674711227417,
            0.02676689624786377
        ],
        "max_kv_cache": 0.4525507405375754,
        "parallel_requests_nb": 3
    },
    "4": {
        "speed_generation": [
            0.07711980784806904,
            16.076928121606976,
            0.08167057117011822
        ],
        "time_to_first_token": [
            0.0635988712310791,
            2.6983120441436768,
            0.8380959033966064
        ],
        "max_kv_cache": 0.6028524410312671,
        "parallel_requests_nb": 4
    },
    "6": {
        "speed_generation": [
            0.045053525477925405,
            12.045751655690655,
            0.0551101305776136
        ],
        "time_to_first_token": [
            1.6637670993804932,
            4.354974031448364,
            0.9334077835083008
        ],
        "max_kv_cache": 0.9012616566099836,
        "parallel_requests_nb": 6
    },
    "8": {
        "speed_generation": [
            5.939644142172483,
            12.00098409377736,
            0.1058044233770783
        ],
        "time_to_first_token": [
            0.06953835487365723,
            4.449117183685303,
            7.8411078453063965
        ],
        "max_kv_cache": 0.8996160175534833,
        "parallel_requests_nb": 8
    },
    "10": {
        "speed_generation": [
            0.04412885170865355,
            6.0821469662495735,
            5.959478809043579
        ],
        "time_to_first_token": [
            7.889695167541504,
            13.158058166503906,
            0.10981893539428711
        ],
        "max_kv_cache": 0.9018102029621503,
        "parallel_requests_nb": 10
    },
    "14": {
        "speed_generation": [
            1.9923410790340128,
            6.034050771651247,
            0.023993241401888632
        ],
        "time_to_first_token": [
            0.09572720527648926,
            15.852193117141724,
            7.882335901260376
        ],
        "max_kv_cache": 0.897970378496983,
        "parallel_requests_nb": 14
    },
    "18": {
        "speed_generation": [
            0.010081068793634351,
            4.02388643645951,
            0.01872215043406289
        ],
        "time_to_first_token": [
            0.1783607006072998,
            24.016414880752563,
            2.469693183898926
        ],
        "max_kv_cache": 0.8990674712013165,
        "parallel_requests_nb": 18
    },
    "22": {
        "speed_generation": [
            0.007744233345471585,
            3.0291420665780113,
            1.0011261443993509
        ],
        "time_to_first_token": [
            7.899236679077148,
            34.33531188964844,
            0.11173820495605469
        ],
        "max_kv_cache": 0.897970378496983,
        "parallel_requests_nb": 22
    },
    "26": {
        "speed_generation": [
            0.5833407044809538,
            3.0103688856040627,
            0.01833711367594759
        ],
        "time_to_first_token": [
            1.9492430686950684,
            37.14011001586914,
            7.672222137451172
        ],
        "max_kv_cache": 0.9061985737794844,
        "parallel_requests_nb": 26
    },
    "30": {
        "speed_generation": [
            0.0039346890133602486,
            2.41531618552782,
            0.006237755837594339
        ],
        "time_to_first_token": [
            0.13970398902893066,
            45.14189100265503,
            2.5166590213775635
        ],
        "max_kv_cache": 0.8990674712013165,
        "parallel_requests_nb": 30
    },
    "34": {
        "speed_generation": [
            0.01398969423050378,
            2.025819255940986,
            0.39087584523095753
        ],
        "time_to_first_token": [
            7.732357978820801,
            55.332886934280396,
            0.3886721134185791
        ],
        "max_kv_cache": 0.8985189248491497,
        "parallel_requests_nb": 34
    },
    "38": {
        "speed_generation": [
            0.27322121970653357,
            2.0101025838743336,
            0.008940851630602431
        ],
        "time_to_first_token": [
            2.452536106109619,
            58.29413104057312,
            7.691133975982666
        ],
        "max_kv_cache": 0.9045529347229841,
        "parallel_requests_nb": 38
    }
}