{
    "1": {
        "speed_generation": [
            0.038978917611785846,
            46.82279230352992,
            0.05365873318871195
        ],
        "time_to_first_token": [
            0.0017420053482055664,
            0.22550654411315918,
            0.003744661808013916
        ],
        "max_kv_cache": 0.07405375754251231,
        "parallel_requests_nb": 1
    },
    "2": {
        "speed_generation": [
            0.06027519046913454,
            39.202803470744776,
            0.05652843966937837
        ],
        "time_to_first_token": [
            0.18588203191757202,
            0.42006099224090576,
            0.009714961051940918
        ],
        "max_kv_cache": 0.1453647833241909,
        "parallel_requests_nb": 2
    },
    "3": {
        "speed_generation": [
            0.08609714051293338,
            36.43747253934871,
            0.1207484576524962
        ],
        "time_to_first_token": [
            0.19400948286056519,
            0.6225351095199585,
            0.009172379970550537
        ],
        "max_kv_cache": 0.21667580910586948,
        "parallel_requests_nb": 3
    },
    "4": {
        "speed_generation": [
            0.053947431729959305,
            34.18288704913016,
            0.49781189170312246
        ],
        "time_to_first_token": [
            0.3768569827079773,
            0.8057376146316528,
            0.011637389659881592
        ],
        "max_kv_cache": 0.28963247394404823,
        "parallel_requests_nb": 4
    },
    "6": {
        "speed_generation": [
            0.05460469907223242,
            30.86489894654531,
            0.04220006980515478
        ],
        "time_to_first_token": [
            0.5831952095031738,
            1.18617582321167,
            0.026618123054504395
        ],
        "max_kv_cache": 0.4317059791552387,
        "parallel_requests_nb": 6
    },
    "8": {
        "speed_generation": [
            0.16736506943741958,
            28.766419855156123,
            0.09601267318607754
        ],
        "time_to_first_token": [
            0.5565829277038574,
            1.5821349620819092,
            0.025925874710083008
        ],
        "max_kv_cache": 0.575973669775096,
        "parallel_requests_nb": 8
    },
    "10": {
        "speed_generation": [
            0.05746643789505157,
            26.104250546456683,
            0.08471986751990102
        ],
        "time_to_first_token": [
            0.05583822727203369,
            2.002633810043335,
            0.008385777473449707
        ],
        "max_kv_cache": 0.7213384530992869,
        "parallel_requests_nb": 10
    },
    "14": {
        "speed_generation": [
            0.1352711753082083,
            22.161278308178517,
            0.014822702185245618
        ],
        "time_to_first_token": [
            0.029330968856811523,
            2.940770149230957,
            0.017391681671142578
        ],
        "max_kv_cache": 1.0,
        "parallel_requests_nb": 14
    },
    "18": {
        "speed_generation": [
            0.5949167147419914,
            19.038193803174842,
            0.318810237941463
        ],
        "time_to_first_token": [
            0.6038309931755066,
            3.924673557281494,
            0.19486582279205322
        ],
        "max_kv_cache": 1.0,
        "parallel_requests_nb": 18
    },
    "22": {
        "speed_generation": [
            4.962131917897706,
            18.109019123771553,
            0.2750149551367045
        ],
        "time_to_first_token": [
            0.35892724990844727,
            4.322542190551758,
            0.95304274559021
        ],
        "max_kv_cache": 1.0,
        "parallel_requests_nb": 22
    },
    "26": {
        "speed_generation": [
            3.235910320276661,
            13.712978395221615,
            3.0648016920956174
        ],
        "time_to_first_token": [
            0.895698070526123,
            4.995728015899658,
            12.534754991531372
        ],
        "max_kv_cache": 1.0,
        "parallel_requests_nb": 26
    },
    "30": {
        "speed_generation": [
            1.8971829448634665,
            11.272612103200792,
            3.0357406529267887
        ],
        "time_to_first_token": [
            8.313700079917908,
            12.768169641494751,
            40.41910833120346
        ],
        "max_kv_cache": 1.0,
        "parallel_requests_nb": 30
    }
}