{
    "1": {
        "speed_generation": [
            0.107421167344107,
            29.562178096746738,
            0.08347459574785177
        ],
        "time_to_first_token": [
            0.001058816909790039,
            0.22307896614074707,
            0.0010380744934082031
        ],
        "max_kv_cache": 0.0389467910038398,
        "parallel_requests_nb": 1
    },
    "2": {
        "speed_generation": [
            0.3404930081274742,
            19.956916596757296,
            0.1997027766919217
        ],
        "time_to_first_token": [
            0.18375492095947266,
            0.415604829788208,
            0.00941610336303711
        ],
        "max_kv_cache": 0.07734503565551287,
        "parallel_requests_nb": 2
    },
    "3": {
        "speed_generation": [
            0.12110447695857296,
            15.53878639596158,
            0.19656916855466555
        ],
        "time_to_first_token": [
            0.1819899082183838,
            0.6064355373382568,
            0.021128416061401367
        ],
        "max_kv_cache": 0.11519473395501922,
        "parallel_requests_nb": 3
    },
    "4": {
        "speed_generation": [
            0.09659469096075135,
            12.873564911796075,
            0.12618403828838254
        ],
        "time_to_first_token": [
            0.20216083526611328,
            0.8096978664398193,
            0.016746997833251953
        ],
        "max_kv_cache": 0.1535929786066923,
        "parallel_requests_nb": 4
    },
    "6": {
        "speed_generation": [
            0.06630033841316063,
            9.475701327137132,
            0.08709936126197526
        ],
        "time_to_first_token": [
            0.20903313159942627,
            1.2115049362182617,
            0.020909547805786133
        ],
        "max_kv_cache": 0.2276467361492046,
        "parallel_requests_nb": 6
    },
    "8": {
        "speed_generation": [
            0.046874083206169814,
            7.565957642547424,
            0.045533307949209956
        ],
        "time_to_first_token": [
            0.05642139911651611,
            1.626189947128296,
            0.01408243179321289
        ],
        "max_kv_cache": 0.3017004936917169,
        "parallel_requests_nb": 8
    },
    "10": {
        "speed_generation": [
            0.048032407519140286,
            6.323680785679854,
            0.037871017581765365
        ],
        "time_to_first_token": [
            0.37231022119522095,
            2.0089614391326904,
            0.020479023456573486
        ],
        "max_kv_cache": 0.3768513439385628,
        "parallel_requests_nb": 10
    },
    "14": {
        "speed_generation": [
            0.028955928450420387,
            4.708803960176391,
            0.030989415008161103
        ],
        "time_to_first_token": [
            0.0379338264465332,
            2.8160480260849,
            0.022675693035125732
        ],
        "max_kv_cache": 0.5277015907844214,
        "parallel_requests_nb": 14
    },
    "18": {
        "speed_generation": [
            0.015604602064168915,
            3.7329959877540992,
            0.01807454450446544
        ],
        "time_to_first_token": [
            0.7064521312713623,
            3.5706660747528076,
            0.06933653354644775
        ],
        "max_kv_cache": 0.6752605595172791,
        "parallel_requests_nb": 18
    },
    "22": {
        "speed_generation": [
            0.009082016257452086,
            3.12221324607551,
            0.011751563914791596
        ],
        "time_to_first_token": [
            0.693389892578125,
            3.7883079051971436,
            0.5605580806732178
        ],
        "max_kv_cache": 0.8239166209544706,
        "parallel_requests_nb": 22
    },
    "26": {
        "speed_generation": [
            0.010676710799789824,
            2.6755749817711045,
            0.010759809966693012
        ],
        "time_to_first_token": [
            0.6169412732124329,
            3.838027000427246,
            1.3323102593421936
        ],
        "max_kv_cache": 0.9775095995611629,
        "parallel_requests_nb": 26
    },
    "30": {
        "speed_generation": [
            0.07681068093545296,
            2.66636735269849,
            0.0195659452489112
        ],
        "time_to_first_token": [
            0.039796292781829834,
            3.787011981010437,
            1.3824284076690674
        ],
        "max_kv_cache": 1.0,
        "parallel_requests_nb": 30
    },
    "34": {
        "speed_generation": [
            1.257176878902134,
            2.605720319734976,
            0.06872904264798141
        ],
        "time_to_first_token": [
            0.027026712894439697,
            4.565600514411926,
            2.9200985431671143
        ],
        "max_kv_cache": 0.9994514536478333,
        "parallel_requests_nb": 34
    },
    "38": {
        "speed_generation": [
            1.2617693811800514,
            2.594907326012948,
            0.08216851196880448
        ],
        "time_to_first_token": [
            0.16921532154083252,
            5.330023407936096,
            3.001405954360962
        ],
        "max_kv_cache": 0.9994514536478333,
        "parallel_requests_nb": 38
    }
}