{
    "1": {
        "speed_generation": [
            0.41002074964310964,
            79.1304858168894,
            0.1990496837329232
        ],
        "time_to_first_token": [
            0.0011920928955078125,
            0.3143894672393799,
            0.0013811588287353516
        ],
        "max_kv_cache": 0.005139584591035917,
        "parallel_requests_nb": 1
    },
    "2": {
        "speed_generation": [
            0.44588955889814486,
            76.66156572094724,
            0.09833719789848772
        ],
        "time_to_first_token": [
            0.007502079010009766,
            0.5883210897445679,
            0.0071648359298706055
        ],
        "max_kv_cache": 0.010262853040512998,
        "parallel_requests_nb": 2
    },
    "3": {
        "speed_generation": [
            0.3055922845161092,
            72.5938735582395,
            0.39527037053569813
        ],
        "time_to_first_token": [
            0.0060936808586120605,
            0.865636944770813,
            0.005918443202972412
        ],
        "max_kv_cache": 0.015353489206872406,
        "parallel_requests_nb": 3
    },
    "4": {
        "speed_generation": [
            0.29367083705146513,
            70.55251691737395,
            0.25122252446347204
        ],
        "time_to_first_token": [
            0.007028102874755859,
            1.1351680755615234,
            0.006044864654541016
        ],
        "max_kv_cache": 0.02050938993946716,
        "parallel_requests_nb": 4
    },
    "6": {
        "speed_generation": [
            0.20882665687291535,
            61.74449991763983,
            0.11871349847455548
        ],
        "time_to_first_token": [
            0.007211923599243164,
            1.6600079536437988,
            0.011959075927734375
        ],
        "max_kv_cache": 0.030658029989068192,
        "parallel_requests_nb": 6
    },
    "8": {
        "speed_generation": [
            0.2451242795757551,
            58.245021107844465,
            0.1554200466003124
        ],
        "time_to_first_token": [
            0.009623050689697266,
            2.1985559463500977,
            0.010994195938110352
        ],
        "max_kv_cache": 0.04082298618022806,
        "parallel_requests_nb": 8
    },
    "10": {
        "speed_generation": [
            0.1271072457946918,
            12.937458265387209,
            0.14650763323050775
        ],
        "time_to_first_token": [
            0.00915837287902832,
            2.7651225328445435,
            0.009310901165008545
        ],
        "max_kv_cache": 0.051200052211653024,
        "parallel_requests_nb": 10
    },
    "14": {
        "speed_generation": [
            0.03240210669673793,
            12.93690250502238,
            0.02566986160355178
        ],
        "time_to_first_token": [
            0.019549965858459473,
            3.756664991378784,
            0.05893588066101074
        ],
        "max_kv_cache": 0.0712362740459136,
        "parallel_requests_nb": 14
    },
    "18": {
        "speed_generation": [
            0.015693247665149457,
            12.172180548679032,
            0.014394919190641176
        ],
        "time_to_first_token": [
            0.44955241680145264,
            4.806694984436035,
            0.08948945999145508
        ],
        "max_kv_cache": 0.09166408327758646,
        "parallel_requests_nb": 18
    },
    "22": {
        "speed_generation": [
            0.046184746872205196,
            12.135370612449128,
            0.02802276484001709
        ],
        "time_to_first_token": [
            1.518808126449585,
            5.918931007385254,
            0.035402536392211914
        ],
        "max_kv_cache": 0.1119450472352298,
        "parallel_requests_nb": 22
    },
    "26": {
        "speed_generation": [
            0.05285900443346492,
            12.034851098210382,
            0.010096305991833532
        ],
        "time_to_first_token": [
            2.0716745853424072,
            6.505629062652588,
            0.5067139863967896
        ],
        "max_kv_cache": 0.13204653363572583,
        "parallel_requests_nb": 26
    },
    "30": {
        "speed_generation": [
            0.052337986213698784,
            11.811166483368984,
            0.013757480253554277
        ],
        "time_to_first_token": [
            2.0960536003112793,
            6.639480113983154,
            1.49120032787323
        ],
        "max_kv_cache": 0.152555923575193,
        "parallel_requests_nb": 30
    },
    "34": {
        "speed_generation": [
            0.02270720479763888,
            11.64529492312195,
            0.007038240948888941
        ],
        "time_to_first_token": [
            2.0039387941360474,
            8.493445873260498,
            0.5443925857543945
        ],
        "max_kv_cache": 0.17277162296660087,
        "parallel_requests_nb": 34
    },
    "38": {
        "speed_generation": [
            0.0910515013185762,
            11.341327393731527,
            0.06103541226853437
        ],
        "time_to_first_token": [
            2.171091318130493,
            8.636560916900635,
            1.5921214818954468
        ],
        "max_kv_cache": 0.19308521920736188,
        "parallel_requests_nb": 38
    }
}