{
    "1": {
        "speed_generation": [
            0.3121946368309807,
            58.19597573654917,
            0.30545565944797204
        ],
        "time_to_first_token": [
            0.0010299086570739746,
            0.09048092365264893,
            0.0018099546432495117
        ],
        "max_kv_cache": 0.0010931814844425958,
        "parallel_requests_nb": 1
    },
    "2": {
        "speed_generation": [
            0.5530140672669503,
            45.90754386355257,
            0.4975327819681965
        ],
        "time_to_first_token": [
            0.003449082374572754,
            0.1581254005432129,
            0.0027440786361694336
        ],
        "max_kv_cache": 0.002170046827326244,
        "parallel_requests_nb": 2
    },
    "3": {
        "speed_generation": [
            0.4304338637217171,
            38.38444234538901,
            0.4357387356257618
        ],
        "time_to_first_token": [
            0.0033478736877441406,
            0.22418153285980225,
            0.0035929083824157715
        ],
        "max_kv_cache": 0.003230596028651167,
        "parallel_requests_nb": 3
    },
    "4": {
        "speed_generation": [
            0.3558030166314623,
            32.92021581319506,
            0.43903973525183915
        ],
        "time_to_first_token": [
            0.004154801368713379,
            0.29160451889038086,
            0.005026340484619141
        ],
        "max_kv_cache": 0.004258512946858306,
        "parallel_requests_nb": 4
    },
    "6": {
        "speed_generation": [
            0.2755725186061504,
            24.86296206179263,
            0.24532715401597827
        ],
        "time_to_first_token": [
            0.006267905235290527,
            0.4304710626602173,
            0.0059275031089782715
        ],
        "max_kv_cache": 0.0063632952079492044,
        "parallel_requests_nb": 6
    },
    "8": {
        "speed_generation": [
            0.2935088199692082,
            20.577348037530136,
            0.23501591302775893
        ],
        "time_to_first_token": [
            0.007870733737945557,
            0.5628080368041992,
            0.009444117546081543
        ],
        "max_kv_cache": 0.00848439361059894,
        "parallel_requests_nb": 8
    },
    "10": {
        "speed_generation": [
            0.2635738263781988,
            17.504022451479443,
            0.28702412556820533
        ],
        "time_to_first_token": [
            0.014115512371063232,
            0.6963683366775513,
            0.011752963066101074
        ],
        "max_kv_cache": 0.010540227447013328,
        "parallel_requests_nb": 10
    },
    "14": {
        "speed_generation": [
            0.16744052319432967,
            13.44970110758792,
            0.18781169075640136
        ],
        "time_to_first_token": [
            0.013466715812683105,
            0.9610570669174194,
            0.014666974544525146
        ],
        "max_kv_cache": 0.014700843544518616,
        "parallel_requests_nb": 14
    },
    "18": {
        "speed_generation": [
            0.12839164678424098,
            11.042276047555623,
            0.08089833134270741
        ],
        "time_to_first_token": [
            0.009605765342712402,
            1.2130640745162964,
            0.016944408416748047
        ],
        "max_kv_cache": 0.018943040349818085,
        "parallel_requests_nb": 18
    },
    "22": {
        "speed_generation": [
            0.15167446117373906,
            9.286360518895847,
            0.0748807405033638
        ],
        "time_to_first_token": [
            0.010227680206298828,
            1.479403018951416,
            0.02801269292831421
        ],
        "max_kv_cache": 0.023054708022646753,
        "parallel_requests_nb": 22
    },
    "26": {
        "speed_generation": [
            0.11687681988991816,
            8.061712610883134,
            0.10469186252744045
        ],
        "time_to_first_token": [
            0.021399497985839844,
            1.7334001064300537,
            0.029179096221923828
        ],
        "max_kv_cache": 0.02731322096950517,
        "parallel_requests_nb": 26
    },
    "30": {
        "speed_generation": [
            0.08294464739440066,
            7.042315740441615,
            0.07386357983731173
        ],
        "time_to_first_token": [
            0.022965073585510254,
            2.0147225856781006,
            0.0261077880859375
        ],
        "max_kv_cache": 0.03142488864233384,
        "parallel_requests_nb": 30
    },
    "34": {
        "speed_generation": [
            0.053310456119190164,
            4.612284821472034,
            0.0837543517097501
        ],
        "time_to_first_token": [
            0.03200560808181763,
            2.2929340600967407,
            0.048775434494018555
        ],
        "max_kv_cache": 0.0356181370229568,
        "parallel_requests_nb": 34
    },
    "38": {
        "speed_generation": [
            0.049531212615804954,
            4.282952688592646,
            0.0646929077312155
        ],
        "time_to_first_token": [
            0.04274827241897583,
            2.559165358543396,
            0.026097893714904785
        ],
        "max_kv_cache": 0.039778753120462085,
        "parallel_requests_nb": 38
    }
}