{
    "1": {
        "speed_generation": [
            0.15525256669712917,
            78.14312217390837,
            0.0927052479451902
        ],
        "time_to_first_token": [
            0.0010900497436523438,
            0.0916740894317627,
            0.0015189647674560547
        ],
        "max_kv_cache": 0.0012073944753544508,
        "parallel_requests_nb": 1
    },
    "2": {
        "speed_generation": [
            0.23515219486789363,
            73.97762141826739,
            0.2147192067400141
        ],
        "time_to_first_token": [
            0.0031763315200805664,
            0.15942692756652832,
            0.002997159957885742
        ],
        "max_kv_cache": 0.0023658405260323923,
        "parallel_requests_nb": 2
    },
    "3": {
        "speed_generation": [
            0.22214505830066855,
            71.08737562669073,
            0.25006653099841003
        ],
        "time_to_first_token": [
            0.0032385587692260742,
            0.2259465456008911,
            0.004002392292022705
        ],
        "max_kv_cache": 0.00354060271826917,
        "parallel_requests_nb": 3
    },
    "4": {
        "speed_generation": [
            0.28283514015954836,
            68.17747778683079,
            0.2747177683167621
        ],
        "time_to_first_token": [
            0.0036051273345947266,
            0.29214906692504883,
            0.003908872604370117
        ],
        "max_kv_cache": 0.004764313335182457,
        "parallel_requests_nb": 4
    },
    "6": {
        "speed_generation": [
            0.2572133958801217,
            58.693923521467624,
            0.23189057743717711
        ],
        "time_to_first_token": [
            0.005479097366333008,
            0.4302639961242676,
            0.0053539276123046875
        ],
        "max_kv_cache": 0.007064889294979504,
        "parallel_requests_nb": 6
    },
    "8": {
        "speed_generation": [
            0.22042838670165565,
            54.80892857257257,
            0.21879056850033152
        ],
        "time_to_first_token": [
            0.00719219446182251,
            0.5643409490585327,
            0.007745146751403809
        ],
        "max_kv_cache": 0.00936546525477655,
        "parallel_requests_nb": 8
    },
    "10": {
        "speed_generation": [
            0.28592397868192165,
            50.867124631397076,
            0.2733060842255668
        ],
        "time_to_first_token": [
            0.010318517684936523,
            0.700376033782959,
            0.007631540298461914
        ],
        "max_kv_cache": 0.01169867349769127,
        "parallel_requests_nb": 10
    },
    "14": {
        "speed_generation": [
            0.28684647496002924,
            45.146581460668756,
            0.21129060912834063
        ],
        "time_to_first_token": [
            0.01198655366897583,
            0.9636803865432739,
            0.015839040279388428
        ],
        "max_kv_cache": 0.016381406125079545,
        "parallel_requests_nb": 14
    },
    "18": {
        "speed_generation": [
            0.2026770148253405,
            40.859341731996295,
            0.2168470868358625
        ],
        "time_to_first_token": [
            0.010881602764129639,
            1.2149134874343872,
            0.016852378845214844
        ],
        "max_kv_cache": 0.020966241903114802,
        "parallel_requests_nb": 18
    },
    "22": {
        "speed_generation": [
            0.24875117217960963,
            37.12789060612192,
            0.21380631127745886
        ],
        "time_to_first_token": [
            0.011420249938964844,
            1.480017900466919,
            0.022563040256500244
        ],
        "max_kv_cache": 0.025665290672061913,
        "parallel_requests_nb": 22
    },
    "26": {
        "speed_generation": [
            0.36239899829843836,
            33.79514320593236,
            0.1366018463068741
        ],
        "time_to_first_token": [
            0.018161773681640625,
            1.742343544960022,
            0.03981983661651611
        ],
        "max_kv_cache": 0.03025012645009706,
        "parallel_requests_nb": 26
    },
    "30": {
        "speed_generation": [
            0.16061379097332917,
            30.613377989848864,
            0.5449156651158802
        ],
        "time_to_first_token": [
            0.02183467149734497,
            2.002110481262207,
            0.02094113826751709
        ],
        "max_kv_cache": 0.03480232994501464,
        "parallel_requests_nb": 30
    },
    "34": {
        "speed_generation": [
            0.10773018427142844,
            10.488408323101583,
            0.05994606508753364
        ],
        "time_to_first_token": [
            0.022895097732543945,
            2.253308057785034,
            0.03802490234375
        ],
        "max_kv_cache": 0.039452430289285245,
        "parallel_requests_nb": 34
    },
    "38": {
        "speed_generation": [
            0.10338513247824288,
            10.24649963070332,
            0.07155054018410922
        ],
        "time_to_first_token": [
            0.023813605308532715,
            2.5165951251983643,
            0.024658918380737305
        ],
        "max_kv_cache": 0.04415147905823236,
        "parallel_requests_nb": 38
    }
}