{
    "1": {
        "speed_generation": [
            0.13679633192536755,
            32.24905476405772,
            0.10626092984874447
        ],
        "time_to_first_token": [
            0.0014682412147521973,
            0.31065499782562256,
            0.001963794231414795
        ],
        "max_kv_cache": 0.004144299955946451,
        "parallel_requests_nb": 1
    },
    "2": {
        "speed_generation": [
            0.14300721232592295,
            20.209599164981,
            0.21583411050313472
        ],
        "time_to_first_token": [
            0.006365060806274414,
            0.5948569774627686,
            0.0061419010162353516
        ],
        "max_kv_cache": 0.008239651487216282,
        "parallel_requests_nb": 2
    },
    "3": {
        "speed_generation": [
            0.10414477696472169,
            14.996551695626748,
            0.1287097215920916
        ],
        "time_to_first_token": [
            0.00816202163696289,
            0.8654170036315918,
            0.0069849491119384766
        ],
        "max_kv_cache": 0.01230237073536855,
        "parallel_requests_nb": 3
    },
    "4": {
        "speed_generation": [
            0.07552513761860524,
            11.920620927252074,
            0.0911307777081074
        ],
        "time_to_first_token": [
            0.009449958801269531,
            1.1386659145355225,
            0.007934093475341797
        ],
        "max_kv_cache": 0.016479302974432564,
        "parallel_requests_nb": 4
    },
    "6": {
        "speed_generation": [
            0.05875318187815637,
            8.398968127184883,
            0.05668154822279625
        ],
        "time_to_first_token": [
            0.011256694793701172,
            1.6762278079986572,
            0.011619091033935547
        ],
        "max_kv_cache": 0.02452316076294281,
        "parallel_requests_nb": 6
    },
    "8": {
        "speed_generation": [
            0.05256191186381187,
            6.5273484578574275,
            0.0444916072294701
        ],
        "time_to_first_token": [
            0.01477193832397461,
            2.2159059047698975,
            0.018815279006958008
        ],
        "max_kv_cache": 0.032697547683923744,
        "parallel_requests_nb": 8
    },
    "10": {
        "speed_generation": [
            0.05134837852612861,
            4.111696421164438,
            0.04106491174661997
        ],
        "time_to_first_token": [
            0.01677227020263672,
            2.768184185028076,
            0.0234377384185791
        ],
        "max_kv_cache": 0.04085561846334573,
        "parallel_requests_nb": 10
    },
    "14": {
        "speed_generation": [
            0.01830160147879001,
            3.209675928204394,
            0.01305458472698895
        ],
        "time_to_first_token": [
            0.025784015655517578,
            3.8772130012512207,
            0.025933027267456055
        ],
        "max_kv_cache": 0.057073863172836914,
        "parallel_requests_nb": 14
    },
    "18": {
        "speed_generation": [
            0.026859257029129502,
            2.609874483951878,
            0.02046026012860258
        ],
        "time_to_first_token": [
            0.4926440715789795,
            4.936551094055176,
            0.04347372055053711
        ],
        "max_kv_cache": 0.07325947559921031,
        "parallel_requests_nb": 18
    },
    "22": {
        "speed_generation": [
            0.015060796287048372,
            2.2044865197194343,
            0.01611003903660313
        ],
        "time_to_first_token": [
            1.5384098291397095,
            6.048292875289917,
            0.050505757331848145
        ],
        "max_kv_cache": 0.08944508802558371,
        "parallel_requests_nb": 22
    },
    "26": {
        "speed_generation": [
            0.011609330902464077,
            1.9149341108555888,
            0.013277480033320632
        ],
        "time_to_first_token": [
            2.099044919013977,
            6.654274940490723,
            0.5080490112304688
        ],
        "max_kv_cache": 0.10571228115975129,
        "parallel_requests_nb": 26
    },
    "30": {
        "speed_generation": [
            0.006886491130614125,
            1.691097376980663,
            0.011173695537000983
        ],
        "time_to_first_token": [
            2.1088839769363403,
            6.7461888790130615,
            1.4897669553756714
        ],
        "max_kv_cache": 0.12191420972768363,
        "parallel_requests_nb": 30
    },
    "34": {
        "speed_generation": [
            0.011250136294695956,
            1.5258646334963952,
            0.009873977596724703
        ],
        "time_to_first_token": [
            2.4341395497322083,
            8.172384977340698,
            1.0664215683937073
        ],
        "max_kv_cache": 0.13821403514496888,
        "parallel_requests_nb": 34
    },
    "38": {
        "speed_generation": [
            0.0039052096811522663,
            1.3821538977423486,
            0.009424556556831831
        ],
        "time_to_first_token": [
            2.203511118888855,
            8.745223879814148,
            1.5730578899383545
        ],
        "max_kv_cache": 0.15420385387263624,
        "parallel_requests_nb": 38
    }
}