{
    "1": {
        "speed_generation": [
            0.37729416134295946,
            76.87080252222083,
            0.23292074546463937
        ],
        "time_to_first_token": [
            0.0004837512969970703,
            0.02863454818725586,
            0.0008259415626525879
        ],
        "max_kv_cache": 9.789684935301857e-05,
        "parallel_requests_nb": 1
    },
    "2": {
        "speed_generation": [
            0.793780644979762,
            73.11460777402712,
            2.0165343458238
        ],
        "time_to_first_token": [
            0.001960158348083496,
            0.032695889472961426,
            0.004173696041107178
        ],
        "max_kv_cache": 0.00019579369870614816,
        "parallel_requests_nb": 2
    },
    "3": {
        "speed_generation": [
            0.9731433677895893,
            72.37692725147181,
            1.7155423068307414
        ],
        "time_to_first_token": [
            0.0031045079231262207,
            0.03544449806213379,
            0.004114270210266113
        ],
        "max_kv_cache": 0.0002773744065003303,
        "parallel_requests_nb": 3
    },
    "4": {
        "speed_generation": [
            1.457050557904637,
            71.2569448097459,
            1.5095111414027258
        ],
        "time_to_first_token": [
            0.003247678279876709,
            0.03918302059173584,
            0.0034105777740478516
        ],
        "max_kv_cache": 0.00035895511429462346,
        "parallel_requests_nb": 4
    },
    "6": {
        "speed_generation": [
            1.7246333790266775,
            62.81002059187297,
            2.226046547872855
        ],
        "time_to_first_token": [
            0.0034314393997192383,
            0.040628910064697266,
            0.0046176910400390625
        ],
        "max_kv_cache": 0.0005058003883241513,
        "parallel_requests_nb": 6
    },
    "8": {
        "speed_generation": [
            1.3314328059940905,
            63.13493055739651,
            1.123109462613094
        ],
        "time_to_first_token": [
            0.0059814453125,
            0.05695796012878418,
            0.004302799701690674
        ],
        "max_kv_cache": 0.0006526456623537902,
        "parallel_requests_nb": 8
    },
    "10": {
        "speed_generation": [
            1.3622772607670655,
            60.18737613294602,
            1.1462943959108358
        ],
        "time_to_first_token": [
            0.006151437759399414,
            0.06432497501373291,
            0.0045275092124938965
        ],
        "max_kv_cache": 0.000799490936383318,
        "parallel_requests_nb": 10
    },
    "14": {
        "speed_generation": [
            1.1898707066980307,
            55.657084923786215,
            1.2690582838115319
        ],
        "time_to_first_token": [
            0.008830666542053223,
            0.08076107501983643,
            0.007276713848114014
        ],
        "max_kv_cache": 0.0011094976260014322,
        "parallel_requests_nb": 14
    },
    "18": {
        "speed_generation": [
            1.3110207137586443,
            52.101577670750814,
            1.4137934069447624
        ],
        "time_to_first_token": [
            0.013740062713623047,
            0.09072601795196533,
            0.010696709156036377
        ],
        "max_kv_cache": 0.001403188174060599,
        "parallel_requests_nb": 18
    },
    "22": {
        "speed_generation": [
            1.288471883821849,
            46.46448468791276,
            1.2225562632854974
        ],
        "time_to_first_token": [
            0.021496057510375977,
            0.08082449436187744,
            0.022957265377044678
        ],
        "max_kv_cache": 0.0016805625805609292,
        "parallel_requests_nb": 22
    },
    "26": {
        "speed_generation": [
            1.8549886006371494,
            43.495982501371955,
            2.225518021883417
        ],
        "time_to_first_token": [
            0.03880167007446289,
            0.0987480878829956,
            0.021281540393829346
        ],
        "max_kv_cache": 0.002055833836414389,
        "parallel_requests_nb": 26
    },
    "30": {
        "speed_generation": [
            2.1912602421305962,
            40.55916151221933,
            1.9806322457274632
        ],
        "time_to_first_token": [
            0.050646424293518066,
            0.12015247344970703,
            0.027993083000183105
        ],
        "max_kv_cache": 0.0022516275351205373,
        "parallel_requests_nb": 30
    },
    "34": {
        "speed_generation": [
            1.4558549726446515,
            37.43306902308417,
            1.9802587367391666
        ],
        "time_to_first_token": [
            0.05359697341918945,
            0.132765531539917,
            0.028150856494903564
        ],
        "max_kv_cache": 0.0024963696585031947,
        "parallel_requests_nb": 34
    },
    "38": {
        "speed_generation": [
            1.9402207586849727,
            34.718007704179186,
            2.2699775720359128
        ],
        "time_to_first_token": [
            0.039037883281707764,
            0.12758493423461914,
            0.057402610778808594
        ],
        "max_kv_cache": 0.0029369054805920003,
        "parallel_requests_nb": 38
    }
}