{
    "1": {
        "speed_generation": [
            0.1194297491396128,
            68.1442996805288,
            0.09712241874667882
        ],
        "time_to_first_token": [
            0.0022412538528442383,
            0.314955472946167,
            0.0022158026695251465
        ],
        "max_kv_cache": 0.00424219680529947,
        "parallel_requests_nb": 1
    },
    "2": {
        "speed_generation": [
            0.25953724673618694,
            58.33497083582385,
            0.3088292315733767
        ],
        "time_to_first_token": [
            0.0054672956466674805,
            0.5937538146972656,
            0.006156206130981445
        ],
        "max_kv_cache": 0.008468077469040103,
        "parallel_requests_nb": 2
    },
    "3": {
        "speed_generation": [
            0.1972150899379912,
            50.846293526771234,
            0.2243757854277746
        ],
        "time_to_first_token": [
            0.006768941879272461,
            0.8648090362548828,
            0.0061991214752197266
        ],
        "max_kv_cache": 0.012661325849663063,
        "parallel_requests_nb": 3
    },
    "4": {
        "speed_generation": [
            0.21858985387715535,
            45.67182712264065,
            0.16446518377888708
        ],
        "time_to_first_token": [
            0.007782936096191406,
            1.1389989852905273,
            0.007740974426269531
        ],
        "max_kv_cache": 0.016854574230286024,
        "parallel_requests_nb": 4
    },
    "6": {
        "speed_generation": [
            0.16748060935596953,
            36.25978106388544,
            0.15222661065428156
        ],
        "time_to_first_token": [
            0.012656927108764648,
            1.6741838455200195,
            0.014315128326416016
        ],
        "max_kv_cache": 0.025192122566855435,
        "parallel_requests_nb": 6
    },
    "8": {
        "speed_generation": [
            0.12162660622320587,
            31.089369494389047,
            0.14710159969141046
        ],
        "time_to_first_token": [
            0.015351057052612305,
            2.2147319316864014,
            0.016584157943725586
        ],
        "max_kv_cache": 0.033529670903424735,
        "parallel_requests_nb": 8
    },
    "10": {
        "speed_generation": [
            0.09667535694729956,
            10.21887958922789,
            0.13876125036925835
        ],
        "time_to_first_token": [
            0.02126181125640869,
            2.735320806503296,
            0.022761225700378418
        ],
        "max_kv_cache": 0.04186721923999415,
        "parallel_requests_nb": 10
    },
    "14": {
        "speed_generation": [
            0.1238116688128219,
            9.653540353085905,
            0.046280661156602676
        ],
        "time_to_first_token": [
            0.029417991638183594,
            3.8155980110168457,
            0.03367805480957031
        ],
        "max_kv_cache": 0.05854231591313286,
        "parallel_requests_nb": 14
    },
    "18": {
        "speed_generation": [
            0.05522278159081395,
            8.681203206543547,
            0.07778633013056258
        ],
        "time_to_first_token": [
            0.4469008445739746,
            4.85096287727356,
            0.07309508323669434
        ],
        "max_kv_cache": 0.07526636101094808,
        "parallel_requests_nb": 18
    },
    "22": {
        "speed_generation": [
            0.05181079369749142,
            8.084203993361408,
            0.07619996745637714
        ],
        "time_to_first_token": [
            1.5438158512115479,
            5.970017910003662,
            0.029659271240234375
        ],
        "max_kv_cache": 0.09182724469317494,
        "parallel_requests_nb": 22
    },
    "26": {
        "speed_generation": [
            0.03531073380668914,
            7.61765511983821,
            0.039816803259789424
        ],
        "time_to_first_token": [
            2.0572184324264526,
            6.591522932052612,
            0.49214160442352295
        ],
        "max_kv_cache": 0.10871445120657863,
        "parallel_requests_nb": 26
    },
    "30": {
        "speed_generation": [
            0.033504368568049614,
            7.113207551919589,
            0.022116082376710366
        ],
        "time_to_first_token": [
            2.121058940887451,
            6.686822891235352,
            1.5004830360412598
        ],
        "max_kv_cache": 0.12509585733165818,
        "parallel_requests_nb": 30
    },
    "34": {
        "speed_generation": [
            0.013841317907146156,
            6.721654995426799,
            0.023052148387546545
        ],
        "time_to_first_token": [
            2.7077666521072388,
            8.641625165939331,
            0.5539507865905762
        ],
        "max_kv_cache": 0.14193411542038536,
        "parallel_requests_nb": 34
    },
    "38": {
        "speed_generation": [
            0.03466491620158063,
            6.315533824686293,
            0.030211338956222633
        ],
        "time_to_first_token": [
            2.1846370697021484,
            8.715744018554688,
            1.5669188499450684
        ],
        "max_kv_cache": 0.15856026366884757,
        "parallel_requests_nb": 38
    }
}