{
    "1": {
        "speed_generation": [
            0.42116371933043695,
            82.0707676155611,
            0.07530012685803911
        ],
        "time_to_first_token": [
            0.0010780096054077148,
            0.09365761280059814,
            0.001394808292388916
        ],
        "max_kv_cache": 0.0021047822610908984,
        "parallel_requests_nb": 1
    },
    "2": {
        "speed_generation": [
            0.6128488793017794,
            80.53862310352801,
            0.30275410084101395
        ],
        "time_to_first_token": [
            0.004102051258087158,
            0.16412353515625,
            0.0028455257415771484
        ],
        "max_kv_cache": 0.00419324838062296,
        "parallel_requests_nb": 2
    },
    "3": {
        "speed_generation": [
            0.3644714982478803,
            79.99456413681223,
            0.07771584708757473
        ],
        "time_to_first_token": [
            0.0036162137985229492,
            0.2266610860824585,
            0.005225419998168945
        ],
        "max_kv_cache": 0.006265398358596186,
        "parallel_requests_nb": 3
    },
    "4": {
        "speed_generation": [
            0.38304801788702036,
            78.94540081638804,
            0.4341119941028069
        ],
        "time_to_first_token": [
            0.004237174987792969,
            0.29436516761779785,
            0.0057218074798583984
        ],
        "max_kv_cache": 0.008353864478128248,
        "parallel_requests_nb": 4
    },
    "6": {
        "speed_generation": [
            0.17048794519894273,
            68.90713014538231,
            0.3892483660327031
        ],
        "time_to_first_token": [
            0.004878997802734375,
            0.43228602409362793,
            0.004348039627075195
        ],
        "max_kv_cache": 0.012530796717192372,
        "parallel_requests_nb": 6
    },
    "8": {
        "speed_generation": [
            0.37295119484211625,
            67.43062609004517,
            0.1405216943248604
        ],
        "time_to_first_token": [
            0.005160808563232422,
            0.5651350021362305,
            0.006257057189941406
        ],
        "max_kv_cache": 0.01664246439002104,
        "parallel_requests_nb": 8
    },
    "10": {
        "speed_generation": [
            0.33289542008041906,
            64.60006981974563,
            0.2518207125702929
        ],
        "time_to_first_token": [
            0.006390094757080078,
            0.6958739757537842,
            0.005967855453491211
        ],
        "max_kv_cache": 0.02078676434596749,
        "parallel_requests_nb": 10
    },
    "14": {
        "speed_generation": [
            0.2501178370001753,
            61.82903179461607,
            0.14089918478365604
        ],
        "time_to_first_token": [
            0.014091730117797852,
            0.9555149078369141,
            0.01648712158203125
        ],
        "max_kv_cache": 0.02907536425786028,
        "parallel_requests_nb": 14
    },
    "18": {
        "speed_generation": [
            0.22522238914330472,
            58.962474883270225,
            0.191643713262728
        ],
        "time_to_first_token": [
            0.4304555654525757,
            1.1925711631774902,
            0.03110682964324951
        ],
        "max_kv_cache": 0.03741291259442969,
        "parallel_requests_nb": 18
    },
    "22": {
        "speed_generation": [
            0.36364351289910957,
            56.78303950277404,
            0.13945891163405122
        ],
        "time_to_first_token": [
            0.011181116104125977,
            1.4829399585723877,
            0.01243281364440918
        ],
        "max_kv_cache": 0.045701512506322484,
        "parallel_requests_nb": 22
    },
    "26": {
        "speed_generation": [
            0.8675979418473077,
            54.210571952764695,
            0.23381377335617515
        ],
        "time_to_first_token": [
            0.025695443153381348,
            1.7445950508117676,
            0.018845319747924805
        ],
        "max_kv_cache": 0.0539574801350976,
        "parallel_requests_nb": 26
    },
    "30": {
        "speed_generation": [
            1.0072132082241865,
            51.723109143479746,
            0.699806524367844
        ],
        "time_to_first_token": [
            0.012834906578063965,
            1.9940118789672852,
            0.02007901668548584
        ],
        "max_kv_cache": 0.06227871233010818,
        "parallel_requests_nb": 30
    },
    "34": {
        "speed_generation": [
            0.10056272790196985,
            12.726508865861756,
            0.045322137577528565
        ],
        "time_to_first_token": [
            0.014220595359802246,
            2.2238991260528564,
            0.011651873588562012
        ],
        "max_kv_cache": 0.07061626066667759,
        "parallel_requests_nb": 34
    },
    "38": {
        "speed_generation": [
            0.025616408231964982,
            12.609756941106038,
            0.022716960349063342
        ],
        "time_to_first_token": [
            0.009184002876281738,
            2.4425580501556396,
            0.04014551639556885
        ],
        "max_kv_cache": 0.07862748617207005,
        "parallel_requests_nb": 38
    }
}