{
    "1": {
        "speed_generation": [
            0.6225398407945875,
            82.73181754851359,
            0.12937191079078048
        ],
        "time_to_first_token": [
            0.0009864568710327148,
            0.031060457229614258,
            0.0006661415100097656
        ],
        "max_kv_cache": 0.0011258137675602686,
        "parallel_requests_nb": 1
    },
    "2": {
        "speed_generation": [
            0.4789507155923616,
            82.75216034742755,
            0.17940058187134866
        ],
        "time_to_first_token": [
            0.001613020896911621,
            0.033899545669555664,
            0.003472447395324707
        ],
        "max_kv_cache": 0.002235311393561701,
        "parallel_requests_nb": 2
    },
    "3": {
        "speed_generation": [
            0.6333396766554102,
            82.72979219389252,
            0.1567394000545761
        ],
        "time_to_first_token": [
            0.002538919448852539,
            0.03627490997314453,
            0.003675103187561035
        ],
        "max_kv_cache": 0.003344809019563022,
        "parallel_requests_nb": 3
    },
    "4": {
        "speed_generation": [
            0.4596049920940857,
            81.763087071764,
            0.5079072571066376
        ],
        "time_to_first_token": [
            0.0031669139862060547,
            0.04030299186706543,
            0.00441288948059082
        ],
        "max_kv_cache": 0.004454306645564454,
        "parallel_requests_nb": 4
    },
    "6": {
        "speed_generation": [
            0.36041419140782693,
            75.96155675720952,
            0.3431055313902647
        ],
        "time_to_first_token": [
            0.005752086639404297,
            0.046920061111450195,
            0.004319906234741211
        ],
        "max_kv_cache": 0.006640669614449535,
        "parallel_requests_nb": 6
    },
    "8": {
        "speed_generation": [
            0.30352093125259216,
            74.99100050507128,
            0.43102928385447115
        ],
        "time_to_first_token": [
            0.005391359329223633,
            0.0537261962890625,
            0.007134914398193359
        ],
        "max_kv_cache": 0.008875981008011236,
        "parallel_requests_nb": 8
    },
    "10": {
        "speed_generation": [
            0.7119165752219203,
            72.41904355112106,
            0.44042007211675127
        ],
        "time_to_first_token": [
            0.007943153381347656,
            0.0621790885925293,
            0.007792830467224121
        ],
        "max_kv_cache": 0.011062343976896316,
        "parallel_requests_nb": 10
    },
    "14": {
        "speed_generation": [
            0.6131248161918705,
            71.51126627370303,
            0.40310636785305576
        ],
        "time_to_first_token": [
            0.00897216796875,
            0.08085417747497559,
            0.0070497989654541016
        ],
        "max_kv_cache": 0.015467702197784261,
        "parallel_requests_nb": 14
    },
    "18": {
        "speed_generation": [
            1.023759034793784,
            69.21033079776656,
            0.2588383156918894
        ],
        "time_to_first_token": [
            0.020598173141479492,
            0.08911800384521484,
            0.009357213973999023
        ],
        "max_kv_cache": 0.019889376560231042,
        "parallel_requests_nb": 18
    },
    "22": {
        "speed_generation": [
            1.4149104698091293,
            67.94915832817092,
            0.5459279587601316
        ],
        "time_to_first_token": [
            0.022060513496398926,
            0.1065530776977539,
            0.013658404350280762
        ],
        "max_kv_cache": 0.02427841863956015,
        "parallel_requests_nb": 22
    },
    "26": {
        "speed_generation": [
            1.2246271541796787,
            65.06533281235093,
            0.3301321976342422
        ],
        "time_to_first_token": [
            0.03218793869018555,
            0.10655999183654785,
            0.024753093719482422
        ],
        "max_kv_cache": 0.02856956386953613,
        "parallel_requests_nb": 26
    },
    "30": {
        "speed_generation": [
            1.5434555176135234,
            63.37786737415498,
            0.6038378005802372
        ],
        "time_to_first_token": [
            0.02699899673461914,
            0.09327912330627441,
            0.03616786003112793
        ],
        "max_kv_cache": 0.032044902021569954,
        "parallel_requests_nb": 30
    },
    "34": {
        "speed_generation": [
            0.9445710302528241,
            48.12812113968544,
            0.32775047842152816
        ],
        "time_to_first_token": [
            0.02844405174255371,
            0.16749000549316406,
            0.01364898681640625
        ],
        "max_kv_cache": 0.03747817716066504,
        "parallel_requests_nb": 34
    },
    "38": {
        "speed_generation": [
            0.6299597568995026,
            36.93529862062199,
            0.2273263858393335
        ],
        "time_to_first_token": [
            0.02768707275390625,
            0.1821601390838623,
            0.017032861709594727
        ],
        "max_kv_cache": 0.04189985152311182,
        "parallel_requests_nb": 38
    }
}