{
    "1": {
        "speed_generation": [
            0.16161018266907945,
            49.555857251197594,
            0.18312282390736812
        ],
        "time_to_first_token": [
            0.0016309618949890137,
            0.09111106395721436,
            0.002529323101043701
        ],
        "max_kv_cache": 0.0270170244263509,
        "parallel_requests_nb": 1
    },
    "2": {
        "speed_generation": [
            0.7659943753797478,
            39.37686221117315,
            0.35612945961825915
        ],
        "time_to_first_token": [
            0.07430219650268555,
            0.16869401931762695,
            0.0030811429023742676
        ],
        "max_kv_cache": 0.05329385640266471,
        "parallel_requests_nb": 2
    },
    "3": {
        "speed_generation": [
            0.44400110915550073,
            32.39909656498197,
            0.42071724914475794
        ],
        "time_to_first_token": [
            0.07240837812423706,
            0.24364089965820312,
            0.0062146782875061035
        ],
        "max_kv_cache": 0.07809030347890455,
        "parallel_requests_nb": 3
    },
    "4": {
        "speed_generation": [
            0.31835504267780124,
            27.778307935379132,
            0.3714955596928817
        ],
        "time_to_first_token": [
            0.1422162652015686,
            0.3204824924468994,
            0.007865488529205322
        ],
        "max_kv_cache": 0.10288675055514429,
        "parallel_requests_nb": 4
    },
    "6": {
        "speed_generation": [
            0.26669791844919644,
            21.26303624716829,
            0.23009880713309627
        ],
        "time_to_first_token": [
            0.14574426412582397,
            0.4784665107727051,
            0.011053383350372314
        ],
        "max_kv_cache": 0.15358993338267946,
        "parallel_requests_nb": 6
    },
    "8": {
        "speed_generation": [
            0.16150255039677575,
            17.03239102830972,
            0.17259578959329502
        ],
        "time_to_first_token": [
            0.08450603485107422,
            0.6379209756851196,
            0.012053251266479492
        ],
        "max_kv_cache": 0.20392301998519613,
        "parallel_requests_nb": 8
    },
    "10": {
        "speed_generation": [
            0.1391484641802574,
            14.420117941707971,
            0.14839575010906358
        ],
        "time_to_first_token": [
            0.0190809965133667,
            0.7963955402374268,
            0.011776149272918701
        ],
        "max_kv_cache": 0.2553663952627683,
        "parallel_requests_nb": 10
    },
    "14": {
        "speed_generation": [
            0.06462181494612906,
            10.90444998789448,
            0.08917467584980088
        ],
        "time_to_first_token": [
            0.01656186580657959,
            1.1199538707733154,
            0.012186944484710693
        ],
        "max_kv_cache": 0.35492227979274615,
        "parallel_requests_nb": 14
    },
    "18": {
        "speed_generation": [
            0.03824615209327753,
            8.734108592441032,
            0.04873748983744974
        ],
        "time_to_first_token": [
            0.06173968315124512,
            1.2728514671325684,
            0.15932869911193848
        ],
        "max_kv_cache": 0.4552183567727609,
        "parallel_requests_nb": 18
    },
    "22": {
        "speed_generation": [
            0.031238335173184417,
            7.302116501751582,
            0.03143979619818982
        ],
        "time_to_first_token": [
            0.15402907133102417,
            1.3810964822769165,
            0.36772018671035767
        ],
        "max_kv_cache": 0.5577350111028867,
        "parallel_requests_nb": 22
    },
    "26": {
        "speed_generation": [
            0.025635063628165256,
            6.296861166594672,
            0.034162693856105264
        ],
        "time_to_first_token": [
            0.20637792348861694,
            1.4484241008758545,
            0.6257901191711426
        ],
        "max_kv_cache": 0.6580310880829016,
        "parallel_requests_nb": 26
    },
    "30": {
        "speed_generation": [
            0.026776820119360778,
            5.527682163548189,
            0.02195523634666685
        ],
        "time_to_first_token": [
            0.6455921530723572,
            1.8988159894943237,
            0.49794095754623413
        ],
        "max_kv_cache": 0.7564766839378239,
        "parallel_requests_nb": 30
    },
    "34": {
        "speed_generation": [
            0.04945992078611816,
            4.894699562210462,
            0.06235338673160662
        ],
        "time_to_first_token": [
            0.8548756241798401,
            2.1332175731658936,
            0.3559234142303467
        ],
        "max_kv_cache": 0.8593634344929681,
        "parallel_requests_nb": 34
    },
    "38": {
        "speed_generation": [
            0.01818879118216543,
            4.412903813090566,
            0.029690096879797068
        ],
        "time_to_first_token": [
            1.124060332775116,
            2.425534963607788,
            0.21626365184783936
        ],
        "max_kv_cache": 0.96039970392302,
        "parallel_requests_nb": 38
    }
}