{
    "1": {
        "speed_generation": [
            0.13613931935142887,
            53.3449102730535,
            0.11720980239111611
        ],
        "time_to_first_token": [
            0.0017725229263305664,
            0.35043907165527344,
            0.008443355560302734
        ],
        "max_kv_cache": 0.10288675055514429,
        "parallel_requests_nb": 1
    },
    "2": {
        "speed_generation": [
            0.20825473252988047,
            42.26555258217234,
            0.2294207634318255
        ],
        "time_to_first_token": [
            0.3074309825897217,
            0.6662471294403076,
            0.019884824752807617
        ],
        "max_kv_cache": 0.2046632124352331,
        "parallel_requests_nb": 2
    },
    "3": {
        "speed_generation": [
            0.10946379126753669,
            35.6961532374536,
            0.1447969871073127
        ],
        "time_to_first_token": [
            0.3163686990737915,
            0.9883365631103516,
            0.02127861976623535
        ],
        "max_kv_cache": 0.30569948186528495,
        "parallel_requests_nb": 3
    },
    "4": {
        "speed_generation": [
            0.14600371517204636,
            30.388628275034648,
            0.13243538452943682
        ],
        "time_to_first_token": [
            0.6201457977294922,
            1.314612865447998,
            0.02621316909790039
        ],
        "max_kv_cache": 0.4063656550703183,
        "parallel_requests_nb": 4
    },
    "6": {
        "speed_generation": [
            0.09810404652959903,
            24.23719627486298,
            0.087923461141024
        ],
        "time_to_first_token": [
            0.6085710525512695,
            1.6270310878753662,
            0.34676098823547363
        ],
        "max_kv_cache": 0.6076980014803849,
        "parallel_requests_nb": 6
    },
    "8": {
        "speed_generation": [
            0.051570168025314445,
            18.80692387319614,
            0.08762402060223096
        ],
        "time_to_first_token": [
            0.9459571838378906,
            1.9893720149993896,
            0.570850133895874
        ],
        "max_kv_cache": 0.8090303478904515,
        "parallel_requests_nb": 8
    },
    "10": {
        "speed_generation": [
            0.12267111235526684,
            16.045584496869772,
            0.47329951590668884
        ],
        "time_to_first_token": [
            0.9513436555862427,
            2.260482907295227,
            0.7351414561271667
        ],
        "max_kv_cache": 1.0,
        "parallel_requests_nb": 10
    },
    "14": {
        "speed_generation": [
            7.266331116781064,
            15.5876824447781,
            1.0020580818246785
        ],
        "time_to_first_token": [
            0.3621079921722412,
            3.271851062774658,
            5.396040916442871
        ],
        "max_kv_cache": 1.0,
        "parallel_requests_nb": 14
    },
    "18": {
        "speed_generation": [
            0.19087369688944733,
            8.287967470010644,
            1.5572034109988948
        ],
        "time_to_first_token": [
            2.9800360202789307,
            9.057451963424683,
            0.9515061378479004
        ],
        "max_kv_cache": 1.0,
        "parallel_requests_nb": 18
    },
    "22": {
        "speed_generation": [
            1.0801534678324396,
            8.002569887934378,
            0.1887938545096759
        ],
        "time_to_first_token": [
            0.6812208294868469,
            10.672571539878845,
            0.7888777852058411
        ],
        "max_kv_cache": 1.0,
        "parallel_requests_nb": 22
    },
    "26": {
        "speed_generation": [
            0.10110167383448587,
            5.534324474598675,
            2.481663867869104
        ],
        "time_to_first_token": [
            5.36723530292511,
            16.374757051467896,
            0.9839321970939636
        ],
        "max_kv_cache": 0.9996299037749815,
        "parallel_requests_nb": 26
    },
    "30": {
        "speed_generation": [
            0.07825919902542555,
            5.447090030895287,
            0.050367104487257564
        ],
        "time_to_first_token": [
            0.800244927406311,
            17.740288496017456,
            0.8914473652839661
        ],
        "max_kv_cache": 1.0,
        "parallel_requests_nb": 30
    },
    "34": {
        "speed_generation": [
            1.149760931729836,
            5.260136741571911,
            0.1802525540154587
        ],
        "time_to_first_token": [
            0.7119050025939941,
            19.083281993865967,
            5.3428661823272705
        ],
        "max_kv_cache": 1.0,
        "parallel_requests_nb": 34
    },
    "38": {
        "speed_generation": [
            0.058424543270851004,
            4.079726537580945,
            0.377748736311017
        ],
        "time_to_first_token": [
            3.012010335922241,
            25.09726595878601,
            0.9080716371536255
        ],
        "max_kv_cache": 1.0,
        "parallel_requests_nb": 38
    }
}