{
    "1": {
        "speed_generation": [
            0.4248877172925489,
            70.66140128007501,
            0.2823258924614436
        ],
        "time_to_first_token": [
            0.0006557703018188477,
            0.019261479377746582,
            0.0007150769233703613
        ],
        "max_kv_cache": 0.002590673575129543,
        "parallel_requests_nb": 1
    },
    "2": {
        "speed_generation": [
            1.013321917657862,
            67.04741513822492,
            2.088496537634228
        ],
        "time_to_first_token": [
            0.0017043352127075195,
            0.02168905735015869,
            0.00570148229598999
        ],
        "max_kv_cache": 0.004441154700222105,
        "parallel_requests_nb": 2
    },
    "3": {
        "speed_generation": [
            1.2501332404226986,
            65.9758606817601,
            1.8289350531554192
        ],
        "time_to_first_token": [
            0.004192948341369629,
            0.026039600372314453,
            0.0027819275856018066
        ],
        "max_kv_cache": 0.0062916358253145566,
        "parallel_requests_nb": 3
    },
    "4": {
        "speed_generation": [
            1.510224947552345,
            64.57354543878031,
            1.509836715047939
        ],
        "time_to_first_token": [
            0.003684818744659424,
            0.02810955047607422,
            0.0034219026565551758
        ],
        "max_kv_cache": 0.00851221317542561,
        "parallel_requests_nb": 4
    },
    "6": {
        "speed_generation": [
            1.2654328687914287,
            60.61524385286413,
            1.8874672739648588
        ],
        "time_to_first_token": [
            0.008410334587097168,
            0.037213921546936035,
            0.0054282546043396
        ],
        "max_kv_cache": 0.012953367875647714,
        "parallel_requests_nb": 6
    },
    "8": {
        "speed_generation": [
            1.3958548580576533,
            57.890896562393266,
            1.8056291920697731
        ],
        "time_to_first_token": [
            0.00785374641418457,
            0.04380953311920166,
            0.008599460124969482
        ],
        "max_kv_cache": 0.015544041450777257,
        "parallel_requests_nb": 8
    },
    "10": {
        "speed_generation": [
            1.1476362245902223,
            53.83813986615921,
            1.583436379857453
        ],
        "time_to_first_token": [
            0.007567286491394043,
            0.05288493633270264,
            0.009994983673095703
        ],
        "max_kv_cache": 0.01887490747594378,
        "parallel_requests_nb": 10
    },
    "14": {
        "speed_generation": [
            0.8122296805855171,
            49.297413417557564,
            1.1526408817290843
        ],
        "time_to_first_token": [
            0.010349571704864502,
            0.07674598693847656,
            0.0075806379318237305
        ],
        "max_kv_cache": 0.0266469282013323,
        "parallel_requests_nb": 14
    },
    "18": {
        "speed_generation": [
            0.7417749440116097,
            43.661445337886285,
            1.0351419485371096
        ],
        "time_to_first_token": [
            0.010278880596160889,
            0.1057441234588623,
            0.00515824556350708
        ],
        "max_kv_cache": 0.033308660251665456,
        "parallel_requests_nb": 18
    },
    "22": {
        "speed_generation": [
            0.7902348319763135,
            41.164756228235106,
            0.7096885509111885
        ],
        "time_to_first_token": [
            0.007120907306671143,
            0.12018203735351562,
            0.008125662803649902
        ],
        "max_kv_cache": 0.04034048852701699,
        "parallel_requests_nb": 22
    },
    "26": {
        "speed_generation": [
            0.5721553463697617,
            38.16697815462252,
            0.6720469583878383
        ],
        "time_to_first_token": [
            0.006794452667236328,
            0.14132142066955566,
            0.0060846805572509766
        ],
        "max_kv_cache": 0.04700222057735015,
        "parallel_requests_nb": 26
    },
    "30": {
        "speed_generation": [
            0.6944626244676044,
            35.784762056586025,
            0.7472877406778267
        ],
        "time_to_first_token": [
            0.011069953441619873,
            0.16135954856872559,
            0.008402049541473389
        ],
        "max_kv_cache": 0.05292376017764622,
        "parallel_requests_nb": 30
    },
    "34": {
        "speed_generation": [
            0.6589014210110236,
            33.08304011779549,
            0.5230612742273095
        ],
        "time_to_first_token": [
            0.00706171989440918,
            0.18417251110076904,
            0.010058224201202393
        ],
        "max_kv_cache": 0.060325684678016245,
        "parallel_requests_nb": 34
    },
    "38": {
        "speed_generation": [
            0.5833091135496282,
            31.18066367851064,
            0.5511823248902559
        ],
        "time_to_first_token": [
            0.009611308574676514,
            0.2054370641708374,
            0.008460938930511475
        ],
        "max_kv_cache": 0.06735751295336789,
        "parallel_requests_nb": 38
    }
}