{
    "1": {
        "speed_generation": [
            0.3639860488627704,
            88.49452940991274,
            0.3760956597151761
        ],
        "time_to_first_token": [
            0.002460956573486328,
            0.06750297546386719,
            0.006774187088012695
        ],
        "max_kv_cache": 0.008794788273615683,
        "parallel_requests_nb": 1
    },
    "2": {
        "speed_generation": [
            0.3600187619531994,
            85.23435430644943,
            0.31038471776825816
        ],
        "time_to_first_token": [
            0.0132598876953125,
            0.11503410339355469,
            0.007948875427246094
        ],
        "max_kv_cache": 0.01693811074918572,
        "parallel_requests_nb": 2
    },
    "3": {
        "speed_generation": [
            0.4193525363259738,
            82.17602264868788,
            0.3671065921048893
        ],
        "time_to_first_token": [
            0.04457056522369385,
            0.16696906089782715,
            0.007718086242675781
        ],
        "max_kv_cache": 0.025298588490770935,
        "parallel_requests_nb": 3
    },
    "4": {
        "speed_generation": [
            0.5050008452226251,
            78.06832476684747,
            0.4710808962258852
        ],
        "time_to_first_token": [
            0.07671993970870972,
            0.15004992485046387,
            0.022174477577209473
        ],
        "max_kv_cache": 0.03344191096634097,
        "parallel_requests_nb": 4
    },
    "6": {
        "speed_generation": [
            0.47037823637707277,
            67.1426115551329,
            0.3931544638437998
        ],
        "time_to_first_token": [
            0.012135028839111328,
            0.3188190460205078,
            0.009705066680908203
        ],
        "max_kv_cache": 0.04983713355048858,
        "parallel_requests_nb": 6
    },
    "8": {
        "speed_generation": [
            0.34699493262600356,
            58.54916299758135,
            0.31733184780035373
        ],
        "time_to_first_token": [
            0.014922857284545898,
            0.4196169376373291,
            0.011047005653381348
        ],
        "max_kv_cache": 0.06601520086862112,
        "parallel_requests_nb": 8
    },
    "10": {
        "speed_generation": [
            0.3238756966736318,
            53.46947045563378,
            0.32159815860073593
        ],
        "time_to_first_token": [
            0.013818085193634033,
            0.5253430604934692,
            0.008739113807678223
        ],
        "max_kv_cache": 0.0826275787187839,
        "parallel_requests_nb": 10
    },
    "14": {
        "speed_generation": [
            0.2910836290489769,
            46.01412546798865,
            0.3138461937459738
        ],
        "time_to_first_token": [
            0.024274349212646484,
            0.7178754806518555,
            0.01821821928024292
        ],
        "max_kv_cache": 0.11574375678610205,
        "parallel_requests_nb": 14
    },
    "18": {
        "speed_generation": [
            0.2576777173857465,
            42.3652093112473,
            0.3211674474936643
        ],
        "time_to_first_token": [
            0.027014732360839844,
            0.9047809839248657,
            0.032058000564575195
        ],
        "max_kv_cache": 0.148099891422367,
        "parallel_requests_nb": 18
    },
    "22": {
        "speed_generation": [
            0.2660280512650175,
            36.16081668849673,
            0.17107181192543663
        ],
        "time_to_first_token": [
            0.03183013200759888,
            1.1367305517196655,
            0.014816522598266602
        ],
        "max_kv_cache": 0.1805646036916395,
        "parallel_requests_nb": 22
    },
    "26": {
        "speed_generation": [
            0.20023182593903144,
            32.03185579266864,
            0.13737853519837984
        ],
        "time_to_first_token": [
            0.024891018867492676,
            1.3469154834747314,
            0.011910796165466309
        ],
        "max_kv_cache": 0.21313789359391966,
        "parallel_requests_nb": 26
    },
    "30": {
        "speed_generation": [
            0.17969364204788363,
            29.77311931449821,
            0.10466588202950078
        ],
        "time_to_first_token": [
            0.05587315559387207,
            1.5457310676574707,
            0.012094318866729736
        ],
        "max_kv_cache": 0.24538545059717698,
        "parallel_requests_nb": 30
    },
    "34": {
        "speed_generation": [
            0.26582467635402907,
            27.605539938957918,
            0.15198389690246472
        ],
        "time_to_first_token": [
            0.05526018142700195,
            1.7473435401916504,
            0.018850982189178467
        ],
        "max_kv_cache": 0.2778501628664495,
        "parallel_requests_nb": 34
    },
    "38": {
        "speed_generation": [
            0.18059086538346847,
            25.39344228608553,
            0.13362976926373804
        ],
        "time_to_first_token": [
            0.2767236828804016,
            1.9172579050064087,
            0.04137229919433594
        ],
        "max_kv_cache": 0.3104234527687296,
        "parallel_requests_nb": 38
    }
}