{
    "1": {
        "speed_generation": [
            0.443344514219973,
            91.52759079979188,
            0.33120699208690496
        ],
        "time_to_first_token": [
            0.0011832118034362793,
            0.07488048076629639,
            0.0005915164947509766
        ],
        "max_kv_cache": 0.01476655808903371,
        "parallel_requests_nb": 1
    },
    "2": {
        "speed_generation": [
            0.5015197178141477,
            91.20465795558633,
            0.399771996796062
        ],
        "time_to_first_token": [
            0.00951319932937622,
            0.11244308948516846,
            0.010641694068908691
        ],
        "max_kv_cache": 0.028990228013029307,
        "parallel_requests_nb": 2
    },
    "3": {
        "speed_generation": [
            0.677079419212987,
            87.1477087281242,
            0.3671994285859057
        ],
        "time_to_first_token": [
            0.03948676586151123,
            0.16379296779632568,
            0.010567247867584229
        ],
        "max_kv_cache": 0.04310532030401737,
        "parallel_requests_nb": 3
    },
    "4": {
        "speed_generation": [
            3.212085451463224,
            83.58942458084219,
            0.42347214692877344
        ],
        "time_to_first_token": [
            0.008688688278198242,
            0.12301087379455566,
            0.010951995849609375
        ],
        "max_kv_cache": 0.05722041259500543,
        "parallel_requests_nb": 4
    },
    "6": {
        "speed_generation": [
            1.7082459187986103,
            73.29277525957227,
            0.27989776967874036
        ],
        "time_to_first_token": [
            0.05074751377105713,
            0.31403493881225586,
            0.016208171844482422
        ],
        "max_kv_cache": 0.08621064060803474,
        "parallel_requests_nb": 6
    },
    "8": {
        "speed_generation": [
            2.1920965886416397,
            63.75981911346014,
            0.28624278785413537
        ],
        "time_to_first_token": [
            0.07053589820861816,
            0.418565034866333,
            0.014755964279174805
        ],
        "max_kv_cache": 0.11422366992399569,
        "parallel_requests_nb": 8
    },
    "10": {
        "speed_generation": [
            1.7481876012921518,
            60.25265539236738,
            0.3863174691969462
        ],
        "time_to_first_token": [
            0.08960461616516113,
            0.5248100757598877,
            0.017098069190979004
        ],
        "max_kv_cache": 0.14277958740499452,
        "parallel_requests_nb": 10
    },
    "14": {
        "speed_generation": [
            1.500093690395225,
            51.05939210944738,
            0.2459412965025578
        ],
        "time_to_first_token": [
            0.3045680522918701,
            0.7305059432983398,
            0.018279075622558594
        ],
        "max_kv_cache": 0.19999999999999996,
        "parallel_requests_nb": 14
    },
    "18": {
        "speed_generation": [
            0.6711326105680868,
            48.41247135933309,
            0.9622819633257151
        ],
        "time_to_first_token": [
            0.3226661682128906,
            0.9428980350494385,
            0.01476597785949707
        ],
        "max_kv_cache": 0.25732899022801303,
        "parallel_requests_nb": 18
    },
    "22": {
        "speed_generation": [
            0.39182078247242913,
            43.172371591342475,
            0.7143307387781661
        ],
        "time_to_first_token": [
            0.34765100479125977,
            1.0930960178375244,
            0.06239008903503418
        ],
        "max_kv_cache": 0.3138979370249728,
        "parallel_requests_nb": 22
    },
    "26": {
        "speed_generation": [
            0.37041305976089944,
            40.154181038022934,
            0.8863791821428677
        ],
        "time_to_first_token": [
            0.08321630954742432,
            1.3568458557128906,
            0.02272212505340576
        ],
        "max_kv_cache": 0.3706840390879479,
        "parallel_requests_nb": 26
    },
    "30": {
        "speed_generation": [
            0.25426375817632163,
            36.71304671859239,
            0.3786618603688723
        ],
        "time_to_first_token": [
            0.07709097862243652,
            1.5578219890594482,
            0.037055015563964844
        ],
        "max_kv_cache": 0.4279044516829533,
        "parallel_requests_nb": 30
    },
    "34": {
        "speed_generation": [
            0.8277007749421159,
            33.581686224246766,
            0.3136836101530065
        ],
        "time_to_first_token": [
            0.19012629985809326,
            1.7320928573608398,
            0.03338217735290527
        ],
        "max_kv_cache": 0.4849077090119436,
        "parallel_requests_nb": 34
    },
    "38": {
        "speed_generation": [
            0.458642572851641,
            31.375828089834904,
            0.5150870639182159
        ],
        "time_to_first_token": [
            0.20520389080047607,
            1.9502739906311035,
            0.029032588005065918
        ],
        "max_kv_cache": 0.5408251900108578,
        "parallel_requests_nb": 38
    }
}