{
    "1": {
        "speed_generation": [
            0.4430355723168873,
            77.95864093944093,
            0.43427589936139555
        ],
        "time_to_first_token": [
            0.0004940629005432129,
            0.04308438301086426,
            0.0008966922760009766
        ],
        "max_kv_cache": 0.0008686210640608261,
        "parallel_requests_nb": 1
    },
    "2": {
        "speed_generation": [
            1.6984385122249677,
            67.93921711181574,
            2.18295450679193
        ],
        "time_to_first_token": [
            0.004410147666931152,
            0.0682821273803711,
            0.003606259822845459
        ],
        "max_kv_cache": 0.0014115092290988285,
        "parallel_requests_nb": 2
    },
    "3": {
        "speed_generation": [
            1.5776004001399997,
            66.75164260982075,
            2.0887467494763854
        ],
        "time_to_first_token": [
            0.004817605018615723,
            0.07196104526519775,
            0.0035220980644226074
        ],
        "max_kv_cache": 0.0020629750271443648,
        "parallel_requests_nb": 3
    },
    "4": {
        "speed_generation": [
            1.6704250374508547,
            66.17957047787598,
            2.388946039504873
        ],
        "time_to_first_token": [
            0.005994677543640137,
            0.07634949684143066,
            0.004528462886810303
        ],
        "max_kv_cache": 0.002714440825190012,
        "parallel_requests_nb": 4
    },
    "6": {
        "speed_generation": [
            1.773423895523564,
            63.92970641854155,
            2.1975156686346864
        ],
        "time_to_first_token": [
            0.007039785385131836,
            0.08581101894378662,
            0.005229175090789795
        ],
        "max_kv_cache": 0.003691639522258372,
        "parallel_requests_nb": 6
    },
    "8": {
        "speed_generation": [
            1.529091456475392,
            61.663088358476884,
            1.6301133361773665
        ],
        "time_to_first_token": [
            0.005487799644470215,
            0.09456849098205566,
            0.00441288948059082
        ],
        "max_kv_cache": 0.004668838219326843,
        "parallel_requests_nb": 8
    },
    "10": {
        "speed_generation": [
            1.349963403256929,
            58.54327966557098,
            1.5806560521325892
        ],
        "time_to_first_token": [
            0.005700230598449707,
            0.10191094875335693,
            0.00567781925201416
        ],
        "max_kv_cache": 0.0059717698154180265,
        "parallel_requests_nb": 10
    },
    "14": {
        "speed_generation": [
            1.2026134447266799,
            53.744748694526834,
            1.3567088401757132
        ],
        "time_to_first_token": [
            0.00646054744720459,
            0.1214529275894165,
            0.00559002161026001
        ],
        "max_kv_cache": 0.007709011943539679,
        "parallel_requests_nb": 14
    },
    "18": {
        "speed_generation": [
            1.0439405038632756,
            50.138339742629356,
            1.1017991569057273
        ],
        "time_to_first_token": [
            0.006387472152709961,
            0.14503908157348633,
            0.005810379981994629
        ],
        "max_kv_cache": 0.009880564603691688,
        "parallel_requests_nb": 18
    },
    "22": {
        "speed_generation": [
            0.8779074175202979,
            46.1057084108126,
            1.0771419481502633
        ],
        "time_to_first_token": [
            0.007414400577545166,
            0.16598546504974365,
            0.006012618541717529
        ],
        "max_kv_cache": 0.012269272529858877,
        "parallel_requests_nb": 22
    },
    "26": {
        "speed_generation": [
            1.0082669536231634,
            42.32770625924465,
            1.2645373323257303
        ],
        "time_to_first_token": [
            0.01228797435760498,
            0.18684649467468262,
            0.008815467357635498
        ],
        "max_kv_cache": 0.014115092290988063,
        "parallel_requests_nb": 26
    },
    "30": {
        "speed_generation": [
            0.933616570259673,
            39.29392924629272,
            1.005982615474359
        ],
        "time_to_first_token": [
            0.010017752647399902,
            0.20896947383880615,
            0.007733523845672607
        ],
        "max_kv_cache": 0.016286644951140072,
        "parallel_requests_nb": 30
    },
    "34": {
        "speed_generation": [
            0.6561519623558922,
            35.73226923695186,
            0.6991521250974131
        ],
        "time_to_first_token": [
            0.009971797466278076,
            0.2359938621520996,
            0.007866084575653076
        ],
        "max_kv_cache": 0.01813246471226926,
        "parallel_requests_nb": 34
    },
    "38": {
        "speed_generation": [
            1.0075166330033625,
            33.47682437853926,
            1.0811231372864682
        ],
        "time_to_first_token": [
            0.014400959014892578,
            0.25928449630737305,
            0.013397216796875
        ],
        "max_kv_cache": 0.020412595005428913,
        "parallel_requests_nb": 38
    }
}