{
    "1": {
        "speed_generation": [
            0.23934650429055182,
            90.56035438638804,
            0.15009442654564964
        ],
        "time_to_first_token": [
            0.0016855597496032715,
            0.23737144470214844,
            0.0014408230781555176
        ],
        "max_kv_cache": 0.03637350705754616,
        "parallel_requests_nb": 1
    },
    "2": {
        "speed_generation": [
            0.3666835887243991,
            79.09818299567158,
            0.29433525044927933
        ],
        "time_to_first_token": [
            0.1578313708305359,
            0.43143296241760254,
            0.01400911808013916
        ],
        "max_kv_cache": 0.07220412595005432,
        "parallel_requests_nb": 2
    },
    "3": {
        "speed_generation": [
            2.129947931167301,
            65.20432656862808,
            0.3524750318553487
        ],
        "time_to_first_token": [
            0.17528676986694336,
            0.4360659122467041,
            0.017843961715698242
        ],
        "max_kv_cache": 0.10792616720955484,
        "parallel_requests_nb": 3
    },
    "4": {
        "speed_generation": [
            1.7435380877644704,
            60.610652822248326,
            0.17998556895558693
        ],
        "time_to_first_token": [
            0.1411902904510498,
            0.8200011253356934,
            0.02049875259399414
        ],
        "max_kv_cache": 0.143213897937025,
        "parallel_requests_nb": 4
    },
    "6": {
        "speed_generation": [
            1.221424632081174,
            50.27717584993516,
            0.29400395207155583
        ],
        "time_to_first_token": [
            0.1001291275024414,
            1.2444140911102295,
            0.023652076721191406
        ],
        "max_kv_cache": 0.2145494028230185,
        "parallel_requests_nb": 6
    },
    "8": {
        "speed_generation": [
            0.6696850579054541,
            38.862746075515425,
            0.14974706431931395
        ],
        "time_to_first_token": [
            0.1456139087677002,
            1.6550369262695312,
            0.02292609214782715
        ],
        "max_kv_cache": 0.284799131378936,
        "parallel_requests_nb": 8
    },
    "10": {
        "speed_generation": [
            0.19853035390809737,
            35.63447859769037,
            0.5274700367962666
        ],
        "time_to_first_token": [
            0.05087614059448242,
            2.0695650577545166,
            0.010751962661743164
        ],
        "max_kv_cache": 0.357328990228013,
        "parallel_requests_nb": 10
    },
    "14": {
        "speed_generation": [
            0.1367368325455267,
            27.843300146772712,
            0.28355816602327266
        ],
        "time_to_first_token": [
            0.3136630058288574,
            2.852497100830078,
            0.04552793502807617
        ],
        "max_kv_cache": 0.49934853420195435,
        "parallel_requests_nb": 14
    },
    "18": {
        "speed_generation": [
            0.3107769679943857,
            25.618904283771727,
            0.32245740217835817
        ],
        "time_to_first_token": [
            0.2771022319793701,
            3.634688138961792,
            0.08875787258148193
        ],
        "max_kv_cache": 0.639956568946797,
        "parallel_requests_nb": 18
    },
    "22": {
        "speed_generation": [
            0.09392176032274335,
            21.100132001367573,
            0.0366726506585735
        ],
        "time_to_first_token": [
            0.023638248443603516,
            4.554012060165405,
            0.010731935501098633
        ],
        "max_kv_cache": 0.7825190010857763,
        "parallel_requests_nb": 22
    },
    "26": {
        "speed_generation": [
            0.2979643081775549,
            19.46237579934224,
            0.1254744076260792
        ],
        "time_to_first_token": [
            0.02821636199951172,
            4.812285900115967,
            0.033852577209472656
        ],
        "max_kv_cache": 0.9243213897937025,
        "parallel_requests_nb": 26
    },
    "30": {
        "speed_generation": [
            0.08390890691648067,
            16.731938566456453,
            0.037488650553381575
        ],
        "time_to_first_token": [
            1.1214505434036255,
            4.861425995826721,
            1.1387887597084045
        ],
        "max_kv_cache": 1.0,
        "parallel_requests_nb": 30
    },
    "34": {
        "speed_generation": [
            0.2487227271870438,
            16.01583134724851,
            0.23708917122836226
        ],
        "time_to_first_token": [
            1.5262964367866516,
            6.386901497840881,
            0.3543849587440491
        ],
        "max_kv_cache": 0.9998914223669924,
        "parallel_requests_nb": 34
    },
    "38": {
        "speed_generation": [
            3.156257501384376,
            15.912331020898332,
            0.3747890881326974
        ],
        "time_to_first_token": [
            1.7249561548233032,
            6.685292840003967,
            0.3488205075263977
        ],
        "max_kv_cache": 1.0,
        "parallel_requests_nb": 38
    }
}