{
    "1": {
        "speed_generation": [
            1.481360194921507,
            91.37563539009744,
            0.37591733357214707
        ],
        "time_to_first_token": [
            0.001114487648010254,
            0.04451894760131836,
            0.007807374000549316
        ],
        "max_kv_cache": 0.007600434310532034,
        "parallel_requests_nb": 1
    },
    "2": {
        "speed_generation": [
            1.4885965756760982,
            91.25845890634605,
            0.3008561732786461
        ],
        "time_to_first_token": [
            0.0020456910133361816,
            0.049360036849975586,
            0.0031368136405944824
        ],
        "max_kv_cache": 0.014983713355048889,
        "parallel_requests_nb": 2
    },
    "3": {
        "speed_generation": [
            0.8432433955287308,
            91.13647737209772,
            0.3799328746997759
        ],
        "time_to_first_token": [
            0.0034210681915283203,
            0.07755804061889648,
            0.0051250457763671875
        ],
        "max_kv_cache": 0.022475570032573278,
        "parallel_requests_nb": 3
    },
    "4": {
        "speed_generation": [
            0.7560278309341157,
            91.13141804176924,
            0.327421601067158
        ],
        "time_to_first_token": [
            0.01182103157043457,
            0.07932615280151367,
            0.005277872085571289
        ],
        "max_kv_cache": 0.029858849077090133,
        "parallel_requests_nb": 4
    },
    "6": {
        "speed_generation": [
            3.8789539050594044,
            86.49182053448827,
            0.382884173837553
        ],
        "time_to_first_token": [
            0.007761955261230469,
            0.08821892738342285,
            0.007134675979614258
        ],
        "max_kv_cache": 0.04473398479913138,
        "parallel_requests_nb": 6
    },
    "8": {
        "speed_generation": [
            2.6881368797892122,
            81.82996677847719,
            0.4388168033971027
        ],
        "time_to_first_token": [
            0.007802009582519531,
            0.09913897514343262,
            0.005056142807006836
        ],
        "max_kv_cache": 0.05939196525515744,
        "parallel_requests_nb": 8
    },
    "10": {
        "speed_generation": [
            2.8449255124791506,
            75.83935821784057,
            0.43070903494445645
        ],
        "time_to_first_token": [
            0.013270139694213867,
            0.08407998085021973,
            0.014441967010498047
        ],
        "max_kv_cache": 0.0740499457111835,
        "parallel_requests_nb": 10
    },
    "14": {
        "speed_generation": [
            2.569753564576885,
            70.2700764565751,
            0.36669943068537236
        ],
        "time_to_first_token": [
            0.013142108917236328,
            0.10040092468261719,
            0.020668983459472656
        ],
        "max_kv_cache": 0.10314875135722046,
        "parallel_requests_nb": 14
    },
    "18": {
        "speed_generation": [
            2.680108381332019,
            70.01882327544018,
            0.5384208175243543
        ],
        "time_to_first_token": [
            0.009824991226196289,
            0.14837098121643066,
            0.008399009704589844
        ],
        "max_kv_cache": 0.13289902280130295,
        "parallel_requests_nb": 18
    },
    "22": {
        "speed_generation": [
            2.53308058412766,
            65.70461158976572,
            0.5628425273413171
        ],
        "time_to_first_token": [
            0.04254007339477539,
            0.15617895126342773,
            0.015494108200073242
        ],
        "max_kv_cache": 0.16264929424538543,
        "parallel_requests_nb": 22
    },
    "26": {
        "speed_generation": [
            0.6162536895774053,
            60.09972637875918,
            1.7112760666000142
        ],
        "time_to_first_token": [
            0.013100504875183105,
            0.17091798782348633,
            0.015726923942565918
        ],
        "max_kv_cache": 0.1909880564603692,
        "parallel_requests_nb": 26
    },
    "30": {
        "speed_generation": [
            1.0600662070350353,
            56.858665137977255,
            1.6105290766585298
        ],
        "time_to_first_token": [
            0.026329994201660156,
            0.21581101417541504,
            0.013214826583862305
        ],
        "max_kv_cache": 0.22149837133550487,
        "parallel_requests_nb": 30
    },
    "34": {
        "speed_generation": [
            0.7287455579924966,
            53.46781609366685,
            1.33822465883852
        ],
        "time_to_first_token": [
            0.016321539878845215,
            0.23801398277282715,
            0.0117034912109375
        ],
        "max_kv_cache": 0.250814332247557,
        "parallel_requests_nb": 34
    },
    "38": {
        "speed_generation": [
            1.4303148187396246,
            51.19297201488023,
            0.41965711395720007
        ],
        "time_to_first_token": [
            0.014726877212524414,
            0.26114606857299805,
            0.01115107536315918
        ],
        "max_kv_cache": 0.28023887079261667,
        "parallel_requests_nb": 38
    }
}