{
    "1": {
        "speed_generation": [
            0.4413995264438455,
            89.9141210796163,
            0.5001672688414232
        ],
        "time_to_first_token": [
            0.000591278076171875,
            0.04321599006652832,
            0.0009090900421142578
        ],
        "max_kv_cache": 0.0015200868621063623,
        "parallel_requests_nb": 1
    },
    "2": {
        "speed_generation": [
            0.5660961128633062,
            88.07657055973405,
            0.6002321388031504
        ],
        "time_to_first_token": [
            0.005076169967651367,
            0.06882500648498535,
            0.003509998321533203
        ],
        "max_kv_cache": 0.0030401737242128357,
        "parallel_requests_nb": 2
    },
    "3": {
        "speed_generation": [
            0.6519049905552237,
            87.79637861531103,
            0.5826858854765931
        ],
        "time_to_first_token": [
            0.0047948360443115234,
            0.0748748779296875,
            0.003748178482055664
        ],
        "max_kv_cache": 0.004234527687296374,
        "parallel_requests_nb": 3
    },
    "4": {
        "speed_generation": [
            0.6843398665249225,
            87.58070298808492,
            0.5981893324328524
        ],
        "time_to_first_token": [
            0.005095958709716797,
            0.0782010555267334,
            0.004561901092529297
        ],
        "max_kv_cache": 0.005646036916395203,
        "parallel_requests_nb": 4
    },
    "6": {
        "speed_generation": [
            0.6649625182245131,
            87.15721279008054,
            0.6178941998829828
        ],
        "time_to_first_token": [
            0.006987333297729492,
            0.08718001842498779,
            0.0051400065422058105
        ],
        "max_kv_cache": 0.008143322475570036,
        "parallel_requests_nb": 6
    },
    "8": {
        "speed_generation": [
            0.5899852064544291,
            86.71740470697287,
            0.5568635279158656
        ],
        "time_to_first_token": [
            0.004565596580505371,
            0.09541261196136475,
            0.004125416278839111
        ],
        "max_kv_cache": 0.010857763300760048,
        "parallel_requests_nb": 8
    },
    "10": {
        "speed_generation": [
            0.6072186480306812,
            81.49973132090878,
            0.5930139061854192
        ],
        "time_to_first_token": [
            0.006102442741394043,
            0.10619103908538818,
            0.004131436347961426
        ],
        "max_kv_cache": 0.013463626492942415,
        "parallel_requests_nb": 10
    },
    "14": {
        "speed_generation": [
            0.8025208746020809,
            77.87929851189759,
            0.7270566826070137
        ],
        "time_to_first_token": [
            0.007452785968780518,
            0.12633633613586426,
            0.005997061729431152
        ],
        "max_kv_cache": 0.018566775244299727,
        "parallel_requests_nb": 14
    },
    "18": {
        "speed_generation": [
            0.7111381746035477,
            78.94240654374426,
            0.6730919004787239
        ],
        "time_to_first_token": [
            0.007078647613525391,
            0.14850842952728271,
            0.006448626518249512
        ],
        "max_kv_cache": 0.02345276872964175,
        "parallel_requests_nb": 18
    },
    "22": {
        "speed_generation": [
            0.7828943896288791,
            74.91881403221976,
            0.6966507909417317
        ],
        "time_to_first_token": [
            0.007222235202789307,
            0.17025387287139893,
            0.007517814636230469
        ],
        "max_kv_cache": 0.028773072747014128,
        "parallel_requests_nb": 22
    },
    "26": {
        "speed_generation": [
            0.8057728077452992,
            70.24406746307963,
            0.5619535168146115
        ],
        "time_to_first_token": [
            0.008548259735107422,
            0.1931757926940918,
            0.008721709251403809
        ],
        "max_kv_cache": 0.03376764386536368,
        "parallel_requests_nb": 26
    },
    "30": {
        "speed_generation": [
            0.74095292432051,
            67.70504372306442,
            0.6565725303894823
        ],
        "time_to_first_token": [
            0.00974130630493164,
            0.21292555332183838,
            0.010242581367492676
        ],
        "max_kv_cache": 0.03897937024972853,
        "parallel_requests_nb": 30
    },
    "34": {
        "speed_generation": [
            1.8520036215046503,
            62.304751037164095,
            1.166888512420563
        ],
        "time_to_first_token": [
            0.01067572832107544,
            0.23602557182312012,
            0.018050849437713623
        ],
        "max_kv_cache": 0.043973941368078195,
        "parallel_requests_nb": 34
    },
    "38": {
        "speed_generation": [
            1.6605214976417102,
            61.20706131288432,
            0.8993294965745093
        ],
        "time_to_first_token": [
            0.010605931282043457,
            0.26208698749542236,
            0.011672735214233398
        ],
        "max_kv_cache": 0.0496199782844734,
        "parallel_requests_nb": 38
    }
}