{
    "1": {
        "speed_generation": [
            0.973928644230071,
            70.34730205110236,
            0.5017546786527305
        ],
        "time_to_first_token": [
            0.0007506608963012695,
            0.06496250629425049,
            0.0013024210929870605
        ],
        "max_kv_cache": 0.008034744842562391,
        "parallel_requests_nb": 1
    },
    "2": {
        "speed_generation": [
            0.9878447084977182,
            56.0726692713051,
            1.0519653689675437
        ],
        "time_to_first_token": [
            0.01015239953994751,
            0.11107850074768066,
            0.008919239044189453
        ],
        "max_kv_cache": 0.015526601520086891,
        "parallel_requests_nb": 2
    },
    "3": {
        "speed_generation": [
            0.7176483171414034,
            47.17320718934887,
            0.8249847479114578
        ],
        "time_to_first_token": [
            0.017098844051361084,
            0.16507244110107422,
            0.007454395294189453
        ],
        "max_kv_cache": 0.022909880564603746,
        "parallel_requests_nb": 3
    },
    "4": {
        "speed_generation": [
            0.5548660384512303,
            40.68011322869234,
            0.6791026699033438
        ],
        "time_to_first_token": [
            0.016948163509368896,
            0.214880108833313,
            0.008602678775787354
        ],
        "max_kv_cache": 0.03051031487513567,
        "parallel_requests_nb": 4
    },
    "6": {
        "speed_generation": [
            0.46328895789394053,
            31.142615539877255,
            0.5243280794503207
        ],
        "time_to_first_token": [
            0.01252126693725586,
            0.3185575008392334,
            0.009111583232879639
        ],
        "max_kv_cache": 0.0456026058631922,
        "parallel_requests_nb": 6
    },
    "8": {
        "speed_generation": [
            0.3564275336820444,
            25.068411327337685,
            0.4598396551310877
        ],
        "time_to_first_token": [
            0.01535874605178833,
            0.42256152629852295,
            0.01049429178237915
        ],
        "max_kv_cache": 0.06047774158523345,
        "parallel_requests_nb": 8
    },
    "10": {
        "speed_generation": [
            0.22922008007065386,
            21.338067999429022,
            0.2919264881668404
        ],
        "time_to_first_token": [
            0.015166103839874268,
            0.5252113342285156,
            0.008906960487365723
        ],
        "max_kv_cache": 0.07513572204125951,
        "parallel_requests_nb": 10
    },
    "14": {
        "speed_generation": [
            0.20934926309224977,
            16.49673239533147,
            0.34360540081610935
        ],
        "time_to_first_token": [
            0.02333122491836548,
            0.7171050310134888,
            0.01586383581161499
        ],
        "max_kv_cache": 0.104343105320304,
        "parallel_requests_nb": 14
    },
    "18": {
        "speed_generation": [
            0.1434148557237016,
            13.553411667422338,
            0.3126369940372786
        ],
        "time_to_first_token": [
            0.027798116207122803,
            0.9266195297241211,
            0.013837456703186035
        ],
        "max_kv_cache": 0.13420195439739413,
        "parallel_requests_nb": 18
    },
    "22": {
        "speed_generation": [
            0.07878892107142299,
            11.168809485630081,
            0.14526639436136435
        ],
        "time_to_first_token": [
            0.040310680866241455,
            1.1404459476470947,
            0.013361036777496338
        ],
        "max_kv_cache": 0.16351791530944626,
        "parallel_requests_nb": 22
    },
    "26": {
        "speed_generation": [
            0.0688480011702417,
            9.61126549325417,
            0.07800050937345127
        ],
        "time_to_first_token": [
            0.030362367630004883,
            1.3451759815216064,
            0.011323928833007812
        ],
        "max_kv_cache": 0.19315960912052121,
        "parallel_requests_nb": 26
    },
    "30": {
        "speed_generation": [
            0.04753268354488149,
            8.507900467282823,
            0.04093705885733101
        ],
        "time_to_first_token": [
            0.042419493198394775,
            1.548484444618225,
            0.011425793170928955
        ],
        "max_kv_cache": 0.22323561346362653,
        "parallel_requests_nb": 30
    },
    "34": {
        "speed_generation": [
            0.054387250895466366,
            7.646405362875507,
            0.07895843002603797
        ],
        "time_to_first_token": [
            0.03560340404510498,
            1.7410399913787842,
            0.021795928478240967
        ],
        "max_kv_cache": 0.25233441910966337,
        "parallel_requests_nb": 34
    },
    "38": {
        "speed_generation": [
            0.03967892659988248,
            6.85532816445597,
            0.05015782072686292
        ],
        "time_to_first_token": [
            0.03541487455368042,
            1.956984043121338,
            0.01625138521194458
        ],
        "max_kv_cache": 0.28154180238870796,
        "parallel_requests_nb": 38
    }
}