{
    "1": {
        "speed_generation": [
            0.09829979483523488,
            35.595500230398706,
            0.0564448848109933
        ],
        "time_to_first_token": [
            0.0018227100372314453,
            0.5901899337768555,
            0.002897024154663086
        ],
        "max_kv_cache": 0.07553858740114539,
        "parallel_requests_nb": 1
    },
    "2": {
        "speed_generation": [
            0.11498037754508417,
            28.13813327726017,
            0.10523412144939925
        ],
        "time_to_first_token": [
            0.5401941537857056,
            1.13602614402771,
            0.02304840087890625
        ],
        "max_kv_cache": 0.15134987728388327,
        "parallel_requests_nb": 2
    },
    "3": {
        "speed_generation": [
            0.07062016939359239,
            23.108606161628025,
            0.05771640726511862
        ],
        "time_to_first_token": [
            0.5408011078834534,
            1.6838823556900024,
            0.02244645357131958
        ],
        "max_kv_cache": 0.2255249522770657,
        "parallel_requests_nb": 3
    },
    "4": {
        "speed_generation": [
            0.07685736331549364,
            20.201574092299442,
            0.041869121992050395
        ],
        "time_to_first_token": [
            1.0784499645233154,
            2.2421109676361084,
            0.02223491668701172
        ],
        "max_kv_cache": 0.29970002727024814,
        "parallel_requests_nb": 4
    },
    "6": {
        "speed_generation": [
            0.07402656716266165,
            14.899833695081155,
            0.051907412397973474
        ],
        "time_to_first_token": [
            0.5458157062530518,
            2.2741827964782715,
            1.0928523540496826
        ],
        "max_kv_cache": 0.448050177256613,
        "parallel_requests_nb": 6
    },
    "8": {
        "speed_generation": [
            0.030251010073024887,
            12.858319934632414,
            0.023989105262508303
        ],
        "time_to_first_token": [
            1.6511321067810059,
            3.382591962814331,
            1.0665209293365479
        ],
        "max_kv_cache": 0.5944914098718299,
        "parallel_requests_nb": 8
    },
    "10": {
        "speed_generation": [
            0.06741620791438052,
            10.998987132823355,
            0.04703295172777899
        ],
        "time_to_first_token": [
            1.5353420972824097,
            3.412217140197754,
            1.6504669189453125
        ],
        "max_kv_cache": 0.743932369784565,
        "parallel_requests_nb": 10
    },
    "14": {
        "speed_generation": [
            0.06910200354952423,
            8.834672113468283,
            0.032634232955167874
        ],
        "time_to_first_token": [
            1.7182679176330566,
            5.544433832168579,
            1.6824162006378174
        ],
        "max_kv_cache": 0.9659121898009272,
        "parallel_requests_nb": 14
    },
    "18": {
        "speed_generation": [
            4.362497485009317,
            8.784238719883986,
            0.061013001627229
        ],
        "time_to_first_token": [
            1.6885440349578857,
            6.708646059036255,
            9.462630987167358
        ],
        "max_kv_cache": 0.9659121898009272,
        "parallel_requests_nb": 18
    },
    "22": {
        "speed_generation": [
            0.027163656475981846,
            4.416551459778959,
            4.384384227583328
        ],
        "time_to_first_token": [
            9.144641160964966,
            16.256227016448975,
            1.996269941329956
        ],
        "max_kv_cache": 0.9648213798745569,
        "parallel_requests_nb": 22
    },
    "26": {
        "speed_generation": [
            0.020107031566086953,
            4.4089913969914,
            0.008868424580096956
        ],
        "time_to_first_token": [
            2.763482093811035,
            19.409929037094116,
            1.6962168216705322
        ],
        "max_kv_cache": 0.9664575947641123,
        "parallel_requests_nb": 26
    },
    "30": {
        "speed_generation": [
            1.4375004211990823,
            4.39045947343411,
            0.026889158889212617
        ],
        "time_to_first_token": [
            1.7015399932861328,
            21.1510169506073,
            9.454275846481323
        ],
        "max_kv_cache": 0.9683665121352605,
        "parallel_requests_nb": 30
    },
    "34": {
        "speed_generation": [
            0.030845438353666044,
            2.9541639356090093,
            1.447635923327348
        ],
        "time_to_first_token": [
            9.422040939331055,
            30.638514041900635,
            1.7841458320617676
        ],
        "max_kv_cache": 0.9672757022088901,
        "parallel_requests_nb": 34
    },
    "38": {
        "speed_generation": [
            0.02942288354339384,
            2.941352724762807,
            0.00554927642380143
        ],
        "time_to_first_token": [
            1.7520349025726318,
            32.44305396080017,
            2.027013063430786
        ],
        "max_kv_cache": 0.9656394873193346,
        "parallel_requests_nb": 38
    }
}