{
    "1": {
        "speed_generation": [
            0.08362581305756223,
            16.92910392464945,
            0.06682314497895803
        ],
        "time_to_first_token": [
            0.003526449203491211,
            0.5881125926971436,
            0.004031836986541748
        ],
        "max_kv_cache": 0.07444777747477505,
        "parallel_requests_nb": 1
    },
    "2": {
        "speed_generation": [
            0.043570392290666504,
            10.187357959397128,
            0.1496819397262641
        ],
        "time_to_first_token": [
            0.5406150817871094,
            1.135235071182251,
            0.02904033660888672
        ],
        "max_kv_cache": 0.14780474502317975,
        "parallel_requests_nb": 2
    },
    "3": {
        "speed_generation": [
            0.04226105356387411,
            7.369994597881521,
            0.0438720477882244
        ],
        "time_to_first_token": [
            0.549902081489563,
            1.6884300708770752,
            0.02271401882171631
        ],
        "max_kv_cache": 0.2195254976820289,
        "parallel_requests_nb": 3
    },
    "4": {
        "speed_generation": [
            0.03598618065723436,
            5.818315493289403,
            0.027432883183513113
        ],
        "time_to_first_token": [
            1.074934959411621,
            2.241914987564087,
            0.023864030838012695
        ],
        "max_kv_cache": 0.29179165530406326,
        "parallel_requests_nb": 4
    },
    "6": {
        "speed_generation": [
            0.01679153028321556,
            3.991664411862516,
            0.014767958223237176
        ],
        "time_to_first_token": [
            1.0517330169677734,
            2.765932083129883,
            0.6039738655090332
        ],
        "max_kv_cache": 0.43741478047450233,
        "parallel_requests_nb": 6
    },
    "8": {
        "speed_generation": [
            0.011443708467525404,
            3.1037134194056826,
            0.010521827995051858
        ],
        "time_to_first_token": [
            1.6253407001495361,
            3.374234914779663,
            0.581273078918457
        ],
        "max_kv_cache": 0.5805835833106081,
        "parallel_requests_nb": 8
    },
    "10": {
        "speed_generation": [
            0.012068060479700105,
            2.5195766649085773,
            0.008507604968781113
        ],
        "time_to_first_token": [
            1.6367404460906982,
            3.409693956375122,
            1.659348487854004
        ],
        "max_kv_cache": 0.7242977911098991,
        "parallel_requests_nb": 10
    },
    "14": {
        "speed_generation": [
            0.006117212524439308,
            1.9716877765598935,
            0.005650441892151914
        ],
        "time_to_first_token": [
            1.6826107501983643,
            5.558167934417725,
            1.6773128509521484
        ],
        "max_kv_cache": 0.9413689664575947,
        "parallel_requests_nb": 14
    },
    "18": {
        "speed_generation": [
            0.9763541127815514,
            1.9625744663540727,
            0.011471232150774835
        ],
        "time_to_first_token": [
            1.6734118461608887,
            6.6961669921875,
            3.092554807662964
        ],
        "max_kv_cache": 0.9397327515680393,
        "parallel_requests_nb": 18
    },
    "22": {
        "speed_generation": [
            0.0031201711312572877,
            0.9865044900899677,
            0.9771417774647156
        ],
        "time_to_first_token": [
            2.634805202484131,
            9.854237079620361,
            1.7599077224731445
        ],
        "max_kv_cache": 0.9430051813471503,
        "parallel_requests_nb": 22
    },
    "26": {
        "speed_generation": [
            0.00220375382806548,
            0.9847805178207716,
            0.0018741164837809965
        ],
        "time_to_first_token": [
            2.831636667251587,
            13.08443284034729,
            1.6978051662445068
        ],
        "max_kv_cache": 0.942459776383965,
        "parallel_requests_nb": 26
    },
    "30": {
        "speed_generation": [
            0.32578613332041795,
            0.9834177947355294,
            0.0027347057573715583
        ],
        "time_to_first_token": [
            1.6861979961395264,
            14.803538084030151,
            3.07384991645813
        ],
        "max_kv_cache": 0.9421870739023726,
        "parallel_requests_nb": 30
    },
    "34": {
        "speed_generation": [
            0.002048261390274919,
            0.6579136171757909,
            0.3249709258119218
        ],
        "time_to_first_token": [
            3.0706307888031006,
            17.909214973449707,
            1.6857421398162842
        ],
        "max_kv_cache": 0.9413689664575947,
        "parallel_requests_nb": 34
    },
    "38": {
        "speed_generation": [
            0.0018109463304577522,
            0.6563047391353787,
            0.002172934011808292
        ],
        "time_to_first_token": [
            1.695033073425293,
            19.648187160491943,
            1.7484197616577148
        ],
        "max_kv_cache": 0.9427324788655577,
        "parallel_requests_nb": 38
    }
}