{
    "1": {
        "speed_generation": [
            0.1121549596158502,
            43.523994713454925,
            0.07740493930507597
        ],
        "time_to_first_token": [
            0.00218886137008667,
            0.1583700180053711,
            0.00158768892288208
        ],
        "max_kv_cache": 0.021270793564221457,
        "parallel_requests_nb": 1
    },
    "2": {
        "speed_generation": [
            0.10199567857345215,
            40.35845967115207,
            0.15467123043856645
        ],
        "time_to_first_token": [
            0.13089025020599365,
            0.28969383239746094,
            0.010667681694030762
        ],
        "max_kv_cache": 0.04172347968366508,
        "parallel_requests_nb": 2
    },
    "3": {
        "speed_generation": [
            0.10752625686545514,
            37.8410895482742,
            0.11714469911383674
        ],
        "time_to_first_token": [
            0.13100379705429077,
            0.423292875289917,
            0.012082874774932861
        ],
        "max_kv_cache": 0.06272157076629392,
        "parallel_requests_nb": 3
    },
    "4": {
        "speed_generation": [
            0.10589764574086757,
            35.646514814953754,
            0.10825451632790362
        ],
        "time_to_first_token": [
            0.25887012481689453,
            0.556549072265625,
            0.011707067489624023
        ],
        "max_kv_cache": 0.08344695936733026,
        "parallel_requests_nb": 4
    },
    "6": {
        "speed_generation": [
            0.10284755952124058,
            30.779433317007328,
            0.10424479583986468
        ],
        "time_to_first_token": [
            0.3917868137359619,
            0.828239917755127,
            0.014188528060913086
        ],
        "max_kv_cache": 0.12435233160621761,
        "parallel_requests_nb": 6
    },
    "8": {
        "speed_generation": [
            0.11076228461644178,
            28.02029867217089,
            0.10212541202767156
        ],
        "time_to_first_token": [
            0.13270878791809082,
            1.1036138534545898,
            0.012260198593139648
        ],
        "max_kv_cache": 0.16553040632669758,
        "parallel_requests_nb": 8
    },
    "10": {
        "speed_generation": [
            0.06572447990343022,
            25.02954088747374,
            0.08728215302604525
        ],
        "time_to_first_token": [
            0.06203198432922363,
            1.3681519031524658,
            0.012171030044555664
        ],
        "max_kv_cache": 0.20670848104717754,
        "parallel_requests_nb": 10
    },
    "14": {
        "speed_generation": [
            0.09849444007523189,
            21.268602498271164,
            0.04726958751011523
        ],
        "time_to_first_token": [
            0.9297293424606323,
            1.908491849899292,
            0.014245152473449707
        ],
        "max_kv_cache": 0.28906463048813746,
        "parallel_requests_nb": 14
    },
    "18": {
        "speed_generation": [
            0.06551547671520197,
            17.990715630962114,
            0.06129349305736298
        ],
        "time_to_first_token": [
            0.5400954484939575,
            2.305166006088257,
            0.14664292335510254
        ],
        "max_kv_cache": 0.37005726752113444,
        "parallel_requests_nb": 18
    },
    "22": {
        "speed_generation": [
            0.11661219209469742,
            15.83671973528561,
            0.06807220356676424
        ],
        "time_to_first_token": [
            1.0859520435333252,
            2.72517991065979,
            0.26363420486450195
        ],
        "max_kv_cache": 0.45214071448050175,
        "parallel_requests_nb": 22
    },
    "26": {
        "speed_generation": [
            0.1881203427178164,
            14.21745780199911,
            0.05000987043014682
        ],
        "time_to_first_token": [
            0.15219783782958984,
            2.465704917907715,
            1.0500969886779785
        ],
        "max_kv_cache": 0.5358603763294245,
        "parallel_requests_nb": 26
    },
    "30": {
        "speed_generation": [
            0.19892922395215606,
            12.857727441069668,
            0.03370751680202844
        ],
        "time_to_first_token": [
            0.8234236240386963,
            3.0301671028137207,
            1.0311543941497803
        ],
        "max_kv_cache": 0.6157622034360513,
        "parallel_requests_nb": 30
    },
    "34": {
        "speed_generation": [
            0.08612501546341811,
            11.738485177156655,
            0.0645697533726306
        ],
        "time_to_first_token": [
            0.6685116291046143,
            3.139007091522217,
            1.4373364448547363
        ],
        "max_kv_cache": 0.697572947913826,
        "parallel_requests_nb": 34
    },
    "38": {
        "speed_generation": [
            0.11030442300389254,
            10.773664402732525,
            0.04848237235607655
        ],
        "time_to_first_token": [
            0.9728291630744934,
            3.4073630571365356,
            1.5564340949058533
        ],
        "max_kv_cache": 0.7793836923916008,
        "parallel_requests_nb": 38
    }
}