{
    "1": {
        "speed_generation": [
            1.0667327047000086,
            44.501034715838315,
            0.05380926157221211
        ],
        "time_to_first_token": [
            0.0008710622787475586,
            0.15918004512786865,
            0.0012199878692626953
        ],
        "max_kv_cache": 0.0365421325334061,
        "parallel_requests_nb": 1
    },
    "2": {
        "speed_generation": [
            0.9370454601726692,
            42.463934134132074,
            0.10370101152313538
        ],
        "time_to_first_token": [
            0.12887561321258545,
            0.28947699069976807,
            0.004096508026123047
        ],
        "max_kv_cache": 0.07226615762203437,
        "parallel_requests_nb": 2
    },
    "3": {
        "speed_generation": [
            0.8384900944867368,
            40.61624408003773,
            0.13510138765261814
        ],
        "time_to_first_token": [
            0.1331765055656433,
            0.42753398418426514,
            0.005966782569885254
        ],
        "max_kv_cache": 0.10853558767384786,
        "parallel_requests_nb": 3
    },
    "4": {
        "speed_generation": [
            0.6370378196797191,
            39.058732161278904,
            0.2459958430006921
        ],
        "time_to_first_token": [
            0.2617543935775757,
            0.557839035987854,
            0.009382247924804688
        ],
        "max_kv_cache": 0.1439869102808835,
        "parallel_requests_nb": 4
    },
    "6": {
        "speed_generation": [
            0.1401209673334307,
            33.82982661077575,
            0.43674325840233763
        ],
        "time_to_first_token": [
            0.05417811870574951,
            0.824836015701294,
            0.010901331901550293
        ],
        "max_kv_cache": 0.21652577038451049,
        "parallel_requests_nb": 6
    },
    "8": {
        "speed_generation": [
            0.25889006615274823,
            32.086117134598126,
            0.4915614879552521
        ],
        "time_to_first_token": [
            0.4066498279571533,
            1.0926978588104248,
            0.010109186172485352
        ],
        "max_kv_cache": 0.28824652304335974,
        "parallel_requests_nb": 8
    },
    "10": {
        "speed_generation": [
            0.0844900572368168,
            29.713687628990037,
            0.3842575486745119
        ],
        "time_to_first_token": [
            0.5046370029449463,
            1.3502779006958008,
            0.01846599578857422
        ],
        "max_kv_cache": 0.3586037632942459,
        "parallel_requests_nb": 10
    },
    "14": {
        "speed_generation": [
            0.06566036208555914,
            26.012595509726687,
            0.31694367455934014
        ],
        "time_to_first_token": [
            0.917312502861023,
            1.8965530395507812,
            0.016451358795166016
        ],
        "max_kv_cache": 0.5009544586855741,
        "parallel_requests_nb": 14
    },
    "18": {
        "speed_generation": [
            0.03926735244717605,
            22.485401947079964,
            0.2842794870648433
        ],
        "time_to_first_token": [
            0.8138220310211182,
            2.187217950820923,
            0.27190709114074707
        ],
        "max_kv_cache": 0.6443959640032724,
        "parallel_requests_nb": 18
    },
    "22": {
        "speed_generation": [
            0.06035797393485609,
            20.268073843266382,
            0.0920647955908045
        ],
        "time_to_first_token": [
            0.6200524568557739,
            2.725878953933716,
            0.2582824230194092
        ],
        "max_kv_cache": 0.7872920643577856,
        "parallel_requests_nb": 22
    },
    "26": {
        "speed_generation": [
            0.05363837364606994,
            18.67172897683815,
            0.06390653773516775
        ],
        "time_to_first_token": [
            0.6878633499145508,
            2.8478548526763916,
            0.24640917778015137
        ],
        "max_kv_cache": 0.9318243796018544,
        "parallel_requests_nb": 26
    },
    "30": {
        "speed_generation": [
            0.011002363793018333,
            16.72548759490151,
            0.0724374908196026
        ],
        "time_to_first_token": [
            0.3364710807800293,
            2.7475900650024414,
            1.3677489757537842
        ],
        "max_kv_cache": 0.9997272975184074,
        "parallel_requests_nb": 30
    }
}