{
    "1": {
        "speed_generation": [
            0.109386609493896,
            33.00071303596947,
            0.07712520213512164
        ],
        "time_to_first_token": [
            0.002340555191040039,
            0.15643811225891113,
            0.0020339488983154297
        ],
        "max_kv_cache": 0.019634578674665892,
        "parallel_requests_nb": 1
    },
    "2": {
        "speed_generation": [
            0.2963878246188152,
            25.017078704293944,
            0.33061818938028154
        ],
        "time_to_first_token": [
            0.13164806365966797,
            0.29004907608032227,
            0.007185935974121094
        ],
        "max_kv_cache": 0.03872375238614667,
        "parallel_requests_nb": 2
    },
    "3": {
        "speed_generation": [
            0.16146072175227033,
            20.32577335650492,
            0.25113933379119757
        ],
        "time_to_first_token": [
            0.1258050799369812,
            0.41864609718322754,
            0.014492571353912354
        ],
        "max_kv_cache": 0.057267521134442334,
        "parallel_requests_nb": 3
    },
    "4": {
        "speed_generation": [
            0.19281849239079563,
            17.298111881671787,
            0.15405355698620582
        ],
        "time_to_first_token": [
            0.25376540422439575,
            0.5543290376663208,
            0.011070191860198975
        ],
        "max_kv_cache": 0.07635669484592311,
        "parallel_requests_nb": 4
    },
    "6": {
        "speed_generation": [
            0.09964156356276632,
            13.002057293997819,
            0.11881455557170639
        ],
        "time_to_first_token": [
            0.26016128063201904,
            0.8237714767456055,
            0.013056337833404541
        ],
        "max_kv_cache": 0.11344423234251433,
        "parallel_requests_nb": 6
    },
    "8": {
        "speed_generation": [
            0.08345051559558136,
            10.539260745745574,
            0.07210466015042094
        ],
        "time_to_first_token": [
            0.10847574472427368,
            1.100104570388794,
            0.01383662223815918
        ],
        "max_kv_cache": 0.15025906735751293,
        "parallel_requests_nb": 8
    },
    "10": {
        "speed_generation": [
            0.06331945122791893,
            8.796317884633522,
            0.053806104704682056
        ],
        "time_to_first_token": [
            0.013340592384338379,
            1.3735264539718628,
            0.013704001903533936
        ],
        "max_kv_cache": 0.18761930733569676,
        "parallel_requests_nb": 10
    },
    "14": {
        "speed_generation": [
            0.03306447567236326,
            6.654228638809082,
            0.034612344821077556
        ],
        "time_to_first_token": [
            0.016605377197265625,
            1.9158589839935303,
            0.011951565742492676
        ],
        "max_kv_cache": 0.2617943823288792,
        "parallel_requests_nb": 14
    },
    "18": {
        "speed_generation": [
            0.023266521138575413,
            5.301473291025715,
            0.02122694089779298
        ],
        "time_to_first_token": [
            0.10532712936401367,
            2.169647455215454,
            0.27870869636535645
        ],
        "max_kv_cache": 0.3373329697300246,
        "parallel_requests_nb": 18
    },
    "22": {
        "speed_generation": [
            0.025235225532727057,
            4.426731910732602,
            0.023380767187896723
        ],
        "time_to_first_token": [
            0.289861261844635,
            2.3725520372390747,
            0.5789102911949158
        ],
        "max_kv_cache": 0.40932642487046633,
        "parallel_requests_nb": 22
    },
    "26": {
        "speed_generation": [
            0.01792283761464475,
            3.784301963887051,
            0.026845687995598944
        ],
        "time_to_first_token": [
            0.5964226722717285,
            2.7052879333496094,
            0.8237554430961609
        ],
        "max_kv_cache": 0.4843196073084265,
        "parallel_requests_nb": 26
    },
    "30": {
        "speed_generation": [
            0.015445742062053291,
            3.337011052600409,
            0.02304517307440923
        ],
        "time_to_first_token": [
            0.6674157381057739,
            2.783903121948242,
            1.3043639659881592
        ],
        "max_kv_cache": 0.5598581947095719,
        "parallel_requests_nb": 30
    },
    "34": {
        "speed_generation": [
            0.011337920775142951,
            2.9806051315323576,
            0.013733190267506412
        ],
        "time_to_first_token": [
            1.1285870671272278,
            3.3062195777893066,
            1.0397934317588806
        ],
        "max_kv_cache": 0.6343059721843469,
        "parallel_requests_nb": 34
    },
    "38": {
        "speed_generation": [
            0.010608392360886398,
            2.6902769895752323,
            0.017150784399092345
        ],
        "time_to_first_token": [
            1.2120128273963928,
            3.4251105785369873,
            1.6703572273254395
        ],
        "max_kv_cache": 0.7065721298063812,
        "parallel_requests_nb": 38
    }
}