{
    "1": {
        "speed_generation": [
            0.3073997258726351,
            46.47138613244327,
            0.21823775621906805
        ],
        "time_to_first_token": [
            0.00032591819763183594,
            0.02443099021911621,
            0.001486063003540039
        ],
        "max_kv_cache": 0.0019089173711480667,
        "parallel_requests_nb": 1
    },
    "2": {
        "speed_generation": [
            0.5835585966502777,
            43.74865647441054,
            1.1937484336063662
        ],
        "time_to_first_token": [
            0.0022314786911010742,
            0.03050541877746582,
            0.010509312152862549
        ],
        "max_kv_cache": 0.003272429779111019,
        "parallel_requests_nb": 2
    },
    "3": {
        "speed_generation": [
            0.6699015802832378,
            43.242713326107705,
            0.9884824539955304
        ],
        "time_to_first_token": [
            0.008876979351043701,
            0.03987598419189453,
            0.005025267601013184
        ],
        "max_kv_cache": 0.004908644668666473,
        "parallel_requests_nb": 3
    },
    "4": {
        "speed_generation": [
            0.7762502209950384,
            41.09967474904836,
            0.8768743823533995
        ],
        "time_to_first_token": [
            0.006667077541351318,
            0.04305160045623779,
            0.008506476879119873
        ],
        "max_kv_cache": 0.0062721570766294255,
        "parallel_requests_nb": 4
    },
    "6": {
        "speed_generation": [
            0.6975962463027017,
            40.64947220909842,
            0.904634497308237
        ],
        "time_to_first_token": [
            0.01358175277709961,
            0.06051647663116455,
            0.010187983512878418
        ],
        "max_kv_cache": 0.009271884374147832,
        "parallel_requests_nb": 6
    },
    "8": {
        "speed_generation": [
            0.5965369363699153,
            38.83631714174217,
            0.7746518395319413
        ],
        "time_to_first_token": [
            0.015242040157318115,
            0.07767355442047119,
            0.009048998355865479
        ],
        "max_kv_cache": 0.011453504226888511,
        "parallel_requests_nb": 8
    },
    "10": {
        "speed_generation": [
            0.6169404827780056,
            36.09432663970386,
            0.6437438955484467
        ],
        "time_to_first_token": [
            0.01910632848739624,
            0.09019851684570312,
            0.009730756282806396
        ],
        "max_kv_cache": 0.014180529042814305,
        "parallel_requests_nb": 10
    },
    "14": {
        "speed_generation": [
            0.6366296804379132,
            33.16123918930029,
            0.5953441190365183
        ],
        "time_to_first_token": [
            0.008803069591522217,
            0.1269310712814331,
            0.007819950580596924
        ],
        "max_kv_cache": 0.019089173711480778,
        "parallel_requests_nb": 14
    },
    "18": {
        "speed_generation": [
            0.4876739048066945,
            29.42715576393335,
            0.4300343055246998
        ],
        "time_to_first_token": [
            0.009308815002441406,
            0.15917742252349854,
            0.006308495998382568
        ],
        "max_kv_cache": 0.024543223343332476,
        "parallel_requests_nb": 18
    },
    "22": {
        "speed_generation": [
            0.546779849585981,
            27.265091379794352,
            0.4020697353057585
        ],
        "time_to_first_token": [
            0.010235190391540527,
            0.1923445463180542,
            0.010535836219787598
        ],
        "max_kv_cache": 0.02945186801199895,
        "parallel_requests_nb": 22
    },
    "26": {
        "speed_generation": [
            0.4070743588238912,
            25.16964349527308,
            0.4240738685059249
        ],
        "time_to_first_token": [
            0.012251615524291992,
            0.2271660566329956,
            0.009548068046569824
        ],
        "max_kv_cache": 0.034633215162257924,
        "parallel_requests_nb": 26
    },
    "30": {
        "speed_generation": [
            0.3460079401711731,
            23.852490953713822,
            0.23479039973816995
        ],
        "time_to_first_token": [
            0.00933903455734253,
            0.2547570466995239,
            0.006234884262084961
        ],
        "max_kv_cache": 0.04008726479410962,
        "parallel_requests_nb": 30
    },
    "34": {
        "speed_generation": [
            0.33368271621888823,
            22.227193186064788,
            0.2775843428428928
        ],
        "time_to_first_token": [
            0.013065755367279053,
            0.29164397716522217,
            0.009729504585266113
        ],
        "max_kv_cache": 0.04417780201799837,
        "parallel_requests_nb": 34
    },
    "38": {
        "speed_generation": [
            0.32549875842573783,
            21.045003232608487,
            0.3129097842355648
        ],
        "time_to_first_token": [
            0.010596394538879395,
            0.31922900676727295,
            0.011748254299163818
        ],
        "max_kv_cache": 0.04990455413144257,
        "parallel_requests_nb": 38
    }
}