{
    "1": {
        "speed_generation": [
            0.1389016188585117,
            46.67660575484438,
            0.11758267696401248
        ],
        "time_to_first_token": [
            0.0004335641860961914,
            0.024883031845092773,
            0.002277374267578125
        ],
        "max_kv_cache": 0.0038178347422961334,
        "parallel_requests_nb": 1
    },
    "2": {
        "speed_generation": [
            0.18161735704433113,
            46.38746666989239,
            0.16551306344363326
        ],
        "time_to_first_token": [
            0.0017491579055786133,
            0.0299990177154541,
            0.012130379676818848
        ],
        "max_kv_cache": 0.0070902645214071525,
        "parallel_requests_nb": 2
    },
    "3": {
        "speed_generation": [
            0.12190044968284752,
            46.12026004679798,
            0.13549688407955784
        ],
        "time_to_first_token": [
            0.008573055267333984,
            0.0397341251373291,
            0.006248950958251953
        ],
        "max_kv_cache": 0.010635396782110673,
        "parallel_requests_nb": 3
    },
    "4": {
        "speed_generation": [
            0.11508862570646272,
            45.978430331752904,
            0.13006559958954966
        ],
        "time_to_first_token": [
            0.014896869659423828,
            0.04912090301513672,
            0.008593082427978516
        ],
        "max_kv_cache": 0.01363512407962908,
        "parallel_requests_nb": 4
    },
    "6": {
        "speed_generation": [
            0.1496427530775577,
            45.67626070417229,
            0.14085246007266505
        ],
        "time_to_first_token": [
            0.012493014335632324,
            0.059903860092163086,
            0.009966135025024414
        ],
        "max_kv_cache": 0.020725388601036232,
        "parallel_requests_nb": 6
    },
    "8": {
        "speed_generation": [
            0.1454817529065906,
            44.796141232054914,
            0.15549040214474275
        ],
        "time_to_first_token": [
            0.014473915100097656,
            0.07411694526672363,
            0.009576082229614258
        ],
        "max_kv_cache": 0.026452140714480543,
        "parallel_requests_nb": 8
    },
    "10": {
        "speed_generation": [
            0.16103578448590383,
            42.11749857613333,
            0.14323150988768418
        ],
        "time_to_first_token": [
            0.01613152027130127,
            0.09062600135803223,
            0.010971546173095703
        ],
        "max_kv_cache": 0.03326970275429508,
        "parallel_requests_nb": 10
    },
    "14": {
        "speed_generation": [
            0.19063988128957732,
            40.45954952523596,
            0.14114661141318408
        ],
        "time_to_first_token": [
            0.012385010719299316,
            0.1301954984664917,
            0.010607242584228516
        ],
        "max_kv_cache": 0.04635942187073905,
        "parallel_requests_nb": 14
    },
    "18": {
        "speed_generation": [
            0.12985634576357796,
            37.23225252012219,
            0.14932137293072856
        ],
        "time_to_first_token": [
            0.011425793170928955,
            0.16079950332641602,
            0.0064820051193237305
        ],
        "max_kv_cache": 0.05890373602399779,
        "parallel_requests_nb": 18
    },
    "22": {
        "speed_generation": [
            0.21544468424104934,
            35.96652352880982,
            0.16863401125453947
        ],
        "time_to_first_token": [
            0.0095481276512146,
            0.19053494930267334,
            0.009658396244049072
        ],
        "max_kv_cache": 0.07226615762203437,
        "parallel_requests_nb": 22
    },
    "26": {
        "speed_generation": [
            0.1442656730291958,
            34.2535534574195,
            0.19868172475666057
        ],
        "time_to_first_token": [
            0.01363438367843628,
            0.22425603866577148,
            0.011153638362884521
        ],
        "max_kv_cache": 0.08535587673847833,
        "parallel_requests_nb": 26
    },
    "30": {
        "speed_generation": [
            0.17293973937969298,
            33.12687685890407,
            0.1383091514104393
        ],
        "time_to_first_token": [
            0.011005938053131104,
            0.2579389810562134,
            0.011626005172729492
        ],
        "max_kv_cache": 0.0984455958549223,
        "parallel_requests_nb": 30
    },
    "34": {
        "speed_generation": [
            0.1674557257028617,
            32.05327113647149,
            0.16096943078459702
        ],
        "time_to_first_token": [
            0.015614569187164307,
            0.2897745370864868,
            0.006152153015136719
        ],
        "max_kv_cache": 0.10935369511862558,
        "parallel_requests_nb": 34
    },
    "38": {
        "speed_generation": [
            0.34505306159208615,
            31.07901111136856,
            0.15478590266860692
        ],
        "time_to_first_token": [
            0.025946080684661865,
            0.3165769577026367,
            0.013877809047698975
        ],
        "max_kv_cache": 0.12353422416143989,
        "parallel_requests_nb": 38
    }
}