{
    "1": {
        "speed_generation": [
            1.1711080794133082,
            46.4062390320526,
            0.05204971109674261
        ],
        "time_to_first_token": [
            0.0020235776901245117,
            0.027234911918640137,
            0.00303804874420166
        ],
        "max_kv_cache": 0.018816471229888165,
        "parallel_requests_nb": 1
    },
    "2": {
        "speed_generation": [
            1.147779060052308,
            45.9586110568319,
            0.07593342069615971
        ],
        "time_to_first_token": [
            0.002210557460784912,
            0.03129851818084717,
            0.00871729850769043
        ],
        "max_kv_cache": 0.03763294245977633,
        "parallel_requests_nb": 2
    },
    "3": {
        "speed_generation": [
            1.084801811010692,
            45.32161752566314,
            0.08398250387335082
        ],
        "time_to_first_token": [
            0.009893655776977539,
            0.04137706756591797,
            0.0073566436767578125
        ],
        "max_kv_cache": 0.05644941368966461,
        "parallel_requests_nb": 3
    },
    "4": {
        "speed_generation": [
            1.0399125112293675,
            44.69435711156533,
            0.11292605346468321
        ],
        "time_to_first_token": [
            0.01180952787399292,
            0.04842352867126465,
            0.009314119815826416
        ],
        "max_kv_cache": 0.07417507499318243,
        "parallel_requests_nb": 4
    },
    "6": {
        "speed_generation": [
            0.8776827927712034,
            42.30300177787229,
            0.09546106229689144
        ],
        "time_to_first_token": [
            0.02373194694519043,
            0.0633540153503418,
            0.006117105484008789
        ],
        "max_kv_cache": 0.11098991000818104,
        "parallel_requests_nb": 6
    },
    "8": {
        "speed_generation": [
            0.621849782955529,
            40.73502879789294,
            0.19846609896706724
        ],
        "time_to_first_token": [
            0.0232241153717041,
            0.07439517974853516,
            0.009790897369384766
        ],
        "max_kv_cache": 0.1491682574311426,
        "parallel_requests_nb": 8
    },
    "10": {
        "speed_generation": [
            0.7261536326395017,
            38.3626521740544,
            0.10917533117174116
        ],
        "time_to_first_token": [
            0.02689647674560547,
            0.09193992614746094,
            0.011804580688476562
        ],
        "max_kv_cache": 0.1859830924461413,
        "parallel_requests_nb": 10
    },
    "14": {
        "speed_generation": [
            0.46449737439530026,
            35.64933539380037,
            0.27634954860910454
        ],
        "time_to_first_token": [
            0.013702154159545898,
            0.12658214569091797,
            0.01657271385192871
        ],
        "max_kv_cache": 0.2590673575129534,
        "parallel_requests_nb": 14
    },
    "18": {
        "speed_generation": [
            0.1601206217798321,
            32.23796352877529,
            0.24684375985903984
        ],
        "time_to_first_token": [
            0.07079505920410156,
            0.152238130569458,
            0.01151895523071289
        ],
        "max_kv_cache": 0.3329697300245432,
        "parallel_requests_nb": 18
    },
    "22": {
        "speed_generation": [
            0.3844209351672063,
            30.586759976816555,
            0.15190489675005736
        ],
        "time_to_first_token": [
            0.054270029067993164,
            0.1865370273590088,
            0.012556076049804688
        ],
        "max_kv_cache": 0.40714480501772565,
        "parallel_requests_nb": 22
    },
    "26": {
        "speed_generation": [
            0.06788093300787423,
            28.537525061469932,
            0.32218650330526444
        ],
        "time_to_first_token": [
            0.08513808250427246,
            0.21197915077209473,
            0.015527725219726562
        ],
        "max_kv_cache": 0.48077447504772297,
        "parallel_requests_nb": 26
    },
    "30": {
        "speed_generation": [
            0.05998121844769955,
            27.092285118806,
            0.35933786570484827
        ],
        "time_to_first_token": [
            0.04843127727508545,
            0.24366188049316406,
            0.02008962631225586
        ],
        "max_kv_cache": 0.5546768475593128,
        "parallel_requests_nb": 30
    },
    "34": {
        "speed_generation": [
            0.025147040575379975,
            25.833029495698014,
            0.27563082840245556
        ],
        "time_to_first_token": [
            0.12988638877868652,
            0.26940298080444336,
            0.017431974411010742
        ],
        "max_kv_cache": 0.6285792200709026,
        "parallel_requests_nb": 34
    }
}