{
    "1": {
        "speed_generation": [
            0.3483113371155895,
            26.97967424436738,
            0.14655926218529203
        ],
        "time_to_first_token": [
            0.002111077308654785,
            0.3482551574707031,
            0.00870048999786377
        ],
        "max_kv_cache": 0.10103626943005184,
        "parallel_requests_nb": 1
    },
    "2": {
        "speed_generation": [
            0.18227671278232904,
            16.513487350272474,
            0.2645423841696477
        ],
        "time_to_first_token": [
            0.3079831600189209,
            0.6663730144500732,
            0.018764972686767578
        ],
        "max_kv_cache": 0.19985196150999263,
        "parallel_requests_nb": 2
    },
    "3": {
        "speed_generation": [
            0.07873812140104874,
            12.118802757096194,
            0.07686737187673387
        ],
        "time_to_first_token": [
            0.3233679533004761,
            0.9933925867080688,
            0.01738893985748291
        ],
        "max_kv_cache": 0.2982975573649149,
        "parallel_requests_nb": 3
    },
    "4": {
        "speed_generation": [
            0.0782490761327086,
            9.53896957484842,
            0.06460734944489133
        ],
        "time_to_first_token": [
            0.6230871677398682,
            1.3122761249542236,
            0.02118706703186035
        ],
        "max_kv_cache": 0.3963730569948186,
        "parallel_requests_nb": 4
    },
    "6": {
        "speed_generation": [
            0.034200147360810895,
            6.696053970849172,
            0.03401514515216686
        ],
        "time_to_first_token": [
            0.6286799907684326,
            1.651163101196289,
            0.33592677116394043
        ],
        "max_kv_cache": 0.5921539600296077,
        "parallel_requests_nb": 6
    },
    "8": {
        "speed_generation": [
            0.02498826232507323,
            5.064148781489789,
            0.02794014392847366
        ],
        "time_to_first_token": [
            0.9509482383728027,
            2.0046751499176025,
            0.6120719909667969
        ],
        "max_kv_cache": 0.7886750555144337,
        "parallel_requests_nb": 8
    },
    "10": {
        "speed_generation": [
            0.019049551440116552,
            4.13493639231383,
            0.01705993328572397
        ],
        "time_to_first_token": [
            0.9645133018493652,
            2.037432909011841,
            0.9636365175247192
        ],
        "max_kv_cache": 0.9840858623242043,
        "parallel_requests_nb": 10
    },
    "14": {
        "speed_generation": [
            2.081698786346258,
            4.190805201507391,
            0.024596356364563476
        ],
        "time_to_first_token": [
            0.2004852294921875,
            3.115143060684204,
            1.6575970649719238
        ],
        "max_kv_cache": 0.9829755736491488,
        "parallel_requests_nb": 14
    },
    "18": {
        "speed_generation": [
            0.006642237093188896,
            2.104527447974392,
            0.012991377468423604
        ],
        "time_to_first_token": [
            0.22765302658081055,
            4.9966959953308105,
            0.7917580604553223
        ],
        "max_kv_cache": 0.9855662472242783,
        "parallel_requests_nb": 18
    },
    "22": {
        "speed_generation": [
            0.035573725171937465,
            2.0994669247178672,
            0.007091252523172109
        ],
        "time_to_first_token": [
            0.9624807834625244,
            6.725154876708984,
            0.3505122661590576
        ],
        "max_kv_cache": 0.9840858623242043,
        "parallel_requests_nb": 22
    },
    "26": {
        "speed_generation": [
            0.005153671250877734,
            1.4072103525296695,
            0.6944122584939239
        ],
        "time_to_first_token": [
            1.8083257675170898,
            8.565141916275024,
            0.9518661499023438
        ],
        "max_kv_cache": 0.9863064396743153,
        "parallel_requests_nb": 26
    },
    "30": {
        "speed_generation": [
            0.004196478962085415,
            1.403735459556172,
            0.0032035317397578478
        ],
        "time_to_first_token": [
            0.9568438529968262,
            9.56687593460083,
            0.9559690952301025
        ],
        "max_kv_cache": 0.9822353811991118,
        "parallel_requests_nb": 30
    },
    "34": {
        "speed_generation": [
            0.34329664887892064,
            1.3956989864529012,
            0.007294966772859235
        ],
        "time_to_first_token": [
            0.23514389991760254,
            10.730510950088501,
            1.6547472476959229
        ],
        "max_kv_cache": 0.9833456698741673,
        "parallel_requests_nb": 34
    },
    "38": {
        "speed_generation": [
            0.004002473659938222,
            1.0529578677140252,
            0.003466556936175591
        ],
        "time_to_first_token": [
            0.245697021484375,
            12.59828495979309,
            0.90035080909729
        ],
        "max_kv_cache": 0.9866765358993338,
        "parallel_requests_nb": 38
    }
}