{
    "1": {
        "speed_generation": [
            0.20560657204540433,
            63.09706209036973,
            0.1421231156382845
        ],
        "time_to_first_token": [
            0.001682579517364502,
            0.0917975902557373,
            0.002449333667755127
        ],
        "max_kv_cache": 0.02886750555144335,
        "parallel_requests_nb": 1
    },
    "2": {
        "speed_generation": [
            0.16760355676004224,
            60.20769269243787,
            0.19618938703540323
        ],
        "time_to_first_token": [
            0.07397913932800293,
            0.16942214965820312,
            0.002876758575439453
        ],
        "max_kv_cache": 0.05699481865284972,
        "parallel_requests_nb": 2
    },
    "3": {
        "speed_generation": [
            0.20828594542558676,
            56.35801001074205,
            0.1695769461271368
        ],
        "time_to_first_token": [
            0.07296544313430786,
            0.24529850482940674,
            0.00578463077545166
        ],
        "max_kv_cache": 0.08586232420429307,
        "parallel_requests_nb": 3
    },
    "4": {
        "speed_generation": [
            0.17431463076775344,
            53.657000354201365,
            0.18452989115441198
        ],
        "time_to_first_token": [
            0.14433598518371582,
            0.323775053024292,
            0.007895946502685547
        ],
        "max_kv_cache": 0.11324944485566246,
        "parallel_requests_nb": 4
    },
    "6": {
        "speed_generation": [
            0.158488402625089,
            47.45576068484256,
            0.16741869874758208
        ],
        "time_to_first_token": [
            0.22564697265625,
            0.4826169013977051,
            0.008944034576416016
        ],
        "max_kv_cache": 0.16876387860843822,
        "parallel_requests_nb": 6
    },
    "8": {
        "speed_generation": [
            0.1535036879105931,
            41.44182700353413,
            0.16404292709832902
        ],
        "time_to_first_token": [
            0.21738100051879883,
            0.6357660293579102,
            0.0132598876953125
        ],
        "max_kv_cache": 0.22464840858623247,
        "parallel_requests_nb": 8
    },
    "10": {
        "speed_generation": [
            0.13042074301415596,
            37.80146697916821,
            0.17358370884768703
        ],
        "time_to_first_token": [
            0.05514192581176758,
            0.7987329959869385,
            0.011662960052490234
        ],
        "max_kv_cache": 0.2809030347890451,
        "parallel_requests_nb": 10
    },
    "14": {
        "speed_generation": [
            0.11049099183745525,
            31.74643389889324,
            0.12427503107116422
        ],
        "time_to_first_token": [
            0.020199060440063477,
            1.1192214488983154,
            0.011782646179199219
        ],
        "max_kv_cache": 0.39082161361954104,
        "parallel_requests_nb": 14
    },
    "18": {
        "speed_generation": [
            0.1000913678665043,
            27.3276341515963,
            0.14142801322077503
        ],
        "time_to_first_token": [
            0.01523590087890625,
            1.2250665426254272,
            0.1899174451828003
        ],
        "max_kv_cache": 0.5048112509252405,
        "parallel_requests_nb": 18
    },
    "22": {
        "speed_generation": [
            0.0746577550222618,
            23.992187481075895,
            0.0610136094468956
        ],
        "time_to_first_token": [
            0.6734962463378906,
            1.5801719427108765,
            0.15817809104919434
        ],
        "max_kv_cache": 0.6139896373056994,
        "parallel_requests_nb": 22
    },
    "26": {
        "speed_generation": [
            0.07486453511918612,
            21.612925350494244,
            0.06028034631281898
        ],
        "time_to_first_token": [
            0.523758590221405,
            1.735221028327942,
            0.24909496307373047
        ],
        "max_kv_cache": 0.725018504811251,
        "parallel_requests_nb": 26
    },
    "30": {
        "speed_generation": [
            0.06872387801297464,
            19.62783197674009,
            0.054918242268904294
        ],
        "time_to_first_token": [
            0.46409523487091064,
            1.750508427619934,
            0.6049456000328064
        ],
        "max_kv_cache": 0.8393782383419689,
        "parallel_requests_nb": 30
    },
    "34": {
        "speed_generation": [
            0.08020006974071947,
            17.83277088078934,
            0.06562899358088714
        ],
        "time_to_first_token": [
            0.7625120282173157,
            1.989240050315857,
            0.5263712406158447
        ],
        "max_kv_cache": 0.9504071058475203,
        "parallel_requests_nb": 34
    },
    "38": {
        "speed_generation": [
            0.18625787955402728,
            16.262763795806965,
            0.14057538014928284
        ],
        "time_to_first_token": [
            1.1357682943344116,
            2.455864906311035,
            0.026118576526641846
        ],
        "max_kv_cache": 0.9996299037749815,
        "parallel_requests_nb": 38
    }
}