{
    "1": {
        "speed_generation": [
            0.1765508354894365,
            71.71009302923174,
            0.1374798926776748
        ],
        "time_to_first_token": [
            0.0005086064338684082,
            0.01966845989227295,
            0.000483095645904541
        ],
        "max_kv_cache": 0.005181347150259086,
        "parallel_requests_nb": 1
    },
    "2": {
        "speed_generation": [
            0.21021677107738412,
            71.74199810886986,
            0.2655482778635303
        ],
        "time_to_first_token": [
            0.0015864372253417969,
            0.022094011306762695,
            0.0058029890060424805
        ],
        "max_kv_cache": 0.00962250185048108,
        "parallel_requests_nb": 2
    },
    "3": {
        "speed_generation": [
            0.2388089110669398,
            70.50723332760501,
            0.2220062639171374
        ],
        "time_to_first_token": [
            0.00472104549407959,
            0.02703404426574707,
            0.003544926643371582
        ],
        "max_kv_cache": 0.014063656550703185,
        "parallel_requests_nb": 3
    },
    "4": {
        "speed_generation": [
            0.2511638362613269,
            69.5527025325344,
            0.21160918490548397
        ],
        "time_to_first_token": [
            0.0030798912048339844,
            0.028235912322998047,
            0.004951953887939453
        ],
        "max_kv_cache": 0.01850481125092529,
        "parallel_requests_nb": 4
    },
    "6": {
        "speed_generation": [
            0.25270301277973317,
            67.35880727424198,
            0.2819583412713058
        ],
        "time_to_first_token": [
            0.007908105850219727,
            0.03696894645690918,
            0.004996061325073242
        ],
        "max_kv_cache": 0.02812731310140637,
        "parallel_requests_nb": 6
    },
    "8": {
        "speed_generation": [
            0.31457797282948263,
            65.37703850895844,
            0.26542415838527234
        ],
        "time_to_first_token": [
            0.006708860397338867,
            0.04544556140899658,
            0.007616102695465088
        ],
        "max_kv_cache": 0.03626943005181349,
        "parallel_requests_nb": 8
    },
    "10": {
        "speed_generation": [
            0.24700615360640654,
            62.69048559362878,
            0.28550059373996106
        ],
        "time_to_first_token": [
            0.013182520866394043,
            0.05023646354675293,
            0.011624455451965332
        ],
        "max_kv_cache": 0.04515173945225759,
        "parallel_requests_nb": 10
    },
    "14": {
        "speed_generation": [
            0.23980625867254446,
            60.04634098513114,
            0.26753363341727265
        ],
        "time_to_first_token": [
            0.009958982467651367,
            0.07822597026824951,
            0.00612717866897583
        ],
        "max_kv_cache": 0.0625462620281273,
        "parallel_requests_nb": 14
    },
    "18": {
        "speed_generation": [
            0.25730282318949094,
            55.41271804731858,
            0.2379701204861817
        ],
        "time_to_first_token": [
            0.009350419044494629,
            0.1019904613494873,
            0.007819831371307373
        ],
        "max_kv_cache": 0.07920059215396003,
        "parallel_requests_nb": 18
    },
    "22": {
        "speed_generation": [
            0.25879790480558285,
            53.155196388765034,
            0.23164056734098892
        ],
        "time_to_first_token": [
            0.0067285895347595215,
            0.1217271089553833,
            0.005949676036834717
        ],
        "max_kv_cache": 0.09770540340488532,
        "parallel_requests_nb": 22
    },
    "26": {
        "speed_generation": [
            0.2475202562601666,
            50.95431934010842,
            0.1750908642861404
        ],
        "time_to_first_token": [
            0.005981504917144775,
            0.1407254934310913,
            0.006933748722076416
        ],
        "max_kv_cache": 0.11509992598075502,
        "parallel_requests_nb": 26
    },
    "30": {
        "speed_generation": [
            0.2857647817612232,
            48.95225978220178,
            0.29494817346414237
        ],
        "time_to_first_token": [
            0.008714914321899414,
            0.1626650094985962,
            0.006135106086730957
        ],
        "max_kv_cache": 0.13212435233160624,
        "parallel_requests_nb": 30
    },
    "34": {
        "speed_generation": [
            0.36976423274012404,
            46.315795688326425,
            0.23979088490684575
        ],
        "time_to_first_token": [
            0.015106678009033203,
            0.18093693256378174,
            0.009620308876037598
        ],
        "max_kv_cache": 0.1509992598075499,
        "parallel_requests_nb": 34
    },
    "38": {
        "speed_generation": [
            0.3310265143424118,
            44.65540958235105,
            0.23986849858754056
        ],
        "time_to_first_token": [
            0.014155924320220947,
            0.2101583480834961,
            0.007552623748779297
        ],
        "max_kv_cache": 0.1654330125832717,
        "parallel_requests_nb": 38
    }
}