{
    "1": {
        "speed_generation": [
            0.7700455903494472,
            53.5667962456711,
            0.2307197402042931
        ],
        "time_to_first_token": [
            0.003152012825012207,
            0.34462499618530273,
            0.0049239397048950195
        ],
        "max_kv_cache": 0.02725848563968669,
        "parallel_requests_nb": 1
    },
    "2": {
        "speed_generation": [
            1.1981668976028104,
            44.77346451804663,
            0.2606521656112335
        ],
        "time_to_first_token": [
            0.008744478225708008,
            0.6710200309753418,
            0.00834202766418457
        ],
        "max_kv_cache": 0.054203655352480395,
        "parallel_requests_nb": 2
    },
    "3": {
        "speed_generation": [
            0.8427619595416544,
            37.85418211403601,
            0.2609785128653641
        ],
        "time_to_first_token": [
            0.03405827283859253,
            0.7078980207443237,
            0.30550575256347656
        ],
        "max_kv_cache": 0.0812532637075718,
        "parallel_requests_nb": 3
    },
    "4": {
        "speed_generation": [
            0.5706804545256716,
            33.926677627344574,
            0.22485116416396522
        ],
        "time_to_first_token": [
            0.3211219310760498,
            1.0083849430084229,
            0.3301730155944824
        ],
        "max_kv_cache": 0.1081984334203655,
        "parallel_requests_nb": 4
    },
    "6": {
        "speed_generation": [
            0.5511716603536669,
            26.71689549276134,
            0.33344590970934007
        ],
        "time_to_first_token": [
            0.6492550373077393,
            1.3617980480194092,
            0.631303071975708
        ],
        "max_kv_cache": 0.16177545691906003,
        "parallel_requests_nb": 6
    },
    "8": {
        "speed_generation": [
            0.2582486337162102,
            23.071223983787302,
            0.08728221378888179
        ],
        "time_to_first_token": [
            0.6525478363037109,
            1.6573560237884521,
            0.6472430229187012
        ],
        "max_kv_cache": 0.21545691906005227,
        "parallel_requests_nb": 8
    },
    "10": {
        "speed_generation": [
            0.18802347352082194,
            19.92301011170738,
            0.06317458769494877
        ],
        "time_to_first_token": [
            0.6707830429077148,
            2.0145010948181152,
            0.6737639904022217
        ],
        "max_kv_cache": 0.26955613577023496,
        "parallel_requests_nb": 10
    },
    "14": {
        "speed_generation": [
            0.1768984025083764,
            15.553674077393934,
            0.08823368261887232
        ],
        "time_to_first_token": [
            1.2911429405212402,
            2.6943140029907227,
            1.2743289470672607
        ],
        "max_kv_cache": 0.3769190600522193,
        "parallel_requests_nb": 14
    },
    "18": {
        "speed_generation": [
            0.20732932093790346,
            12.787903897780405,
            0.05890161918857295
        ],
        "time_to_first_token": [
            1.3214935064315796,
            3.3473780155181885,
            1.326790452003479
        ],
        "max_kv_cache": 0.4833420365535248,
        "parallel_requests_nb": 18
    },
    "22": {
        "speed_generation": [
            0.3161594123230991,
            10.930790927208513,
            0.07170539563920642
        ],
        "time_to_first_token": [
            1.9494311809539795,
            4.020208120346069,
            1.93993079662323
        ],
        "max_kv_cache": 0.5909138381201045,
        "parallel_requests_nb": 22
    },
    "26": {
        "speed_generation": [
            0.19047462587080588,
            9.512406700187212,
            0.04614707369475468
        ],
        "time_to_first_token": [
            1.979931116104126,
            4.67525315284729,
            2.0136220455169678
        ],
        "max_kv_cache": 0.6979634464751958,
        "parallel_requests_nb": 26
    },
    "30": {
        "speed_generation": [
            0.16095086377802303,
            8.175328621780386,
            0.0407198310996808
        ],
        "time_to_first_token": [
            2.5806373357772827,
            5.35490083694458,
            2.598928689956665
        ],
        "max_kv_cache": 0.8042819843342036,
        "parallel_requests_nb": 30
    },
    "34": {
        "speed_generation": [
            0.07582230608391338,
            7.449621505004706,
            0.03820836113571868
        ],
        "time_to_first_token": [
            2.656724452972412,
            6.019721031188965,
            2.6642749309539795
        ],
        "max_kv_cache": 0.9117493472584857,
        "parallel_requests_nb": 34
    },
    "38": {
        "speed_generation": [
            0.038026728797590614,
            6.787836625051944,
            0.10049756942309518
        ],
        "time_to_first_token": [
            2.677488088607788,
            6.264543056488037,
            3.2600479125976562
        ],
        "max_kv_cache": 1.0,
        "parallel_requests_nb": 38
    }
}