{
    "1": {
        "speed_generation": [
            1.2554626072230093,
            60.94823696571389,
            0.2639466042388321
        ],
        "time_to_first_token": [
            0.00282365083694458,
            0.09392189979553223,
            0.0020099878311157227
        ],
        "max_kv_cache": 0.007728459530026099,
        "parallel_requests_nb": 1
    },
    "2": {
        "speed_generation": [
            0.6355522975735397,
            57.811795128190525,
            0.2278015023251001
        ],
        "time_to_first_token": [
            0.007263898849487305,
            0.16896581649780273,
            0.004338264465332031
        ],
        "max_kv_cache": 0.015143603133159322,
        "parallel_requests_nb": 2
    },
    "3": {
        "speed_generation": [
            0.8929792541263666,
            52.32273915072738,
            0.2551479344462919
        ],
        "time_to_first_token": [
            0.07118010520935059,
            0.24646210670471191,
            0.007976889610290527
        ],
        "max_kv_cache": 0.022767624020887722,
        "parallel_requests_nb": 3
    },
    "4": {
        "speed_generation": [
            0.3809339885046654,
            50.04022467777578,
            0.22165041549317976
        ],
        "time_to_first_token": [
            0.14014601707458496,
            0.3204641342163086,
            0.012003898620605469
        ],
        "max_kv_cache": 0.030078328981723246,
        "parallel_requests_nb": 4
    },
    "6": {
        "speed_generation": [
            0.28610771537777424,
            46.03063204879563,
            0.20529453225687888
        ],
        "time_to_first_token": [
            0.20798897743225098,
            0.47628092765808105,
            0.013670921325683594
        ],
        "max_kv_cache": 0.045430809399477856,
        "parallel_requests_nb": 6
    },
    "8": {
        "speed_generation": [
            0.22808952131020277,
            42.707266515259384,
            0.14460818223101768
        ],
        "time_to_first_token": [
            0.06962394714355469,
            0.6420869827270508,
            0.011100053787231445
        ],
        "max_kv_cache": 0.06015665796344649,
        "parallel_requests_nb": 8
    },
    "10": {
        "speed_generation": [
            0.8347721682024059,
            39.45517541932122,
            0.1967602492391336
        ],
        "time_to_first_token": [
            0.0739365816116333,
            0.72452712059021,
            0.08277535438537598
        ],
        "max_kv_cache": 0.07509138381201041,
        "parallel_requests_nb": 10
    },
    "14": {
        "speed_generation": [
            0.13385071220225342,
            34.61353812114173,
            0.10257250948689034
        ],
        "time_to_first_token": [
            0.15292882919311523,
            0.8239930868148804,
            0.3047614097595215
        ],
        "max_kv_cache": 0.10485639686684078,
        "parallel_requests_nb": 14
    },
    "18": {
        "speed_generation": [
            0.9024904956811675,
            30.18995662933644,
            0.1411673905208879
        ],
        "time_to_first_token": [
            0.4640691876411438,
            1.1504719257354736,
            0.18889081478118896
        ],
        "max_kv_cache": 0.13493472584856392,
        "parallel_requests_nb": 18
    },
    "22": {
        "speed_generation": [
            0.5226992089269942,
            27.056362837061826,
            0.1125677278940671
        ],
        "time_to_first_token": [
            0.5592516660690308,
            1.3191354274749756,
            0.39399492740631104
        ],
        "max_kv_cache": 0.1642819843342036,
        "parallel_requests_nb": 22
    },
    "26": {
        "speed_generation": [
            0.863234028812581,
            24.628437462309876,
            0.1760708923037697
        ],
        "time_to_first_token": [
            0.47503626346588135,
            1.3105149269104004,
            0.6096381545066833
        ],
        "max_kv_cache": 0.19477806788511753,
        "parallel_requests_nb": 26
    },
    "30": {
        "speed_generation": [
            0.07833257927065418,
            22.260618043219605,
            0.08821677970558284
        ],
        "time_to_first_token": [
            0.5556052327156067,
            1.4523245096206665,
            0.5997191667556763
        ],
        "max_kv_cache": 0.22475195822454308,
        "parallel_requests_nb": 30
    },
    "34": {
        "speed_generation": [
            0.2426434436217626,
            20.79959832077354,
            0.12933477570115315
        ],
        "time_to_first_token": [
            0.6506595015525818,
            1.7644790410995483,
            0.6430109739303589
        ],
        "max_kv_cache": 0.2536814621409922,
        "parallel_requests_nb": 34
    },
    "38": {
        "speed_generation": [
            0.4174261355636304,
            19.393519330972865,
            0.11725686612264496
        ],
        "time_to_first_token": [
            0.6451765894889832,
            1.9405490159988403,
            0.6342900991439819
        ],
        "max_kv_cache": 0.283864229765013,
        "parallel_requests_nb": 38
    }
}