{
    "1": {
        "speed_generation": [
            0.21909406241120166,
            27.079030263291415,
            0.30337649557282376
        ],
        "time_to_first_token": [
            0.004581451416015625,
            0.34500789642333984,
            0.003341495990753174
        ],
        "max_kv_cache": 0.026631853785900828,
        "parallel_requests_nb": 1
    },
    "2": {
        "speed_generation": [
            0.1525323390925628,
            16.96502304637918,
            0.13803836955685256
        ],
        "time_to_first_token": [
            0.31235790252685547,
            0.6678929328918457,
            0.011501669883728027
        ],
        "max_kv_cache": 0.053054830287206256,
        "parallel_requests_nb": 2
    },
    "3": {
        "speed_generation": [
            0.11745469864012037,
            12.271311621494064,
            0.11009949418099652
        ],
        "time_to_first_token": [
            0.29547619819641113,
            0.9699488878250122,
            0.04529374837875366
        ],
        "max_kv_cache": 0.07916449086161881,
        "parallel_requests_nb": 3
    },
    "4": {
        "speed_generation": [
            0.07483210951036945,
            9.74898927520391,
            0.07043674907130537
        ],
        "time_to_first_token": [
            0.32996416091918945,
            1.0181140899658203,
            0.32013487815856934
        ],
        "max_kv_cache": 0.10537859007832895,
        "parallel_requests_nb": 4
    },
    "6": {
        "speed_generation": [
            0.046733018922595626,
            6.816119099554197,
            0.0396432708573391
        ],
        "time_to_first_token": [
            0.6472539901733398,
            1.362617015838623,
            0.634803056716919
        ],
        "max_kv_cache": 0.15759791122715405,
        "parallel_requests_nb": 6
    },
    "8": {
        "speed_generation": [
            0.03106752943575586,
            5.263609987741566,
            0.02811469818953416
        ],
        "time_to_first_token": [
            0.687903881072998,
            1.677351951599121,
            0.6446671485900879
        ],
        "max_kv_cache": 0.20950391644908617,
        "parallel_requests_nb": 8
    },
    "10": {
        "speed_generation": [
            0.016887861699467877,
            4.281762204345409,
            0.021000196982280173
        ],
        "time_to_first_token": [
            0.662567138671875,
            2.050504207611084,
            0.6664538383483887
        ],
        "max_kv_cache": 0.26234986945169714,
        "parallel_requests_nb": 10
    },
    "14": {
        "speed_generation": [
            0.020057971076311354,
            3.1400143513858594,
            0.015494839619296652
        ],
        "time_to_first_token": [
            1.2902278900146484,
            2.696851968765259,
            1.2770190238952637
        ],
        "max_kv_cache": 0.36626631853785896,
        "parallel_requests_nb": 14
    },
    "18": {
        "speed_generation": [
            0.014610117982494675,
            2.475640900640937,
            0.012238461970708325
        ],
        "time_to_first_token": [
            1.3352813720703125,
            3.3550431728363037,
            1.3444719314575195
        ],
        "max_kv_cache": 0.47060052219321147,
        "parallel_requests_nb": 18
    },
    "22": {
        "speed_generation": [
            0.01018667188100153,
            2.041604037351734,
            0.01160957629380377
        ],
        "time_to_first_token": [
            1.9492950439453125,
            4.0240209102630615,
            1.9342401027679443
        ],
        "max_kv_cache": 0.5746214099216711,
        "parallel_requests_nb": 22
    },
    "26": {
        "speed_generation": [
            0.007633940083344948,
            1.732808670645231,
            0.010105184190987382
        ],
        "time_to_first_token": [
            1.9997339248657227,
            4.708889007568359,
            2.0125350952148438
        ],
        "max_kv_cache": 0.6792689295039165,
        "parallel_requests_nb": 26
    },
    "30": {
        "speed_generation": [
            0.005425002381886701,
            1.501007499282083,
            0.007596872831251655
        ],
        "time_to_first_token": [
            2.6123740673065186,
            5.3731091022491455,
            2.57791805267334
        ],
        "max_kv_cache": 0.782976501305483,
        "parallel_requests_nb": 30
    },
    "34": {
        "speed_generation": [
            0.00462267378888459,
            1.3301680967685823,
            0.004093781380249961
        ],
        "time_to_first_token": [
            2.6730449199676514,
            6.051926851272583,
            2.6737470626831055
        ],
        "max_kv_cache": 0.888355091383812,
        "parallel_requests_nb": 34
    },
    "38": {
        "speed_generation": [
            0.005069810260917018,
            1.198437864891532,
            0.005850169361289348
        ],
        "time_to_first_token": [
            3.2247161865234375,
            6.687908172607422,
            3.226588726043701
        ],
        "max_kv_cache": 0.9915404699738903,
        "parallel_requests_nb": 38
    }
}