{
    "1": {
        "speed_generation": [
            1.5022759356118272,
            65.18086305283624,
            0.2810607763072852
        ],
        "time_to_first_token": [
            0.0011807680130004883,
            0.022953033447265625,
            0.0016208887100219727
        ],
        "max_kv_cache": 0.0013577023498694274,
        "parallel_requests_nb": 1
    },
    "2": {
        "speed_generation": [
            0.7175261890554268,
            63.31404939282322,
            0.2870170400701113
        ],
        "time_to_first_token": [
            0.003036022186279297,
            0.02730703353881836,
            0.006230831146240234
        ],
        "max_kv_cache": 0.002715404699738855,
        "parallel_requests_nb": 2
    },
    "3": {
        "speed_generation": [
            0.5898768435010666,
            62.07361888849593,
            0.2755106204575384
        ],
        "time_to_first_token": [
            0.005020618438720703,
            0.030747532844543457,
            0.0062444210052490234
        ],
        "max_kv_cache": 0.003968668407310694,
        "parallel_requests_nb": 3
    },
    "4": {
        "speed_generation": [
            0.3560257475261537,
            61.66915856954261,
            0.2392590559743084
        ],
        "time_to_first_token": [
            0.0062160491943359375,
            0.03474593162536621,
            0.0036449432373046875
        ],
        "max_kv_cache": 0.005326370757180121,
        "parallel_requests_nb": 4
    },
    "6": {
        "speed_generation": [
            0.24890178413350839,
            61.17678096295123,
            0.2726552525037107
        ],
        "time_to_first_token": [
            0.00722348690032959,
            0.0398709774017334,
            0.0077800750732421875
        ],
        "max_kv_cache": 0.007832898172323799,
        "parallel_requests_nb": 6
    },
    "8": {
        "speed_generation": [
            0.515384615785706,
            59.74090604355062,
            0.2787763286151943
        ],
        "time_to_first_token": [
            0.008464455604553223,
            0.050484538078308105,
            0.007905185222625732
        ],
        "max_kv_cache": 0.010026109660574378,
        "parallel_requests_nb": 8
    },
    "10": {
        "speed_generation": [
            0.2547004114999183,
            57.82868006681311,
            0.19774467921447325
        ],
        "time_to_first_token": [
            0.01182633638381958,
            0.06314194202423096,
            0.0065705180168151855
        ],
        "max_kv_cache": 0.012637075718015645,
        "parallel_requests_nb": 10
    },
    "14": {
        "speed_generation": [
            0.50395797455608,
            55.42273735530277,
            0.28139056983900446
        ],
        "time_to_first_token": [
            0.00997251272201538,
            0.08396995067596436,
            0.007236778736114502
        ],
        "max_kv_cache": 0.017232375979112313,
        "parallel_requests_nb": 14
    },
    "18": {
        "speed_generation": [
            0.18818248135376336,
            50.74534306618639,
            0.20604699807888238
        ],
        "time_to_first_token": [
            0.009365320205688477,
            0.10553848743438721,
            0.006459951400756836
        ],
        "max_kv_cache": 0.022245430809399447,
        "parallel_requests_nb": 18
    },
    "22": {
        "speed_generation": [
            0.45065022340526895,
            48.906480305909504,
            0.217393549339981
        ],
        "time_to_first_token": [
            0.007782995700836182,
            0.12371790409088135,
            0.005617618560791016
        ],
        "max_kv_cache": 0.026945169712793704,
        "parallel_requests_nb": 22
    },
    "26": {
        "speed_generation": [
            0.27985740759558553,
            46.69588386523698,
            0.19475709614323478
        ],
        "time_to_first_token": [
            0.01068580150604248,
            0.1455315351486206,
            0.009605467319488525
        ],
        "max_kv_cache": 0.03195822454308095,
        "parallel_requests_nb": 26
    },
    "30": {
        "speed_generation": [
            0.23692666440309296,
            44.982532568480664,
            0.14754694431397297
        ],
        "time_to_first_token": [
            0.009807586669921875,
            0.16038239002227783,
            0.009047389030456543
        ],
        "max_kv_cache": 0.036866840731070494,
        "parallel_requests_nb": 30
    },
    "34": {
        "speed_generation": [
            0.24127954990496647,
            44.50406833675621,
            0.18672951145020278
        ],
        "time_to_first_token": [
            0.00898897647857666,
            0.17799842357635498,
            0.010509967803955078
        ],
        "max_kv_cache": 0.04167101827676245,
        "parallel_requests_nb": 34
    },
    "38": {
        "speed_generation": [
            2.579782609564745,
            43.4386602270404,
            0.2642009534173866
        ],
        "time_to_first_token": [
            0.01192164421081543,
            0.2108299732208252,
            0.010312497615814209
        ],
        "max_kv_cache": 0.04595300261096602,
        "parallel_requests_nb": 38
    }
}