{
    "1": {
        "speed_generation": [
            0.2789959264959805,
            69.16358441113402,
            0.22106131557595177
        ],
        "time_to_first_token": [
            0.005113363265991211,
            0.036401987075805664,
            0.0032269954681396484
        ],
        "max_kv_cache": 0.0025560361777428042,
        "parallel_requests_nb": 1
    },
    "2": {
        "speed_generation": [
            0.32411677649312765,
            66.06165465048058,
            0.2955481349672624
        ],
        "time_to_first_token": [
            0.014029979705810547,
            0.05064702033996582,
            0.013993024826049805
        ],
        "max_kv_cache": 0.0051120723554856085,
        "parallel_requests_nb": 2
    },
    "3": {
        "speed_generation": [
            0.3327422199734684,
            63.55416815528087,
            0.3180585792581283
        ],
        "time_to_first_token": [
            0.03106069564819336,
            0.0812978744506836,
            0.0103302001953125
        ],
        "max_kv_cache": 0.007471490365709821,
        "parallel_requests_nb": 3
    },
    "4": {
        "speed_generation": [
            0.37581454070185316,
            62.173435646544384,
            0.3178387300396608
        ],
        "time_to_first_token": [
            0.04189109802246094,
            0.10674619674682617,
            0.012511014938354492
        ],
        "max_kv_cache": 0.010027526543452625,
        "parallel_requests_nb": 4
    },
    "6": {
        "speed_generation": [
            0.294065097256869,
            57.558301388121144,
            0.3493358340164292
        ],
        "time_to_first_token": [
            0.0162661075592041,
            0.15078496932983398,
            0.01235508918762207
        ],
        "max_kv_cache": 0.01494298073141953,
        "parallel_requests_nb": 6
    },
    "8": {
        "speed_generation": [
            0.4825572621280614,
            56.24058238972847,
            0.34936664811084484
        ],
        "time_to_first_token": [
            0.017134547233581543,
            0.16646051406860352,
            0.011845052242279053
        ],
        "max_kv_cache": 0.019071962249311847,
        "parallel_requests_nb": 8
    },
    "10": {
        "speed_generation": [
            0.39147447405911606,
            49.64317090917672,
            0.29361406808676804
        ],
        "time_to_first_token": [
            0.014106035232543945,
            0.1830688714981079,
            0.013015925884246826
        ],
        "max_kv_cache": 0.02379079826976016,
        "parallel_requests_nb": 10
    },
    "14": {
        "speed_generation": [
            0.3918861951952408,
            47.23117521646077,
            0.25298425724244566
        ],
        "time_to_first_token": [
            0.01539003849029541,
            0.22096610069274902,
            0.010445177555084229
        ],
        "max_kv_cache": 0.03342508847817538,
        "parallel_requests_nb": 14
    },
    "18": {
        "speed_generation": [
            0.30810556476649964,
            35.98535037414351,
            0.11964513134570609
        ],
        "time_to_first_token": [
            0.00952380895614624,
            0.24836552143096924,
            0.01736581325531006
        ],
        "max_kv_cache": 0.04286276051907201,
        "parallel_requests_nb": 18
    },
    "22": {
        "speed_generation": [
            0.38814230487560764,
            34.70217164680943,
            0.20181027044750977
        ],
        "time_to_first_token": [
            0.014924585819244385,
            0.285045862197876,
            0.012343049049377441
        ],
        "max_kv_cache": 0.051710578057412526,
        "parallel_requests_nb": 22
    },
    "26": {
        "speed_generation": [
            0.14447215633842703,
            31.865538541526636,
            0.12656174089140748
        ],
        "time_to_first_token": [
            0.014302611351013184,
            0.32520461082458496,
            0.01008540391921997
        ],
        "max_kv_cache": 0.06114825009830904,
        "parallel_requests_nb": 26
    },
    "30": {
        "speed_generation": [
            0.36913209704497163,
            30.979054162740493,
            0.14572778226130723
        ],
        "time_to_first_token": [
            0.015807926654815674,
            0.3510758876800537,
            0.011905848979949951
        ],
        "max_kv_cache": 0.07019268580416826,
        "parallel_requests_nb": 30
    },
    "34": {
        "speed_generation": [
            0.5043849719733231,
            25.25911043754869,
            0.2783146733849122
        ],
        "time_to_first_token": [
            0.03226584196090698,
            0.393107533454895,
            0.029271364212036133
        ],
        "max_kv_cache": 0.0798269760125836,
        "parallel_requests_nb": 34
    },
    "38": {
        "speed_generation": [
            0.37675697709742906,
            24.568853079004832,
            0.15464855400058042
        ],
        "time_to_first_token": [
            0.09271520376205444,
            0.434037446975708,
            0.05440258979797363
        ],
        "max_kv_cache": 0.08906802988596141,
        "parallel_requests_nb": 38
    }
}