{
    "1": {
        "speed_generation": [
            1.9145246190097538,
            61.783548554942996,
            0.07371482964668985
        ],
        "time_to_first_token": [
            0.0022276639938354492,
            0.2373255491256714,
            0.0025845766067504883
        ],
        "max_kv_cache": 0.026346834447502965,
        "parallel_requests_nb": 1
    },
    "2": {
        "speed_generation": [
            1.5069466181866176,
            56.2977284543648,
            0.2746089556796605
        ],
        "time_to_first_token": [
            0.1358082890510559,
            0.3748970031738281,
            0.08379149436950684
        ],
        "max_kv_cache": 0.052300432559968524,
        "parallel_requests_nb": 2
    },
    "3": {
        "speed_generation": [
            1.5125637633264333,
            52.83112020988322,
            0.1434582914932534
        ],
        "time_to_first_token": [
            0.23883497714996338,
            0.5798764228820801,
            0.022248148918151855
        ],
        "max_kv_cache": 0.07805741250491549,
        "parallel_requests_nb": 3
    },
    "4": {
        "speed_generation": [
            0.5458945035163225,
            50.526207649377874,
            0.05056502583394007
        ],
        "time_to_first_token": [
            0.34822988510131836,
            0.7289049625396729,
            0.011024951934814453
        ],
        "max_kv_cache": 0.10420762878489975,
        "parallel_requests_nb": 4
    },
    "6": {
        "speed_generation": [
            0.7144382784006496,
            41.66321010717014,
            0.20606310261186422
        ],
        "time_to_first_token": [
            0.5047750473022461,
            1.016343116760254,
            0.011343955993652344
        ],
        "max_kv_cache": 0.15552497050727487,
        "parallel_requests_nb": 6
    },
    "8": {
        "speed_generation": [
            0.442121766773802,
            38.95009280712455,
            0.22893525020818828
        ],
        "time_to_first_token": [
            0.04652690887451172,
            1.3070099353790283,
            0.012866020202636719
        ],
        "max_kv_cache": 0.2070389303971687,
        "parallel_requests_nb": 8
    },
    "10": {
        "speed_generation": [
            0.5698340200410286,
            34.18015446921258,
            0.1950092724129675
        ],
        "time_to_first_token": [
            0.06312966346740723,
            1.5541841983795166,
            0.029485225677490234
        ],
        "max_kv_cache": 0.2587495084545812,
        "parallel_requests_nb": 10
    },
    "14": {
        "speed_generation": [
            0.06781887264481412,
            28.95788376466413,
            0.3653006883231633
        ],
        "time_to_first_token": [
            0.07187485694885254,
            2.1429359912872314,
            0.009178876876831055
        ],
        "max_kv_cache": 0.36099095556429417,
        "parallel_requests_nb": 14
    },
    "18": {
        "speed_generation": [
            0.051074431228126826,
            21.776005053815762,
            0.2182308045382335
        ],
        "time_to_first_token": [
            0.18709325790405273,
            2.567284107208252,
            0.12575578689575195
        ],
        "max_kv_cache": 0.4644121116791191,
        "parallel_requests_nb": 18
    },
    "22": {
        "speed_generation": [
            0.05043700225873948,
            19.77847914420858,
            0.08385526761164286
        ],
        "time_to_first_token": [
            0.6154664754867554,
            2.9825079441070557,
            0.03420758247375488
        ],
        "max_kv_cache": 0.569209594966575,
        "parallel_requests_nb": 22
    },
    "26": {
        "speed_generation": [
            0.0233612928286,
            17.70031158720096,
            0.16421968817440202
        ],
        "time_to_first_token": [
            0.34483444690704346,
            2.8572750091552734,
            0.9824985265731812
        ],
        "max_kv_cache": 0.6734172237514746,
        "parallel_requests_nb": 26
    },
    "30": {
        "speed_generation": [
            0.054977731657103845,
            16.23902269059054,
            0.07035028135481625
        ],
        "time_to_first_token": [
            0.606417179107666,
            3.099581003189087,
            1.3295879364013672
        ],
        "max_kv_cache": 0.7738891073535195,
        "parallel_requests_nb": 30
    },
    "34": {
        "speed_generation": [
            0.07377318706605962,
            13.699058788075005,
            0.08750551240642501
        ],
        "time_to_first_token": [
            1.2922499179840088,
            3.823276996612549,
            0.898813009262085
        ],
        "max_kv_cache": 0.8761305544632324,
        "parallel_requests_nb": 34
    },
    "38": {
        "speed_generation": [
            0.008937900855945813,
            12.772947691225584,
            0.02639840845421837
        ],
        "time_to_first_token": [
            1.8207250833511353,
            4.124964952468872,
            1.1899164915084839
        ],
        "max_kv_cache": 0.9777821470703894,
        "parallel_requests_nb": 38
    }
}