{
    "1": {
        "speed_generation": [
            0.14675341695555488,
            56.79235823742373,
            0.1445419917762507
        ],
        "time_to_first_token": [
            0.0017755627632141113,
            0.2351524829864502,
            0.0010966658592224121
        ],
        "max_kv_cache": 0.015336217066456936,
        "parallel_requests_nb": 1
    },
    "2": {
        "speed_generation": [
            0.1415091899493106,
            49.55716094543829,
            0.37756926170705896
        ],
        "time_to_first_token": [
            0.13771212100982666,
            0.37447309494018555,
            0.08427238464355469
        ],
        "max_kv_cache": 0.030279197797876578,
        "parallel_requests_nb": 2
    },
    "3": {
        "speed_generation": [
            0.12823924545245546,
            45.61478230405372,
            0.16279695335590816
        ],
        "time_to_first_token": [
            0.14875096082687378,
            0.5238393545150757,
            0.07682687044143677
        ],
        "max_kv_cache": 0.04541879669681481,
        "parallel_requests_nb": 3
    },
    "4": {
        "speed_generation": [
            0.13322869945419313,
            42.30903963600118,
            0.13654279574619466
        ],
        "time_to_first_token": [
            0.34603285789489746,
            0.7299249172210693,
            0.011677265167236328
        ],
        "max_kv_cache": 0.06036177742823434,
        "parallel_requests_nb": 4
    },
    "6": {
        "speed_generation": [
            0.09039588718642477,
            34.20149870436251,
            0.14367950639253024
        ],
        "time_to_first_token": [
            0.21853411197662354,
            1.0201890468597412,
            0.012319445610046387
        ],
        "max_kv_cache": 0.08985450255603622,
        "parallel_requests_nb": 6
    },
    "8": {
        "speed_generation": [
            0.12407080071063703,
            31.42440712411001,
            0.12583702595270196
        ],
        "time_to_first_token": [
            0.3309190273284912,
            1.2981250286102295,
            0.019804954528808594
        ],
        "max_kv_cache": 0.12052693668895009,
        "parallel_requests_nb": 8
    },
    "10": {
        "speed_generation": [
            0.09072723284514339,
            26.865955837061485,
            0.1869181385432519
        ],
        "time_to_first_token": [
            0.24342703819274902,
            1.567305088043213,
            0.024747848510742188
        ],
        "max_kv_cache": 0.14883995281163975,
        "parallel_requests_nb": 10
    },
    "14": {
        "speed_generation": [
            0.06814364145352769,
            22.278142638380427,
            0.07497697262157033
        ],
        "time_to_first_token": [
            0.03664851188659668,
            2.1390299797058105,
            0.016059041023254395
        ],
        "max_kv_cache": 0.2086118757373181,
        "parallel_requests_nb": 14
    },
    "18": {
        "speed_generation": [
            0.1552340319612,
            17.003829758783063,
            0.09234612632342021
        ],
        "time_to_first_token": [
            0.2063150405883789,
            2.546204090118408,
            0.15917038917541504
        ],
        "max_kv_cache": 0.26641761698780964,
        "parallel_requests_nb": 18
    },
    "22": {
        "speed_generation": [
            0.04656614971626283,
            14.991687302645762,
            0.06657784970956193
        ],
        "time_to_first_token": [
            0.20058894157409668,
            2.7123539447784424,
            0.3128550052642822
        ],
        "max_kv_cache": 0.3265827762485254,
        "parallel_requests_nb": 22
    },
    "26": {
        "speed_generation": [
            0.03915235634942604,
            13.337173441712537,
            0.04127709253742573
        ],
        "time_to_first_token": [
            0.45352911949157715,
            2.8699591159820557,
            0.9651895761489868
        ],
        "max_kv_cache": 0.3841918993314982,
        "parallel_requests_nb": 26
    },
    "30": {
        "speed_generation": [
            0.03882225962210484,
            12.0881152236096,
            0.02960379159554094
        ],
        "time_to_first_token": [
            0.8787417411804199,
            3.28318190574646,
            1.1516351699829102
        ],
        "max_kv_cache": 0.44416044042469527,
        "parallel_requests_nb": 30
    },
    "34": {
        "speed_generation": [
            0.07618734844201924,
            10.34920646547971,
            0.028078378725474806
        ],
        "time_to_first_token": [
            0.48019087314605713,
            3.193248987197876,
            1.7106989622116089
        ],
        "max_kv_cache": 0.5039323633503736,
        "parallel_requests_nb": 34
    },
    "38": {
        "speed_generation": [
            0.034584251138104705,
            9.541239358804638,
            0.05645669749593374
        ],
        "time_to_first_token": [
            1.3721530437469482,
            3.97461199760437,
            1.199080228805542
        ],
        "max_kv_cache": 0.5625245772709399,
        "parallel_requests_nb": 38
    }
}