{
    "1": {
        "speed_generation": [
            0.1374699186119912,
            33.742309177500324,
            0.13023683840808076
        ],
        "time_to_first_token": [
            0.0013208389282226562,
            0.23345494270324707,
            0.0015239715576171875
        ],
        "max_kv_cache": 0.01415650806134483,
        "parallel_requests_nb": 1
    },
    "2": {
        "speed_generation": [
            0.19358100343566065,
            22.34620995403815,
            2.7074975044812497
        ],
        "time_to_first_token": [
            0.13826334476470947,
            0.375032901763916,
            0.08324766159057617
        ],
        "max_kv_cache": 0.027723161620133663,
        "parallel_requests_nb": 2
    },
    "3": {
        "speed_generation": [
            0.1266900426441211,
            18.42786177319833,
            0.1628876418489682
        ],
        "time_to_first_token": [
            0.20568430423736572,
            0.5816390514373779,
            0.018832266330718994
        ],
        "max_kv_cache": 0.041093197011403904,
        "parallel_requests_nb": 3
    },
    "4": {
        "speed_generation": [
            0.11980832844089662,
            15.739248007481326,
            0.13509865707761648
        ],
        "time_to_first_token": [
            0.3404267430305481,
            0.7254904508590698,
            0.012985765933990479
        ],
        "max_kv_cache": 0.05485646873771133,
        "parallel_requests_nb": 4
    },
    "6": {
        "speed_generation": [
            0.08199040882202091,
            11.846936964370663,
            0.09703877209807743
        ],
        "time_to_first_token": [
            0.35443270206451416,
            1.017356514930725,
            0.012396454811096191
        ],
        "max_kv_cache": 0.0817931576877704,
        "parallel_requests_nb": 6
    },
    "8": {
        "speed_generation": [
            0.06002600968949068,
            9.718895839957412,
            0.09836472762081172
        ],
        "time_to_first_token": [
            0.20426923036575317,
            1.2968029975891113,
            0.02135390043258667
        ],
        "max_kv_cache": 0.10892646480534807,
        "parallel_requests_nb": 8
    },
    "10": {
        "speed_generation": [
            0.06439259764013805,
            8.124072953009017,
            0.15044701381565417
        ],
        "time_to_first_token": [
            0.07246780395507812,
            1.5614678859710693,
            0.034952402114868164
        ],
        "max_kv_cache": 0.13625639009044432,
        "parallel_requests_nb": 10
    },
    "14": {
        "speed_generation": [
            0.05312158640725606,
            6.220937783943414,
            0.07021502347663766
        ],
        "time_to_first_token": [
            0.06573879718780518,
            2.1286990642547607,
            0.029989302158355713
        ],
        "max_kv_cache": 0.19012976799056236,
        "parallel_requests_nb": 14
    },
    "18": {
        "speed_generation": [
            0.041036554291991045,
            4.854949437429042,
            0.028304296680518704
        ],
        "time_to_first_token": [
            0.37579232454299927,
            2.603861093521118,
            0.11639589071273804
        ],
        "max_kv_cache": 0.24223358238301218,
        "parallel_requests_nb": 18
    },
    "22": {
        "speed_generation": [
            0.03541961717085318,
            4.030554534957568,
            0.042372980345394495
        ],
        "time_to_first_token": [
            0.46005499362945557,
            2.709957003593445,
            0.57322758436203
        ],
        "max_kv_cache": 0.2955171057805741,
        "parallel_requests_nb": 22
    },
    "26": {
        "speed_generation": [
            0.02062566953854139,
            3.479774319021625,
            0.02954173035177199
        ],
        "time_to_first_token": [
            0.46188557147979736,
            2.8683074712753296,
            0.9835593104362488
        ],
        "max_kv_cache": 0.34919386551317344,
        "parallel_requests_nb": 26
    },
    "30": {
        "speed_generation": [
            0.007899096727533639,
            3.0795365849953864,
            0.02073812716457457
        ],
        "time_to_first_token": [
            0.8461310863494873,
            3.1932730674743652,
            1.2178508043289185
        ],
        "max_kv_cache": 0.40306724341329137,
        "parallel_requests_nb": 30
    },
    "34": {
        "speed_generation": [
            0.02234722772677289,
            2.7037158693448404,
            0.015931803279529255
        ],
        "time_to_first_token": [
            0.9819258451461792,
            3.442299008369446,
            1.317744791507721
        ],
        "max_kv_cache": 0.4561541486433346,
        "parallel_requests_nb": 34
    },
    "38": {
        "speed_generation": [
            0.013606268351796125,
            2.43335867639978,
            0.01729301443406106
        ],
        "time_to_first_token": [
            1.2624778151512146,
            3.8537039756774902,
            1.3968039751052856
        ],
        "max_kv_cache": 0.5092410538733779,
        "parallel_requests_nb": 38
    }
}