{
    "1": {
        "speed_generation": [
            0.7758402412501653,
            63.465740210716845,
            1.5139347790811968
        ],
        "time_to_first_token": [
            0.005321025848388672,
            0.03609347343444824,
            0.002341032028198242
        ],
        "max_kv_cache": 0.001376327172630698,
        "parallel_requests_nb": 1
    },
    "2": {
        "speed_generation": [
            1.4358850160066936,
            55.432093757793034,
            1.4042903335480332
        ],
        "time_to_first_token": [
            0.01510322093963623,
            0.051949143409729004,
            0.012196779251098633
        ],
        "max_kv_cache": 0.0025560361777428042,
        "parallel_requests_nb": 2
    },
    "3": {
        "speed_generation": [
            1.4211648952110636,
            49.69854445877087,
            1.5164111085412557
        ],
        "time_to_first_token": [
            0.031220734119415283,
            0.07585489749908447,
            0.012940168380737305
        ],
        "max_kv_cache": 0.0035391270153362075,
        "parallel_requests_nb": 3
    },
    "4": {
        "speed_generation": [
            1.1079857037659053,
            46.11782754009597,
            1.0343492689870715
        ],
        "time_to_first_token": [
            0.04113644361495972,
            0.10526669025421143,
            0.010661661624908447
        ],
        "max_kv_cache": 0.004522217852929611,
        "parallel_requests_nb": 4
    },
    "6": {
        "speed_generation": [
            0.8897088192129061,
            39.29238784732029,
            0.8693602556120084
        ],
        "time_to_first_token": [
            0.038457512855529785,
            0.15123391151428223,
            0.010849237442016602
        ],
        "max_kv_cache": 0.006291781360597715,
        "parallel_requests_nb": 6
    },
    "8": {
        "speed_generation": [
            1.4333405478597072,
            37.631209051170174,
            1.1354208266900159
        ],
        "time_to_first_token": [
            0.02063971757888794,
            0.16586744785308838,
            0.015186309814453125
        ],
        "max_kv_cache": 0.008847817538340519,
        "parallel_requests_nb": 8
    },
    "10": {
        "speed_generation": [
            1.271914375651832,
            33.90789641279183,
            0.7868836173463762
        ],
        "time_to_first_token": [
            0.016723275184631348,
            0.17984604835510254,
            0.01125025749206543
        ],
        "max_kv_cache": 0.01042076287848992,
        "parallel_requests_nb": 10
    },
    "14": {
        "speed_generation": [
            1.223794752598021,
            31.247804991861184,
            0.6501161362166634
        ],
        "time_to_first_token": [
            0.012259483337402344,
            0.21646559238433838,
            0.010891258716583252
        ],
        "max_kv_cache": 0.01415650806134483,
        "parallel_requests_nb": 14
    },
    "18": {
        "speed_generation": [
            0.5824890151816327,
            25.199746050311596,
            0.3518592845306934
        ],
        "time_to_first_token": [
            0.009422063827514648,
            0.2457970380783081,
            0.011394977569580078
        ],
        "max_kv_cache": 0.01789225324419974,
        "parallel_requests_nb": 18
    },
    "22": {
        "speed_generation": [
            0.7225660311062008,
            23.336049385683634,
            0.41469137984939053
        ],
        "time_to_first_token": [
            0.01274806261062622,
            0.2845045328140259,
            0.017347753047943115
        ],
        "max_kv_cache": 0.02162799842705465,
        "parallel_requests_nb": 22
    },
    "26": {
        "speed_generation": [
            0.6789345541619909,
            21.124271588343568,
            0.44050035172636015
        ],
        "time_to_first_token": [
            0.01628279685974121,
            0.32043206691741943,
            0.013362765312194824
        ],
        "max_kv_cache": 0.025756979944946967,
        "parallel_requests_nb": 26
    },
    "30": {
        "speed_generation": [
            0.4110492456810242,
            20.02781261330725,
            0.3203062078749923
        ],
        "time_to_first_token": [
            0.00985175371170044,
            0.3531768321990967,
            0.014300048351287842
        ],
        "max_kv_cache": 0.02890287062524577,
        "parallel_requests_nb": 30
    },
    "34": {
        "speed_generation": [
            0.27057653267101145,
            17.18979032875704,
            0.1980924640073809
        ],
        "time_to_first_token": [
            0.012092232704162598,
            0.38592207431793213,
            0.012730002403259277
        ],
        "max_kv_cache": 0.03342508847817538,
        "parallel_requests_nb": 34
    },
    "38": {
        "speed_generation": [
            0.2581009917492736,
            16.42119427375932,
            0.25058838144124707
        ],
        "time_to_first_token": [
            0.017948806285858154,
            0.4190340042114258,
            0.013727962970733643
        ],
        "max_kv_cache": 0.03578450648839948,
        "parallel_requests_nb": 38
    }
}