{
    "1": {
        "speed_generation": [
            0.19179577957568128,
            16.967954904814665,
            0.06714050205951239
        ],
        "time_to_first_token": [
            0.0027913451194763184,
            0.6772624254226685,
            0.010460972785949707
        ],
        "max_kv_cache": 0.05348014156508063,
        "parallel_requests_nb": 1
    },
    "2": {
        "speed_generation": [
            0.08219451056614346,
            9.574537775693502,
            0.430924479533795
        ],
        "time_to_first_token": [
            0.5655312538146973,
            1.2538812160491943,
            0.09303081035614014
        ],
        "max_kv_cache": 0.10617381046008656,
        "parallel_requests_nb": 2
    },
    "3": {
        "speed_generation": [
            0.03649586414743222,
            6.968864350397764,
            0.04746244633470287
        ],
        "time_to_first_token": [
            0.6292039752006531,
            1.8817745447158813,
            0.04306131601333618
        ],
        "max_kv_cache": 0.15847424302005508,
        "parallel_requests_nb": 3
    },
    "4": {
        "speed_generation": [
            0.029229524080363056,
            5.520749682948451,
            0.023263346652750982
        ],
        "time_to_first_token": [
            1.2088508605957031,
            2.483886957168579,
            0.020658016204833984
        ],
        "max_kv_cache": 0.2101848210774676,
        "parallel_requests_nb": 4
    },
    "6": {
        "speed_generation": [
            0.04488905009155175,
            3.7567381578594548,
            0.0394907871485799
        ],
        "time_to_first_token": [
            1.2160749435424805,
            3.079040050506592,
            0.5914090871810913
        ],
        "max_kv_cache": 0.31517892253244195,
        "parallel_requests_nb": 6
    },
    "8": {
        "speed_generation": [
            0.02186517351899342,
            2.905487494156239,
            0.010134430127718641
        ],
        "time_to_first_token": [
            1.7630338668823242,
            3.6564409732818604,
            1.199110984802246
        ],
        "max_kv_cache": 0.4195831694848604,
        "parallel_requests_nb": 8
    },
    "10": {
        "speed_generation": [
            0.011572364362809395,
            2.34757493433168,
            0.008401136684335064
        ],
        "time_to_first_token": [
            1.5037065744400024,
            3.705275058746338,
            1.8027418851852417
        ],
        "max_kv_cache": 0.5212347620920172,
        "parallel_requests_nb": 10
    },
    "14": {
        "speed_generation": [
            0.005958262348648935,
            1.6986254366770142,
            0.006991854356000138
        ],
        "time_to_first_token": [
            1.8399507999420166,
            5.481594800949097,
            1.8429710865020752
        ],
        "max_kv_cache": 0.7300432559968542,
        "parallel_requests_nb": 14
    },
    "18": {
        "speed_generation": [
            0.004779235960348682,
            1.3202070802777002,
            0.0036771382778799655
        ],
        "time_to_first_token": [
            2.6144678592681885,
            6.319735050201416,
            2.8371028900146484
        ],
        "max_kv_cache": 0.9398348407392844,
        "parallel_requests_nb": 18
    },
    "22": {
        "speed_generation": [
            0.011958776802227566,
            1.2559435561245764,
            0.0033451737336056553
        ],
        "time_to_first_token": [
            3.6101326942443848,
            9.071667075157166,
            1.879993200302124
        ],
        "max_kv_cache": 0.9903657097915848,
        "parallel_requests_nb": 22
    },
    "26": {
        "speed_generation": [
            0.6217017279557873,
            1.2512151340752917,
            0.0071541241435215674
        ],
        "time_to_first_token": [
            3.596864700317383,
            10.92205798625946,
            3.662586510181427
        ],
        "max_kv_cache": 0.9915454187966968,
        "parallel_requests_nb": 26
    },
    "30": {
        "speed_generation": [
            0.003464658289636602,
            0.6298718546571034,
            0.6241105131999074
        ],
        "time_to_first_token": [
            3.653922140598297,
            14.548951625823975,
            3.2012985348701477
        ],
        "max_kv_cache": 0.9899724734565474,
        "parallel_requests_nb": 30
    },
    "34": {
        "speed_generation": [
            0.0011334726897886949,
            0.6293488285685758,
            0.14505026942286325
        ],
        "time_to_first_token": [
            1.9222784638404846,
            16.401018977165222,
            3.5798789858818054
        ],
        "max_kv_cache": 0.9905623279591034,
        "parallel_requests_nb": 34
    },
    "38": {
        "speed_generation": [
            0.0012896777306400375,
            0.6293835463256605,
            0.001439327428345738
        ],
        "time_to_first_token": [
            3.5396106243133545,
            19.885501503944397,
            1.955523669719696
        ],
        "max_kv_cache": 0.9897758552890287,
        "parallel_requests_nb": 38
    }
}