{
    "1": {
        "speed_generation": [
            0.9405869439499384,
            66.9912384481384,
            0.08090097264401663
        ],
        "time_to_first_token": [
            0.0026267170906066895,
            0.03458404541015625,
            0.004089176654815674
        ],
        "max_kv_cache": 0.013566653558788833,
        "parallel_requests_nb": 1
    },
    "2": {
        "speed_generation": [
            0.24475142763422753,
            64.16417213511119,
            0.10289384576503835
        ],
        "time_to_first_token": [
            0.014162123203277588,
            0.05226898193359375,
            0.014769792556762695
        ],
        "max_kv_cache": 0.026936688950058962,
        "parallel_requests_nb": 2
    },
    "3": {
        "speed_generation": [
            0.9217976970461095,
            61.88218306826829,
            0.1886390516218981
        ],
        "time_to_first_token": [
            0.02760148048400879,
            0.075173020362854,
            0.016788125038146973
        ],
        "max_kv_cache": 0.04030672434132909,
        "parallel_requests_nb": 3
    },
    "4": {
        "speed_generation": [
            1.9988721060997392,
            60.42833755214041,
            0.10029260927876749
        ],
        "time_to_first_token": [
            0.046114206314086914,
            0.10709810256958008,
            0.00938272476196289
        ],
        "max_kv_cache": 0.05367675973259933,
        "parallel_requests_nb": 4
    },
    "6": {
        "speed_generation": [
            1.3403019977353523,
            53.79590552299901,
            0.19807090611098488
        ],
        "time_to_first_token": [
            0.06717288494110107,
            0.1562809944152832,
            0.015253543853759766
        ],
        "max_kv_cache": 0.0806134486826583,
        "parallel_requests_nb": 6
    },
    "8": {
        "speed_generation": [
            1.2320846604467803,
            51.482919503403124,
            0.1450451799152006
        ],
        "time_to_first_token": [
            0.04268288612365723,
            0.17236685752868652,
            0.014854192733764648
        ],
        "max_kv_cache": 0.10715690129767985,
        "parallel_requests_nb": 8
    },
    "10": {
        "speed_generation": [
            0.8242565584045067,
            45.67393549223707,
            0.2947332418020565
        ],
        "time_to_first_token": [
            0.015600919723510742,
            0.18944692611694336,
            0.029907584190368652
        ],
        "max_kv_cache": 0.13429020841525752,
        "parallel_requests_nb": 10
    },
    "14": {
        "speed_generation": [
            0.7940832593527816,
            42.26808029917802,
            0.22015344704450968
        ],
        "time_to_first_token": [
            0.03835916519165039,
            0.2227771282196045,
            0.023267745971679688
        ],
        "max_kv_cache": 0.18718049547778215,
        "parallel_requests_nb": 14
    },
    "18": {
        "speed_generation": [
            0.30987516035872176,
            31.56326398470113,
            0.16824617959073862
        ],
        "time_to_first_token": [
            0.02893829345703125,
            0.2684619426727295,
            0.02207005023956299
        ],
        "max_kv_cache": 0.23987416437278808,
        "parallel_requests_nb": 18
    },
    "22": {
        "speed_generation": [
            0.48915001714444273,
            29.778334463924885,
            0.0807156060233396
        ],
        "time_to_first_token": [
            0.10160398483276367,
            0.33142900466918945,
            0.05035996437072754
        ],
        "max_kv_cache": 0.2939441604404247,
        "parallel_requests_nb": 22
    },
    "26": {
        "speed_generation": [
            0.09764714123071272,
            27.013203884152183,
            0.38423933598311066
        ],
        "time_to_first_token": [
            0.017743349075317383,
            0.31752490997314453,
            0.06154203414916992
        ],
        "max_kv_cache": 0.34663782933543064,
        "parallel_requests_nb": 26
    },
    "30": {
        "speed_generation": [
            0.08095892205985677,
            25.65765473163642,
            0.07152280191657567
        ],
        "time_to_first_token": [
            0.04708600044250488,
            0.353848934173584,
            0.05184793472290039
        ],
        "max_kv_cache": 0.40011797090051116,
        "parallel_requests_nb": 30
    },
    "34": {
        "speed_generation": [
            0.04133145430713725,
            21.316113078279905,
            0.14214721751549675
        ],
        "time_to_first_token": [
            0.10582375526428223,
            0.41121482849121094,
            0.043349266052246094
        ],
        "max_kv_cache": 0.4537947306331105,
        "parallel_requests_nb": 34
    },
    "38": {
        "speed_generation": [
            0.06017759560223723,
            20.40805955427879,
            0.17816564875687746
        ],
        "time_to_first_token": [
            0.11721944808959961,
            0.44443392753601074,
            0.013958573341369629
        ],
        "max_kv_cache": 0.5064883995281164,
        "parallel_requests_nb": 38
    }
}