{
    "1": {
        "speed_generation": [
            0.23040754423618637,
            86.08543510064638,
            0.18828705158422565
        ],
        "time_to_first_token": [
            0.001106858253479004,
            0.12967896461486816,
            0.0017890334129333496
        ],
        "max_kv_cache": 0.002508827355510168,
        "parallel_requests_nb": 1
    },
    "2": {
        "speed_generation": [
            0.4540843409511126,
            77.52576900372328,
            1.4270432833767899
        ],
        "time_to_first_token": [
            0.08046555519104004,
            0.2135159969329834,
            0.034676551818847656
        ],
        "max_kv_cache": 0.004986681533791781,
        "parallel_requests_nb": 2
    },
    "3": {
        "speed_generation": [
            0.2990950452201844,
            70.61624953601729,
            0.3270370273573633
        ],
        "time_to_first_token": [
            0.08397793769836426,
            0.2977268695831299,
            0.03392314910888672
        ],
        "max_kv_cache": 0.007464535712073395,
        "parallel_requests_nb": 3
    },
    "4": {
        "speed_generation": [
            0.366415152136895,
            66.41422927424205,
            0.36771207960288166
        ],
        "time_to_first_token": [
            0.17451834678649902,
            0.39870715141296387,
            0.01148676872253418
        ],
        "max_kv_cache": 0.009880443535897898,
        "parallel_requests_nb": 4
    },
    "6": {
        "speed_generation": [
            0.33570001762789303,
            56.732683177557455,
            0.3315309873578087
        ],
        "time_to_first_token": [
            0.1789379119873047,
            0.5681049823760986,
            0.016167879104614258
        ],
        "max_kv_cache": 0.014712259183547016,
        "parallel_requests_nb": 6
    },
    "8": {
        "speed_generation": [
            0.27681292935226764,
            50.41384620079771,
            0.30943786054253053
        ],
        "time_to_first_token": [
            0.17293119430541992,
            0.7362821102142334,
            0.018219709396362305
        ],
        "max_kv_cache": 0.01979186024902435,
        "parallel_requests_nb": 8
    },
    "10": {
        "speed_generation": [
            0.2552309593945239,
            44.35085301005881,
            0.41164284235638604
        ],
        "time_to_first_token": [
            0.09641790390014648,
            0.9022560119628906,
            0.02479773759841919
        ],
        "max_kv_cache": 0.024468810010530917,
        "parallel_requests_nb": 10
    },
    "14": {
        "speed_generation": [
            0.29651107394138876,
            37.24323861415908,
            0.25441173034614195
        ],
        "time_to_first_token": [
            0.0329931378364563,
            1.2515010833740234,
            0.023208439350128174
        ],
        "max_kv_cache": 0.0341014681286006,
        "parallel_requests_nb": 14
    },
    "18": {
        "speed_generation": [
            0.1609644538550583,
            29.645307286869063,
            0.1250363375235466
        ],
        "time_to_first_token": [
            0.013201415538787842,
            1.5805590152740479,
            0.012082576751708984
        ],
        "max_kv_cache": 0.04426067025955527,
        "parallel_requests_nb": 18
    },
    "22": {
        "speed_generation": [
            0.21301134941238686,
            27.229297615931976,
            0.14683559923077993
        ],
        "time_to_first_token": [
            0.03588801622390747,
            1.9307270050048828,
            0.03112882375717163
        ],
        "max_kv_cache": 0.053583596605339734,
        "parallel_requests_nb": 22
    },
    "26": {
        "speed_generation": [
            0.10776590095591843,
            23.97703100182934,
            0.07887420601922557
        ],
        "time_to_first_token": [
            0.07325297594070435,
            2.2614264488220215,
            0.013424158096313477
        ],
        "max_kv_cache": 0.06306138883726697,
        "parallel_requests_nb": 26
    },
    "30": {
        "speed_generation": [
            0.34230686727772053,
            21.159936423467315,
            0.12964683369433416
        ],
        "time_to_first_token": [
            0.026131927967071533,
            2.6027930974960327,
            0.021415531635284424
        ],
        "max_kv_cache": 0.07306572508207887,
        "parallel_requests_nb": 30
    },
    "34": {
        "speed_generation": [
            0.2649124453860878,
            18.46067431456612,
            0.07882494098499393
        ],
        "time_to_first_token": [
            0.2231096625328064,
            2.850993514060974,
            0.09913814067840576
        ],
        "max_kv_cache": 0.082481570959549,
        "parallel_requests_nb": 34
    },
    "38": {
        "speed_generation": [
            0.08280097198562686,
            17.194369126707144,
            0.061345968810513796
        ],
        "time_to_first_token": [
            0.3306161165237427,
            2.9602439403533936,
            0.29466086626052856
        ],
        "max_kv_cache": 0.0923000681409899,
        "parallel_requests_nb": 38
    }
}