{
    "1": {
        "speed_generation": [
            0.14572199458588386,
            70.68499458873033,
            0.25114471990131904
        ],
        "time_to_first_token": [
            0.0054672956466674805,
            0.4083092212677002,
            0.0018292665481567383
        ],
        "max_kv_cache": 0.007929133370501162,
        "parallel_requests_nb": 1
    },
    "2": {
        "speed_generation": [
            0.3287105698449082,
            53.164779143779846,
            0.854805624973551
        ],
        "time_to_first_token": [
            0.3378716707229614,
            0.7551121711730957,
            0.03584027290344238
        ],
        "max_kv_cache": 0.015858266741002325,
        "parallel_requests_nb": 2
    },
    "3": {
        "speed_generation": [
            0.22600700854521705,
            44.623855234064834,
            0.29338044654475937
        ],
        "time_to_first_token": [
            0.34382981061935425,
            1.1064789295196533,
            0.04070699214935303
        ],
        "max_kv_cache": 0.023787400111503487,
        "parallel_requests_nb": 3
    },
    "4": {
        "speed_generation": [
            0.14733001355485698,
            37.810947415215146,
            0.20333976376657859
        ],
        "time_to_first_token": [
            0.3521559238433838,
            1.4656050205230713,
            0.03537106513977051
        ],
        "max_kv_cache": 0.03171653348200454,
        "parallel_requests_nb": 4
    },
    "6": {
        "speed_generation": [
            0.141455732813494,
            29.13936792097935,
            0.10833522230579007
        ],
        "time_to_first_token": [
            0.6914314031600952,
            2.173647880554199,
            0.0405576229095459
        ],
        "max_kv_cache": 0.04757480022300686,
        "parallel_requests_nb": 6
    },
    "8": {
        "speed_generation": [
            0.07585457360558223,
            23.874262932800605,
            0.10222570530526554
        ],
        "time_to_first_token": [
            1.379427194595337,
            2.8855340480804443,
            0.02173304557800293
        ],
        "max_kv_cache": 0.06343306696400919,
        "parallel_requests_nb": 8
    },
    "10": {
        "speed_generation": [
            0.06988716142187457,
            20.073138080050807,
            0.0827517908198665
        ],
        "time_to_first_token": [
            0.6894159317016602,
            3.2675719261169434,
            0.34934496879577637
        ],
        "max_kv_cache": 0.07929133370501151,
        "parallel_requests_nb": 10
    },
    "14": {
        "speed_generation": [
            0.09579336602404176,
            15.214297782582282,
            0.05418612184065097
        ],
        "time_to_first_token": [
            1.3684605360031128,
            3.948683023452759,
            1.0658318996429443
        ],
        "max_kv_cache": 0.11100786718701605,
        "parallel_requests_nb": 14
    },
    "18": {
        "speed_generation": [
            0.0340890895704522,
            11.715504213936654,
            0.03626620991490803
        ],
        "time_to_first_token": [
            1.8308849334716797,
            4.748240947723389,
            1.0114295482635498
        ],
        "max_kv_cache": 0.1427244006690206,
        "parallel_requests_nb": 18
    },
    "22": {
        "speed_generation": [
            0.06775706900373102,
            9.996052229847406,
            0.05676606857716315
        ],
        "time_to_first_token": [
            1.9394705295562744,
            5.223345041275024,
            2.2992054224014282
        ],
        "max_kv_cache": 0.17444093415102524,
        "parallel_requests_nb": 22
    },
    "26": {
        "speed_generation": [
            0.07910875928124206,
            8.643252535070179,
            0.025002165258607434
        ],
        "time_to_first_token": [
            1.6407759189605713,
            5.208212852478027,
            2.4175591468811035
        ],
        "max_kv_cache": 0.20615746763302978,
        "parallel_requests_nb": 26
    },
    "30": {
        "speed_generation": [
            0.02142286685037753,
            7.467542312303642,
            0.05660252204254945
        ],
        "time_to_first_token": [
            3.216883659362793,
            7.192309141159058,
            2.8011789321899414
        ],
        "max_kv_cache": 0.23787400111503443,
        "parallel_requests_nb": 30
    },
    "34": {
        "speed_generation": [
            0.0650112275497765,
            6.614842198696033,
            0.021685804002240516
        ],
        "time_to_first_token": [
            2.8642104864120483,
            7.595891952514648,
            2.6199086904525757
        ],
        "max_kv_cache": 0.26959053459703897,
        "parallel_requests_nb": 34
    },
    "38": {
        "speed_generation": [
            0.03693121832626467,
            5.971006185848244,
            0.016971803846743683
        ],
        "time_to_first_token": [
            2.536635398864746,
            7.621994972229004,
            4.119890570640564
        ],
        "max_kv_cache": 0.3013070680790435,
        "parallel_requests_nb": 38
    }
}