{
    "1": {
        "speed_generation": [
            0.3364842954806022,
            54.29921713482397,
            0.5053837264604866
        ],
        "time_to_first_token": [
            0.0011303424835205078,
            0.12928247451782227,
            0.0020404458045959473
        ],
        "max_kv_cache": 0.002353961469367505,
        "parallel_requests_nb": 1
    },
    "2": {
        "speed_generation": [
            0.5342346578594288,
            37.79396007095869,
            3.10144858539163
        ],
        "time_to_first_token": [
            0.08190107345581055,
            0.21441292762756348,
            0.034547388553619385
        ],
        "max_kv_cache": 0.004584030229821012,
        "parallel_requests_nb": 2
    },
    "3": {
        "speed_generation": [
            0.3693374976330368,
            30.914581847272572,
            0.45625557200254363
        ],
        "time_to_first_token": [
            0.08321815729141235,
            0.2981851100921631,
            0.035951316356658936
        ],
        "max_kv_cache": 0.006783125813045854,
        "parallel_requests_nb": 3
    },
    "4": {
        "speed_generation": [
            0.35714405362388746,
            26.522522305214963,
            0.38695151309824993
        ],
        "time_to_first_token": [
            0.17859917879104614,
            0.40169596672058105,
            0.013242065906524658
        ],
        "max_kv_cache": 0.009013194573499361,
        "parallel_requests_nb": 4
    },
    "6": {
        "speed_generation": [
            0.2923983031760393,
            20.33685138760331,
            0.2924780050512723
        ],
        "time_to_first_token": [
            0.17857319116592407,
            0.5713679790496826,
            0.013225257396697998
        ],
        "max_kv_cache": 0.013411385739949155,
        "parallel_requests_nb": 6
    },
    "8": {
        "speed_generation": [
            0.21663231496061996,
            16.381372429023486,
            0.25542804771464844
        ],
        "time_to_first_token": [
            0.09584081172943115,
            0.7437199354171753,
            0.017157316207885742
        ],
        "max_kv_cache": 0.018026389146998723,
        "parallel_requests_nb": 8
    },
    "10": {
        "speed_generation": [
            0.1966372637410725,
            13.816214681203322,
            0.213783076331163
        ],
        "time_to_first_token": [
            0.027896642684936523,
            0.9051154851913452,
            0.021081089973449707
        ],
        "max_kv_cache": 0.022393607136220073,
        "parallel_requests_nb": 10
    },
    "14": {
        "speed_generation": [
            0.14450387375737606,
            10.556206182309172,
            0.10535166614469382
        ],
        "time_to_first_token": [
            0.017260432243347168,
            1.2438679933547974,
            0.01957225799560547
        ],
        "max_kv_cache": 0.03125193582357677,
        "parallel_requests_nb": 14
    },
    "18": {
        "speed_generation": [
            0.10362721722865942,
            8.268302664458641,
            0.13395955757300548
        ],
        "time_to_first_token": [
            0.0166778564453125,
            1.5945290327072144,
            0.03129774332046509
        ],
        "max_kv_cache": 0.03998637180201947,
        "parallel_requests_nb": 18
    },
    "22": {
        "speed_generation": [
            0.060017374640455756,
            7.051510681239931,
            0.034142665097101954
        ],
        "time_to_first_token": [
            0.016246438026428223,
            1.9321495294570923,
            0.01266789436340332
        ],
        "max_kv_cache": 0.048875673666604724,
        "parallel_requests_nb": 22
    },
    "26": {
        "speed_generation": [
            0.050101203466393684,
            5.989752274114014,
            0.052504081186757645
        ],
        "time_to_first_token": [
            0.0687413215637207,
            2.290428042411804,
            0.02835613489151001
        ],
        "max_kv_cache": 0.05764108282227587,
        "parallel_requests_nb": 26
    },
    "30": {
        "speed_generation": [
            0.029563314494355453,
            5.237346621047497,
            0.030626216303836884
        ],
        "time_to_first_token": [
            0.08247387409210205,
            2.6333556175231934,
            0.01945972442626953
        ],
        "max_kv_cache": 0.06643746515517557,
        "parallel_requests_nb": 30
    },
    "34": {
        "speed_generation": [
            0.060161194525662154,
            4.59861762296037,
            0.03580976396060542
        ],
        "time_to_first_token": [
            0.10646802186965942,
            2.7925825119018555,
            0.183942973613739
        ],
        "max_kv_cache": 0.07514092795638971,
        "parallel_requests_nb": 34
    },
    "38": {
        "speed_generation": [
            0.04494613230635558,
            4.14700251236529,
            0.03461700358895303
        ],
        "time_to_first_token": [
            0.30004584789276123,
            2.8750239610671997,
            0.3028680086135864
        ],
        "max_kv_cache": 0.08424704206157463,
        "parallel_requests_nb": 38
    }
}