{
    "1": {
        "speed_generation": [
            0.4604998471640869,
            92.13859768667776,
            0.4403685683691094
        ],
        "time_to_first_token": [
            0.0008345246315002441,
            0.13087451457977295,
            0.002335846424102783
        ],
        "max_kv_cache": 0.004243325280307242,
        "parallel_requests_nb": 1
    },
    "2": {
        "speed_generation": [
            1.3390563799750765,
            87.33361898323193,
            0.35926656210816077
        ],
        "time_to_first_token": [
            0.07914602756500244,
            0.21226561069488525,
            0.031018972396850586
        ],
        "max_kv_cache": 0.00845567738338604,
        "parallel_requests_nb": 2
    },
    "3": {
        "speed_generation": [
            0.8403709346909523,
            82.33484271524303,
            0.290091751928216
        ],
        "time_to_first_token": [
            0.12811213731765747,
            0.32334697246551514,
            0.009134232997894287
        ],
        "max_kv_cache": 0.012544136777550619,
        "parallel_requests_nb": 3
    },
    "4": {
        "speed_generation": [
            1.392417899354129,
            78.27222624217102,
            0.32129252277375997
        ],
        "time_to_first_token": [
            0.17336297035217285,
            0.394974946975708,
            0.01949024200439453
        ],
        "max_kv_cache": 0.016756488880629417,
        "parallel_requests_nb": 4
    },
    "6": {
        "speed_generation": [
            1.1404424489398224,
            69.80091402351995,
            0.18193680493422448
        ],
        "time_to_first_token": [
            0.19037199020385742,
            0.5766599178314209,
            0.009912967681884766
        ],
        "max_kv_cache": 0.025088273555101237,
        "parallel_requests_nb": 6
    },
    "8": {
        "speed_generation": [
            0.3759648000232829,
            64.10616336124114,
            0.702002644533124
        ],
        "time_to_first_token": [
            0.0406191349029541,
            0.7394640445709229,
            0.011210918426513672
        ],
        "max_kv_cache": 0.03351297776125872,
        "parallel_requests_nb": 8
    },
    "10": {
        "speed_generation": [
            1.7089383821506487,
            57.222310582550875,
            0.2085021910523679
        ],
        "time_to_first_token": [
            0.04873991012573242,
            0.9023330211639404,
            0.01211404800415039
        ],
        "max_kv_cache": 0.0417518429040451,
        "parallel_requests_nb": 10
    },
    "14": {
        "speed_generation": [
            1.3822055878149442,
            50.32054485040461,
            0.3919558124346665
        ],
        "time_to_first_token": [
            0.028408050537109375,
            1.2366960048675537,
            0.02253890037536621
        ],
        "max_kv_cache": 0.058291519544074855,
        "parallel_requests_nb": 14
    },
    "18": {
        "speed_generation": [
            0.6785621222777678,
            40.35808802351134,
            0.12189147063371308
        ],
        "time_to_first_token": [
            0.06693911552429199,
            1.5854971408843994,
            0.010500431060791016
        ],
        "max_kv_cache": 0.07507898160193271,
        "parallel_requests_nb": 18
    },
    "22": {
        "speed_generation": [
            0.49838642757322305,
            37.55974643313929,
            0.20069486115676938
        ],
        "time_to_first_token": [
            0.06736612319946289,
            1.9169590473175049,
            0.014943122863769531
        ],
        "max_kv_cache": 0.09149476553304836,
        "parallel_requests_nb": 22
    },
    "26": {
        "speed_generation": [
            0.272687967914635,
            33.64647772279908,
            0.43944140147463884
        ],
        "time_to_first_token": [
            0.03596925735473633,
            2.2336277961730957,
            0.026198148727416992
        ],
        "max_kv_cache": 0.10831320076813478,
        "parallel_requests_nb": 26
    },
    "30": {
        "speed_generation": [
            0.5215846587796342,
            30.34133767463842,
            0.14405202544325135
        ],
        "time_to_first_token": [
            0.08044815063476562,
            2.5866799354553223,
            0.018221139907836914
        ],
        "max_kv_cache": 0.12469801152202198,
        "parallel_requests_nb": 30
    },
    "34": {
        "speed_generation": [
            0.3123449904243998,
            26.170100587786763,
            0.07998544607514191
        ],
        "time_to_first_token": [
            0.20606255531311035,
            2.885334014892578,
            0.06499135494232178
        ],
        "max_kv_cache": 0.14142352722542273,
        "parallel_requests_nb": 34
    },
    "38": {
        "speed_generation": [
            0.16090987463010364,
            24.43242974371466,
            0.168403989290848
        ],
        "time_to_first_token": [
            0.09534060955047607,
            2.698007106781006,
            0.16866552829742432
        ],
        "max_kv_cache": 0.1578393111565385,
        "parallel_requests_nb": 38
    }
}