{
    "1": {
        "speed_generation": [
            0.30404577020631507,
            87.5101969447134,
            0.17388799512298192
        ],
        "time_to_first_token": [
            0.006400406360626221,
            0.40879952907562256,
            0.002818286418914795
        ],
        "max_kv_cache": 0.007929133370501162,
        "parallel_requests_nb": 1
    },
    "2": {
        "speed_generation": [
            0.41054389848321193,
            74.269181454689,
            0.20158117224521277
        ],
        "time_to_first_token": [
            0.3355554938316345,
            0.7529315948486328,
            0.03991222381591797
        ],
        "max_kv_cache": 0.015858266741002325,
        "parallel_requests_nb": 2
    },
    "3": {
        "speed_generation": [
            0.8576739605000796,
            68.14635705304853,
            0.3678311729597823
        ],
        "time_to_first_token": [
            0.34249597787857056,
            1.1001893281936646,
            0.0407181978225708
        ],
        "max_kv_cache": 0.023787400111503487,
        "parallel_requests_nb": 3
    },
    "4": {
        "speed_generation": [
            0.6209260525165945,
            61.125559045170796,
            0.20135028238187402
        ],
        "time_to_first_token": [
            0.6898422241210938,
            1.4665050506591797,
            0.02405095100402832
        ],
        "max_kv_cache": 0.03171653348200454,
        "parallel_requests_nb": 4
    },
    "6": {
        "speed_generation": [
            1.4111642809463731,
            51.27349034354646,
            0.2012691006067584
        ],
        "time_to_first_token": [
            0.6947588920593262,
            2.154310941696167,
            0.03462100028991699
        ],
        "max_kv_cache": 0.04757480022300686,
        "parallel_requests_nb": 6
    },
    "8": {
        "speed_generation": [
            1.050781457329549,
            44.7853085551383,
            0.15283924771220114
        ],
        "time_to_first_token": [
            0.6932079792022705,
            2.8779239654541016,
            0.020123958587646484
        ],
        "max_kv_cache": 0.06343306696400919,
        "parallel_requests_nb": 8
    },
    "10": {
        "speed_generation": [
            0.43023807540352266,
            39.169406867975056,
            0.29489062853048864
        ],
        "time_to_first_token": [
            0.3790944814682007,
            2.9240660667419434,
            0.6767404079437256
        ],
        "max_kv_cache": 0.07929133370501151,
        "parallel_requests_nb": 10
    },
    "14": {
        "speed_generation": [
            0.2676406753879057,
            31.06155847504768,
            0.3011556693085744
        ],
        "time_to_first_token": [
            0.9760769605636597,
            3.596571922302246,
            1.4521186351776123
        ],
        "max_kv_cache": 0.11100786718701605,
        "parallel_requests_nb": 14
    },
    "18": {
        "speed_generation": [
            0.10347412477459628,
            23.66348785276978,
            0.15393798261185765
        ],
        "time_to_first_token": [
            2.132660150527954,
            4.729838132858276,
            1.323023796081543
        ],
        "max_kv_cache": 0.1427244006690206,
        "parallel_requests_nb": 18
    },
    "22": {
        "speed_generation": [
            0.13553628514700478,
            21.129218458448694,
            0.1328219925868268
        ],
        "time_to_first_token": [
            2.064678907394409,
            5.270241022109985,
            2.317720890045166
        ],
        "max_kv_cache": 0.17444093415102524,
        "parallel_requests_nb": 22
    },
    "26": {
        "speed_generation": [
            0.024099637391671536,
            18.804991922285957,
            0.06738974121319785
        ],
        "time_to_first_token": [
            2.4868390560150146,
            6.035086154937744,
            1.8741679191589355
        ],
        "max_kv_cache": 0.20615746763302978,
        "parallel_requests_nb": 26
    },
    "30": {
        "speed_generation": [
            0.0749067458601047,
            16.203305428551566,
            0.028287478033373503
        ],
        "time_to_first_token": [
            2.467336893081665,
            6.454286098480225,
            3.540473699569702
        ],
        "max_kv_cache": 0.23787400111503443,
        "parallel_requests_nb": 30
    },
    "34": {
        "speed_generation": [
            0.03095498130797658,
            14.189835891497749,
            0.044989711122438436
        ],
        "time_to_first_token": [
            2.688782215118408,
            7.768151044845581,
            2.5638458728790283
        ],
        "max_kv_cache": 0.26959053459703897,
        "parallel_requests_nb": 34
    },
    "38": {
        "speed_generation": [
            0.004419385977827872,
            12.885074187212032,
            0.059002030637580916
        ],
        "time_to_first_token": [
            2.756925582885742,
            7.721369028091431,
            3.8263784646987915
        ],
        "max_kv_cache": 0.3013070680790435,
        "parallel_requests_nb": 38
    }
}