{
    "1": {
        "speed_generation": [
            0.6892923791314303,
            88.21744635342233,
            0.7782669741122987
        ],
        "time_to_first_token": [
            0.0012444853782653809,
            0.022611021995544434,
            0.0013415217399597168
        ],
        "max_kv_cache": 0.00021681224059966198,
        "parallel_requests_nb": 1
    },
    "2": {
        "speed_generation": [
            1.9408373165660464,
            80.49406172584808,
            2.2128505431801813
        ],
        "time_to_first_token": [
            0.006417274475097656,
            0.0321270227432251,
            0.007296919822692871
        ],
        "max_kv_cache": 0.0004026513039707691,
        "parallel_requests_nb": 2
    },
    "3": {
        "speed_generation": [
            2.038861813738407,
            73.57439847832768,
            1.8022259497010396
        ],
        "time_to_first_token": [
            0.015303075313568115,
            0.046674489974975586,
            0.007962644100189209
        ],
        "max_kv_cache": 0.0005884903673418762,
        "parallel_requests_nb": 3
    },
    "4": {
        "speed_generation": [
            1.9896428303893003,
            68.07291294115782,
            2.1995837390884105
        ],
        "time_to_first_token": [
            0.02024906873703003,
            0.059925079345703125,
            0.009391307830810547
        ],
        "max_kv_cache": 0.0007433562534844285,
        "parallel_requests_nb": 4
    },
    "6": {
        "speed_generation": [
            1.3142933763571278,
            59.12907092097183,
            1.6325299300085163
        ],
        "time_to_first_token": [
            0.019261717796325684,
            0.08773255348205566,
            0.0070403218269348145
        ],
        "max_kv_cache": 0.001053088025769644,
        "parallel_requests_nb": 6
    },
    "8": {
        "speed_generation": [
            1.678043615508514,
            55.89051917578374,
            1.627466364968484
        ],
        "time_to_first_token": [
            0.014253079891204834,
            0.09740710258483887,
            0.008457720279693604
        ],
        "max_kv_cache": 0.0013318466208264157,
        "parallel_requests_nb": 8
    },
    "10": {
        "speed_generation": [
            1.347753670627121,
            50.84748448098985,
            1.2369479012245321
        ],
        "time_to_first_token": [
            0.0133400559425354,
            0.10902547836303711,
            0.008054256439208984
        ],
        "max_kv_cache": 0.0016415783931115202,
        "parallel_requests_nb": 10
    },
    "14": {
        "speed_generation": [
            1.1184744466389631,
            46.88837130339407,
            1.1220966143462618
        ],
        "time_to_first_token": [
            0.01500159502029419,
            0.1312030553817749,
            0.009034574031829834
        ],
        "max_kv_cache": 0.0022610419376819513,
        "parallel_requests_nb": 14
    },
    "18": {
        "speed_generation": [
            0.6282259078694636,
            39.48160850737799,
            0.7470923145298798
        ],
        "time_to_first_token": [
            0.009307920932769775,
            0.15592753887176514,
            0.007068336009979248
        ],
        "max_kv_cache": 0.0028495323050238275,
        "parallel_requests_nb": 18
    },
    "22": {
        "speed_generation": [
            0.6397350805228328,
            36.62555831629802,
            0.5585595704012221
        ],
        "time_to_first_token": [
            0.007222175598144531,
            0.17837142944335938,
            0.005776464939117432
        ],
        "max_kv_cache": 0.0034999690268228134,
        "parallel_requests_nb": 22
    },
    "26": {
        "speed_generation": [
            0.5761624888403105,
            33.30066430829416,
            0.48823003144411814
        ],
        "time_to_first_token": [
            0.01070404052734375,
            0.20258605480194092,
            0.006807267665863037
        ],
        "max_kv_cache": 0.0041194325713931335,
        "parallel_requests_nb": 26
    },
    "30": {
        "speed_generation": [
            0.553209989618253,
            31.612551967311553,
            0.5321924761549042
        ],
        "time_to_first_token": [
            0.009038329124450684,
            0.22158539295196533,
            0.008626997470855713
        ],
        "max_kv_cache": 0.004553057052592457,
        "parallel_requests_nb": 30
    },
    "34": {
        "speed_generation": [
            0.40118964244078725,
            27.856502766435074,
            0.3774849426240827
        ],
        "time_to_first_token": [
            0.006332576274871826,
            0.2407439947128296,
            0.005754411220550537
        ],
        "max_kv_cache": 0.005296413306076886,
        "parallel_requests_nb": 34
    },
    "38": {
        "speed_generation": [
            0.41751204303390566,
            26.21152287582533,
            0.40730427582291284
        ],
        "time_to_first_token": [
            0.020151257514953613,
            0.26869451999664307,
            0.009975016117095947
        ],
        "max_kv_cache": 0.005853930496190318,
        "parallel_requests_nb": 38
    }
}