{
    "1": {
        "speed_generation": [
            1.6838922068007776,
            94.5321151648391,
            0.36780102717312957
        ],
        "time_to_first_token": [
            0.0025513768196105957,
            0.2378619909286499,
            0.0015977025032043457
        ],
        "max_kv_cache": 0.03722579215599375,
        "parallel_requests_nb": 1
    },
    "2": {
        "speed_generation": [
            0.3439415565280797,
            80.17742401128604,
            0.24204013312838413
        ],
        "time_to_first_token": [
            0.0059775710105896,
            0.448156476020813,
            0.006744980812072754
        ],
        "max_kv_cache": 0.07367604697540442,
        "parallel_requests_nb": 2
    },
    "3": {
        "speed_generation": [
            0.8555200962911726,
            72.2057971294791,
            0.12913001139105518
        ],
        "time_to_first_token": [
            0.0063904523849487305,
            0.6542870998382568,
            0.008415460586547852
        ],
        "max_kv_cache": 0.10946155550631509,
        "parallel_requests_nb": 3
    },
    "4": {
        "speed_generation": [
            1.4725048913488479,
            64.79585545957667,
            0.1780296201545326
        ],
        "time_to_first_token": [
            0.009850740432739258,
            0.8549149036407471,
            0.010666131973266602
        ],
        "max_kv_cache": 0.14591181032572564,
        "parallel_requests_nb": 4
    },
    "6": {
        "speed_generation": [
            0.620745384429803,
            53.315919762045574,
            0.16626854749309672
        ],
        "time_to_first_token": [
            0.006998896598815918,
            1.2593169212341309,
            0.007275581359863281
        ],
        "max_kv_cache": 0.2182583647241303,
        "parallel_requests_nb": 6
    },
    "8": {
        "speed_generation": [
            0.24406861828345683,
            46.12327135750316,
            0.128166900879485
        ],
        "time_to_first_token": [
            0.01094508171081543,
            1.6654670238494873,
            0.016632795333862305
        ],
        "max_kv_cache": 0.29149124750720146,
        "parallel_requests_nb": 8
    },
    "10": {
        "speed_generation": [
            0.17354484033871387,
            40.11475331457094,
            0.15354376599005803
        ],
        "time_to_first_token": [
            0.015320539474487305,
            2.073936939239502,
            0.018335580825805664
        ],
        "max_kv_cache": 0.36439175714602257,
        "parallel_requests_nb": 10
    },
    "14": {
        "speed_generation": [
            0.4716815883303056,
            32.56348767298082,
            0.0854351655099137
        ],
        "time_to_first_token": [
            0.012418389320373535,
            2.887624979019165,
            0.02026653289794922
        ],
        "max_kv_cache": 0.5078661644139153,
        "parallel_requests_nb": 14
    },
    "18": {
        "speed_generation": [
            0.1888944151242633,
            25.29496119947205,
            0.18962483174205147
        ],
        "time_to_first_token": [
            0.0203092098236084,
            3.71553111076355,
            0.01299583911895752
        ],
        "max_kv_cache": 0.652337691114558,
        "parallel_requests_nb": 18
    },
    "22": {
        "speed_generation": [
            0.12475318576526107,
            22.778665783614954,
            0.06261005095551297
        ],
        "time_to_first_token": [
            0.02290487289428711,
            4.542275905609131,
            0.020420074462890625
        ],
        "max_kv_cache": 0.7979171282960337,
        "parallel_requests_nb": 22
    },
    "26": {
        "speed_generation": [
            0.06177298434495171,
            20.60216008793673,
            0.10997570681695024
        ],
        "time_to_first_token": [
            0.04857993125915527,
            5.315563917160034,
            0.027029037475585938
        ],
        "max_kv_cache": 0.9430534012851761,
        "parallel_requests_nb": 26
    },
    "30": {
        "speed_generation": [
            0.08896798232382608,
            17.133976344296055,
            0.2654468244038348
        ],
        "time_to_first_token": [
            0.012809276580810547,
            6.156152963638306,
            0.03894507884979248
        ],
        "max_kv_cache": 1.0,
        "parallel_requests_nb": 30
    },
    "34": {
        "speed_generation": [
            0.2546342488100066,
            17.0484370545785,
            0.061532582325252605
        ],
        "time_to_first_token": [
            0.06872260570526123,
            6.8243595361709595,
            0.07558977603912354
        ],
        "max_kv_cache": 1.0,
        "parallel_requests_nb": 34
    },
    "38": {
        "speed_generation": [
            4.599224279858518,
            16.758148598207512,
            0.28296862539432155
        ],
        "time_to_first_token": [
            0.09956210851669312,
            6.862204551696777,
            0.41888999938964844
        ],
        "max_kv_cache": 1.0,
        "parallel_requests_nb": 38
    }
}