{
    "1": {
        "speed_generation": [
            1.2399680531026718,
            103.25697673082993,
            0.7374307487849876
        ],
        "time_to_first_token": [
            0.0012184381484985352,
            0.03773796558380127,
            0.0018084049224853516
        ],
        "max_kv_cache": 0.007644582317748672,
        "parallel_requests_nb": 1
    },
    "2": {
        "speed_generation": [
            0.9848754269364406,
            100.57970151014783,
            0.486047786599471
        ],
        "time_to_first_token": [
            0.0025064945220947266,
            0.05312991142272949,
            0.0031785964965820312
        ],
        "max_kv_cache": 0.015289164635497454,
        "parallel_requests_nb": 2
    },
    "3": {
        "speed_generation": [
            0.1221198584338481,
            97.11995633797224,
            0.2253909000770591
        ],
        "time_to_first_token": [
            0.0029468536376953125,
            0.053952932357788086,
            0.0030956268310546875
        ],
        "max_kv_cache": 0.02282295590516281,
        "parallel_requests_nb": 3
    },
    "4": {
        "speed_generation": [
            0.673087832728541,
            95.90513219847186,
            0.4793948590252626
        ],
        "time_to_first_token": [
            0.00319671630859375,
            0.05374288558959961,
            0.0036432743072509766
        ],
        "max_kv_cache": 0.03035674717482828,
        "parallel_requests_nb": 4
    },
    "6": {
        "speed_generation": [
            0.306911820139689,
            88.36633062858978,
            0.21276221496077596
        ],
        "time_to_first_token": [
            0.0047760009765625,
            0.05649900436401367,
            0.0033255815505981445
        ],
        "max_kv_cache": 0.045424329714159106,
        "parallel_requests_nb": 6
    },
    "8": {
        "speed_generation": [
            0.4488179547310125,
            85.31435901056201,
            0.2506638295960073
        ],
        "time_to_first_token": [
            0.004292726516723633,
            0.05615878105163574,
            0.005131244659423828
        ],
        "max_kv_cache": 0.060602703301573246,
        "parallel_requests_nb": 8
    },
    "10": {
        "speed_generation": [
            0.2550251581923817,
            79.85902341134835,
            0.45351490343074374
        ],
        "time_to_first_token": [
            0.0046575069427490234,
            0.06146407127380371,
            0.005376458168029785
        ],
        "max_kv_cache": 0.07555949479282076,
        "parallel_requests_nb": 10
    },
    "14": {
        "speed_generation": [
            0.8020082855445594,
            75.71536707345079,
            0.31230019833816414
        ],
        "time_to_first_token": [
            0.0073659420013427734,
            0.07919192314147949,
            0.0047609806060791016
        ],
        "max_kv_cache": 0.1055838688233991,
        "parallel_requests_nb": 14
    },
    "18": {
        "speed_generation": [
            0.8226721146481992,
            71.5734407753014,
            0.6814297826031321
        ],
        "time_to_first_token": [
            0.008739948272705078,
            0.08448576927185059,
            0.006965160369873047
        ],
        "max_kv_cache": 0.1352758697097275,
        "parallel_requests_nb": 18
    },
    "22": {
        "speed_generation": [
            0.20281484565532537,
            69.10755824580608,
            0.2559346607901176
        ],
        "time_to_first_token": [
            0.00994110107421875,
            0.09905719757080078,
            0.009252786636352539
        ],
        "max_kv_cache": 0.1657434079326391,
        "parallel_requests_nb": 22
    },
    "26": {
        "speed_generation": [
            1.864345555808086,
            65.86990259308547,
            0.20362359763996096
        ],
        "time_to_first_token": [
            0.025862574577331543,
            0.0975351333618164,
            0.019195914268493652
        ],
        "max_kv_cache": 0.19454908043430086,
        "parallel_requests_nb": 26
    },
    "30": {
        "speed_generation": [
            1.548287520129655,
            60.6074523914253,
            0.26273395377830155
        ],
        "time_to_first_token": [
            0.027856945991516113,
            0.10674595832824707,
            0.01976799964904785
        ],
        "max_kv_cache": 0.22446266341679588,
        "parallel_requests_nb": 30
    },
    "34": {
        "speed_generation": [
            1.4077622461101456,
            57.32142350130863,
            0.21131717732514943
        ],
        "time_to_first_token": [
            0.03279900550842285,
            0.11763501167297363,
            0.023066997528076172
        ],
        "max_kv_cache": 0.2542654553512076,
        "parallel_requests_nb": 34
    },
    "38": {
        "speed_generation": [
            1.0979259598784097,
            55.20640315860667,
            0.36197996314795233
        ],
        "time_to_first_token": [
            0.03414320945739746,
            0.14200711250305176,
            0.016800880432128906
        ],
        "max_kv_cache": 0.28440062042986924,
        "parallel_requests_nb": 38
    }
}