{
    "1": {
        "speed_generation": [
            0.138231496253713,
            28.823117295881115,
            0.16661970562394757
        ],
        "time_to_first_token": [
            0.001339554786682129,
            0.1707620620727539,
            0.0009515285491943359
        ],
        "max_kv_cache": 0.09358974358974359,
        "parallel_requests_nb": 1
    },
    "2": {
        "speed_generation": [
            0.2708832721876462,
            22.074536290382266,
            0.2938734212808747
        ],
        "time_to_first_token": [
            0.14503753185272217,
            0.3168981075286865,
            0.0086439847946167
        ],
        "max_kv_cache": 0.18205128205128207,
        "parallel_requests_nb": 2
    },
    "3": {
        "speed_generation": [
            0.13143645982831487,
            18.07002948699933,
            0.19890066320361655
        ],
        "time_to_first_token": [
            0.14297908544540405,
            0.46015501022338867,
            0.013248741626739502
        ],
        "max_kv_cache": 0.27051282051282055,
        "parallel_requests_nb": 3
    },
    "4": {
        "speed_generation": [
            0.1442709674998497,
            15.414711577586573,
            0.1261411957111136
        ],
        "time_to_first_token": [
            0.27954667806625366,
            0.6086890697479248,
            0.010535955429077148
        ],
        "max_kv_cache": 0.3602564102564103,
        "parallel_requests_nb": 4
    },
    "6": {
        "speed_generation": [
            0.08465815120045406,
            11.635154158259493,
            0.0911928966363611
        ],
        "time_to_first_token": [
            0.2866169214248657,
            0.9047695398330688,
            0.014239311218261719
        ],
        "max_kv_cache": 0.5307692307692308,
        "parallel_requests_nb": 6
    },
    "8": {
        "speed_generation": [
            0.05766394444889045,
            9.426184011513609,
            0.06560243057835002
        ],
        "time_to_first_token": [
            0.13794946670532227,
            1.2076095342636108,
            0.012670397758483887
        ],
        "max_kv_cache": 0.7076923076923076,
        "parallel_requests_nb": 8
    },
    "10": {
        "speed_generation": [
            0.05134764452257823,
            7.925527364039096,
            0.04647618671857767
        ],
        "time_to_first_token": [
            0.11929696798324585,
            1.501376986503601,
            0.013858556747436523
        ],
        "max_kv_cache": 0.882051282051282,
        "parallel_requests_nb": 10
    },
    "14": {
        "speed_generation": [
            3.639068151874042,
            7.359755974208032,
            0.04741669318360753
        ],
        "time_to_first_token": [
            0.010384738445281982,
            1.6404815912246704,
            0.9438034296035767
        ],
        "max_kv_cache": 0.9692307692307692,
        "parallel_requests_nb": 14
    },
    "18": {
        "speed_generation": [
            0.02806103972340601,
            3.717123192183389,
            3.6371519705226625
        ],
        "time_to_first_token": [
            1.52745121717453,
            3.1753565073013306,
            0.025200486183166504
        ],
        "max_kv_cache": 0.9705128205128205,
        "parallel_requests_nb": 18
    },
    "22": {
        "speed_generation": [
            0.01831946362925141,
            3.7254474714355394,
            0.012967719298079494
        ],
        "time_to_first_token": [
            0.018239378929138184,
            3.7582290172576904,
            0.013777732849121094
        ],
        "max_kv_cache": 0.9705128205128205,
        "parallel_requests_nb": 22
    },
    "26": {
        "speed_generation": [
            1.2076049590029685,
            3.6924809548486426,
            0.02728258147392859
        ],
        "time_to_first_token": [
            0.019482791423797607,
            3.7832674980163574,
            2.117350995540619
        ],
        "max_kv_cache": 0.9717948717948718,
        "parallel_requests_nb": 26
    },
    "30": {
        "speed_generation": [
            0.009981244080062623,
            2.487354722832757,
            1.207899129102663
        ],
        "time_to_first_token": [
            2.1014623641967773,
            5.895488500595093,
            0.0208284854888916
        ],
        "max_kv_cache": 0.9692307692307692,
        "parallel_requests_nb": 30
    },
    "34": {
        "speed_generation": [
            0.010936831185237583,
            2.4829616406481714,
            0.0084260716909208
        ],
        "time_to_first_token": [
            0.021197736263275146,
            5.909152507781982,
            0.022452950477600098
        ],
        "max_kv_cache": 0.9692307692307692,
        "parallel_requests_nb": 34
    },
    "38": {
        "speed_generation": [
            0.5823656237958654,
            2.443059136889919,
            0.03644721263306128
        ],
        "time_to_first_token": [
            0.06584727764129639,
            5.982463002204895,
            2.0788897275924683
        ],
        "max_kv_cache": 0.9705128205128205,
        "parallel_requests_nb": 38
    }
}