{
    "1": {
        "speed_generation": [
            0.1525673386266746,
            37.360778064471845,
            0.18962423904770276
        ],
        "time_to_first_token": [
            0.001227736473083496,
            0.17335093021392822,
            0.0018414855003356934
        ],
        "max_kv_cache": 0.09999999999999998,
        "parallel_requests_nb": 1
    },
    "2": {
        "speed_generation": [
            0.24688244643683532,
            34.775085310127785,
            0.11482912304831672
        ],
        "time_to_first_token": [
            0.14425194263458252,
            0.3181619644165039,
            0.008537530899047852
        ],
        "max_kv_cache": 0.1974358974358974,
        "parallel_requests_nb": 2
    },
    "3": {
        "speed_generation": [
            0.306853371934551,
            32.68316022921457,
            0.16997046245905523
        ],
        "time_to_first_token": [
            0.14014506340026855,
            0.46019506454467773,
            0.01636946201324463
        ],
        "max_kv_cache": 0.2948717948717948,
        "parallel_requests_nb": 3
    },
    "4": {
        "speed_generation": [
            0.22942790520410483,
            30.903884976749453,
            0.12152076930057376
        ],
        "time_to_first_token": [
            0.28057289123535156,
            0.6112680435180664,
            0.009165048599243164
        ],
        "max_kv_cache": 0.39230769230769236,
        "parallel_requests_nb": 4
    },
    "6": {
        "speed_generation": [
            0.17285227547083437,
            26.743235734246202,
            0.1375410856882482
        ],
        "time_to_first_token": [
            0.2901420593261719,
            0.904975175857544,
            0.01583576202392578
        ],
        "max_kv_cache": 0.5858974358974358,
        "parallel_requests_nb": 6
    },
    "8": {
        "speed_generation": [
            0.09714811918658128,
            24.332495344894756,
            0.10432188693977196
        ],
        "time_to_first_token": [
            0.0250699520111084,
            1.197434902191162,
            0.016270875930786133
        ],
        "max_kv_cache": 0.7846153846153846,
        "parallel_requests_nb": 8
    },
    "10": {
        "speed_generation": [
            0.2115201938241391,
            21.915485000570673,
            0.15960088179658527
        ],
        "time_to_first_token": [
            0.5574759244918823,
            1.4966769218444824,
            0.0160067081451416
        ],
        "max_kv_cache": 0.9743589743589743,
        "parallel_requests_nb": 10
    },
    "14": {
        "speed_generation": [
            9.248987909450364,
            20.81142808942212,
            0.30524140322743065
        ],
        "time_to_first_token": [
            0.1346757411956787,
            1.6362628936767578,
            2.3802536725997925
        ],
        "max_kv_cache": 1.0,
        "parallel_requests_nb": 14
    },
    "18": {
        "speed_generation": [
            0.023609156978375623,
            10.585979452346512,
            5.459263462864909
        ],
        "time_to_first_token": [
            5.470426797866821,
            7.166771173477173,
            0.12684476375579834
        ],
        "max_kv_cache": 1.0,
        "parallel_requests_nb": 18
    },
    "22": {
        "speed_generation": [
            0.09220367740438462,
            10.61314090713131,
            0.0187682890293992
        ],
        "time_to_first_token": [
            0.019640564918518066,
            7.568778991699219,
            0.0411839485168457
        ],
        "max_kv_cache": 1.0,
        "parallel_requests_nb": 22
    },
    "26": {
        "speed_generation": [
            2.041731243938446,
            9.12017592955452,
            1.4590381065725104
        ],
        "time_to_first_token": [
            0.5111693143844604,
            8.093721866607666,
            5.46224308013916
        ],
        "max_kv_cache": 1.0,
        "parallel_requests_nb": 26
    },
    "30": {
        "speed_generation": [
            0.051846714529409255,
            7.069883042075419,
            0.3998426160734665
        ],
        "time_to_first_token": [
            2.1283485889434814,
            13.547696113586426,
            0.13907289505004883
        ],
        "max_kv_cache": 1.0,
        "parallel_requests_nb": 30
    },
    "34": {
        "speed_generation": [
            0.8773388549135044,
            6.993979796894453,
            0.06730203933950119
        ],
        "time_to_first_token": [
            0.1058969497680664,
            13.709053993225098,
            0.6687129735946655
        ],
        "max_kv_cache": 1.0,
        "parallel_requests_nb": 34
    },
    "38": {
        "speed_generation": [
            0.13510159990221293,
            5.446581620722276,
            1.5796651122619219
        ],
        "time_to_first_token": [
            4.32072651386261,
            17.99517297744751,
            1.6191059350967407
        ],
        "max_kv_cache": 1.0,
        "parallel_requests_nb": 38
    }
}