{
    "1": {
        "speed_generation": [
            0.10533531383811123,
            41.64642639052048,
            0.05244002395478731
        ],
        "time_to_first_token": [
            0.0008465051651000977,
            0.03111553192138672,
            0.0015372633934020996
        ],
        "max_kv_cache": 0.01666666666666672,
        "parallel_requests_nb": 1
    },
    "2": {
        "speed_generation": [
            0.09906781303453727,
            41.436514223126686,
            0.1086271850366316
        ],
        "time_to_first_token": [
            0.0017979145050048828,
            0.03381204605102539,
            0.01578998565673828
        ],
        "max_kv_cache": 0.033333333333333326,
        "parallel_requests_nb": 2
    },
    "3": {
        "speed_generation": [
            0.1162437662001281,
            40.872632068539204,
            0.09022596343871925
        ],
        "time_to_first_token": [
            0.011915206909179688,
            0.04627346992492676,
            0.006170511245727539
        ],
        "max_kv_cache": 0.050000000000000044,
        "parallel_requests_nb": 3
    },
    "4": {
        "speed_generation": [
            0.09511836355248704,
            40.47573149015155,
            0.09909983818727852
        ],
        "time_to_first_token": [
            0.014292240142822266,
            0.055329084396362305,
            0.006310939788818359
        ],
        "max_kv_cache": 0.0641025641025641,
        "parallel_requests_nb": 4
    },
    "6": {
        "speed_generation": [
            0.10156671013736229,
            39.31912719551622,
            0.10064545827233218
        ],
        "time_to_first_token": [
            0.01692795753479004,
            0.0654759407043457,
            0.008527159690856934
        ],
        "max_kv_cache": 0.09487179487179487,
        "parallel_requests_nb": 6
    },
    "8": {
        "speed_generation": [
            0.10708613645073939,
            38.64002709050886,
            0.11455813066989151
        ],
        "time_to_first_token": [
            0.01758885383605957,
            0.07915401458740234,
            0.006819009780883789
        ],
        "max_kv_cache": 0.1282051282051282,
        "parallel_requests_nb": 8
    },
    "10": {
        "speed_generation": [
            0.10928493364566094,
            36.7346995860434,
            0.1010822825813662
        ],
        "time_to_first_token": [
            0.017455458641052246,
            0.09775090217590332,
            0.008337140083312988
        ],
        "max_kv_cache": 0.15512820512820513,
        "parallel_requests_nb": 10
    },
    "14": {
        "speed_generation": [
            0.14676929624210544,
            35.57345573046069,
            0.12934072417549913
        ],
        "time_to_first_token": [
            0.025787770748138428,
            0.12585759162902832,
            0.012668430805206299
        ],
        "max_kv_cache": 0.2153846153846154,
        "parallel_requests_nb": 14
    },
    "18": {
        "speed_generation": [
            0.10705778064074423,
            33.0838259484827,
            0.09130749485858303
        ],
        "time_to_first_token": [
            0.008436322212219238,
            0.16077494621276855,
            0.009119212627410889
        ],
        "max_kv_cache": 0.2794871794871795,
        "parallel_requests_nb": 18
    },
    "22": {
        "speed_generation": [
            0.13459809483303786,
            32.04289265180743,
            0.08953195217303289
        ],
        "time_to_first_token": [
            0.007932543754577637,
            0.19524991512298584,
            0.009650707244873047
        ],
        "max_kv_cache": 0.3358974358974359,
        "parallel_requests_nb": 22
    },
    "26": {
        "speed_generation": [
            0.1434922707823496,
            30.57446153232928,
            0.09913680099309019
        ],
        "time_to_first_token": [
            0.008829057216644287,
            0.23584556579589844,
            0.00957489013671875
        ],
        "max_kv_cache": 0.39743589743589747,
        "parallel_requests_nb": 26
    },
    "30": {
        "speed_generation": [
            0.1211729229192855,
            29.85987606620465,
            0.12844926968149295
        ],
        "time_to_first_token": [
            0.012214183807373047,
            0.26236164569854736,
            0.010787010192871094
        ],
        "max_kv_cache": 0.45769230769230773,
        "parallel_requests_nb": 30
    },
    "34": {
        "speed_generation": [
            0.13319646645526362,
            29.080569105763356,
            0.09823893395777716
        ],
        "time_to_first_token": [
            0.021254539489746094,
            0.30190205574035645,
            0.012248814105987549
        ],
        "max_kv_cache": 0.5179487179487179,
        "parallel_requests_nb": 34
    },
    "38": {
        "speed_generation": [
            0.3189050417439283,
            28.446489646165773,
            0.0856212279248183
        ],
        "time_to_first_token": [
            0.013677835464477539,
            0.3284095525741577,
            0.008182406425476074
        ],
        "max_kv_cache": 0.5769230769230769,
        "parallel_requests_nb": 38
    }
}