{
    "1": {
        "speed_generation": [
            0.17256573841656575,
            41.274140953177564,
            0.11481730289280279
        ],
        "time_to_first_token": [
            0.0011664628982543945,
            0.030750036239624023,
            0.001611948013305664
        ],
        "max_kv_cache": 0.008974358974358942,
        "parallel_requests_nb": 1
    },
    "2": {
        "speed_generation": [
            0.4130460645206355,
            38.989013065785954,
            0.9393421341759876
        ],
        "time_to_first_token": [
            0.0022751688957214355,
            0.03374803066253662,
            0.014814555644989014
        ],
        "max_kv_cache": 0.01538461538461533,
        "parallel_requests_nb": 2
    },
    "3": {
        "speed_generation": [
            0.437278655426077,
            38.2510596876925,
            0.6558943971344391
        ],
        "time_to_first_token": [
            0.010940372943878174,
            0.04469406604766846,
            0.00688093900680542
        ],
        "max_kv_cache": 0.02179487179487183,
        "parallel_requests_nb": 3
    },
    "4": {
        "speed_generation": [
            0.5836442896873137,
            37.24276969734898,
            0.4671598468415681
        ],
        "time_to_first_token": [
            0.012572109699249268,
            0.05330944061279297,
            0.0070149898529052734
        ],
        "max_kv_cache": 0.029487179487179493,
        "parallel_requests_nb": 4
    },
    "6": {
        "speed_generation": [
            0.5015645399622528,
            35.618204177381564,
            0.6982779179348242
        ],
        "time_to_first_token": [
            0.015931785106658936,
            0.06406605243682861,
            0.009498000144958496
        ],
        "max_kv_cache": 0.043589743589743546,
        "parallel_requests_nb": 6
    },
    "8": {
        "speed_generation": [
            0.5109729461782848,
            34.18237942569351,
            0.6250825848487906
        ],
        "time_to_first_token": [
            0.019367098808288574,
            0.08029210567474365,
            0.009740591049194336
        ],
        "max_kv_cache": 0.05384615384615388,
        "parallel_requests_nb": 8
    },
    "10": {
        "speed_generation": [
            0.4627457228401717,
            31.924381193187273,
            0.6342057437524531
        ],
        "time_to_first_token": [
            0.021083474159240723,
            0.09447300434112549,
            0.009860575199127197
        ],
        "max_kv_cache": 0.06538461538461537,
        "parallel_requests_nb": 10
    },
    "14": {
        "speed_generation": [
            0.5447356744435154,
            29.492159801523556,
            0.530711831480204
        ],
        "time_to_first_token": [
            0.01618403196334839,
            0.12812793254852295,
            0.0137442946434021
        ],
        "max_kv_cache": 0.09102564102564104,
        "parallel_requests_nb": 14
    },
    "18": {
        "speed_generation": [
            0.395783468289558,
            26.729815582198235,
            0.36121477031960225
        ],
        "time_to_first_token": [
            0.009240567684173584,
            0.1612710952758789,
            0.00751042366027832
        ],
        "max_kv_cache": 0.11538461538461542,
        "parallel_requests_nb": 18
    },
    "22": {
        "speed_generation": [
            0.3538038065296689,
            24.92122684014462,
            0.35160469864735333
        ],
        "time_to_first_token": [
            0.010175764560699463,
            0.1980670690536499,
            0.008255302906036377
        ],
        "max_kv_cache": 0.1384615384615384,
        "parallel_requests_nb": 22
    },
    "26": {
        "speed_generation": [
            0.2782992972661802,
            23.15828932866318,
            0.3109048276383106
        ],
        "time_to_first_token": [
            0.012396693229675293,
            0.23182463645935059,
            0.01013857126235962
        ],
        "max_kv_cache": 0.16153846153846152,
        "parallel_requests_nb": 26
    },
    "30": {
        "speed_generation": [
            0.39994751605361145,
            21.68243289571954,
            0.3103698793525389
        ],
        "time_to_first_token": [
            0.012529194355010986,
            0.26746058464050293,
            0.00987023115158081
        ],
        "max_kv_cache": 0.18461538461538463,
        "parallel_requests_nb": 30
    },
    "34": {
        "speed_generation": [
            0.21006893324121023,
            20.398925362317794,
            0.2004334261636984
        ],
        "time_to_first_token": [
            0.008996009826660156,
            0.3049110174179077,
            0.007415056228637695
        ],
        "max_kv_cache": 0.21666666666666667,
        "parallel_requests_nb": 34
    },
    "38": {
        "speed_generation": [
            0.23613373699635787,
            19.642410190143867,
            0.23844309758677085
        ],
        "time_to_first_token": [
            0.00841599702835083,
            0.32616353034973145,
            0.008887052536010742
        ],
        "max_kv_cache": 0.23589743589743595,
        "parallel_requests_nb": 38
    }
}