{
    "1": {
        "speed_generation": [
            0.07590747892072613,
            15.15099870499777,
            0.04749986082056168
        ],
        "time_to_first_token": [
            0.0025125741958618164,
            0.6438119411468506,
            0.004269003868103027
        ],
        "max_kv_cache": 0.3487179487179487,
        "parallel_requests_nb": 1
    },
    "2": {
        "speed_generation": [
            0.046978092015397266,
            9.21398907950128,
            0.16735773061905945
        ],
        "time_to_first_token": [
            0.5916011333465576,
            1.2434279918670654,
            0.029124975204467773
        ],
        "max_kv_cache": 0.6923076923076923,
        "parallel_requests_nb": 2
    },
    "3": {
        "speed_generation": [
            4.256893084488534,
            8.899107528127942,
            0.3878781968511227
        ],
        "time_to_first_token": [
            0.05319094657897949,
            1.3155100345611572,
            1.0350358486175537
        ],
        "max_kv_cache": 0.691025641025641,
        "parallel_requests_nb": 3
    },
    "4": {
        "speed_generation": [
            0.023039450245784465,
            4.7300591791250906,
            0.02321434797903521
        ],
        "time_to_first_token": [
            0.013652443885803223,
            2.9170554876327515,
            0.017187416553497314
        ],
        "max_kv_cache": 0.9935897435897436,
        "parallel_requests_nb": 4
    },
    "6": {
        "speed_generation": [
            0.011393874035485752,
            3.1544603842471357,
            0.0113750733988498
        ],
        "time_to_first_token": [
            0.017361879348754883,
            4.61069393157959,
            0.01804518699645996
        ],
        "max_kv_cache": 0.6923076923076923,
        "parallel_requests_nb": 6
    },
    "8": {
        "speed_generation": [
            0.008573014734390316,
            2.362708886840383,
            0.008802192378333018
        ],
        "time_to_first_token": [
            0.023643016815185547,
            6.3093671798706055,
            0.02366471290588379
        ],
        "max_kv_cache": 0.9948717948717949,
        "parallel_requests_nb": 8
    },
    "10": {
        "speed_generation": [
            0.006957083225298755,
            1.8916109189449763,
            0.00479592697091058
        ],
        "time_to_first_token": [
            0.02115684747695923,
            7.9977675676345825,
            0.027021408081054688
        ],
        "max_kv_cache": 0.9948717948717949,
        "parallel_requests_nb": 10
    },
    "14": {
        "speed_generation": [
            0.003868684732901695,
            1.3483154185277595,
            0.0040897572236695545
        ],
        "time_to_first_token": [
            0.03398466110229492,
            11.404125928878784,
            0.031317949295043945
        ],
        "max_kv_cache": 0.9935897435897436,
        "parallel_requests_nb": 14
    },
    "18": {
        "speed_generation": [
            0.00288587624287584,
            1.0488896263886336,
            0.0023549992537168496
        ],
        "time_to_first_token": [
            0.033926308155059814,
            14.79074490070343,
            0.04097127914428711
        ],
        "max_kv_cache": 0.9923076923076923,
        "parallel_requests_nb": 18
    },
    "22": {
        "speed_generation": [
            0.002524164517567651,
            0.8581528154480761,
            0.0019256361589399251
        ],
        "time_to_first_token": [
            0.041207075119018555,
            18.183846950531006,
            0.04933023452758789
        ],
        "max_kv_cache": 0.9948717948717949,
        "parallel_requests_nb": 22
    },
    "26": {
        "speed_generation": [
            0.0018998701815510222,
            0.7256366479980296,
            0.001724986775296422
        ],
        "time_to_first_token": [
            0.05553698539733887,
            21.589488983154297,
            0.05419206619262695
        ],
        "max_kv_cache": 0.9935897435897436,
        "parallel_requests_nb": 26
    },
    "30": {
        "speed_generation": [
            0.0018105716187694076,
            0.6285621666756687,
            0.0016685113312413513
        ],
        "time_to_first_token": [
            0.06435590982437134,
            24.98987090587616,
            0.07106155157089233
        ],
        "max_kv_cache": 0.9935897435897436,
        "parallel_requests_nb": 30
    },
    "34": {
        "speed_generation": [
            0.0014592526943398854,
            0.5543892096975748,
            0.0012244949957124218
        ],
        "time_to_first_token": [
            0.060911595821380615,
            28.398068070411682,
            0.0648881196975708
        ],
        "max_kv_cache": 0.9923076923076923,
        "parallel_requests_nb": 34
    },
    "38": {
        "speed_generation": [
            0.0014686615441903417,
            0.49623433766671826,
            0.0017743434000811464
        ],
        "time_to_first_token": [
            0.1111457347869873,
            31.77847981452942,
            0.08472013473510742
        ],
        "max_kv_cache": 0.9948717948717949,
        "parallel_requests_nb": 38
    }
}