{
    "1": {
        "speed_generation": [
            0.2120889720533654,
            38.550625785076306,
            0.2801987514200164
        ],
        "time_to_first_token": [
            0.001077115535736084,
            0.17277741432189941,
            0.0011650919914245605
        ],
        "max_kv_cache": 0.17179487179487174,
        "parallel_requests_nb": 1
    },
    "2": {
        "speed_generation": [
            0.07159969319930326,
            37.04027556210009,
            0.055192683621108074
        ],
        "time_to_first_token": [
            0.14463132619857788,
            0.3176450729370117,
            0.012537837028503418
        ],
        "max_kv_cache": 0.33974358974358976,
        "parallel_requests_nb": 2
    },
    "3": {
        "speed_generation": [
            0.11390774060605935,
            35.57085424897452,
            0.08857053343889731
        ],
        "time_to_first_token": [
            0.13738280534744263,
            0.46044301986694336,
            0.01385200023651123
        ],
        "max_kv_cache": 0.5102564102564102,
        "parallel_requests_nb": 3
    },
    "4": {
        "speed_generation": [
            0.047547176832452465,
            34.399264284073304,
            0.0879675281113137
        ],
        "time_to_first_token": [
            0.28847217559814453,
            0.6114554405212402,
            0.01169133186340332
        ],
        "max_kv_cache": 0.6782051282051282,
        "parallel_requests_nb": 4
    },
    "6": {
        "speed_generation": [
            0.08555149990277044,
            29.896939043846704,
            0.17144549626540595
        ],
        "time_to_first_token": [
            0.2513248920440674,
            1.0097448825836182,
            0.013791084289550781
        ],
        "max_kv_cache": 0.9987179487179487,
        "parallel_requests_nb": 6
    },
    "8": {
        "speed_generation": [
            4.749136615102586,
            28.131582319022314,
            0.5388785102621831
        ],
        "time_to_first_token": [
            0.05235785245895386,
            1.1024105548858643,
            0.2981142997741699
        ],
        "max_kv_cache": 1.0,
        "parallel_requests_nb": 8
    },
    "10": {
        "speed_generation": [
            5.872571009480687,
            23.294962860861062,
            4.3446895511335235
        ],
        "time_to_first_token": [
            0.27887213230133057,
            1.4902310371398926,
            2.987368941307068
        ],
        "max_kv_cache": 1.0,
        "parallel_requests_nb": 10
    },
    "14": {
        "speed_generation": [
            0.6128091185151803,
            14.586813387356456,
            1.8590671278106239
        ],
        "time_to_first_token": [
            25.214977085590363,
            31.604437589645386,
            6.151285409927368
        ],
        "max_kv_cache": 1.0,
        "parallel_requests_nb": 14
    },
    "18": {
        "speed_generation": [
            2.2259291714717744,
            12.573558032791173,
            1.1414657300560336
        ],
        "time_to_first_token": [
            0.6778363585472107,
            38.59410309791565,
            8.281296730041504
        ],
        "max_kv_cache": 1.0,
        "parallel_requests_nb": 18
    },
    "22": {
        "speed_generation": [
            0.15372083994540908,
            9.34431486141587,
            0.27798795310610913
        ],
        "time_to_first_token": [
            28.304329097270966,
            72.30207300186157,
            2.7812082767486572
        ],
        "max_kv_cache": 1.0,
        "parallel_requests_nb": 22
    }
}