{
    "1": {
        "speed_generation": [
            0.04230793041877945,
            40.826134778607226,
            0.019303350461036928
        ],
        "time_to_first_token": [
            0.0014569759368896484,
            0.03148198127746582,
            0.0007919669151306152
        ],
        "max_kv_cache": 0.08846153846153848,
        "parallel_requests_nb": 1
    },
    "2": {
        "speed_generation": [
            0.05270500627739949,
            40.18709547452236,
            0.03684415034744859
        ],
        "time_to_first_token": [
            0.004322350025177002,
            0.03677082061767578,
            0.013364315032958984
        ],
        "max_kv_cache": 0.17564102564102568,
        "parallel_requests_nb": 2
    },
    "3": {
        "speed_generation": [
            0.036967538495090935,
            39.37860777554151,
            0.05365425094517917
        ],
        "time_to_first_token": [
            0.004041612148284912,
            0.0406649112701416,
            0.005519092082977295
        ],
        "max_kv_cache": 0.2628205128205128,
        "parallel_requests_nb": 3
    },
    "4": {
        "speed_generation": [
            0.03134493034750108,
            38.823279196123494,
            0.025290601746910113
        ],
        "time_to_first_token": [
            0.01142728328704834,
            0.05463850498199463,
            0.005493044853210449
        ],
        "max_kv_cache": 0.35,
        "parallel_requests_nb": 4
    },
    "6": {
        "speed_generation": [
            0.1250769850393283,
            36.792390600655644,
            0.05939587687173997
        ],
        "time_to_first_token": [
            0.00687098503112793,
            0.06464314460754395,
            0.009831905364990234
        ],
        "max_kv_cache": 0.5269230769230769,
        "parallel_requests_nb": 6
    },
    "8": {
        "speed_generation": [
            0.07899032642632875,
            35.670077524416975,
            0.02018023325200602
        ],
        "time_to_first_token": [
            0.008148908615112305,
            0.07999801635742188,
            0.009295940399169922
        ],
        "max_kv_cache": 0.6987179487179487,
        "parallel_requests_nb": 8
    },
    "10": {
        "speed_generation": [
            0.08637147886191343,
            33.557877188000994,
            0.08949608609836446
        ],
        "time_to_first_token": [
            0.01849842071533203,
            0.09123802185058594,
            0.013575553894042969
        ],
        "max_kv_cache": 0.8705128205128205,
        "parallel_requests_nb": 10
    },
    "14": {
        "speed_generation": [
            0.21548889456936138,
            30.77351536585647,
            0.13699122398627495
        ],
        "time_to_first_token": [
            0.13749730587005615,
            0.28889894485473633,
            0.07100564241409302
        ],
        "max_kv_cache": 0.9987179487179487,
        "parallel_requests_nb": 14
    },
    "18": {
        "speed_generation": [
            3.4842048988161736,
            27.983971310731437,
            0.5003542225570605
        ],
        "time_to_first_token": [
            0.3985600471496582,
            0.5417120456695557,
            0.06502199172973633
        ],
        "max_kv_cache": 1.0,
        "parallel_requests_nb": 18
    },
    "22": {
        "speed_generation": [
            4.197172343056291,
            24.789576645269776,
            2.3139954893456576
        ],
        "time_to_first_token": [
            0.37028276920318604,
            0.4342895746231079,
            0.42550528049468994
        ],
        "max_kv_cache": 1.0,
        "parallel_requests_nb": 22
    },
    "26": {
        "speed_generation": [
            2.545001360676949,
            20.246783366509874,
            4.098533941011755
        ],
        "time_to_first_token": [
            0.5806834697723389,
            0.711808443069458,
            0.9746811985969543
        ],
        "max_kv_cache": 1.0,
        "parallel_requests_nb": 26
    },
    "30": {
        "speed_generation": [
            1.7758246272217235,
            17.984378335981027,
            1.642871782579661
        ],
        "time_to_first_token": [
            0.7769970893859863,
            0.9407000541687012,
            6.2404539585113525
        ],
        "max_kv_cache": 1.0,
        "parallel_requests_nb": 30
    }
}