{
    "1": {
        "speed_generation": [
            1.4776670353417956,
            108.68272274684959,
            1.7091313855587345
        ],
        "time_to_first_token": [
            0.0016059279441833496,
            0.03869748115539551,
            0.0011259913444519043
        ],
        "max_kv_cache": 0.0006805366517597111,
        "parallel_requests_nb": 1
    },
    "2": {
        "speed_generation": [
            1.7565132055607222,
            88.37631492288945,
            2.149432673740236
        ],
        "time_to_first_token": [
            0.002264261245727539,
            0.06199347972869873,
            0.0015586018562316895
        ],
        "max_kv_cache": 0.0012638537818393525,
        "parallel_requests_nb": 2
    },
    "3": {
        "speed_generation": [
            1.9011605804483196,
            85.84429571379881,
            2.229153880497364
        ],
        "time_to_first_token": [
            0.0032190680503845215,
            0.06351101398468018,
            0.0020412206649780273
        ],
        "max_kv_cache": 0.0017499513902391461,
        "parallel_requests_nb": 3
    },
    "4": {
        "speed_generation": [
            1.981598448676067,
            84.43178273842591,
            2.2694595850994403
        ],
        "time_to_first_token": [
            0.003450453281402588,
            0.06531500816345215,
            0.002372562885284424
        ],
        "max_kv_cache": 0.00223604899863894,
        "parallel_requests_nb": 4
    },
    "6": {
        "speed_generation": [
            2.3333788817462136,
            80.72615835511886,
            2.2049464409952577
        ],
        "time_to_first_token": [
            0.004494428634643555,
            0.06822943687438965,
            0.0027765631675720215
        ],
        "max_kv_cache": 0.003208244215438416,
        "parallel_requests_nb": 6
    },
    "8": {
        "speed_generation": [
            1.9124274197196058,
            77.24281198716183,
            2.183505375435402
        ],
        "time_to_first_token": [
            0.0049245357513427734,
            0.07354843616485596,
            0.0035001635551452637
        ],
        "max_kv_cache": 0.004180439432238003,
        "parallel_requests_nb": 8
    },
    "10": {
        "speed_generation": [
            1.9201807727076812,
            72.13606245851086,
            2.2523183060562246
        ],
        "time_to_first_token": [
            0.005190253257751465,
            0.07576155662536621,
            0.0033899545669555664
        ],
        "max_kv_cache": 0.005249854170717438,
        "parallel_requests_nb": 10
    },
    "14": {
        "speed_generation": [
            2.0340364614909276,
            66.65292469380461,
            1.5439697526873744
        ],
        "time_to_first_token": [
            0.005453348159790039,
            0.08303952217102051,
            0.004277229309082031
        ],
        "max_kv_cache": 0.007097025082636543,
        "parallel_requests_nb": 14
    },
    "18": {
        "speed_generation": [
            1.6382964993941798,
            64.28544717775007,
            2.1380062402411824
        ],
        "time_to_first_token": [
            0.006484329700469971,
            0.08899140357971191,
            0.004853606224060059
        ],
        "max_kv_cache": 0.00894419599455576,
        "parallel_requests_nb": 18
    },
    "22": {
        "speed_generation": [
            1.5492999771908416,
            60.92337477956852,
            1.5427711653823124
        ],
        "time_to_first_token": [
            0.005982756614685059,
            0.09833395481109619,
            0.005721867084503174
        ],
        "max_kv_cache": 0.010888586428154823,
        "parallel_requests_nb": 22
    },
    "26": {
        "speed_generation": [
            1.584661501649002,
            59.63594359795137,
            1.52100401973739
        ],
        "time_to_first_token": [
            0.006367027759552002,
            0.10570454597473145,
            0.0050054192543029785
        ],
        "max_kv_cache": 0.01254131829671401,
        "parallel_requests_nb": 26
    },
    "30": {
        "speed_generation": [
            1.4979450805681296,
            57.47609961131431,
            1.2315397592382027
        ],
        "time_to_first_token": [
            0.0051201581954956055,
            0.11519503593444824,
            0.005942881107330322
        ],
        "max_kv_cache": 0.014291269686953156,
        "parallel_requests_nb": 30
    },
    "34": {
        "speed_generation": [
            1.481698777124329,
            55.17137785986606,
            1.3729193460971132
        ],
        "time_to_first_token": [
            0.005962789058685303,
            0.1241689920425415,
            0.005383491516113281
        ],
        "max_kv_cache": 0.016527318685592096,
        "parallel_requests_nb": 34
    },
    "38": {
        "speed_generation": [
            1.2830064393208218,
            53.6554344943433,
            1.2944720984667981
        ],
        "time_to_first_token": [
            0.006136476993560791,
            0.13306450843811035,
            0.007050514221191406
        ],
        "max_kv_cache": 0.01779117246743145,
        "parallel_requests_nb": 38
    }
}