{
    "1": {
        "speed_generation": [
            0.5727518579115696,
            120.03530203227537,
            0.4500615860052761
        ],
        "time_to_first_token": [
            0.0008029937744140625,
            0.04307699203491211,
            0.0020127296447753906
        ],
        "max_kv_cache": 0.007583122691036337,
        "parallel_requests_nb": 1
    },
    "2": {
        "speed_generation": [
            0.8522598155852847,
            111.65942549995206,
            0.8102165259602998
        ],
        "time_to_first_token": [
            0.0019729137420654297,
            0.07022595405578613,
            0.0022430419921875
        ],
        "max_kv_cache": 0.015166245382072674,
        "parallel_requests_nb": 2
    },
    "3": {
        "speed_generation": [
            0.45555663313456307,
            104.61500352795169,
            0.6475489125601825
        ],
        "time_to_first_token": [
            0.011568069458007812,
            0.09253501892089844,
            0.006516933441162109
        ],
        "max_kv_cache": 0.022554929029749204,
        "parallel_requests_nb": 3
    },
    "4": {
        "speed_generation": [
            0.6991367445468484,
            100.72609872255352,
            0.6280716451220911
        ],
        "time_to_first_token": [
            0.01330709457397461,
            0.1172630786895752,
            0.006803035736083984
        ],
        "max_kv_cache": 0.029943612677425624,
        "parallel_requests_nb": 4
    },
    "6": {
        "speed_generation": [
            0.8141941891877309,
            89.83194607000482,
            0.7049458809727724
        ],
        "time_to_first_token": [
            0.008876562118530273,
            0.1716400384902954,
            0.006642341613769531
        ],
        "max_kv_cache": 0.044526540929418656,
        "parallel_requests_nb": 6
    },
    "8": {
        "speed_generation": [
            0.4621661258650249,
            80.2305085091756,
            0.4460045545718714
        ],
        "time_to_first_token": [
            0.007779896259307861,
            0.22409594058990479,
            0.006020724773406982
        ],
        "max_kv_cache": 0.05891503013805177,
        "parallel_requests_nb": 8
    },
    "10": {
        "speed_generation": [
            0.42554183215925434,
            77.24686855536788,
            0.38141930839017846
        ],
        "time_to_first_token": [
            0.00818014144897461,
            0.27810001373291016,
            0.007360100746154785
        ],
        "max_kv_cache": 0.07388683647676453,
        "parallel_requests_nb": 10
    },
    "14": {
        "speed_generation": [
            0.37244356426492686,
            72.6969071516801,
            0.3576976447494786
        ],
        "time_to_first_token": [
            0.009402811527252197,
            0.3806135654449463,
            0.008064091205596924
        ],
        "max_kv_cache": 0.10305269298075048,
        "parallel_requests_nb": 14
    },
    "18": {
        "speed_generation": [
            0.6531337691861978,
            68.12559601622057,
            0.5058348337806393
        ],
        "time_to_first_token": [
            0.033698081970214844,
            0.4826275110244751,
            0.013566553592681885
        ],
        "max_kv_cache": 0.13202411044137663,
        "parallel_requests_nb": 18
    },
    "22": {
        "speed_generation": [
            0.581566158385364,
            61.35095774793864,
            0.49497958112610263
        ],
        "time_to_first_token": [
            0.02034837007522583,
            0.5798441171646118,
            0.011359095573425293
        ],
        "max_kv_cache": 0.16109274742368263,
        "parallel_requests_nb": 22
    },
    "26": {
        "speed_generation": [
            0.3776663876648527,
            51.34195008037378,
            0.6408587848740055
        ],
        "time_to_first_token": [
            0.0732874870300293,
            0.6883299350738525,
            0.03386855125427246
        ],
        "max_kv_cache": 0.19074470153606848,
        "parallel_requests_nb": 26
    },
    "30": {
        "speed_generation": [
            0.4863841214534119,
            48.22158231687115,
            0.3658321725271634
        ],
        "time_to_first_token": [
            0.06431353092193604,
            0.8111950159072876,
            0.019365966320037842
        ],
        "max_kv_cache": 0.21971611899669452,
        "parallel_requests_nb": 30
    },
    "34": {
        "speed_generation": [
            0.4650121799258429,
            45.779443192393416,
            0.2702983735912099
        ],
        "time_to_first_token": [
            0.0685155987739563,
            0.9229035377502441,
            0.01871424913406372
        ],
        "max_kv_cache": 0.24936807310908027,
        "parallel_requests_nb": 34
    },
    "38": {
        "speed_generation": [
            0.2637748079471294,
            42.685738060904285,
            0.2607318679325772
        ],
        "time_to_first_token": [
            0.11822843551635742,
            1.042622447013855,
            0.018078744411468506
        ],
        "max_kv_cache": 0.2784367100913864,
        "parallel_requests_nb": 38
    }
}