{
    "1": {
        "speed_generation": [
            0.3633134820343713,
            108.71401743649433,
            0.4186856885819026
        ],
        "time_to_first_token": [
            0.0012052059173583984,
            0.12943220138549805,
            0.0036439895629882812
        ],
        "max_kv_cache": 0.027027027027026973,
        "parallel_requests_nb": 1
    },
    "2": {
        "speed_generation": [
            0.5189839776897998,
            91.77343298073833,
            0.5061609804219529
        ],
        "time_to_first_token": [
            0.0635371208190918,
            0.22775602340698242,
            0.013938546180725098
        ],
        "max_kv_cache": 0.05376239548901418,
        "parallel_requests_nb": 2
    },
    "3": {
        "speed_generation": [
            0.7387331865133575,
            79.76283379979212,
            0.5353260678150491
        ],
        "time_to_first_token": [
            0.16395574808120728,
            0.34407103061676025,
            0.010847032070159912
        ],
        "max_kv_cache": 0.08059498347268135,
        "parallel_requests_nb": 3
    },
    "4": {
        "speed_generation": [
            0.34731385071468424,
            69.61284680103923,
            0.3743819560537389
        ],
        "time_to_first_token": [
            0.1652698516845703,
            0.4567279815673828,
            0.011320114135742188
        ],
        "max_kv_cache": 0.10694147384794872,
        "parallel_requests_nb": 4
    },
    "6": {
        "speed_generation": [
            0.41906540808047765,
            61.22620436496125,
            0.4196289994703335
        ],
        "time_to_first_token": [
            0.04611086845397949,
            0.6735899448394775,
            0.014633893966674805
        ],
        "max_kv_cache": 0.16031499125024307,
        "parallel_requests_nb": 6
    },
    "8": {
        "speed_generation": [
            0.2893431089938332,
            50.818898005990874,
            0.43424302998010944
        ],
        "time_to_first_token": [
            0.05855894088745117,
            0.8871269226074219,
            0.024332046508789062
        ],
        "max_kv_cache": 0.21291075247909785,
        "parallel_requests_nb": 8
    },
    "10": {
        "speed_generation": [
            0.3220104724584445,
            44.23348255640599,
            0.29603271279195553
        ],
        "time_to_first_token": [
            0.05319315195083618,
            1.1441874504089355,
            0.02937018871307373
        ],
        "max_kv_cache": 0.2656037332296325,
        "parallel_requests_nb": 10
    },
    "14": {
        "speed_generation": [
            0.13986544436626502,
            34.73879925230858,
            0.32614860699239756
        ],
        "time_to_first_token": [
            0.05508005619049072,
            1.6499061584472656,
            0.012892842292785645
        ],
        "max_kv_cache": 0.3713785728174217,
        "parallel_requests_nb": 14
    },
    "18": {
        "speed_generation": [
            0.0926520598070546,
            27.91646322126931,
            0.09966338918930262
        ],
        "time_to_first_token": [
            0.010816991329193115,
            2.1157115697860718,
            0.011424839496612549
        ],
        "max_kv_cache": 0.47686175384017115,
        "parallel_requests_nb": 18
    },
    "22": {
        "speed_generation": [
            0.1942314692931113,
            24.217444099756875,
            0.2266672381795658
        ],
        "time_to_first_token": [
            0.9096367955207825,
            2.495625376701355,
            0.06932032108306885
        ],
        "max_kv_cache": 0.5828310324713202,
        "parallel_requests_nb": 22
    },
    "26": {
        "speed_generation": [
            0.06611610614450569,
            19.127221728608284,
            0.1077055467549144
        ],
        "time_to_first_token": [
            0.37968647480010986,
            2.7682005167007446,
            0.2557467222213745
        ],
        "max_kv_cache": 0.6897725063192689,
        "parallel_requests_nb": 26
    },
    "30": {
        "speed_generation": [
            0.1005422093082089,
            17.5910087796518,
            0.07622358828840703
        ],
        "time_to_first_token": [
            0.5143438577651978,
            2.8522965908050537,
            0.6610146760940552
        ],
        "max_kv_cache": 0.7932140773867393,
        "parallel_requests_nb": 30
    },
    "34": {
        "speed_generation": [
            0.06901125654363582,
            16.122830854612815,
            0.04458471249365914
        ],
        "time_to_first_token": [
            0.4824187755584717,
            3.3630006313323975,
            0.6116182804107666
        ],
        "max_kv_cache": 0.8997666731479681,
        "parallel_requests_nb": 34
    },
    "38": {
        "speed_generation": [
            0.12591495207438008,
            14.797372222496502,
            0.12305874010504425
        ],
        "time_to_first_token": [
            0.7871325016021729,
            3.625625491142273,
            0.6632161140441895
        ],
        "max_kv_cache": 0.99990278047832,
        "parallel_requests_nb": 38
    }
}