{
    "1": {
        "speed_generation": [
            0.31191778936756975,
            89.94359867266948,
            0.48004970288417326
        ],
        "time_to_first_token": [
            0.0018115043640136719,
            0.059246063232421875,
            0.0031774044036865234
        ],
        "max_kv_cache": 0.008800267349894142,
        "parallel_requests_nb": 1
    },
    "2": {
        "speed_generation": [
            1.8084348816196183,
            83.41936170553281,
            0.5805842095938232
        ],
        "time_to_first_token": [
            0.04123258590698242,
            0.10343408584594727,
            0.0050508975982666016
        ],
        "max_kv_cache": 0.01737774312131002,
        "parallel_requests_nb": 2
    },
    "3": {
        "speed_generation": [
            1.0953705221381114,
            76.13400821962838,
            0.4228528388956505
        ],
        "time_to_first_token": [
            0.03866982460021973,
            0.14692091941833496,
            0.009385108947753906
        ],
        "max_kv_cache": 0.02573242731424752,
        "parallel_requests_nb": 3
    },
    "4": {
        "speed_generation": [
            0.8717823541197589,
            71.7491985745606,
            0.5445553860563592
        ],
        "time_to_first_token": [
            0.08302879333496094,
            0.19808197021484375,
            0.00711822509765625
        ],
        "max_kv_cache": 0.03397571571794589,
        "parallel_requests_nb": 4
    },
    "6": {
        "speed_generation": [
            0.32944606038887514,
            61.73158036348751,
            0.30436413623720426
        ],
        "time_to_first_token": [
            0.08461201190948486,
            0.2964019775390625,
            0.010637998580932617
        ],
        "max_kv_cache": 0.0510192714715384,
        "parallel_requests_nb": 6
    },
    "8": {
        "speed_generation": [
            0.46163683114920673,
            55.056712381801134,
            0.45913466507999345
        ],
        "time_to_first_token": [
            0.037433624267578125,
            0.400473952293396,
            0.010658502578735352
        ],
        "max_kv_cache": 0.06761724406817426,
        "parallel_requests_nb": 8
    },
    "10": {
        "speed_generation": [
            0.3019685298640624,
            49.506121057573736,
            0.24994719547741084
        ],
        "time_to_first_token": [
            0.015211522579193115,
            0.5056594610214233,
            0.0072470903396606445
        ],
        "max_kv_cache": 0.08488359140024504,
        "parallel_requests_nb": 10
    },
    "14": {
        "speed_generation": [
            0.19381433454905306,
            42.29135890084949,
            0.17722065099283668
        ],
        "time_to_first_token": [
            0.015963077545166016,
            0.7043194770812988,
            0.008059203624725342
        ],
        "max_kv_cache": 0.11796814080427764,
        "parallel_requests_nb": 14
    },
    "18": {
        "speed_generation": [
            0.3836086750703558,
            35.822327907990356,
            0.26037208585041327
        ],
        "time_to_first_token": [
            0.017919063568115234,
            0.9072815179824829,
            0.007261872291564941
        ],
        "max_kv_cache": 0.1512754817867885,
        "parallel_requests_nb": 18
    },
    "22": {
        "speed_generation": [
            0.32363219599278636,
            33.18274584218008,
            0.22827405357134012
        ],
        "time_to_first_token": [
            0.05415081977844238,
            1.109493374824524,
            0.013773322105407715
        ],
        "max_kv_cache": 0.18458282276929927,
        "parallel_requests_nb": 22
    },
    "26": {
        "speed_generation": [
            0.6157956195068195,
            29.63293938373924,
            0.2821866562256332
        ],
        "time_to_first_token": [
            0.01690155267715454,
            1.3088164329528809,
            0.015721023082733154
        ],
        "max_kv_cache": 0.2183357469087669,
        "parallel_requests_nb": 26
    },
    "30": {
        "speed_generation": [
            0.7122984140691457,
            25.28817728966612,
            0.4490793574759593
        ],
        "time_to_first_token": [
            0.14618206024169922,
            1.4680531024932861,
            0.03163480758666992
        ],
        "max_kv_cache": 0.2517544836805169,
        "parallel_requests_nb": 30
    },
    "34": {
        "speed_generation": [
            0.5999629356795069,
            23.781720438681123,
            0.5009086753307521
        ],
        "time_to_first_token": [
            0.17813706398010254,
            1.6598210334777832,
            0.01680898666381836
        ],
        "max_kv_cache": 0.28528461624150603,
        "parallel_requests_nb": 34
    },
    "38": {
        "speed_generation": [
            0.31838065673176885,
            22.23460955905123,
            0.14795285988908802
        ],
        "time_to_first_token": [
            0.5373981595039368,
            1.8494844436645508,
            0.021456360816955566
        ],
        "max_kv_cache": 0.31870335301325614,
        "parallel_requests_nb": 38
    }
}