{
    "1": {
        "speed_generation": [
            0.30075670010549516,
            40.537748283564866,
            0.25657457830781993
        ],
        "time_to_first_token": [
            0.0016286373138427734,
            0.2209620475769043,
            0.002282381057739258
        ],
        "max_kv_cache": 0.030411050462292533,
        "parallel_requests_nb": 1
    },
    "2": {
        "speed_generation": [
            0.2420579427341636,
            25.27066884620932,
            0.31866667531650705
        ],
        "time_to_first_token": [
            0.19232547283172607,
            0.4204239845275879,
            0.011808633804321289
        ],
        "max_kv_cache": 0.06015372618915005,
        "parallel_requests_nb": 2
    },
    "3": {
        "speed_generation": [
            0.14689354491058992,
            18.46862585300977,
            0.19775378155139833
        ],
        "time_to_first_token": [
            0.19442260265350342,
            0.6225919723510742,
            0.01434314250946045
        ],
        "max_kv_cache": 0.08989640191600756,
        "parallel_requests_nb": 3
    },
    "4": {
        "speed_generation": [
            0.14648221031728603,
            14.653684620202462,
            0.145378533086987
        ],
        "time_to_first_token": [
            0.3759351968765259,
            0.8286780118942261,
            0.014160454273223877
        ],
        "max_kv_cache": 0.11941628606438681,
        "parallel_requests_nb": 4
    },
    "6": {
        "speed_generation": [
            0.09087383341972988,
            10.270933790806366,
            0.06779335521469676
        ],
        "time_to_first_token": [
            0.38018500804901123,
            1.2310185432434082,
            0.01996135711669922
        ],
        "max_kv_cache": 0.1784560543611452,
        "parallel_requests_nb": 6
    },
    "8": {
        "speed_generation": [
            0.04806952145894172,
            7.961740310893935,
            0.05475452493416455
        ],
        "time_to_first_token": [
            0.37071263790130615,
            1.634405493736267,
            0.030990421772003174
        ],
        "max_kv_cache": 0.23771861423638185,
        "parallel_requests_nb": 8
    },
    "10": {
        "speed_generation": [
            0.03061407177618669,
            6.4576801170584375,
            0.03257351815669196
        ],
        "time_to_first_token": [
            0.3685235381126404,
            2.0471125841140747,
            0.0290948748588562
        ],
        "max_kv_cache": 0.2966469867439011,
        "parallel_requests_nb": 10
    },
    "14": {
        "speed_generation": [
            0.022657801462601768,
            4.708258532709895,
            0.02572732613723705
        ],
        "time_to_first_token": [
            0.40025079250335693,
            2.8851840496063232,
            0.025360584259033203
        ],
        "max_kv_cache": 0.4159518770190487,
        "parallel_requests_nb": 14
    },
    "18": {
        "speed_generation": [
            0.012994770891433749,
            3.6767586296214976,
            0.011141279164649909
        ],
        "time_to_first_token": [
            0.35444217920303345,
            3.7193236351013184,
            0.019168198108673096
        ],
        "max_kv_cache": 0.5322490809847388,
        "parallel_requests_nb": 18
    },
    "22": {
        "speed_generation": [
            0.027869079336344083,
            3.0952983835567283,
            0.018290928642207938
        ],
        "time_to_first_token": [
            0.3276521563529968,
            4.453721523284912,
            0.04435932636260986
        ],
        "max_kv_cache": 0.6507742007352122,
        "parallel_requests_nb": 22
    },
    "26": {
        "speed_generation": [
            0.04458682093618416,
            2.6495720907828257,
            0.010102866558280521
        ],
        "time_to_first_token": [
            2.3615354895591736,
            5.257792949676514,
            0.04883354902267456
        ],
        "max_kv_cache": 0.7676283836470982,
        "parallel_requests_nb": 26
    },
    "30": {
        "speed_generation": [
            0.03581910121003595,
            2.2896086309914745,
            0.009773172278358278
        ],
        "time_to_first_token": [
            0.6615709066390991,
            6.053493976593018,
            0.026296615600585938
        ],
        "max_kv_cache": 0.884482566558984,
        "parallel_requests_nb": 30
    },
    "34": {
        "speed_generation": [
            0.017006717755710277,
            2.100285626437376,
            0.009160771023144942
        ],
        "time_to_first_token": [
            0.5571790337562561,
            5.201286554336548,
            1.3996367454528809
        ],
        "max_kv_cache": 0.9733764063718392,
        "parallel_requests_nb": 34
    },
    "38": {
        "speed_generation": [
            0.05568319400274602,
            2.110256096851923,
            0.010625956682193571
        ],
        "time_to_first_token": [
            0.023169517517089844,
            6.574321985244751,
            0.19945096969604492
        ],
        "max_kv_cache": 0.9731536147933608,
        "parallel_requests_nb": 38
    }
}