{
    "1": {
        "speed_generation": [
            0.2000320376808844,
            85.06419723616581,
            0.14414777569378145
        ],
        "time_to_first_token": [
            0.002484619617462158,
            0.22327899932861328,
            0.002100646495819092
        ],
        "max_kv_cache": 0.037317589395120865,
        "parallel_requests_nb": 1
    },
    "2": {
        "speed_generation": [
            0.20078306271852853,
            70.50798885207925,
            0.16745234163497003
        ],
        "time_to_first_token": [
            0.1910824179649353,
            0.42041146755218506,
            0.0056591033935546875
        ],
        "max_kv_cache": 0.07407819984404584,
        "parallel_requests_nb": 2
    },
    "3": {
        "speed_generation": [
            0.8884442615376997,
            62.346219715238334,
            0.14398995854384822
        ],
        "time_to_first_token": [
            0.20131897926330566,
            0.6180529594421387,
            0.014136075973510742
        ],
        "max_kv_cache": 0.11005903976829678,
        "parallel_requests_nb": 3
    },
    "4": {
        "speed_generation": [
            1.3786046772784744,
            55.62167925524141,
            0.28000394228840975
        ],
        "time_to_first_token": [
            0.3830547332763672,
            0.8180599212646484,
            0.014631032943725586
        ],
        "max_kv_cache": 0.14681965021722176,
        "parallel_requests_nb": 4
    },
    "6": {
        "speed_generation": [
            0.8704020189316282,
            44.61868947459852,
            0.11729633510839932
        ],
        "time_to_first_token": [
            0.5558453798294067,
            1.2103748321533203,
            0.024564743041992188
        ],
        "max_kv_cache": 0.2202294753258327,
        "parallel_requests_nb": 6
    },
    "8": {
        "speed_generation": [
            0.45293561876512456,
            38.694323543658,
            0.490101908983263
        ],
        "time_to_first_token": [
            0.5570709705352783,
            1.6040639877319336,
            0.03516411781311035
        ],
        "max_kv_cache": 0.29219115517433436,
        "parallel_requests_nb": 8
    },
    "10": {
        "speed_generation": [
            0.1941814270258888,
            33.17253295519293,
            0.5024608064646614
        ],
        "time_to_first_token": [
            0.5154575109481812,
            1.9851629734039307,
            0.0648965835571289
        ],
        "max_kv_cache": 0.3650440013367495,
        "parallel_requests_nb": 10
    },
    "14": {
        "speed_generation": [
            0.08133009012214742,
            26.530049293021616,
            0.5129844877708187
        ],
        "time_to_first_token": [
            0.1472182273864746,
            2.8054921627044678,
            0.019579291343688965
        ],
        "max_kv_cache": 0.5105269020831013,
        "parallel_requests_nb": 14
    },
    "18": {
        "speed_generation": [
            0.048340452360456254,
            20.67468393209912,
            0.08573404156947007
        ],
        "time_to_first_token": [
            1.911797046661377,
            3.623986005783081,
            0.019028902053833008
        ],
        "max_kv_cache": 0.6571237607218448,
        "parallel_requests_nb": 18
    },
    "22": {
        "speed_generation": [
            0.10822950077964322,
            18.360376782594557,
            0.09805848539962625
        ],
        "time_to_first_token": [
            0.30695605278015137,
            4.438627004623413,
            0.018948912620544434
        ],
        "max_kv_cache": 0.8047231814637407,
        "parallel_requests_nb": 22
    },
    "26": {
        "speed_generation": [
            0.08418457624956588,
            16.372833990039553,
            0.03191162007247783
        ],
        "time_to_first_token": [
            1.9121699333190918,
            5.2295238971710205,
            0.05816817283630371
        ],
        "max_kv_cache": 0.9470870001113958,
        "parallel_requests_nb": 26
    },
    "30": {
        "speed_generation": [
            0.017175776267292164,
            13.765939528603898,
            0.3063607083523756
        ],
        "time_to_first_token": [
            0.033442556858062744,
            5.978360414505005,
            0.01466989517211914
        ],
        "max_kv_cache": 1.0,
        "parallel_requests_nb": 30
    },
    "34": {
        "speed_generation": [
            0.04870443769195276,
            13.303467062929428,
            0.16255922341805906
        ],
        "time_to_first_token": [
            0.07431721687316895,
            6.425945043563843,
            0.19196796417236328
        ],
        "max_kv_cache": 1.0,
        "parallel_requests_nb": 34
    },
    "38": {
        "speed_generation": [
            3.6266545752935944,
            13.310200460582928,
            0.10548036260326832
        ],
        "time_to_first_token": [
            0.17417407035827637,
            6.5917088985443115,
            0.22624897956848145
        ],
        "max_kv_cache": 1.0,
        "parallel_requests_nb": 38
    }
}