{
    "1": {
        "speed_generation": [
            0.25901448420060547,
            76.79531095532008,
            0.26647806878148117
        ],
        "time_to_first_token": [
            0.001837313175201416,
            0.2213115692138672,
            0.002211451530456543
        ],
        "max_kv_cache": 0.031190820986966683,
        "parallel_requests_nb": 1
    },
    "2": {
        "speed_generation": [
            0.35132881791808757,
            61.07400422592668,
            0.3198585709674404
        ],
        "time_to_first_token": [
            0.1908559799194336,
            0.4194309711456299,
            0.010272979736328125
        ],
        "max_kv_cache": 0.06149047566002008,
        "parallel_requests_nb": 2
    },
    "3": {
        "speed_generation": [
            0.20600239715374613,
            50.54832100856954,
            0.24048897533129576
        ],
        "time_to_first_token": [
            0.18968451023101807,
            0.6192945241928101,
            0.013513445854187012
        ],
        "max_kv_cache": 0.09223571349003012,
        "parallel_requests_nb": 3
    },
    "4": {
        "speed_generation": [
            0.17432444853283613,
            44.44834675728472,
            0.21176934867121844
        ],
        "time_to_first_token": [
            0.37258005142211914,
            0.8167200088500977,
            0.015279054641723633
        ],
        "max_kv_cache": 0.12242397237384428,
        "parallel_requests_nb": 4
    },
    "6": {
        "speed_generation": [
            0.5151482238588088,
            33.58404263058686,
            0.21612506126027142
        ],
        "time_to_first_token": [
            0.39181995391845703,
            1.2293219566345215,
            0.016682028770446777
        ],
        "max_kv_cache": 0.1828004901414727,
        "parallel_requests_nb": 6
    },
    "8": {
        "speed_generation": [
            0.16936448851105723,
            28.131175616216947,
            0.13004315315480142
        ],
        "time_to_first_token": [
            0.35936403274536133,
            1.6104800701141357,
            0.0500791072845459
        ],
        "max_kv_cache": 0.24362259106605766,
        "parallel_requests_nb": 8
    },
    "10": {
        "speed_generation": [
            0.11002472163287536,
            23.5515344838107,
            0.11327571624426014
        ],
        "time_to_first_token": [
            0.7487120628356934,
            2.0117130279541016,
            0.03022599220275879
        ],
        "max_kv_cache": 0.30422190041216446,
        "parallel_requests_nb": 10
    },
    "14": {
        "speed_generation": [
            0.2712711836791435,
            18.322021184393613,
            0.0678774358405363
        ],
        "time_to_first_token": [
            0.09769606590270996,
            2.815139055252075,
            0.03231477737426758
        ],
        "max_kv_cache": 0.4258661022613345,
        "parallel_requests_nb": 14
    },
    "18": {
        "speed_generation": [
            0.048867839275109404,
            14.316010972594327,
            0.044509403903632005
        ],
        "time_to_first_token": [
            1.7635070085525513,
            3.630722999572754,
            0.04219186305999756
        ],
        "max_kv_cache": 0.5453937841149605,
        "parallel_requests_nb": 18
    },
    "22": {
        "speed_generation": [
            0.08584046471314899,
            12.372827954399153,
            0.09081303837609411
        ],
        "time_to_first_token": [
            2.1081106662750244,
            4.417085886001587,
            0.044097900390625
        ],
        "max_kv_cache": 0.666035423860978,
        "parallel_requests_nb": 22
    },
    "26": {
        "speed_generation": [
            0.13890423939400698,
            10.756459755317254,
            0.06326914115531146
        ],
        "time_to_first_token": [
            0.4768284559249878,
            5.253767013549805,
            0.021157503128051758
        ],
        "max_kv_cache": 0.7885707920240614,
        "parallel_requests_nb": 26
    },
    "30": {
        "speed_generation": [
            0.12112879905558671,
            9.219077797056446,
            0.043068158483890784
        ],
        "time_to_first_token": [
            0.1041860580444336,
            6.042427062988281,
            0.035408854484558105
        ],
        "max_kv_cache": 0.9087668486131224,
        "parallel_requests_nb": 30
    },
    "34": {
        "speed_generation": [
            0.20374389050243025,
            8.524113097603145,
            0.07861892170822138
        ],
        "time_to_first_token": [
            1.3520563244819641,
            6.366471529006958,
            0.15452539920806885
        ],
        "max_kv_cache": 0.9998886042107609,
        "parallel_requests_nb": 34
    },
    "38": {
        "speed_generation": [
            0.25193820752138585,
            8.620302123453436,
            0.031990824496281434
        ],
        "time_to_first_token": [
            0.027045071125030518,
            6.355529069900513,
            0.22853583097457886
        ],
        "max_kv_cache": 0.9998886042107609,
        "parallel_requests_nb": 38
    }
}