{
    "1": {
        "speed_generation": [
            0.19140279508188485,
            91.76475840665596,
            0.19441787329695615
        ],
        "time_to_first_token": [
            0.0008208751678466797,
            0.03225278854370117,
            0.0009371042251586914
        ],
        "max_kv_cache": 0.0015595410493483008,
        "parallel_requests_nb": 1
    },
    "2": {
        "speed_generation": [
            0.48605904675288514,
            90.4890367325502,
            0.726542896644915
        ],
        "time_to_first_token": [
            0.0029671192169189453,
            0.03449106216430664,
            0.014399051666259766
        ],
        "max_kv_cache": 0.0028962905202183364,
        "parallel_requests_nb": 2
    },
    "3": {
        "speed_generation": [
            0.5498287362876795,
            90.2986149935567,
            0.5450231155267034
        ],
        "time_to_first_token": [
            0.008945763111114502,
            0.043657541275024414,
            0.008596837520599365
        ],
        "max_kv_cache": 0.004344435780327505,
        "parallel_requests_nb": 3
    },
    "4": {
        "speed_generation": [
            0.9503178434192705,
            89.77486207800686,
            0.7349066451192243
        ],
        "time_to_first_token": [
            0.009832143783569336,
            0.047863006591796875,
            0.004466056823730469
        ],
        "max_kv_cache": 0.00568118525119754,
        "parallel_requests_nb": 4
    },
    "6": {
        "speed_generation": [
            0.7150495941774722,
            82.06414068146678,
            0.578306081636228
        ],
        "time_to_first_token": [
            0.008419692516326904,
            0.051415085792541504,
            0.00991058349609375
        ],
        "max_kv_cache": 0.0083546841929375,
        "parallel_requests_nb": 6
    },
    "8": {
        "speed_generation": [
            0.4133633256108453,
            79.931732309333,
            0.42351011913456205
        ],
        "time_to_first_token": [
            0.00990152359008789,
            0.05497610569000244,
            0.010123252868652344
        ],
        "max_kv_cache": 0.010916787345438328,
        "parallel_requests_nb": 8
    },
    "10": {
        "speed_generation": [
            0.37239133292919746,
            75.6675549348628,
            0.4158050520982641
        ],
        "time_to_first_token": [
            0.012544214725494385,
            0.06279408931732178,
            0.008418440818786621
        ],
        "max_kv_cache": 0.013813077865656664,
        "parallel_requests_nb": 10
    },
    "14": {
        "speed_generation": [
            0.40839313163417046,
            71.31984152038447,
            0.5844837157925156
        ],
        "time_to_first_token": [
            0.011299312114715576,
            0.06864309310913086,
            0.013757944107055664
        ],
        "max_kv_cache": 0.018825888381419187,
        "parallel_requests_nb": 14
    },
    "18": {
        "speed_generation": [
            0.35647466941470896,
            70.36295732089695,
            0.549078738554357
        ],
        "time_to_first_token": [
            0.013354301452636719,
            0.09315800666809082,
            0.008774220943450928
        ],
        "max_kv_cache": 0.024507073632616727,
        "parallel_requests_nb": 18
    },
    "22": {
        "speed_generation": [
            0.5993349535572037,
            66.94009132929457,
            0.38559721249987433
        ],
        "time_to_first_token": [
            0.012030482292175293,
            0.10547900199890137,
            0.008328080177307129
        ],
        "max_kv_cache": 0.029408488359140006,
        "parallel_requests_nb": 22
    },
    "26": {
        "speed_generation": [
            0.37301804267308825,
            63.436369987347994,
            0.4340711251912239
        ],
        "time_to_first_token": [
            0.010046958923339844,
            0.12084043025970459,
            0.010794103145599365
        ],
        "max_kv_cache": 0.034644090453380905,
        "parallel_requests_nb": 26
    },
    "30": {
        "speed_generation": [
            0.5862341071704265,
            60.30423918328262,
            0.3925633811535363
        ],
        "time_to_first_token": [
            0.010399997234344482,
            0.1352294683456421,
            0.011607825756072998
        ],
        "max_kv_cache": 0.03976829675838256,
        "parallel_requests_nb": 30
    },
    "34": {
        "speed_generation": [
            0.4335089456832151,
            56.6790657213185,
            0.4253689957029394
        ],
        "time_to_first_token": [
            0.009511888027191162,
            0.15192103385925293,
            0.014210224151611328
        ],
        "max_kv_cache": 0.04500389885262335,
        "parallel_requests_nb": 34
    },
    "38": {
        "speed_generation": [
            0.3875919275257189,
            53.74700298422652,
            0.3593038813681062
        ],
        "time_to_first_token": [
            0.014692068099975586,
            0.17246603965759277,
            0.009003877639770508
        ],
        "max_kv_cache": 0.05001670936838587,
        "parallel_requests_nb": 38
    }
}