{
    "1": {
        "speed_generation": [
            2.435354829695836,
            27.73915412128304,
            17.67411224478887
        ],
        "time_to_first_token": [
            0.20972704887390137,
            0.30698204040527344,
            0.04108405113220215
        ],
        "max_kv_cache": 0.0071018581574082695,
        "parallel_requests_nb": 1
    },
    "2": {
        "speed_generation": [
            0.3696618705424548,
            22.161707580053136,
            0.33600495422405174
        ],
        "time_to_first_token": [
            0.16853117942810059,
            0.4045400619506836,
            0.01400744915008545
        ],
        "max_kv_cache": 0.013911859130265603,
        "parallel_requests_nb": 2
    },
    "3": {
        "speed_generation": [
            0.2073326934964541,
            20.20609420818812,
            0.1828267160640209
        ],
        "time_to_first_token": [
            0.013644039630889893,
            0.44898903369903564,
            0.007909297943115234
        ],
        "max_kv_cache": 0.020430002918571888,
        "parallel_requests_nb": 3
    },
    "4": {
        "speed_generation": [
            0.20621428190401758,
            18.486541735504332,
            0.1563914363044674
        ],
        "time_to_first_token": [
            0.013676106929779053,
            0.4783899784088135,
            0.0077040791511535645
        ],
        "max_kv_cache": 0.027337289619612792,
        "parallel_requests_nb": 4
    },
    "6": {
        "speed_generation": [
            0.12173071380049905,
            16.01554281046438,
            0.10923351133733306
        ],
        "time_to_first_token": [
            0.01362234354019165,
            0.5409175157546997,
            0.007931768894195557
        ],
        "max_kv_cache": 0.0406654343807763,
        "parallel_requests_nb": 6
    },
    "8": {
        "speed_generation": [
            0.1571552847365485,
            14.034613865699992,
            0.12253728638933126
        ],
        "time_to_first_token": [
            0.012607038021087646,
            0.6035130023956299,
            0.00850898027420044
        ],
        "max_kv_cache": 0.05370172195738887,
        "parallel_requests_nb": 8
    },
    "10": {
        "speed_generation": [
            0.1111278641307738,
            12.440693491328496,
            0.086393504222535
        ],
        "time_to_first_token": [
            0.012568295001983643,
            0.6670589447021484,
            0.007604360580444336
        ],
        "max_kv_cache": 0.06712715244673606,
        "parallel_requests_nb": 10
    },
    "14": {
        "speed_generation": [
            0.1051643577758199,
            10.219116894072954,
            0.08278672270706622
        ],
        "time_to_first_token": [
            0.016632556915283203,
            0.7917696237564087,
            0.007207334041595459
        ],
        "max_kv_cache": 0.09378344196906319,
        "parallel_requests_nb": 14
    },
    "18": {
        "speed_generation": [
            0.05428398698518677,
            8.730276654156764,
            0.04602329946531292
        ],
        "time_to_first_token": [
            0.012511074542999268,
            0.9057759046554565,
            0.008537471294403076
        ],
        "max_kv_cache": 0.12005058857865547,
        "parallel_requests_nb": 18
    },
    "22": {
        "speed_generation": [
            0.10367695784187703,
            7.620909057798506,
            0.0793640678625609
        ],
        "time_to_first_token": [
            0.05287373065948486,
            1.018507957458496,
            0.01296299695968628
        ],
        "max_kv_cache": 0.14651230664461523,
        "parallel_requests_nb": 22
    },
    "26": {
        "speed_generation": [
            0.09526881457377545,
            6.5968402267947415,
            0.0662708347139187
        ],
        "time_to_first_token": [
            0.10531812906265259,
            1.1482210159301758,
            0.019141733646392822
        ],
        "max_kv_cache": 0.17316859616694236,
        "parallel_requests_nb": 26
    },
    "30": {
        "speed_generation": [
            0.056772562312391806,
            5.9842647110897715,
            0.03704504440161216
        ],
        "time_to_first_token": [
            0.06810462474822998,
            1.2671669721603394,
            0.01595360040664673
        ],
        "max_kv_cache": 0.1997275999610857,
        "parallel_requests_nb": 30
    },
    "34": {
        "speed_generation": [
            0.08834172791330452,
            5.450262494551973,
            0.03782122733342064
        ],
        "time_to_first_token": [
            0.07351809740066528,
            1.3396044969558716,
            0.051086604595184326
        ],
        "max_kv_cache": 0.22657846093978018,
        "parallel_requests_nb": 34
    },
    "38": {
        "speed_generation": [
            0.7927009841983574,
            4.991220888936821,
            0.09533841624174855
        ],
        "time_to_first_token": [
            0.03995770215988159,
            1.4108315706253052,
            0.0879220962524414
        ],
        "max_kv_cache": 0.2520673217239031,
        "parallel_requests_nb": 38
    }
}