{
    "1": {
        "speed_generation": [
            0.5926823966142294,
            61.75697378847624,
            0.5389246708053506
        ],
        "time_to_first_token": [
            0.003137350082397461,
            0.13341498374938965,
            0.0028381943702697754
        ],
        "max_kv_cache": 0.026656289522327126,
        "parallel_requests_nb": 1
    },
    "2": {
        "speed_generation": [
            0.46711851186157105,
            41.6678628773447,
            0.5646679314703462
        ],
        "time_to_first_token": [
            0.06255817413330078,
            0.2278289794921875,
            0.014303386211395264
        ],
        "max_kv_cache": 0.052728864675552045,
        "parallel_requests_nb": 2
    },
    "3": {
        "speed_generation": [
            0.42175586587396197,
            31.746778382149802,
            0.3918698350117289
        ],
        "time_to_first_token": [
            0.16833603382110596,
            0.3437330722808838,
            0.007133066654205322
        ],
        "max_kv_cache": 0.07850958264422614,
        "parallel_requests_nb": 3
    },
    "4": {
        "speed_generation": [
            0.3592152599795,
            25.48827779905529,
            0.35084925920121535
        ],
        "time_to_first_token": [
            0.16075348854064941,
            0.4545860290527344,
            0.00961756706237793
        ],
        "max_kv_cache": 0.1048740149820021,
        "parallel_requests_nb": 4
    },
    "6": {
        "speed_generation": [
            0.23854734234156183,
            18.824357858077242,
            0.2649273773177896
        ],
        "time_to_first_token": [
            0.01832360029220581,
            0.6676644086837769,
            0.01321178674697876
        ],
        "max_kv_cache": 0.15604630800661545,
        "parallel_requests_nb": 6
    },
    "8": {
        "speed_generation": [
            0.3425995714782193,
            14.619614862343154,
            0.17321513346728423
        ],
        "time_to_first_token": [
            0.018262147903442383,
            0.882530927658081,
            0.017702877521514893
        ],
        "max_kv_cache": 0.20838602976943288,
        "parallel_requests_nb": 8
    },
    "10": {
        "speed_generation": [
            0.11546159133373379,
            11.768435841616142,
            0.12389417119356239
        ],
        "time_to_first_token": [
            0.023470640182495117,
            1.138458490371704,
            0.012934386730194092
        ],
        "max_kv_cache": 0.2590718941531277,
        "parallel_requests_nb": 10
    },
    "14": {
        "speed_generation": [
            0.0889596044639358,
            8.56388230865521,
            0.12483198230268044
        ],
        "time_to_first_token": [
            0.03483062982559204,
            1.601944088935852,
            0.021977126598358154
        ],
        "max_kv_cache": 0.3623893374841911,
        "parallel_requests_nb": 14
    },
    "18": {
        "speed_generation": [
            0.053009437673159354,
            6.664275788765359,
            0.15151589385750608
        ],
        "time_to_first_token": [
            0.0597572922706604,
            2.0615124702453613,
            0.043286025524139404
        ],
        "max_kv_cache": 0.4648312092616014,
        "parallel_requests_nb": 18
    },
    "22": {
        "speed_generation": [
            0.04288333288731483,
            5.473156875994955,
            0.07544089158507994
        ],
        "time_to_first_token": [
            0.11739438772201538,
            2.539196014404297,
            0.04603487253189087
        ],
        "max_kv_cache": 0.5681486525926647,
        "parallel_requests_nb": 22
    },
    "26": {
        "speed_generation": [
            0.0222616795154984,
            4.578912941094755,
            0.024600378991125993
        ],
        "time_to_first_token": [
            0.032151997089385986,
            2.755370020866394,
            0.15186047554016113
        ],
        "max_kv_cache": 0.6697149528164219,
        "parallel_requests_nb": 26
    },
    "30": {
        "speed_generation": [
            0.014351323018392037,
            4.01494018578115,
            0.017674187811486775
        ],
        "time_to_first_token": [
            0.03517800569534302,
            2.8461490869522095,
            0.626893162727356
        ],
        "max_kv_cache": 0.7728378246911178,
        "parallel_requests_nb": 30
    },
    "34": {
        "speed_generation": [
            0.018493443765032147,
            3.5782936033606436,
            0.021271278204356925
        ],
        "time_to_first_token": [
            0.04234427213668823,
            2.93220591545105,
            1.0211978554725647
        ],
        "max_kv_cache": 0.8757661251094464,
        "parallel_requests_nb": 34
    },
    "38": {
        "speed_generation": [
            0.03621481033422569,
            3.261187700832985,
            0.02102506547410732
        ],
        "time_to_first_token": [
            0.35265302658081055,
            3.3365988731384277,
            0.9835131168365479
        ],
        "max_kv_cache": 0.9803482829068976,
        "parallel_requests_nb": 38
    }
}