{
    "1": {
        "speed_generation": [
            0.7328982724872617,
            132.35679151135042,
            0.7749145960782187
        ],
        "time_to_first_token": [
            0.0020580291748046875,
            0.04241800308227539,
            0.0013990402221679688
        ],
        "max_kv_cache": 0.0013620001945714444,
        "parallel_requests_nb": 1
    },
    "2": {
        "speed_generation": [
            0.8671520883564909,
            121.58648872154193,
            0.7845790709175589
        ],
        "time_to_first_token": [
            0.0022530555725097656,
            0.04453396797180176,
            0.0025482177734375
        ],
        "max_kv_cache": 0.0026267146609592062,
        "parallel_requests_nb": 2
    },
    "3": {
        "speed_generation": [
            0.9276669896217271,
            118.30362169064416,
            0.8975389541346743
        ],
        "time_to_first_token": [
            0.00262296199798584,
            0.06508302688598633,
            0.0030753016471862793
        ],
        "max_kv_cache": 0.003891429127346968,
        "parallel_requests_nb": 3
    },
    "4": {
        "speed_generation": [
            0.8621630308425381,
            116.32770283690625,
            0.8575299092025119
        ],
        "time_to_first_token": [
            0.0038040876388549805,
            0.06660056114196777,
            0.0029462575912475586
        ],
        "max_kv_cache": 0.0050588578655511585,
        "parallel_requests_nb": 4
    },
    "6": {
        "speed_generation": [
            1.6708407251109207,
            109.59602256548804,
            1.2175276415880916
        ],
        "time_to_first_token": [
            0.004853725433349609,
            0.07016646862030029,
            0.0034662485122680664
        ],
        "max_kv_cache": 0.007393715341959317,
        "parallel_requests_nb": 6
    },
    "8": {
        "speed_generation": [
            1.005611815627006,
            105.63601657779952,
            1.0137991539294546
        ],
        "time_to_first_token": [
            0.005421698093414307,
            0.07416844367980957,
            0.004221975803375244
        ],
        "max_kv_cache": 0.009728572818367587,
        "parallel_requests_nb": 8
    },
    "10": {
        "speed_generation": [
            0.9717028791669691,
            98.69195897171947,
            0.9486375554588449
        ],
        "time_to_first_token": [
            0.006660163402557373,
            0.0778113603591919,
            0.004647493362426758
        ],
        "max_kv_cache": 0.012063430294775745,
        "parallel_requests_nb": 10
    },
    "14": {
        "speed_generation": [
            0.6624619915614289,
            88.73680096665441,
            0.734143925599767
        ],
        "time_to_first_token": [
            0.006178021430969238,
            0.0849994421005249,
            0.005399584770202637
        ],
        "max_kv_cache": 0.01653857379122481,
        "parallel_requests_nb": 14
    },
    "18": {
        "speed_generation": [
            0.9218980576421245,
            87.60245913154677,
            0.6959401759606294
        ],
        "time_to_first_token": [
            0.007907748222351074,
            0.08873546123504639,
            0.006210267543792725
        ],
        "max_kv_cache": 0.02130557447222492,
        "parallel_requests_nb": 18
    },
    "22": {
        "speed_generation": [
            0.665596462398355,
            87.41300913127333,
            0.6860396629124779
        ],
        "time_to_first_token": [
            0.00710904598236084,
            0.09606540203094482,
            0.005599260330200195
        ],
        "max_kv_cache": 0.0256834322404903,
        "parallel_requests_nb": 22
    },
    "26": {
        "speed_generation": [
            0.6590387433544436,
            86.76899221506419,
            0.6495451901289755
        ],
        "time_to_first_token": [
            0.009006500244140625,
            0.10480844974517822,
            0.006820559501647949
        ],
        "max_kv_cache": 0.030547718649674094,
        "parallel_requests_nb": 26
    },
    "30": {
        "speed_generation": [
            0.8823456914041969,
            86.05534063716321,
            0.6529870565668858
        ],
        "time_to_first_token": [
            0.008200883865356445,
            0.11340200901031494,
            0.0067501068115234375
        ],
        "max_kv_cache": 0.035314719330674205,
        "parallel_requests_nb": 30
    },
    "34": {
        "speed_generation": [
            0.7332169654040683,
            85.52856520620867,
            0.5966161958925795
        ],
        "time_to_first_token": [
            0.008647561073303223,
            0.12336850166320801,
            0.009107470512390137
        ],
        "max_kv_cache": 0.03920614845802117,
        "parallel_requests_nb": 34
    },
    "38": {
        "speed_generation": [
            0.8667437486852663,
            84.99963323825648,
            0.6591144157438151
        ],
        "time_to_first_token": [
            0.008995294570922852,
            0.13125598430633545,
            0.009113669395446777
        ],
        "max_kv_cache": 0.04465414923630706,
        "parallel_requests_nb": 38
    }
}