{
    "1": {
        "speed_generation": [
            0.5081808037376447,
            56.050139271495155,
            0.4716728058495576
        ],
        "time_to_first_token": [
            0.1803203821182251,
            0.36327505111694336,
            0.07134085893630981
        ],
        "max_kv_cache": 0.032590718941531316,
        "parallel_requests_nb": 1
    },
    "2": {
        "speed_generation": [
            0.24358505619422743,
            46.57265651655729,
            0.3650869604477265
        ],
        "time_to_first_token": [
            0.027996540069580078,
            0.5786658525466919,
            0.010478019714355469
        ],
        "max_kv_cache": 0.06450043778577685,
        "parallel_requests_nb": 2
    },
    "3": {
        "speed_generation": [
            0.27549382944724954,
            40.02333084432972,
            0.24150525245869403
        ],
        "time_to_first_token": [
            0.01549375057220459,
            0.6911510229110718,
            0.016851723194122314
        ],
        "max_kv_cache": 0.09641015663002239,
        "parallel_requests_nb": 3
    },
    "4": {
        "speed_generation": [
            0.309584164467978,
            35.38397237295656,
            0.3007830066072401
        ],
        "time_to_first_token": [
            0.25547415018081665,
            0.8073580265045166,
            0.023681223392486572
        ],
        "max_kv_cache": 0.12831987547426793,
        "parallel_requests_nb": 4
    },
    "6": {
        "speed_generation": [
            0.30969876884662284,
            28.505641819872736,
            0.4165457382582751
        ],
        "time_to_first_token": [
            0.19329500198364258,
            0.9663410186767578,
            0.05729103088378906
        ],
        "max_kv_cache": 0.19155559879365702,
        "parallel_requests_nb": 6
    },
    "8": {
        "speed_generation": [
            0.1041038865325099,
            24.188673926584194,
            0.1006495395812621
        ],
        "time_to_first_token": [
            0.04230976104736328,
            1.2536568641662598,
            0.017611026763916016
        ],
        "max_kv_cache": 0.2552777507539644,
        "parallel_requests_nb": 8
    },
    "10": {
        "speed_generation": [
            0.07923064390042,
            20.811700308264957,
            0.08267150877920315
        ],
        "time_to_first_token": [
            0.02599167823791504,
            1.4729437828063965,
            0.02831125259399414
        ],
        "max_kv_cache": 0.31977818853974127,
        "parallel_requests_nb": 10
    },
    "14": {
        "speed_generation": [
            0.3393525922149081,
            16.477089938199427,
            0.11059786240835834
        ],
        "time_to_first_token": [
            0.17281007766723633,
            1.9010419845581055,
            0.07263803482055664
        ],
        "max_kv_cache": 0.446346920906703,
        "parallel_requests_nb": 14
    },
    "18": {
        "speed_generation": [
            0.03755409886833938,
            13.157442149343169,
            0.09882061285453858
        ],
        "time_to_first_token": [
            0.15796196460723877,
            2.340837001800537,
            0.07231354713439941
        ],
        "max_kv_cache": 0.5731102247300321,
        "parallel_requests_nb": 18
    },
    "22": {
        "speed_generation": [
            0.15949818883342104,
            11.355543630895436,
            0.12123314529285167
        ],
        "time_to_first_token": [
            0.06780767440795898,
            2.827998161315918,
            0.08247828483581543
        ],
        "max_kv_cache": 0.7009436715633817,
        "parallel_requests_nb": 22
    },
    "26": {
        "speed_generation": [
            0.01722670337474952,
            9.261577086465591,
            0.06569419391907871
        ],
        "time_to_first_token": [
            0.04096674919128418,
            3.276624917984009,
            0.026069164276123047
        ],
        "max_kv_cache": 0.8290689755812822,
        "parallel_requests_nb": 26
    },
    "30": {
        "speed_generation": [
            0.032601804728797035,
            8.365035656279808,
            0.020341698463564484
        ],
        "time_to_first_token": [
            0.09811115264892578,
            3.71415114402771,
            0.05458688735961914
        ],
        "max_kv_cache": 0.9555404222200603,
        "parallel_requests_nb": 30
    }
}