{
    "1": {
        "speed_generation": [
            1.6038613451322092,
            54.58942486823619,
            4.906931722076649
        ],
        "time_to_first_token": [
            0.044355928897857666,
            0.11901450157165527,
            0.2029479742050171
        ],
        "max_kv_cache": 0.001459285922755127,
        "parallel_requests_nb": 1
    },
    "2": {
        "speed_generation": [
            0.5838389858310151,
            44.83033042637132,
            0.40440219272174005
        ],
        "time_to_first_token": [
            0.008897066116333008,
            0.3691251277923584,
            0.010685920715332031
        ],
        "max_kv_cache": 0.0026267146609592062,
        "parallel_requests_nb": 2
    },
    "3": {
        "speed_generation": [
            0.37276000933960063,
            39.73423557744263,
            0.25775541557649717
        ],
        "time_to_first_token": [
            0.012899339199066162,
            0.3819255828857422,
            0.007486701011657715
        ],
        "max_kv_cache": 0.0037941433991633966,
        "parallel_requests_nb": 3
    },
    "4": {
        "speed_generation": [
            0.3744532514209311,
            35.71987068932856,
            0.3284542753580837
        ],
        "time_to_first_token": [
            0.018250226974487305,
            0.3899040222167969,
            0.00713801383972168
        ],
        "max_kv_cache": 0.004864286409183793,
        "parallel_requests_nb": 4
    },
    "6": {
        "speed_generation": [
            0.3634127194711496,
            30.428913890275272,
            0.33669141604164565
        ],
        "time_to_first_token": [
            0.017063379287719727,
            0.40247297286987305,
            0.007721066474914551
        ],
        "max_kv_cache": 0.007296429613775635,
        "parallel_requests_nb": 6
    },
    "8": {
        "speed_generation": [
            0.21835155186906618,
            26.493016498705625,
            0.17396896432055442
        ],
        "time_to_first_token": [
            0.012337207794189453,
            0.41243720054626465,
            0.007203817367553711
        ],
        "max_kv_cache": 0.009728572818367587,
        "parallel_requests_nb": 8
    },
    "10": {
        "speed_generation": [
            0.21891371541290283,
            23.26310081653618,
            0.1716504680908244
        ],
        "time_to_first_token": [
            0.009743928909301758,
            0.4278748035430908,
            0.0070650577545166016
        ],
        "max_kv_cache": 0.01225800175114311,
        "parallel_requests_nb": 10
    },
    "14": {
        "speed_generation": [
            0.17915418694226304,
            18.771188423258863,
            0.10532604326829897
        ],
        "time_to_first_token": [
            0.009391307830810547,
            0.4577498435974121,
            0.006979703903198242
        ],
        "max_kv_cache": 0.016733145247592174,
        "parallel_requests_nb": 14
    },
    "18": {
        "speed_generation": [
            0.11397170201862927,
            15.854682226903533,
            0.09345493351256273
        ],
        "time_to_first_token": [
            0.01580333709716797,
            0.484130859375,
            0.00947558879852295
        ],
        "max_kv_cache": 0.021111003015857555,
        "parallel_requests_nb": 18
    },
    "22": {
        "speed_generation": [
            0.14985987133220924,
            13.575258131731557,
            0.10728370215073291
        ],
        "time_to_first_token": [
            0.014626622200012207,
            0.5160930156707764,
            0.007802009582519531
        ],
        "max_kv_cache": 0.025878003696857665,
        "parallel_requests_nb": 22
    },
    "26": {
        "speed_generation": [
            0.10532016865623639,
            11.813127800323956,
            0.09492674600973317
        ],
        "time_to_first_token": [
            0.056369662284851074,
            0.5477461814880371,
            0.008774399757385254
        ],
        "max_kv_cache": 0.03006129000875568,
        "parallel_requests_nb": 26
    },
    "30": {
        "speed_generation": [
            0.13547066982446765,
            10.491121624007922,
            0.08280718133257636
        ],
        "time_to_first_token": [
            0.01612401008605957,
            0.5771999359130859,
            0.009939908981323242
        ],
        "max_kv_cache": 0.03473100496157211,
        "parallel_requests_nb": 30
    },
    "34": {
        "speed_generation": [
            0.13883932622278117,
            9.526768840543255,
            0.08224709190368884
        ],
        "time_to_first_token": [
            0.10713982582092285,
            0.5976510047912598,
            0.012059926986694336
        ],
        "max_kv_cache": 0.039692577098939585,
        "parallel_requests_nb": 34
    },
    "38": {
        "speed_generation": [
            0.07399780044527127,
            8.642633649263832,
            0.05787423576163242
        ],
        "time_to_first_token": [
            0.10718488693237305,
            0.6297969818115234,
            0.015661001205444336
        ],
        "max_kv_cache": 0.04416772059538865,
        "parallel_requests_nb": 38
    }
}