{
    "1": {
        "speed_generation": [
            1.6037168443288081,
            51.95032432247794,
            4.543508586902604
        ],
        "time_to_first_token": [
            0.09532248973846436,
            0.1926589012145996,
            0.15374815464019775
        ],
        "max_kv_cache": 0.007588286798326682,
        "parallel_requests_nb": 1
    },
    "2": {
        "speed_generation": [
            0.3413185582848399,
            43.11003195963811,
            0.36112887741801813
        ],
        "time_to_first_token": [
            0.006844997406005859,
            0.413956880569458,
            0.013090133666992188
        ],
        "max_kv_cache": 0.015079287868469682,
        "parallel_requests_nb": 2
    },
    "3": {
        "speed_generation": [
            0.37174111761064665,
            38.54626828432538,
            0.2264969793344278
        ],
        "time_to_first_token": [
            0.013620913028717041,
            0.4473850727081299,
            0.010039329528808594
        ],
        "max_kv_cache": 0.022473003210429,
        "parallel_requests_nb": 3
    },
    "4": {
        "speed_generation": [
            0.4493370888978703,
            34.75911785138296,
            0.3872559710122445
        ],
        "time_to_first_token": [
            0.01634979248046875,
            0.471815824508667,
            0.008401155471801758
        ],
        "max_kv_cache": 0.029964004280572,
        "parallel_requests_nb": 4
    },
    "6": {
        "speed_generation": [
            0.25924898234128335,
            29.039442936079745,
            0.21688804778692372
        ],
        "time_to_first_token": [
            0.02271425724029541,
            0.5370798110961914,
            0.008776187896728516
        ],
        "max_kv_cache": 0.04465414923630706,
        "parallel_requests_nb": 6
    },
    "8": {
        "speed_generation": [
            0.21037274869846456,
            25.040832294339797,
            0.2140641469777016
        ],
        "time_to_first_token": [
            0.036443233489990234,
            0.5955960750579834,
            0.008481025695800781
        ],
        "max_kv_cache": 0.05934429419204201,
        "parallel_requests_nb": 8
    },
    "10": {
        "speed_generation": [
            0.15188509419114027,
            21.63044939381098,
            0.23652936564056404
        ],
        "time_to_first_token": [
            0.012705802917480469,
            0.6658928394317627,
            0.009313344955444336
        ],
        "max_kv_cache": 0.0739371534195934,
        "parallel_requests_nb": 10
    },
    "14": {
        "speed_generation": [
            0.1250090971653819,
            17.387109057895376,
            0.11254573790381528
        ],
        "time_to_first_token": [
            0.008779764175415039,
            0.788212776184082,
            0.008150100708007812
        ],
        "max_kv_cache": 0.10322015760287961,
        "parallel_requests_nb": 14
    },
    "18": {
        "speed_generation": [
            0.10727265365674299,
            14.506305545556618,
            0.06096098005154893
        ],
        "time_to_first_token": [
            0.015398979187011719,
            0.9035120010375977,
            0.011332511901855469
        ],
        "max_kv_cache": 0.13289230469890068,
        "parallel_requests_nb": 18
    },
    "22": {
        "speed_generation": [
            0.07405162950260724,
            12.409677076882613,
            0.07057983739508877
        ],
        "time_to_first_token": [
            0.012773990631103516,
            1.0203909873962402,
            0.008796930313110352
        ],
        "max_kv_cache": 0.16129973732853387,
        "parallel_requests_nb": 22
    },
    "26": {
        "speed_generation": [
            0.1425083586560998,
            10.693495892850763,
            0.06861450275650327
        ],
        "time_to_first_token": [
            0.08745789527893066,
            1.1379749774932861,
            0.010540008544921875
        ],
        "max_kv_cache": 0.1910691701527386,
        "parallel_requests_nb": 26
    },
    "30": {
        "speed_generation": [
            0.07937378686385088,
            9.574235212738586,
            0.06798927863525073
        ],
        "time_to_first_token": [
            0.09082388877868652,
            1.2472620010375977,
            0.025593996047973633
        ],
        "max_kv_cache": 0.21976845996692285,
        "parallel_requests_nb": 30
    },
    "34": {
        "speed_generation": [
            0.243420250768402,
            8.659776451138761,
            0.061567585179863826
        ],
        "time_to_first_token": [
            0.10364127159118652,
            1.3686151504516602,
            0.024714946746826172
        ],
        "max_kv_cache": 0.24924603560657654,
        "parallel_requests_nb": 34
    },
    "38": {
        "speed_generation": [
            0.38018133857446923,
            7.893101763928161,
            0.07520932581753037
        ],
        "time_to_first_token": [
            0.31026506423950195,
            0.9685070514678955,
            0.021313905715942383
        ],
        "max_kv_cache": 0.27745889677984237,
        "parallel_requests_nb": 38
    }
}