{
    "1": {
        "speed_generation": [
            0.3343608969170191,
            57.35933714512663,
            0.5418628036219673
        ],
        "time_to_first_token": [
            0.010288834571838379,
            0.08615601062774658,
            0.23915177583694458
        ],
        "max_kv_cache": 0.006810000972857333,
        "parallel_requests_nb": 1
    },
    "2": {
        "speed_generation": [
            0.30051324670299806,
            48.88412826346624,
            0.3435464445534464
        ],
        "time_to_first_token": [
            0.006165623664855957,
            0.366878867149353,
            0.011615991592407227
        ],
        "max_kv_cache": 0.01342543048934719,
        "parallel_requests_nb": 2
    },
    "3": {
        "speed_generation": [
            0.21319741522544433,
            43.214874275612836,
            0.25386800038431545
        ],
        "time_to_first_token": [
            0.010529696941375732,
            0.3747314214706421,
            0.007620871067047119
        ],
        "max_kv_cache": 0.02013814573402084,
        "parallel_requests_nb": 3
    },
    "4": {
        "speed_generation": [
            0.3557487786497191,
            38.75844404514676,
            0.4927165454581939
        ],
        "time_to_first_token": [
            0.2550428509712219,
            0.3671969175338745,
            0.026689589023590088
        ],
        "max_kv_cache": 0.026656289522327126,
        "parallel_requests_nb": 4
    },
    "6": {
        "speed_generation": [
            0.21838527318926282,
            32.232339647345576,
            0.19831507826615535
        ],
        "time_to_first_token": [
            0.028504014015197754,
            0.39990806579589844,
            0.007493853569030762
        ],
        "max_kv_cache": 0.03988714855530695,
        "parallel_requests_nb": 6
    },
    "8": {
        "speed_generation": [
            0.14717845558711673,
            27.689297861359833,
            0.136474816644526
        ],
        "time_to_first_token": [
            0.033333778381347656,
            0.40875697135925293,
            0.012831926345825195
        ],
        "max_kv_cache": 0.053118007588286775,
        "parallel_requests_nb": 8
    },
    "10": {
        "speed_generation": [
            0.0849312267532163,
            23.91136869274018,
            0.11156460972339843
        ],
        "time_to_first_token": [
            0.041103482246398926,
            0.4283111095428467,
            0.008673787117004395
        ],
        "max_kv_cache": 0.06644615234945028,
        "parallel_requests_nb": 10
    },
    "14": {
        "speed_generation": [
            0.09704934995141201,
            19.0617299609834,
            0.07815207127956825
        ],
        "time_to_first_token": [
            0.04091954231262207,
            0.46413207054138184,
            0.012421846389770508
        ],
        "max_kv_cache": 0.09251872750267531,
        "parallel_requests_nb": 14
    },
    "18": {
        "speed_generation": [
            0.07704783777504431,
            16.06728012159176,
            0.08949442596366808
        ],
        "time_to_first_token": [
            0.2088770866394043,
            0.46818995475769043,
            0.01653885841369629
        ],
        "max_kv_cache": 0.11907773129681876,
        "parallel_requests_nb": 18
    },
    "22": {
        "speed_generation": [
            0.04680472987468498,
            13.86273523554552,
            0.06287698406377196
        ],
        "time_to_first_token": [
            0.018441200256347656,
            0.45926713943481445,
            0.0342099666595459
        ],
        "max_kv_cache": 0.14524759217822747,
        "parallel_requests_nb": 22
    },
    "26": {
        "speed_generation": [
            0.07320677945542187,
            12.008400918238904,
            0.06149214904041855
        ],
        "time_to_first_token": [
            0.1890254020690918,
            0.5092248916625977,
            0.024691104888916016
        ],
        "max_kv_cache": 0.17161202451600355,
        "parallel_requests_nb": 26
    },
    "30": {
        "speed_generation": [
            0.04820491958435724,
            10.664886121716954,
            0.05191752595287369
        ],
        "time_to_first_token": [
            0.014939308166503906,
            0.547454833984375,
            0.0320277214050293
        ],
        "max_kv_cache": 0.19817102831014688,
        "parallel_requests_nb": 30
    }
}