{
    "1": {
        "speed_generation": [
            1.4204320685415084,
            48.86857627629309,
            5.3362140350121265
        ],
        "time_to_first_token": [
            0.23356890678405762,
            0.4149019718170166,
            0.011956214904785156
        ],
        "max_kv_cache": 0.027434575347796475,
        "parallel_requests_nb": 1
    },
    "2": {
        "speed_generation": [
            0.3926878796572808,
            40.38844763115954,
            0.34516388154517585
        ],
        "time_to_first_token": [
            0.008178472518920898,
            0.5725128650665283,
            0.012495636940002441
        ],
        "max_kv_cache": 0.054285436326490855,
        "parallel_requests_nb": 2
    },
    "3": {
        "speed_generation": [
            0.35171130634445547,
            34.66706718801598,
            0.2643335900748056
        ],
        "time_to_first_token": [
            0.0150299072265625,
            0.6949279308319092,
            0.013875603675842285
        ],
        "max_kv_cache": 0.08016344002334852,
        "parallel_requests_nb": 3
    },
    "4": {
        "speed_generation": [
            0.24536048657183684,
            30.12070039331833,
            0.14797598029664272
        ],
        "time_to_first_token": [
            0.013342857360839844,
            0.8129568099975586,
            0.015253067016601562
        ],
        "max_kv_cache": 0.10691701527385933,
        "parallel_requests_nb": 4
    },
    "6": {
        "speed_generation": [
            0.2540247243088025,
            24.560039122524593,
            0.16678010869259197
        ],
        "time_to_first_token": [
            0.016846179962158203,
            1.0279130935668945,
            0.011319875717163086
        ],
        "max_kv_cache": 0.16013230859032979,
        "parallel_requests_nb": 6
    },
    "8": {
        "speed_generation": [
            0.18039290031184407,
            20.493046587161757,
            0.08497422892727258
        ],
        "time_to_first_token": [
            0.01524496078491211,
            1.2547800540924072,
            0.013107061386108398
        ],
        "max_kv_cache": 0.21276388753769826,
        "parallel_requests_nb": 8
    },
    "10": {
        "speed_generation": [
            0.17713005370377388,
            17.59914155855808,
            0.11616292459721222
        ],
        "time_to_first_token": [
            0.017547130584716797,
            1.4870061874389648,
            0.019966840744018555
        ],
        "max_kv_cache": 0.26636832376690345,
        "parallel_requests_nb": 10
    },
    "14": {
        "speed_generation": [
            0.09196386743488638,
            13.726707839816877,
            0.11193510297665021
        ],
        "time_to_first_token": [
            0.049100399017333984,
            1.9520869255065918,
            0.01891469955444336
        ],
        "max_kv_cache": 0.3714369102052729,
        "parallel_requests_nb": 14
    },
    "18": {
        "speed_generation": [
            0.10174914608668395,
            11.142852719038656,
            0.03431928199630363
        ],
        "time_to_first_token": [
            0.02096390724182129,
            2.39951491355896,
            0.03243613243103027
        ],
        "max_kv_cache": 0.4765054966436424,
        "parallel_requests_nb": 18
    },
    "22": {
        "speed_generation": [
            0.12352135672240827,
            9.566007441755644,
            0.06462796582597008
        ],
        "time_to_first_token": [
            0.04293417930603027,
            2.8310489654541016,
            0.041979074478149414
        ],
        "max_kv_cache": 0.5832279404611344,
        "parallel_requests_nb": 22
    },
    "26": {
        "speed_generation": [
            0.053006589764758694,
            7.006096417122543,
            0.049628853875224976
        ],
        "time_to_first_token": [
            0.055811166763305664,
            3.3418221473693848,
            0.031683921813964844
        ],
        "max_kv_cache": 0.6881019554431365,
        "parallel_requests_nb": 26
    },
    "30": {
        "speed_generation": [
            0.04643437105388326,
            6.255042222832264,
            0.03806183295722132
        ],
        "time_to_first_token": [
            0.07843899726867676,
            3.738863945007324,
            0.04380202293395996
        ],
        "max_kv_cache": 0.7930732561533222,
        "parallel_requests_nb": 30
    },
    "34": {
        "speed_generation": [
            0.04884613602531385,
            5.630890002989389,
            0.03049536001618769
        ],
        "time_to_first_token": [
            0.06596338748931885,
            4.245085954666138,
            0.061535000801086426
        ],
        "max_kv_cache": 0.8991146998735285,
        "parallel_requests_nb": 34
    },
    "38": {
        "speed_generation": [
            0.15347219603427487,
            5.796172400636204,
            0.05875469001819145
        ],
        "time_to_first_token": [
            0.11256718635559082,
            4.785928964614868,
            0.06512045860290527
        ],
        "max_kv_cache": 0.9999027142718163,
        "parallel_requests_nb": 38
    }
}