{
    "1": {
        "speed_generation": [
            1.0932089148672333,
            107.56383896085578,
            1.430124574702333
        ],
        "time_to_first_token": [
            0.0025734901428222656,
            0.04232192039489746,
            0.001667320728302002
        ],
        "max_kv_cache": 0.0007782858254693492,
        "parallel_requests_nb": 1
    },
    "2": {
        "speed_generation": [
            1.6307131468955731,
            88.78137532871938,
            2.393076616558872
        ],
        "time_to_first_token": [
            0.0021186470985412598,
            0.06283259391784668,
            0.0019458532333374023
        ],
        "max_kv_cache": 0.0012647144663877619,
        "parallel_requests_nb": 2
    },
    "3": {
        "speed_generation": [
            1.796188748210497,
            86.37742075879133,
            2.6768989526035085
        ],
        "time_to_first_token": [
            0.0031318068504333496,
            0.06425750255584717,
            0.0022178292274475098
        ],
        "max_kv_cache": 0.0017511431073061745,
        "parallel_requests_nb": 3
    },
    "4": {
        "speed_generation": [
            2.1607182972963273,
            84.55166020084593,
            2.6804247016137737
        ],
        "time_to_first_token": [
            0.0038191676139831543,
            0.06656849384307861,
            0.0031270384788513184
        ],
        "max_kv_cache": 0.0023348574764081587,
        "parallel_requests_nb": 4
    },
    "6": {
        "speed_generation": [
            2.3338341289243374,
            81.00523024294738,
            2.3998893913058765
        ],
        "time_to_first_token": [
            0.004494965076446533,
            0.06919598579406738,
            0.0035218000411987305
        ],
        "max_kv_cache": 0.0032104290300613014,
        "parallel_requests_nb": 6
    },
    "8": {
        "speed_generation": [
            2.420979621586227,
            78.30965066098844,
            2.680451310863077
        ],
        "time_to_first_token": [
            0.0051457881927490234,
            0.07208812236785889,
            0.0038447976112365723
        ],
        "max_kv_cache": 0.004183286311898016,
        "parallel_requests_nb": 8
    },
    "10": {
        "speed_generation": [
            2.262761887810939,
            73.89362926808438,
            2.454200122700712
        ],
        "time_to_first_token": [
            0.005868732929229736,
            0.07512199878692627,
            0.004366815090179443
        ],
        "max_kv_cache": 0.005156143593734841,
        "parallel_requests_nb": 10
    },
    "14": {
        "speed_generation": [
            1.832838713402694,
            67.57673251208698,
            1.8853869792583708
        ],
        "time_to_first_token": [
            0.0073198676109313965,
            0.08156907558441162,
            0.004598021507263184
        ],
        "max_kv_cache": 0.007004572429224587,
        "parallel_requests_nb": 14
    },
    "18": {
        "speed_generation": [
            2.001119224373838,
            63.78990703842908,
            1.9447903684754237
        ],
        "time_to_first_token": [
            0.006728649139404297,
            0.08744752407073975,
            0.006636679172515869
        ],
        "max_kv_cache": 0.008950286992898127,
        "parallel_requests_nb": 18
    },
    "22": {
        "speed_generation": [
            1.7615368678292498,
            62.3409958205022,
            1.7136780497303477
        ],
        "time_to_first_token": [
            0.006824970245361328,
            0.09411096572875977,
            0.005563497543334961
        ],
        "max_kv_cache": 0.010993287284755349,
        "parallel_requests_nb": 22
    },
    "26": {
        "speed_generation": [
            1.7003883381202485,
            59.65550622905916,
            1.8338320290147223
        ],
        "time_to_first_token": [
            0.007081806659698486,
            0.10447800159454346,
            0.007140815258026123
        ],
        "max_kv_cache": 0.012549858935694158,
        "parallel_requests_nb": 26
    },
    "30": {
        "speed_generation": [
            1.3913825353429274,
            57.618641591130626,
            1.8619289613061554
        ],
        "time_to_first_token": [
            0.008183121681213379,
            0.11325597763061523,
            0.005643367767333984
        ],
        "max_kv_cache": 0.014495573499367698,
        "parallel_requests_nb": 30
    },
    "34": {
        "speed_generation": [
            1.633260012289405,
            55.49773828798034,
            1.7171546406677223
        ],
        "time_to_first_token": [
            0.0077918171882629395,
            0.12282359600067139,
            0.008302152156829834
        ],
        "max_kv_cache": 0.01614943087849008,
        "parallel_requests_nb": 34
    },
    "38": {
        "speed_generation": [
            1.4693342068399673,
            53.38304274548419,
            1.9395161376549623
        ],
        "time_to_first_token": [
            0.0074332356452941895,
            0.13003599643707275,
            0.008634984493255615
        ],
        "max_kv_cache": 0.018095145442163618,
        "parallel_requests_nb": 38
    }
}