{
    "1": {
        "speed_generation": [
            0.4242395603492355,
            57.88279008337503,
            0.3929885358170324
        ],
        "time_to_first_token": [
            0.2394915223121643,
            0.3401944637298584,
            0.009232044219970703
        ],
        "max_kv_cache": 0.01303628757661246,
        "parallel_requests_nb": 1
    },
    "2": {
        "speed_generation": [
            0.326678100534437,
            49.00451319283073,
            0.27009910358669487
        ],
        "time_to_first_token": [
            0.010060369968414307,
            0.40981805324554443,
            0.009801626205444336
        ],
        "max_kv_cache": 0.025975289425041348,
        "parallel_requests_nb": 2
    },
    "3": {
        "speed_generation": [
            0.4926023033782485,
            43.25184823712087,
            0.3644124436215179
        ],
        "time_to_first_token": [
            0.025835812091827393,
            0.4357719421386719,
            0.012074470520019531
        ],
        "max_kv_cache": 0.03871971981710287,
        "parallel_requests_nb": 3
    },
    "4": {
        "speed_generation": [
            0.24914253009448828,
            38.40325073508722,
            0.2054333904762089
        ],
        "time_to_first_token": [
            0.25492048263549805,
            0.4523254632949829,
            0.02341008186340332
        ],
        "max_kv_cache": 0.0513668644809806,
        "parallel_requests_nb": 4
    },
    "6": {
        "speed_generation": [
            0.30122807574687016,
            31.874031314016165,
            0.24229966739282816
        ],
        "time_to_first_token": [
            0.022346019744873047,
            0.5320250988006592,
            0.0114973783493042
        ],
        "max_kv_cache": 0.07685572526510365,
        "parallel_requests_nb": 6
    },
    "8": {
        "speed_generation": [
            0.14835404385385687,
            26.827848341875598,
            0.1400746674395137
        ],
        "time_to_first_token": [
            0.010255813598632812,
            0.34038782119750977,
            0.25623035430908203
        ],
        "max_kv_cache": 0.10263644323377763,
        "parallel_requests_nb": 8
    },
    "10": {
        "speed_generation": [
            0.11328123695405168,
            23.168475324493738,
            0.15817888363147148
        ],
        "time_to_first_token": [
            0.24290990829467773,
            0.6499800682067871,
            0.02498602867126465
        ],
        "max_kv_cache": 0.1279307325615332,
        "parallel_requests_nb": 10
    },
    "14": {
        "speed_generation": [
            0.10672292473054767,
            18.46523047032162,
            0.10818007361150705
        ],
        "time_to_first_token": [
            0.20621156692504883,
            0.7445690631866455,
            0.05198204517364502
        ],
        "max_kv_cache": 0.1788111684015955,
        "parallel_requests_nb": 14
    },
    "18": {
        "speed_generation": [
            0.0564170887775699,
            15.4250405115003,
            0.052350626251024934
        ],
        "time_to_first_token": [
            0.06289792060852051,
            0.8979370594024658,
            0.014650821685791016
        ],
        "max_kv_cache": 0.2296916042416578,
        "parallel_requests_nb": 18
    },
    "22": {
        "speed_generation": [
            0.09890126540185129,
            13.250492880840183,
            0.054423824148402744
        ],
        "time_to_first_token": [
            0.056511521339416504,
            0.9914250373840332,
            0.03285801410675049
        ],
        "max_kv_cache": 0.28086389726627103,
        "parallel_requests_nb": 22
    },
    "26": {
        "speed_generation": [
            0.03827975887970858,
            11.224541464467185,
            0.05446113521118612
        ],
        "time_to_first_token": [
            0.059133172035217285,
            1.108260154724121,
            0.024528861045837402
        ],
        "max_kv_cache": 0.3320361902908844,
        "parallel_requests_nb": 26
    },
    "30": {
        "speed_generation": [
            0.08323894002453258,
            10.091985592493657,
            0.0181910199764328
        ],
        "time_to_first_token": [
            0.021989107131958008,
            1.2444169521331787,
            0.0367121696472168
        ],
        "max_kv_cache": 0.3828193404027629,
        "parallel_requests_nb": 30
    },
    "34": {
        "speed_generation": [
            0.030562479724837388,
            9.084985894040663,
            0.03842917127539813
        ],
        "time_to_first_token": [
            0.06592035293579102,
            1.334888219833374,
            0.051895856857299805
        ],
        "max_kv_cache": 0.4341862048837436,
        "parallel_requests_nb": 34
    }
}