{
    "1": {
        "speed_generation": [
            0.6486458785113172,
            126.7042193619223,
            0.43419273412746406
        ],
        "time_to_first_token": [
            0.002511739730834961,
            0.043648600578308105,
            0.001140594482421875
        ],
        "max_kv_cache": 0.006810000972857333,
        "parallel_requests_nb": 1
    },
    "2": {
        "speed_generation": [
            0.5327467924759048,
            120.76342559421587,
            0.3850235830801694
        ],
        "time_to_first_token": [
            0.0013555288314819336,
            0.06465697288513184,
            0.003970980644226074
        ],
        "max_kv_cache": 0.013522716217530872,
        "parallel_requests_nb": 2
    },
    "3": {
        "speed_generation": [
            0.6172102378907454,
            116.26315877553425,
            0.4195630075865324
        ],
        "time_to_first_token": [
            0.0024437904357910156,
            0.06608080863952637,
            0.003416299819946289
        ],
        "max_kv_cache": 0.020040860005837158,
        "parallel_requests_nb": 3
    },
    "4": {
        "speed_generation": [
            0.4283838245261933,
            114.10732429253001,
            0.4677345448858006
        ],
        "time_to_first_token": [
            0.004006862640380859,
            0.06799793243408203,
            0.0034379959106445312
        ],
        "max_kv_cache": 0.02685086097869438,
        "parallel_requests_nb": 4
    },
    "6": {
        "speed_generation": [
            0.7211143029998084,
            106.44107085271047,
            0.5559207491445335
        ],
        "time_to_first_token": [
            0.004061579704284668,
            0.07175803184509277,
            0.0032863616943359375
        ],
        "max_kv_cache": 0.03998443428349063,
        "parallel_requests_nb": 6
    },
    "8": {
        "speed_generation": [
            1.103478747046836,
            99.83340308357401,
            0.7643888468463302
        ],
        "time_to_first_token": [
            0.003963947296142578,
            0.07301688194274902,
            0.004698038101196289
        ],
        "max_kv_cache": 0.05302072186010309,
        "parallel_requests_nb": 8
    },
    "10": {
        "speed_generation": [
            0.5510696701475979,
            94.29246565114013,
            0.3146967887313963
        ],
        "time_to_first_token": [
            0.006646633148193359,
            0.07888317108154297,
            0.006912946701049805
        ],
        "max_kv_cache": 0.06625158089308303,
        "parallel_requests_nb": 10
    },
    "14": {
        "speed_generation": [
            0.9985370494043053,
            92.04284645994693,
            0.3379215758401841
        ],
        "time_to_first_token": [
            0.006287097930908203,
            0.08431601524353027,
            0.007057905197143555
        ],
        "max_kv_cache": 0.092616013230859,
        "parallel_requests_nb": 14
    },
    "18": {
        "speed_generation": [
            1.2494346476842395,
            91.47283320212796,
            0.3815625499382236
        ],
        "time_to_first_token": [
            0.008127927780151367,
            0.08928513526916504,
            0.007593870162963867
        ],
        "max_kv_cache": 0.11917501702500244,
        "parallel_requests_nb": 18
    },
    "22": {
        "speed_generation": [
            3.833903445050339,
            89.66432006820685,
            0.6732188287126775
        ],
        "time_to_first_token": [
            0.008559942245483398,
            0.08864998817443848,
            0.008749008178710938
        ],
        "max_kv_cache": 0.14553944936277852,
        "parallel_requests_nb": 22
    },
    "26": {
        "speed_generation": [
            3.3283685522713995,
            82.39411312729698,
            0.4306292694675449
        ],
        "time_to_first_token": [
            0.012833118438720703,
            0.09417605400085449,
            0.007151484489440918
        ],
        "max_kv_cache": 0.17141745305963618,
        "parallel_requests_nb": 26
    },
    "30": {
        "speed_generation": [
            2.6835462492001767,
            80.15740431203318,
            0.6718256976170096
        ],
        "time_to_first_token": [
            0.009759664535522461,
            0.11371302604675293,
            0.006836414337158203
        ],
        "max_kv_cache": 0.19826831403833056,
        "parallel_requests_nb": 30
    },
    "34": {
        "speed_generation": [
            2.1949247310566165,
            76.84519310187673,
            1.5361082806807786
        ],
        "time_to_first_token": [
            0.008455038070678711,
            0.12763595581054688,
            0.008862018585205078
        ],
        "max_kv_cache": 0.22473003210429032,
        "parallel_requests_nb": 34
    },
    "38": {
        "speed_generation": [
            0.6873014468505687,
            72.88831173517332,
            2.009503350535084
        ],
        "time_to_first_token": [
            0.009834527969360352,
            0.13827300071716309,
            0.009618043899536133
        ],
        "max_kv_cache": 0.25089989298569904,
        "parallel_requests_nb": 38
    }
}