{
    "1": {
        "speed_generation": [
            0.5326694911482832,
            109.8685950342189,
            0.3781546583697377
        ],
        "time_to_first_token": [
            0.0026894807815551758,
            0.13217496871948242,
            0.0019769668579101562
        ],
        "max_kv_cache": 0.027337289619612792,
        "parallel_requests_nb": 1
    },
    "2": {
        "speed_generation": [
            0.5692354619968967,
            92.80816382695292,
            0.5105823634963258
        ],
        "time_to_first_token": [
            0.05997335910797119,
            0.22743988037109375,
            0.01528167724609375
        ],
        "max_kv_cache": 0.053896293413756236,
        "parallel_requests_nb": 2
    },
    "3": {
        "speed_generation": [
            0.6213161697261143,
            80.31569593453999,
            0.519487418743509
        ],
        "time_to_first_token": [
            0.16565418243408203,
            0.3424830436706543,
            0.009694814682006836
        ],
        "max_kv_cache": 0.08055258293608325,
        "parallel_requests_nb": 3
    },
    "4": {
        "speed_generation": [
            0.3055030717212759,
            70.04192201585546,
            0.3244382891282669
        ],
        "time_to_first_token": [
            0.16684699058532715,
            0.4544680118560791,
            0.009597063064575195
        ],
        "max_kv_cache": 0.1071115867302267,
        "parallel_requests_nb": 4
    },
    "6": {
        "speed_generation": [
            0.39986507473299326,
            61.25111373769549,
            0.374481933104299
        ],
        "time_to_first_token": [
            0.022819042205810547,
            0.6674749851226807,
            0.012939214706420898
        ],
        "max_kv_cache": 0.16042416577488083,
        "parallel_requests_nb": 6
    },
    "8": {
        "speed_generation": [
            0.4079284180007292,
            51.00873475712009,
            0.3564743495475682
        ],
        "time_to_first_token": [
            0.019689083099365234,
            0.8842921257019043,
            0.014143943786621094
        ],
        "max_kv_cache": 0.21295845899406562,
        "parallel_requests_nb": 8
    },
    "10": {
        "speed_generation": [
            0.33339422443781785,
            44.347134568454756,
            0.3107104412876964
        ],
        "time_to_first_token": [
            0.02605891227722168,
            1.1313968896865845,
            0.020309865474700928
        ],
        "max_kv_cache": 0.266465609495087,
        "parallel_requests_nb": 10
    },
    "14": {
        "speed_generation": [
            0.22451827646190736,
            34.83129164333125,
            0.2359144223937122
        ],
        "time_to_first_token": [
            0.04436367750167847,
            1.604691505432129,
            0.018081247806549072
        ],
        "max_kv_cache": 0.3710477672925382,
        "parallel_requests_nb": 14
    },
    "18": {
        "speed_generation": [
            0.16505756349188871,
            27.7717924243093,
            0.19669038353164936
        ],
        "time_to_first_token": [
            0.06717807054519653,
            2.0627875328063965,
            0.041999995708465576
        ],
        "max_kv_cache": 0.4765054966436424,
        "parallel_requests_nb": 18
    },
    "22": {
        "speed_generation": [
            0.19299517693588086,
            24.126234362598346,
            0.25099170658207726
        ],
        "time_to_first_token": [
            0.5445839166641235,
            2.496371030807495,
            0.05512189865112305
        ],
        "max_kv_cache": 0.5835197976456854,
        "parallel_requests_nb": 22
    },
    "26": {
        "speed_generation": [
            0.11533676795124848,
            19.088863423479577,
            0.14955864253631646
        ],
        "time_to_first_token": [
            0.5524153113365173,
            2.762637495994568,
            0.2230207920074463
        ],
        "max_kv_cache": 0.6884910983558712,
        "parallel_requests_nb": 26
    },
    "30": {
        "speed_generation": [
            0.10589624526349439,
            17.491406811627446,
            0.11217004876671766
        ],
        "time_to_first_token": [
            0.13312721252441406,
            2.837012529373169,
            0.6426819562911987
        ],
        "max_kv_cache": 0.7942406848915264,
        "parallel_requests_nb": 30
    },
    "34": {
        "speed_generation": [
            0.14433287537357486,
            16.042454537857544,
            0.08393624381390907
        ],
        "time_to_first_token": [
            0.7086439728736877,
            3.2522934675216675,
            0.675697922706604
        ],
        "max_kv_cache": 0.9000875571553653,
        "parallel_requests_nb": 34
    },
    "38": {
        "speed_generation": [
            0.11574628607114157,
            14.827924735659046,
            0.12564627052582011
        ],
        "time_to_first_token": [
            0.378462016582489,
            3.32607102394104,
            0.9331837296485901
        ],
        "max_kv_cache": 1.0,
        "parallel_requests_nb": 38
    }
}