{
    "1": {
        "speed_generation": [
            0.44239226584292624,
            123.99967705132838,
            0.4000007282859315
        ],
        "time_to_first_token": [
            0.0014676451683044434,
            0.04709291458129883,
            0.0020914673805236816
        ],
        "max_kv_cache": 0.01303628757661246,
        "parallel_requests_nb": 1
    },
    "2": {
        "speed_generation": [
            0.4605508692467737,
            117.22526393385996,
            0.4851571384398312
        ],
        "time_to_first_token": [
            0.002218008041381836,
            0.07245206832885742,
            0.0037539005279541016
        ],
        "max_kv_cache": 0.025975289425041348,
        "parallel_requests_nb": 2
    },
    "3": {
        "speed_generation": [
            0.6069242703557194,
            112.07136508371899,
            0.6467246159047733
        ],
        "time_to_first_token": [
            0.011054515838623047,
            0.09643697738647461,
            0.006021976470947266
        ],
        "max_kv_cache": 0.03871971981710287,
        "parallel_requests_nb": 3
    },
    "4": {
        "speed_generation": [
            0.5599717363005112,
            108.34833414618328,
            0.6107187769177074
        ],
        "time_to_first_token": [
            0.028296947479248047,
            0.12119603157043457,
            0.00869297981262207
        ],
        "max_kv_cache": 0.05165872166553165,
        "parallel_requests_nb": 4
    },
    "6": {
        "speed_generation": [
            0.6316370633942654,
            95.67382856773857,
            0.8193439493159786
        ],
        "time_to_first_token": [
            0.018976569175720215,
            0.15715301036834717,
            0.01947098970413208
        ],
        "max_kv_cache": 0.07705029672147101,
        "parallel_requests_nb": 6
    },
    "8": {
        "speed_generation": [
            0.31798907912839525,
            91.36449696661137,
            0.23375316292276693
        ],
        "time_to_first_token": [
            0.008915901184082031,
            0.22262907028198242,
            0.007890939712524414
        ],
        "max_kv_cache": 0.10253915750559395,
        "parallel_requests_nb": 8
    },
    "10": {
        "speed_generation": [
            0.3399824144340755,
            90.3056660924201,
            0.24722585166679778
        ],
        "time_to_first_token": [
            0.007428646087646484,
            0.2729368209838867,
            0.008457183837890625
        ],
        "max_kv_cache": 0.12802801828971688,
        "parallel_requests_nb": 10
    },
    "14": {
        "speed_generation": [
            0.4300565720504608,
            84.2139612788497,
            0.348170625435813
        ],
        "time_to_first_token": [
            0.01144099235534668,
            0.38105201721191406,
            0.008836984634399414
        ],
        "max_kv_cache": 0.17958945422706485,
        "parallel_requests_nb": 14
    },
    "18": {
        "speed_generation": [
            0.6002010594398683,
            76.55449850099731,
            0.4097590751815261
        ],
        "time_to_first_token": [
            0.030984163284301758,
            0.48021411895751953,
            0.009655952453613281
        ],
        "max_kv_cache": 0.2307617472516782,
        "parallel_requests_nb": 18
    },
    "22": {
        "speed_generation": [
            2.213639621416405,
            70.54650214118914,
            0.2805252361104067
        ],
        "time_to_first_token": [
            0.05257391929626465,
            0.5696609020233154,
            0.018983125686645508
        ],
        "max_kv_cache": 0.28144761163537313,
        "parallel_requests_nb": 22
    },
    "26": {
        "speed_generation": [
            1.5164584096825848,
            58.48317381382549,
            0.39262112149468464
        ],
        "time_to_first_token": [
            0.025624513626098633,
            0.6825170516967773,
            0.03398239612579346
        ],
        "max_kv_cache": 0.33271719038817005,
        "parallel_requests_nb": 26
    },
    "30": {
        "speed_generation": [
            1.321430711497861,
            56.48843181822076,
            0.4007920916810619
        ],
        "time_to_first_token": [
            0.027012109756469727,
            0.7948601245880127,
            0.0311279296875
        ],
        "max_kv_cache": 0.38291662613094657,
        "parallel_requests_nb": 30
    },
    "34": {
        "speed_generation": [
            0.690917392837207,
            53.51098364927596,
            1.0097067573487664
        ],
        "time_to_first_token": [
            0.041835665702819824,
            0.912330150604248,
            0.016255736351013184
        ],
        "max_kv_cache": 0.43399163342737623,
        "parallel_requests_nb": 34
    },
    "38": {
        "speed_generation": [
            0.2834905673701016,
            50.97376684427055,
            0.319037178515309
        ],
        "time_to_first_token": [
            0.028061509132385254,
            1.0045030117034912,
            0.01986861228942871
        ],
        "max_kv_cache": 0.48584492654927525,
        "parallel_requests_nb": 38
    }
}