{
    "1": {
        "speed_generation": [
            0.5575876876386587,
            120.74239387407746,
            0.48719045685545836
        ],
        "time_to_first_token": [
            0.002187013626098633,
            0.045722007751464844,
            0.0019350051879882812
        ],
        "max_kv_cache": 0.007685572526510365,
        "parallel_requests_nb": 1
    },
    "2": {
        "speed_generation": [
            0.6190637389400422,
            112.31063931625076,
            0.6615643123967061
        ],
        "time_to_first_token": [
            0.0018448829650878906,
            0.07145500183105469,
            0.002246856689453125
        ],
        "max_kv_cache": 0.015273859324837047,
        "parallel_requests_nb": 2
    },
    "3": {
        "speed_generation": [
            0.7793631999497279,
            105.13166099204312,
            0.6580750551593724
        ],
        "time_to_first_token": [
            0.006487488746643066,
            0.07306098937988281,
            0.017260432243347168
        ],
        "max_kv_cache": 0.022667574666796364,
        "parallel_requests_nb": 3
    },
    "4": {
        "speed_generation": [
            0.706542948059635,
            101.26669880778748,
            0.7686280285060008
        ],
        "time_to_first_token": [
            0.01383960247039795,
            0.11831903457641602,
            0.006660342216491699
        ],
        "max_kv_cache": 0.029964004280572,
        "parallel_requests_nb": 4
    },
    "6": {
        "speed_generation": [
            0.7320913771344237,
            89.7990429376457,
            0.8257172325481434
        ],
        "time_to_first_token": [
            0.009818434715270996,
            0.17118358612060547,
            0.00720900297164917
        ],
        "max_kv_cache": 0.044751434964490744,
        "parallel_requests_nb": 6
    },
    "8": {
        "speed_generation": [
            0.4647041974421171,
            80.55966446117358,
            0.4435644147296216
        ],
        "time_to_first_token": [
            0.008104562759399414,
            0.22261440753936768,
            0.008319675922393799
        ],
        "max_kv_cache": 0.05914972273567465,
        "parallel_requests_nb": 8
    },
    "10": {
        "speed_generation": [
            0.5327114758962495,
            77.43137627636034,
            0.45428866027769743
        ],
        "time_to_first_token": [
            0.0775344967842102,
            0.22311389446258545,
            0.01888120174407959
        ],
        "max_kv_cache": 0.0739371534195934,
        "parallel_requests_nb": 10
    },
    "14": {
        "speed_generation": [
            0.4096414325400559,
            73.01632760616852,
            0.35562095929361703
        ],
        "time_to_first_token": [
            0.011362314224243164,
            0.38386595249176025,
            0.008253812789916992
        ],
        "max_kv_cache": 0.10322015760287961,
        "parallel_requests_nb": 14
    },
    "18": {
        "speed_generation": [
            0.46994076035491616,
            66.57909002234378,
            0.439719546651574
        ],
        "time_to_first_token": [
            0.014724314212799072,
            0.481939435005188,
            0.010098457336425781
        ],
        "max_kv_cache": 0.1326977332425333,
        "parallel_requests_nb": 18
    },
    "22": {
        "speed_generation": [
            0.5067305291247663,
            59.881399884008324,
            0.42260391398613706
        ],
        "time_to_first_token": [
            0.017259180545806885,
            0.5779885053634644,
            0.013876855373382568
        ],
        "max_kv_cache": 0.1616888802412686,
        "parallel_requests_nb": 22
    },
    "26": {
        "speed_generation": [
            0.3584812334983809,
            50.58268750710409,
            0.40029076938552777
        ],
        "time_to_first_token": [
            0.03174251317977905,
            0.6916505098342896,
            0.020195186138153076
        ],
        "max_kv_cache": 0.19145831306547334,
        "parallel_requests_nb": 26
    },
    "30": {
        "speed_generation": [
            0.5597918466868919,
            47.542507379373994,
            0.30892676983165757
        ],
        "time_to_first_token": [
            0.06187283992767334,
            0.810232400894165,
            0.015863120555877686
        ],
        "max_kv_cache": 0.2200603171514739,
        "parallel_requests_nb": 30
    },
    "34": {
        "speed_generation": [
            0.4156270960736137,
            44.698334433603755,
            0.24828164323328394
        ],
        "time_to_first_token": [
            0.02732795476913452,
            0.9105880260467529,
            0.01507103443145752
        ],
        "max_kv_cache": 0.24924603560657654,
        "parallel_requests_nb": 34
    },
    "38": {
        "speed_generation": [
            0.5465006756943396,
            41.714138733945234,
            0.315393829599131
        ],
        "time_to_first_token": [
            0.028403520584106445,
            1.024358868598938,
            0.024497568607330322
        ],
        "max_kv_cache": 0.2779453254207608,
        "parallel_requests_nb": 38
    }
}