{
    "3": {
        "speed_generation": [
            0.06148601431285705,
            12.23871385896007,
            0.07559101936106494
        ],
        "time_to_first_token": [
            0.014149487018585205,
            0.7806704044342041,
            0.011157512664794922
        ],
        "max_kv_cache": 0.03071202313730892,
        "parallel_requests_nb": 3
    },
    "8": {
        "speed_generation": [
            0.02842795513923768,
            6.3418503245067575,
            0.02412740225717247
        ],
        "time_to_first_token": [
            0.012462139129638672,
            1.9868791103363037,
            0.01117086410522461
        ],
        "max_kv_cache": 0.07946563834182618,
        "parallel_requests_nb": 8
    },
    "6": {
        "speed_generation": [
            0.04413010457590971,
            7.845936908526939,
            0.04454404271127377
        ],
        "time_to_first_token": [
            0.012390851974487305,
            1.503363847732544,
            0.012925148010253906
        ],
        "max_kv_cache": 0.06018454758297753,
        "parallel_requests_nb": 6
    },
    "30": {
        "speed_generation": [
            0.015338569290319848,
            1.897302703053886,
            0.011205556506988401
        ],
        "time_to_first_token": [
            0.03317391872406006,
            7.287752985954285,
            0.022810816764831543
        ],
        "max_kv_cache": 0.2963779093788734,
        "parallel_requests_nb": 30
    },
    "22": {
        "speed_generation": [
            0.01016182678483002,
            2.6775870127003114,
            0.009993988293399703
        ],
        "time_to_first_token": [
            0.022021234035491943,
            5.346544504165649,
            0.023026645183563232
        ],
        "max_kv_cache": 0.21760088142129186,
        "parallel_requests_nb": 22
    },
    "34": {
        "speed_generation": [
            0.014402426854070782,
            1.7027788853207158,
            0.0024738712405014684
        ],
        "time_to_first_token": [
            0.04133695363998413,
            8.246123433113098,
            0.024856269359588623
        ],
        "max_kv_cache": 0.3360418675113621,
        "parallel_requests_nb": 34
    },
    "38": {
        "speed_generation": [
            0.004878926832472041,
            1.5403687125781338,
            0.0049513161110705806
        ],
        "time_to_first_token": [
            0.045781075954437256,
            9.19819438457489,
            0.038469135761260986
        ],
        "max_kv_cache": 0.3739154386448148,
        "parallel_requests_nb": 38
    },
    "10": {
        "speed_generation": [
            0.019685363838891412,
            5.294138218516895,
            0.022455420679174942
        ],
        "time_to_first_token": [
            0.01581960916519165,
            2.4728360176086426,
            0.012717723846435547
        ],
        "max_kv_cache": 0.0991598953312216,
        "parallel_requests_nb": 10
    },
    "14": {
        "speed_generation": [
            0.021032088225126255,
            3.997331851707052,
            0.02385697221199612
        ],
        "time_to_first_token": [
            0.02112478017807007,
            3.4379820823669434,
            0.02463465929031372
        ],
        "max_kv_cache": 0.13799752100261675,
        "parallel_requests_nb": 14
    },
    "18": {
        "speed_generation": [
            0.013723770086984999,
            3.1845887404179605,
            0.016453547252219813
        ],
        "time_to_first_token": [
            0.029858291149139404,
            4.401466965675354,
            0.019793808460235596
        ],
        "max_kv_cache": 0.17890097782674563,
        "parallel_requests_nb": 18
    },
    "26": {
        "speed_generation": [
            0.006285043848315297,
            2.3001683836775184,
            0.007898639745340219
        ],
        "time_to_first_token": [
            0.027889370918273926,
            6.317137002944946,
            0.02096658945083618
        ],
        "max_kv_cache": 0.25726483955378043,
        "parallel_requests_nb": 26
    },
    "1": {
        "speed_generation": [
            0.04498565701315371,
            20.491422003134055,
            0.03606755197127498
        ],
        "time_to_first_token": [
            0.0014213919639587402,
            0.2933434247970581,
            0.0013778209686279297
        ],
        "max_kv_cache": 0.010329155763668885,
        "parallel_requests_nb": 1
    },
    "2": {
        "speed_generation": [
            0.08583169493969223,
            15.547278566262275,
            0.07405265563288665
        ],
        "time_to_first_token": [
            0.019680500030517578,
            0.5393950939178467,
            0.0034803152084350586
        ],
        "max_kv_cache": 0.02024514529679111,
        "parallel_requests_nb": 2
    },
    "4": {
        "speed_generation": [
            0.05814167675097082,
            10.327209896438383,
            0.05534908951607065
        ],
        "time_to_first_token": [
            0.012644767761230469,
            1.0212128162384033,
            0.01215219497680664
        ],
        "max_kv_cache": 0.040077124363035344,
        "parallel_requests_nb": 4
    }
}