{
    "3": {
        "speed_generation": [
            0.05507932446592534,
            24.82883579009067,
            0.047419656605484306
        ],
        "time_to_first_token": [
            0.007271289825439453,
            0.7729501724243164,
            0.01818084716796875
        ],
        "max_kv_cache": 0.0330532984437405,
        "parallel_requests_nb": 3
    },
    "6": {
        "speed_generation": [
            0.05688682483089735,
            21.455302714196886,
            0.04824530311583075
        ],
        "time_to_first_token": [
            0.013071060180664062,
            1.5039560794830322,
            0.014037847518920898
        ],
        "max_kv_cache": 0.06583115273378326,
        "parallel_requests_nb": 6
    },
    "30": {
        "speed_generation": [
            0.20403353330325835,
            6.969812132809001,
            0.17923498633177637
        ],
        "time_to_first_token": [
            0.036627769470214844,
            7.269693851470947,
            0.03558206558227539
        ],
        "max_kv_cache": 0.3237846026718083,
        "parallel_requests_nb": 30
    },
    "2": {
        "speed_generation": [
            0.08107952534758667,
            27.527040642808913,
            0.04512422887368572
        ],
        "time_to_first_token": [
            0.017750978469848633,
            0.5387790203094482,
            0.0051059722900390625
        ],
        "max_kv_cache": 0.022310976449524844,
        "parallel_requests_nb": 2
    },
    "34": {
        "speed_generation": [
            0.07539936191719132,
            6.709875054082473,
            0.1724224499192486
        ],
        "time_to_first_token": [
            0.04496896266937256,
            8.236274003982544,
            0.04124903678894043
        ],
        "max_kv_cache": 0.36758022310976446,
        "parallel_requests_nb": 34
    },
    "4": {
        "speed_generation": [
            0.05589451730368822,
            23.64516362599842,
            0.05373903196272778
        ],
        "time_to_first_token": [
            0.011549949645996094,
            1.0196709632873535,
            0.013657093048095703
        ],
        "max_kv_cache": 0.04379562043795615,
        "parallel_requests_nb": 4
    },
    "14": {
        "speed_generation": [
            0.04158544673085096,
            15.790669264763194,
            0.051607354484724866
        ],
        "time_to_first_token": [
            0.02169632911682129,
            3.4378011226654053,
            0.019116878509521484
        ],
        "max_kv_cache": 0.15149428453381075,
        "parallel_requests_nb": 14
    },
    "8": {
        "speed_generation": [
            0.06447967661165777,
            19.777704533966688,
            0.04683644617789895
        ],
        "time_to_first_token": [
            0.010907173156738281,
            1.9881391525268555,
            0.012495756149291992
        ],
        "max_kv_cache": 0.0869026304916678,
        "parallel_requests_nb": 8
    },
    "26": {
        "speed_generation": [
            0.03253940751383588,
            10.971724462898448,
            0.014128290972839963
        ],
        "time_to_first_token": [
            0.02828693389892578,
            6.324383974075317,
            0.015371084213256836
        ],
        "max_kv_cache": 0.28177936923288804,
        "parallel_requests_nb": 26
    },
    "38": {
        "speed_generation": [
            0.025351983049469062,
            6.312240852983378,
            0.1468057845939068
        ],
        "time_to_first_token": [
            0.04333806037902832,
            9.14211106300354,
            0.04305887222290039
        ],
        "max_kv_cache": 0.4094477344718358,
        "parallel_requests_nb": 38
    },
    "22": {
        "speed_generation": [
            0.027826528518422933,
            12.000573394277524,
            0.05505986682737429
        ],
        "time_to_first_token": [
            0.03186821937561035,
            5.3669140338897705,
            0.02186298370361328
        ],
        "max_kv_cache": 0.2381214708717807,
        "parallel_requests_nb": 22
    },
    "18": {
        "speed_generation": [
            0.030676123427440416,
            13.332717910669526,
            0.045456756225437545
        ],
        "time_to_first_token": [
            0.03488790988922119,
            4.400415897369385,
            0.02112758159637451
        ],
        "max_kv_cache": 0.1951521828949181,
        "parallel_requests_nb": 18
    },
    "1": {
        "speed_generation": [
            0.13165640083243346,
            28.953706965960777,
            0.040005906443990824
        ],
        "time_to_first_token": [
            0.0014552474021911621,
            0.29635941982269287,
            0.0014083385467529297
        ],
        "max_kv_cache": 0.011293210301611345,
        "parallel_requests_nb": 1
    },
    "10": {
        "speed_generation": [
            0.06995606496710849,
            18.17830918005255,
            0.04106045397347913
        ],
        "time_to_first_token": [
            0.01297616958618164,
            2.4655961990356445,
            0.011890649795532227
        ],
        "max_kv_cache": 0.10866271863379695,
        "parallel_requests_nb": 10
    }
}