{
    "18": {
        "speed_generation": [
            0.09910549907583999,
            25.430496260699776,
            0.08779515220797762
        ],
        "time_to_first_token": [
            0.011438846588134766,
            0.29540205001831055,
            0.009993791580200195
        ],
        "max_kv_cache": 0.030436578983611073,
        "parallel_requests_nb": 18
    },
    "2": {
        "speed_generation": [
            0.07744914897810773,
            30.986447586172705,
            0.09193832953680214
        ],
        "time_to_first_token": [
            0.0041692256927490234,
            0.08913207054138184,
            0.019021987915039062
        ],
        "max_kv_cache": 0.0035807739980718845,
        "parallel_requests_nb": 2
    },
    "1": {
        "speed_generation": [
            0.07692191150385597,
            31.11150238741129,
            0.037753517110882484
        ],
        "time_to_first_token": [
            0.0005066394805908203,
            0.07598400115966797,
            0.0019164085388183594
        ],
        "max_kv_cache": 0.0017903869990359977,
        "parallel_requests_nb": 1
    },
    "30": {
        "speed_generation": [
            0.20039464770491833,
            24.47733452338965,
            0.06810783300102585
        ],
        "time_to_first_token": [
            0.01976257562637329,
            0.4458744525909424,
            0.014803826808929443
        ],
        "max_kv_cache": 0.050268558049855416,
        "parallel_requests_nb": 30
    },
    "3": {
        "speed_generation": [
            0.09376289983386243,
            30.660547703484227,
            0.06696160369706305
        ],
        "time_to_first_token": [
            0.016046881675720215,
            0.10922062397003174,
            0.007883846759796143
        ],
        "max_kv_cache": 0.005371160997107882,
        "parallel_requests_nb": 3
    },
    "14": {
        "speed_generation": [
            0.07307529279924552,
            28.43660245917638,
            0.0803507496114797
        ],
        "time_to_first_token": [
            0.01005411148071289,
            0.24591708183288574,
            0.008651971817016602
        ],
        "max_kv_cache": 0.02396364137171192,
        "parallel_requests_nb": 14
    },
    "38": {
        "speed_generation": [
            0.1249155309406369,
            21.35561279441687,
            0.14672948228739813
        ],
        "time_to_first_token": [
            0.02575463056564331,
            0.5542271137237549,
            0.01697450876235962
        ],
        "max_kv_cache": 0.06280126704310696,
        "parallel_requests_nb": 38
    },
    "22": {
        "speed_generation": [
            0.13980292014618811,
            25.05419737247788,
            0.0959112495043577
        ],
        "time_to_first_token": [
            0.016629815101623535,
            0.3444244861602783,
            0.01648491621017456
        ],
        "max_kv_cache": 0.036358628288114536,
        "parallel_requests_nb": 22
    },
    "26": {
        "speed_generation": [
            0.06739097731399113,
            24.820682329469278,
            0.1258207862727403
        ],
        "time_to_first_token": [
            0.03421628475189209,
            0.3356245756149292,
            0.04512953758239746
        ],
        "max_kv_cache": 0.043520176284258416,
        "parallel_requests_nb": 26
    },
    "4": {
        "speed_generation": [
            0.060784331810040726,
            30.517453302469757,
            0.05320767057495601
        ],
        "time_to_first_token": [
            0.015098094940185547,
            0.12355899810791016,
            0.0070841312408447266
        ],
        "max_kv_cache": 0.007161547996143769,
        "parallel_requests_nb": 4
    },
    "34": {
        "speed_generation": [
            0.09562056485867387,
            21.647117227168366,
            0.09313270270629914
        ],
        "time_to_first_token": [
            0.02974945306777954,
            0.452441930770874,
            0.03421938419342041
        ],
        "max_kv_cache": 0.056466051508056725,
        "parallel_requests_nb": 34
    },
    "8": {
        "speed_generation": [
            0.11196279596421022,
            29.735023929434064,
            0.07528207780408636
        ],
        "time_to_first_token": [
            0.009991168975830078,
            0.15999507904052734,
            0.012187004089355469
        ],
        "max_kv_cache": 0.013772207684891846,
        "parallel_requests_nb": 8
    },
    "10": {
        "speed_generation": [
            0.10347218829396354,
            29.008254697738572,
            0.10257791227320467
        ],
        "time_to_first_token": [
            0.010648369789123535,
            0.19034290313720703,
            0.011761665344238281
        ],
        "max_kv_cache": 0.016939815452417073,
        "parallel_requests_nb": 10
    },
    "6": {
        "speed_generation": [
            0.06226014402766822,
            29.958359697355625,
            0.0652397730377956
        ],
        "time_to_first_token": [
            0.013758540153503418,
            0.14461708068847656,
            0.009568452835083008
        ],
        "max_kv_cache": 0.010466877840517808,
        "parallel_requests_nb": 6
    }
}