{
    "14": {
        "speed_generation": [
            0.025697998947443068,
            28.51519622561358,
            0.018166824275514415
        ],
        "time_to_first_token": [
            0.020828962326049805,
            0.2447960376739502,
            0.008239984512329102
        ],
        "max_kv_cache": 0.13083597300647298,
        "parallel_requests_nb": 14
    },
    "3": {
        "speed_generation": [
            0.033509946453900596,
            30.261373401565635,
            0.03280520976427681
        ],
        "time_to_first_token": [
            0.011244356632232666,
            0.10641956329345703,
            0.013043224811553955
        ],
        "max_kv_cache": 0.028233025754028418,
        "parallel_requests_nb": 3
    },
    "4": {
        "speed_generation": [
            0.14904278720705477,
            30.149387189624736,
            0.018235204333269195
        ],
        "time_to_first_token": [
            0.013814687728881836,
            0.1197965145111084,
            0.009232759475708008
        ],
        "max_kv_cache": 0.03759812697975484,
        "parallel_requests_nb": 4
    },
    "6": {
        "speed_generation": [
            0.021229199906958485,
            29.71445091860036,
            0.07655436970749818
        ],
        "time_to_first_token": [
            0.01722097396850586,
            0.1360630989074707,
            0.009312868118286133
        ],
        "max_kv_cache": 0.0563283294312078,
        "parallel_requests_nb": 6
    },
    "10": {
        "speed_generation": [
            0.011674392179138238,
            28.910932795227332,
            0.027967328860516005
        ],
        "time_to_first_token": [
            0.010453939437866211,
            0.18631291389465332,
            0.008634090423583984
        ],
        "max_kv_cache": 0.0936510122572648,
        "parallel_requests_nb": 10
    },
    "18": {
        "speed_generation": [
            0.02546461060227756,
            25.643614676696966,
            0.0895137046618828
        ],
        "time_to_first_token": [
            0.00897204875946045,
            0.29489707946777344,
            0.006821393966674805
        ],
        "max_kv_cache": 0.16857182206307675,
        "parallel_requests_nb": 18
    },
    "8": {
        "speed_generation": [
            0.014561377458598201,
            29.532176954493718,
            0.018626537283331857
        ],
        "time_to_first_token": [
            0.0070230960845947266,
            0.16015291213989258,
            0.01677107810974121
        ],
        "max_kv_cache": 0.07492080980581184,
        "parallel_requests_nb": 8
    },
    "1": {
        "speed_generation": [
            0.03633672556877343,
            31.084074396039007,
            0.019489335289158305
        ],
        "time_to_first_token": [
            0.0006342530250549316,
            0.07732558250427246,
            0.0021982192993164062
        ],
        "max_kv_cache": 0.00964054537942427,
        "parallel_requests_nb": 1
    },
    "2": {
        "speed_generation": [
            0.02980115500015046,
            31.09949373368012,
            0.02633158145765435
        ],
        "time_to_first_token": [
            0.00665593147277832,
            0.0921025276184082,
            0.01769620180130005
        ],
        "max_kv_cache": 0.019005646605150806,
        "parallel_requests_nb": 2
    }
}