{
    "38": {
        "speed_generation": [
            0.20913411454911568,
            13.320441643884081,
            0.19475291788218385
        ],
        "time_to_first_token": [
            0.01834028959274292,
            0.5552209615707397,
            0.010965526103973389
        ],
        "max_kv_cache": 0.026993527062388112,
        "parallel_requests_nb": 38
    },
    "30": {
        "speed_generation": [
            0.20820984969051182,
            15.766993214015361,
            0.17930219469695352
        ],
        "time_to_first_token": [
            0.017399847507476807,
            0.4405924081802368,
            0.013699889183044434
        ],
        "max_kv_cache": 0.021484643988431307,
        "parallel_requests_nb": 30
    },
    "2": {
        "speed_generation": [
            0.14499582762199026,
            27.269157151009225,
            0.29854229302480206
        ],
        "time_to_first_token": [
            0.005049943923950195,
            0.08975851535797119,
            0.019930720329284668
        ],
        "max_kv_cache": 0.0017903869990359977,
        "parallel_requests_nb": 2
    },
    "26": {
        "speed_generation": [
            0.45046595649974464,
            16.81224856548896,
            0.2765818345113935
        ],
        "time_to_first_token": [
            0.011214494705200195,
            0.38295745849609375,
            0.022433817386627197
        ],
        "max_kv_cache": 0.017903869990359422,
        "parallel_requests_nb": 26
    },
    "6": {
        "speed_generation": [
            0.29990810626410536,
            25.21817384043093,
            0.43543184211518593
        ],
        "time_to_first_token": [
            0.010164260864257812,
            0.13912999629974365,
            0.01384204626083374
        ],
        "max_kv_cache": 0.004820272689712191,
        "parallel_requests_nb": 6
    },
    "22": {
        "speed_generation": [
            0.3694460144911851,
            17.79465434742497,
            0.2444609300354017
        ],
        "time_to_first_token": [
            0.01481252908706665,
            0.3394334316253662,
            0.01614058017730713
        ],
        "max_kv_cache": 0.015700316760776767,
        "parallel_requests_nb": 22
    },
    "18": {
        "speed_generation": [
            0.5127409528001188,
            18.69720121839601,
            0.23309590084533127
        ],
        "time_to_first_token": [
            0.01998424530029297,
            0.2876710891723633,
            0.008264124393463135
        ],
        "max_kv_cache": 0.012670431070100574,
        "parallel_requests_nb": 18
    },
    "1": {
        "speed_generation": [
            0.096288696342814,
            29.063295491526087,
            0.0482111446047071
        ],
        "time_to_first_token": [
            0.0005214214324951172,
            0.07510042190551758,
            0.0018999576568603516
        ],
        "max_kv_cache": 0.0009640545379424603,
        "parallel_requests_nb": 1
    },
    "34": {
        "speed_generation": [
            0.18231836885831498,
            14.02757611895062,
            0.18171841894008267
        ],
        "time_to_first_token": [
            0.017153263092041016,
            0.4978410005569458,
            0.01796245574951172
        ],
        "max_kv_cache": 0.023275030987467304,
        "parallel_requests_nb": 34
    },
    "4": {
        "speed_generation": [
            0.2714791841032138,
            26.349570224751144,
            0.25155664662242927
        ],
        "time_to_first_token": [
            0.015133380889892578,
            0.1222304105758667,
            0.007064461708068848
        ],
        "max_kv_cache": 0.0031676077675251157,
        "parallel_requests_nb": 4
    },
    "14": {
        "speed_generation": [
            0.24770619643787484,
            21.37458800362726,
            0.28346872565575865
        ],
        "time_to_first_token": [
            0.013975143432617188,
            0.24365150928497314,
            0.009857237339019775
        ],
        "max_kv_cache": 0.010191433686819962,
        "parallel_requests_nb": 14
    },
    "10": {
        "speed_generation": [
            0.3286026117243459,
            23.23652580223571,
            0.26179837189890165
        ],
        "time_to_first_token": [
            0.009018301963806152,
            0.1865140199661255,
            0.008372783660888672
        ],
        "max_kv_cache": 0.007436992149841615,
        "parallel_requests_nb": 10
    },
    "3": {
        "speed_generation": [
            0.21198619493972615,
            26.821176742717164,
            0.23831987718931913
        ],
        "time_to_first_token": [
            0.016546964645385742,
            0.10880959033966064,
            0.007893204689025879
        ],
        "max_kv_cache": 0.0024789973832805012,
        "parallel_requests_nb": 3
    },
    "8": {
        "speed_generation": [
            0.4945901002802344,
            24.41120806451047,
            0.3691977689168091
        ],
        "time_to_first_token": [
            0.011437594890594482,
            0.1590900421142578,
            0.011113464832305908
        ],
        "max_kv_cache": 0.005922049304503463,
        "parallel_requests_nb": 8
    }
}