{
    "10": {
        "speed_generation": [
            0.06658853705138412,
            25.02414146542127,
            0.06830267124459866
        ],
        "time_to_first_token": [
            0.01886463165283203,
            2.461242198944092,
            0.012318253517150879
        ],
        "max_kv_cache": 0.18523619336179586,
        "parallel_requests_nb": 10
    },
    "4": {
        "speed_generation": [
            0.03817296547907745,
            27.853404246226493,
            0.03188933612868183
        ],
        "time_to_first_token": [
            0.006020784378051758,
            1.016472578048706,
            0.019695281982421875
        ],
        "max_kv_cache": 0.07478308772896292,
        "parallel_requests_nb": 4
    },
    "3": {
        "speed_generation": [
            0.0531003100075047,
            28.227268908233103,
            0.010862577573945487
        ],
        "time_to_first_token": [
            0.016041457653045654,
            0.785612940788269,
            0.005964398384094238
        ],
        "max_kv_cache": 0.056052885277509956,
        "parallel_requests_nb": 3
    },
    "1": {
        "speed_generation": [
            0.04332358361620692,
            30.477960656379345,
            0.03202286741619531
        ],
        "time_to_first_token": [
            0.0027049779891967773,
            0.30025196075439453,
            0.0029732584953308105
        ],
        "max_kv_cache": 0.01914336868199973,
        "parallel_requests_nb": 1
    },
    "2": {
        "speed_generation": [
            0.058801007838066965,
            30.412004376939308,
            0.02297323217844749
        ],
        "time_to_first_token": [
            0.01416480541229248,
            0.5431668758392334,
            0.005150556564331055
        ],
        "max_kv_cache": 0.03746040490290592,
        "parallel_requests_nb": 2
    },
    "6": {
        "speed_generation": [
            0.15604595444958136,
            26.649665214975577,
            0.05203607525335485
        ],
        "time_to_first_token": [
            0.01581549644470215,
            1.4932700395584106,
            0.016000688076019287
        ],
        "max_kv_cache": 0.11100399394022864,
        "parallel_requests_nb": 6
    },
    "14": {
        "speed_generation": [
            0.07529541432473152,
            24.22731028694069,
            0.029506626579010486
        ],
        "time_to_first_token": [
            0.024741649627685547,
            3.4057891368865967,
            0.027984261512756348
        ],
        "max_kv_cache": 0.2587797823991186,
        "parallel_requests_nb": 14
    },
    "8": {
        "speed_generation": [
            0.04806273666304861,
            26.146171323364662,
            0.045297393544725395
        ],
        "time_to_first_token": [
            0.008015155792236328,
            1.98067307472229,
            0.010764837265014648
        ],
        "max_kv_cache": 0.14832667676628564,
        "parallel_requests_nb": 8
    }
}