{
    "26": {
        "speed_generation": [
            0.005193969412427002,
            3.5328682601079464,
            0.011311061237428088
        ],
        "time_to_first_token": [
            6.907685995101929,
            22.00695300102234,
            3.8767080307006836
        ],
        "max_kv_cache": 1.0,
        "parallel_requests_nb": 26
    },
    "2": {
        "speed_generation": [
            0.22160727291014126,
            20.090340404713004,
            0.10504414504470105
        ],
        "time_to_first_token": [
            0.010947227478027344,
            2.0759730339050293,
            0.010951042175292969
        ],
        "max_kv_cache": 0.0796033604186751,
        "parallel_requests_nb": 2
    },
    "6": {
        "speed_generation": [
            0.06158237245172593,
            11.550908779172762,
            0.03045302375014458
        ],
        "time_to_first_token": [
            0.026543140411376953,
            6.05750298500061,
            0.027697086334228516
        ],
        "max_kv_cache": 0.23633108387274482,
        "parallel_requests_nb": 6
    },
    "10": {
        "speed_generation": [
            0.036785940984694676,
            6.531784938630075,
            0.048472823831356315
        ],
        "time_to_first_token": [
            0.015432476997375488,
            10.036345958709717,
            0.03621947765350342
        ],
        "max_kv_cache": 0.392232474865721,
        "parallel_requests_nb": 10
    },
    "18": {
        "speed_generation": [
            0.01650495886842762,
            4.573283032728813,
            0.013832318966876755
        ],
        "time_to_first_token": [
            3.8335318565368652,
            17.976120948791504,
            0.14278292655944824
        ],
        "max_kv_cache": 0.7044484230822201,
        "parallel_requests_nb": 18
    },
    "30": {
        "speed_generation": [
            0.002946534716050664,
            3.507293740306934,
            0.058662807131392825
        ],
        "time_to_first_token": [
            6.896018028259277,
            25.842339992523193,
            0.2282240390777588
        ],
        "max_kv_cache": 1.0,
        "parallel_requests_nb": 30
    },
    "3": {
        "speed_generation": [
            0.12596816483323892,
            16.84355292567868,
            0.07192120158635973
        ],
        "time_to_first_token": [
            0.0215875506401062,
            3.0714985132217407,
            0.01704549789428711
        ],
        "max_kv_cache": 0.11912959647431487,
        "parallel_requests_nb": 3
    },
    "14": {
        "speed_generation": [
            0.018833299879490895,
            5.319406467129731,
            0.01815180876283584
        ],
        "time_to_first_token": [
            0.09594202041625977,
            14.132610082626343,
            0.06975674629211426
        ],
        "max_kv_cache": 0.5496488087040352,
        "parallel_requests_nb": 14
    },
    "1": {
        "speed_generation": [
            0.25988018846120653,
            24.37744966121779,
            0.04572308979811268
        ],
        "time_to_first_token": [
            0.027804315090179443,
            1.0751501321792603,
            0.005210697650909424
        ],
        "max_kv_cache": 0.040077124363035344,
        "parallel_requests_nb": 1
    },
    "22": {
        "speed_generation": [
            0.03063100369538585,
            3.9849750063433493,
            0.01798400783268228
        ],
        "time_to_first_token": [
            6.4569679498672485,
            21.098472833633423,
            0.979171633720398
        ],
        "max_kv_cache": 0.8596612036909517,
        "parallel_requests_nb": 22
    },
    "4": {
        "speed_generation": [
            0.1556199651824599,
            14.855238304739808,
            0.07717632799481322
        ],
        "time_to_first_token": [
            0.021437644958496094,
            4.047444820404053,
            0.023093223571777344
        ],
        "max_kv_cache": 0.15782950006886098,
        "parallel_requests_nb": 4
    },
    "8": {
        "speed_generation": [
            0.04352845881154721,
            7.322230499256561,
            0.06667040693822113
        ],
        "time_to_first_token": [
            0.03798079490661621,
            8.035413980484009,
            0.05849313735961914
        ],
        "max_kv_cache": 0.3156590001377221,
        "parallel_requests_nb": 8
    }
}