{
    "1": {
        "speed_generation": [
            9.971791447144213,
            32.28540570082069,
            5.444271068564291
        ],
        "time_to_first_token": [
            0.014845013618469238,
            0.14250707626342773,
            0.24355995655059814
        ],
        "max_kv_cache": 0.00907530046602889,
        "parallel_requests_nb": 1
    },
    "2": {
        "speed_generation": [
            0.37414507075315484,
            19.156862274929463,
            0.24500429451259365
        ],
        "time_to_first_token": [
            0.010011553764343262,
            0.47327208518981934,
            0.01213085651397705
        ],
        "max_kv_cache": 0.017414765759136586,
        "parallel_requests_nb": 2
    },
    "3": {
        "speed_generation": [
            0.18932675611326388,
            17.173907502445232,
            0.20049269390356983
        ],
        "time_to_first_token": [
            0.016880035400390625,
            0.5328400135040283,
            0.010782957077026367
        ],
        "max_kv_cache": 0.02587687024773122,
        "parallel_requests_nb": 3
    },
    "4": {
        "speed_generation": [
            0.16803045752424417,
            15.607797845163244,
            0.1468665855103417
        ],
        "time_to_first_token": [
            0.018683195114135742,
            0.5873719453811646,
            0.009034276008605957
        ],
        "max_kv_cache": 0.034216335540838805,
        "parallel_requests_nb": 4
    },
    "6": {
        "speed_generation": [
            0.11637623434499034,
            13.040953484535297,
            0.10795449259240186
        ],
        "time_to_first_token": [
            0.014604568481445312,
            0.6964759826660156,
            0.010067462921142578
        ],
        "max_kv_cache": 0.051140544518027964,
        "parallel_requests_nb": 6
    },
    "8": {
        "speed_generation": [
            0.08795629644698799,
            11.240972511131162,
            0.09951280434742849
        ],
        "time_to_first_token": [
            0.024363398551940918,
            0.8062770366668701,
            0.009511053562164307
        ],
        "max_kv_cache": 0.06757419671326959,
        "parallel_requests_nb": 8
    },
    "10": {
        "speed_generation": [
            0.12079782195236533,
            9.760838555985504,
            0.10339244234711842
        ],
        "time_to_first_token": [
            0.018684804439544678,
            0.9187735319137573,
            0.01492685079574585
        ],
        "max_kv_cache": 0.08449840569045863,
        "parallel_requests_nb": 10
    },
    "14": {
        "speed_generation": [
            0.07192050168347652,
            7.924138579742701,
            0.07982160495806667
        ],
        "time_to_first_token": [
            0.02462780475616455,
            1.1336690187454224,
            0.012826144695281982
        ],
        "max_kv_cache": 0.11785626686288941,
        "parallel_requests_nb": 14
    },
    "18": {
        "speed_generation": [
            0.05006482367886722,
            6.625732159808805,
            0.049649224096874
        ],
        "time_to_first_token": [
            0.02530968189239502,
            1.3549818992614746,
            0.012637138366699219
        ],
        "max_kv_cache": 0.15182732401275445,
        "parallel_requests_nb": 18
    },
    "22": {
        "speed_generation": [
            0.03206208413102285,
            5.72227132739688,
            0.07286354841996712
        ],
        "time_to_first_token": [
            0.08047229051589966,
            1.5681779384613037,
            0.01978367567062378
        ],
        "max_kv_cache": 0.18493990679421146,
        "parallel_requests_nb": 22
    },
    "26": {
        "speed_generation": [
            0.039214267942026204,
            5.039739141984089,
            0.058915073040282095
        ],
        "time_to_first_token": [
            0.10392826795578003,
            1.7806439399719238,
            0.020922064781188965
        ],
        "max_kv_cache": 0.21842040716212907,
        "parallel_requests_nb": 26
    },
    "30": {
        "speed_generation": [
            0.04866318757229138,
            4.49617538964314,
            0.05719293617023613
        ],
        "time_to_first_token": [
            0.05673635005950928,
            1.9877759218215942,
            0.023600399494171143
        ],
        "max_kv_cache": 0.2520235467255335,
        "parallel_requests_nb": 30
    },
    "34": {
        "speed_generation": [
            0.048597031834478166,
            4.060726650634005,
            0.02668184588766298
        ],
        "time_to_first_token": [
            0.02881258726119995,
            2.2146636247634888,
            0.01893562078475952
        ],
        "max_kv_cache": 0.2858719646799117,
        "parallel_requests_nb": 34
    },
    "38": {
        "speed_generation": [
            0.028738512266894833,
            3.6462265797012283,
            0.029864591882873714
        ],
        "time_to_first_token": [
            0.017132282257080078,
            2.4475369453430176,
            0.01999717950820923
        ],
        "max_kv_cache": 0.3184939906794212,
        "parallel_requests_nb": 38
    }
}