{
    "1": {
        "speed_generation": [
            1.1503011511929486,
            83.06657633486839,
            2.2960913045782974
        ],
        "time_to_first_token": [
            0.0019881129264831543,
            0.04277515411376953,
            0.0010727643966674805
        ],
        "max_kv_cache": 0.0009811135638950752,
        "parallel_requests_nb": 1
    },
    "2": {
        "speed_generation": [
            1.5000439132570733,
            70.32301277661482,
            2.1459844018778824
        ],
        "time_to_first_token": [
            0.0035367608070373535,
            0.062076449394226074,
            0.0019048452377319336
        ],
        "max_kv_cache": 0.0015943095413294417,
        "parallel_requests_nb": 2
    },
    "3": {
        "speed_generation": [
            1.3176820005235328,
            69.03618180118015,
            1.7486071641781251
        ],
        "time_to_first_token": [
            0.002889573574066162,
            0.06573951244354248,
            0.002755403518676758
        ],
        "max_kv_cache": 0.002330144714250637,
        "parallel_requests_nb": 3
    },
    "4": {
        "speed_generation": [
            1.3539507548351395,
            68.48028442699595,
            1.5555167002608243
        ],
        "time_to_first_token": [
            0.0026872754096984863,
            0.06794595718383789,
            0.0023351311683654785
        ],
        "max_kv_cache": 0.0029433406916851146,
        "parallel_requests_nb": 4
    },
    "6": {
        "speed_generation": [
            1.4319953628948952,
            67.34207045285729,
            1.7084248368807664
        ],
        "time_to_first_token": [
            0.004151463508605957,
            0.07272601127624512,
            0.0030295252799987793
        ],
        "max_kv_cache": 0.004047093451066908,
        "parallel_requests_nb": 6
    },
    "8": {
        "speed_generation": [
            1.6954499888394992,
            66.72781481827396,
            1.728841093043485
        ],
        "time_to_first_token": [
            0.005114734172821045,
            0.07543492317199707,
            0.004254162311553955
        ],
        "max_kv_cache": 0.0053961246014225805,
        "parallel_requests_nb": 8
    },
    "10": {
        "speed_generation": [
            1.481706714051981,
            63.67877495217904,
            1.6091119892579115
        ],
        "time_to_first_token": [
            0.003955662250518799,
            0.08294534683227539,
            0.004079580307006836
        ],
        "max_kv_cache": 0.006499877360804485,
        "parallel_requests_nb": 10
    },
    "14": {
        "speed_generation": [
            1.2259292828206156,
            59.70430623498683,
            1.274814584642094
        ],
        "time_to_first_token": [
            0.0041509270668029785,
            0.0942150354385376,
            0.004990279674530029
        ],
        "max_kv_cache": 0.008952661270542062,
        "parallel_requests_nb": 14
    },
    "18": {
        "speed_generation": [
            1.4347986219747355,
            57.320035019705614,
            1.4825521583988177
        ],
        "time_to_first_token": [
            0.0074759721755981445,
            0.1119004487991333,
            0.0072422027587890625
        ],
        "max_kv_cache": 0.011282805984792699,
        "parallel_requests_nb": 18
    },
    "22": {
        "speed_generation": [
            1.0617659151207945,
            52.68425690664173,
            1.148926888759192
        ],
        "time_to_first_token": [
            0.00709301233291626,
            0.12645506858825684,
            0.005396068096160889
        ],
        "max_kv_cache": 0.014471425067451582,
        "parallel_requests_nb": 22
    },
    "26": {
        "speed_generation": [
            1.087647382864013,
            48.00421774710192,
            1.4090961674520273
        ],
        "time_to_first_token": [
            0.011614620685577393,
            0.14387547969818115,
            0.008498668670654297
        ],
        "max_kv_cache": 0.015943095413294084,
        "parallel_requests_nb": 26
    },
    "30": {
        "speed_generation": [
            0.9417246952730167,
            45.094936499630116,
            0.9369664026195821
        ],
        "time_to_first_token": [
            0.010319709777832031,
            0.15799248218536377,
            0.007085561752319336
        ],
        "max_kv_cache": 0.018027961736571063,
        "parallel_requests_nb": 30
    },
    "34": {
        "speed_generation": [
            1.178244002610235,
            41.005977304184185,
            1.3043761893777344
        ],
        "time_to_first_token": [
            0.013711214065551758,
            0.17945849895477295,
            0.009753882884979248
        ],
        "max_kv_cache": 0.02060338484179547,
        "parallel_requests_nb": 34
    },
    "38": {
        "speed_generation": [
            0.735254169643909,
            39.0530644359218,
            0.6630966683143455
        ],
        "time_to_first_token": [
            0.013852953910827637,
            0.19349050521850586,
            0.009749829769134521
        ],
        "max_kv_cache": 0.02256561196958551,
        "parallel_requests_nb": 38
    }
}