{
    "1": {
        "speed_generation": [
            2.362334704702974,
            43.20620769315094,
            2.6090402250438913
        ],
        "time_to_first_token": [
            0.009036004543304443,
            0.2911185026168823,
            0.23462772369384766
        ],
        "max_kv_cache": 0.034461613931812574,
        "parallel_requests_nb": 1
    },
    "2": {
        "speed_generation": [
            1.0365233146012827,
            33.31934527693947,
            0.7409623745696194
        ],
        "time_to_first_token": [
            0.31382107734680176,
            0.7611911296844482,
            0.02155137062072754
        ],
        "max_kv_cache": 0.06769683590875641,
        "parallel_requests_nb": 2
    },
    "3": {
        "speed_generation": [
            0.21174079779866872,
            28.491684106319383,
            0.16647308020563045
        ],
        "time_to_first_token": [
            0.019585847854614258,
            0.9845268726348877,
            0.016923189163208008
        ],
        "max_kv_cache": 0.10129997547216085,
        "parallel_requests_nb": 3
    },
    "4": {
        "speed_generation": [
            0.23261692610623186,
            24.765203875168677,
            0.23185637832055406
        ],
        "time_to_first_token": [
            0.02225184440612793,
            1.1992218494415283,
            0.0174560546875
        ],
        "max_kv_cache": 0.1345351974491047,
        "parallel_requests_nb": 4
    },
    "6": {
        "speed_generation": [
            0.10851104309015724,
            19.522539573102673,
            0.1493591703802153
        ],
        "time_to_first_token": [
            0.014850974082946777,
            1.6283819675445557,
            0.012239575386047363
        ],
        "max_kv_cache": 0.20137355898945308,
        "parallel_requests_nb": 6
    },
    "8": {
        "speed_generation": [
            0.23083290720764182,
            16.191619271670614,
            0.08985681796381328
        ],
        "time_to_first_token": [
            0.030797243118286133,
            2.047619104385376,
            0.017755985260009766
        ],
        "max_kv_cache": 0.2687024773117488,
        "parallel_requests_nb": 8
    },
    "10": {
        "speed_generation": [
            0.09357494937435007,
            13.763507265995074,
            0.05459531590118161
        ],
        "time_to_first_token": [
            0.024863004684448242,
            2.4667890071868896,
            0.016497135162353516
        ],
        "max_kv_cache": 0.335663478047584,
        "parallel_requests_nb": 10
    },
    "14": {
        "speed_generation": [
            0.06339522348535276,
            10.710016448715631,
            0.03823925751295931
        ],
        "time_to_first_token": [
            0.03560495376586914,
            3.3061578273773193,
            0.019016265869140625
        ],
        "max_kv_cache": 0.46823644836889866,
        "parallel_requests_nb": 14
    },
    "18": {
        "speed_generation": [
            0.06003099927993816,
            8.579077049351573,
            0.045781527281649304
        ],
        "time_to_first_token": [
            0.05232799053192139,
            4.169003009796143,
            0.02149498462677002
        ],
        "max_kv_cache": 0.599215109148884,
        "parallel_requests_nb": 18
    },
    "22": {
        "speed_generation": [
            0.01633310377939612,
            7.334658087980691,
            0.01547484033198554
        ],
        "time_to_first_token": [
            0.01914501190185547,
            5.009639024734497,
            0.023524999618530273
        ],
        "max_kv_cache": 0.7337503065979887,
        "parallel_requests_nb": 22
    },
    "26": {
        "speed_generation": [
            0.04977057190469125,
            5.723738053141727,
            0.03836419244809974
        ],
        "time_to_first_token": [
            0.040763139724731445,
            5.849491119384766,
            0.0338289737701416
        ],
        "max_kv_cache": 0.8654648025508953,
        "parallel_requests_nb": 26
    },
    "30": {
        "speed_generation": [
            0.03553100128548348,
            4.983339086590871,
            0.02730379461921384
        ],
        "time_to_first_token": [
            0.0511929988861084,
            6.687448978424072,
            0.037177085876464844
        ],
        "max_kv_cache": 0.9982830512631837,
        "parallel_requests_nb": 30
    },
    "34": {
        "speed_generation": [
            0.044834301699964385,
            4.981983915473187,
            0.5050230317802535
        ],
        "time_to_first_token": [
            0.15638285875320435,
            6.70488703250885,
            0.06560784578323364
        ],
        "max_kv_cache": 0.9996320824135394,
        "parallel_requests_nb": 34
    },
    "38": {
        "speed_generation": [
            1.934856586136116,
            5.448327103985399,
            0.1182800878330621
        ],
        "time_to_first_token": [
            0.10805225372314453,
            6.575358152389526,
            15.113763809204102
        ],
        "max_kv_cache": 0.9997547216090262,
        "parallel_requests_nb": 38
    }
}