{
    "1": {
        "speed_generation": [
            0.2771660006202268,
            79.82534000835616,
            0.23731058327311416
        ],
        "time_to_first_token": [
            0.0019829273223876953,
            0.2355809211730957,
            0.0012090206146240234
        ],
        "max_kv_cache": 0.034584253127299514,
        "parallel_requests_nb": 1
    },
    "2": {
        "speed_generation": [
            0.43304409915850783,
            65.86425193036634,
            0.37637137967520573
        ],
        "time_to_first_token": [
            0.16465425491333008,
            0.4367060661315918,
            0.01144099235534668
        ],
        "max_kv_cache": 0.06769683590875641,
        "parallel_requests_nb": 2
    },
    "3": {
        "speed_generation": [
            0.313207647884191,
            54.86258237625181,
            0.2872251077226551
        ],
        "time_to_first_token": [
            0.17096495628356934,
            0.6445460319519043,
            0.011091947555541992
        ],
        "max_kv_cache": 0.10154525386313462,
        "parallel_requests_nb": 3
    },
    "4": {
        "speed_generation": [
            0.25086271272012084,
            47.73296259227591,
            0.2535649160581386
        ],
        "time_to_first_token": [
            0.16602587699890137,
            0.8539290428161621,
            0.012585878372192383
        ],
        "max_kv_cache": 0.13502575423105223,
        "parallel_requests_nb": 4
    },
    "6": {
        "speed_generation": [
            0.18024670903988493,
            37.22260064669193,
            0.21816922578218367
        ],
        "time_to_first_token": [
            0.16518211364746094,
            1.2773990631103516,
            0.018557071685791016
        ],
        "max_kv_cache": 0.2014961981849399,
        "parallel_requests_nb": 6
    },
    "8": {
        "speed_generation": [
            0.153440469231942,
            30.926540101579803,
            0.11952326808885516
        ],
        "time_to_first_token": [
            0.1663990020751953,
            1.6976420879364014,
            0.013692140579223633
        ],
        "max_kv_cache": 0.2675987245523669,
        "parallel_requests_nb": 8
    },
    "10": {
        "speed_generation": [
            0.1223109307036303,
            26.30487051584593,
            0.06952340886227049
        ],
        "time_to_first_token": [
            0.018215179443359375,
            2.133786201477051,
            0.013804912567138672
        ],
        "max_kv_cache": 0.335663478047584,
        "parallel_requests_nb": 10
    },
    "14": {
        "speed_generation": [
            0.09997470318964474,
            20.366812625983567,
            0.049561829175555516
        ],
        "time_to_first_token": [
            0.3633030652999878,
            2.97359299659729,
            0.014127492904663086
        ],
        "max_kv_cache": 0.46848172675987243,
        "parallel_requests_nb": 14
    },
    "18": {
        "speed_generation": [
            0.09643031997849683,
            16.047868462164434,
            0.06833735204558522
        ],
        "time_to_first_token": [
            0.025797009468078613,
            3.831350088119507,
            0.02125251293182373
        ],
        "max_kv_cache": 0.6024037282315429,
        "parallel_requests_nb": 18
    },
    "22": {
        "speed_generation": [
            0.06522578572238125,
            13.863280506698981,
            0.06341400327906754
        ],
        "time_to_first_token": [
            0.01782989501953125,
            4.6807990074157715,
            0.019196033477783203
        ],
        "max_kv_cache": 0.7341182241844493,
        "parallel_requests_nb": 22
    },
    "26": {
        "speed_generation": [
            0.12607498439349207,
            12.138667404175697,
            0.0471143477929612
        ],
        "time_to_first_token": [
            0.024860143661499023,
            4.9565269947052,
            0.021829843521118164
        ],
        "max_kv_cache": 0.8687760608290409,
        "parallel_requests_nb": 26
    },
    "30": {
        "speed_generation": [
            0.13025404809065222,
            10.423118284412315,
            0.03267799704245533
        ],
        "time_to_first_token": [
            1.1949421763420105,
            5.022363901138306,
            1.1106624007225037
        ],
        "max_kv_cache": 0.9995094432180525,
        "parallel_requests_nb": 30
    },
    "34": {
        "speed_generation": [
            0.43231292676397537,
            10.39958451364577,
            0.07023258308883129
        ],
        "time_to_first_token": [
            1.1391573548316956,
            6.091982483863831,
            0.22205281257629395
        ],
        "max_kv_cache": 0.9998773608045132,
        "parallel_requests_nb": 34
    },
    "38": {
        "speed_generation": [
            4.3240677501461855,
            10.315189540293504,
            0.15621338911583926
        ],
        "time_to_first_token": [
            1.3490688800811768,
            6.334301948547363,
            8.35088300704956
        ],
        "max_kv_cache": 0.9993868040225656,
        "parallel_requests_nb": 38
    }
}