{
    "1": {
        "speed_generation": [
            0.5770662005952971,
            90.75877348437368,
            0.20124834422855997
        ],
        "time_to_first_token": [
            0.0014957189559936523,
            0.2382131814956665,
            0.006542384624481201
        ],
        "max_kv_cache": 0.041452048074564596,
        "parallel_requests_nb": 1
    },
    "2": {
        "speed_generation": [
            0.8752301663948572,
            78.82788794918548,
            0.2099292269907238
        ],
        "time_to_first_token": [
            0.16394227743148804,
            0.4413965940475464,
            0.01384502649307251
        ],
        "max_kv_cache": 0.08118714741231292,
        "parallel_requests_nb": 2
    },
    "3": {
        "speed_generation": [
            1.4676661126528074,
            70.91997256705406,
            0.17365363538883116
        ],
        "time_to_first_token": [
            0.2548694610595703,
            0.6468360424041748,
            0.009739041328430176
        ],
        "max_kv_cache": 0.12153544272749572,
        "parallel_requests_nb": 3
    },
    "4": {
        "speed_generation": [
            1.3793900668289538,
            64.15987323173435,
            0.2779951421130562
        ],
        "time_to_first_token": [
            0.16159892082214355,
            0.8563308715820312,
            0.01227116584777832
        ],
        "max_kv_cache": 0.16212901643365218,
        "parallel_requests_nb": 4
    },
    "6": {
        "speed_generation": [
            1.3411507996151428,
            53.208484567383614,
            0.17344600483288986
        ],
        "time_to_first_token": [
            0.1618102788925171,
            1.2784671783447266,
            0.01612389087677002
        ],
        "max_kv_cache": 0.2425803286730439,
        "parallel_requests_nb": 6
    },
    "8": {
        "speed_generation": [
            0.778131258749788,
            45.320167770596626,
            0.28013351007449216
        ],
        "time_to_first_token": [
            0.3116021156311035,
            1.6535170078277588,
            0.0776829719543457
        ],
        "max_kv_cache": 0.3232769193034094,
        "parallel_requests_nb": 8
    },
    "10": {
        "speed_generation": [
            0.45737822389330063,
            40.29493531163895,
            0.2928326929326488
        ],
        "time_to_first_token": [
            0.16949939727783203,
            2.032533884048462,
            0.12031352519989014
        ],
        "max_kv_cache": 0.4033603139563404,
        "parallel_requests_nb": 10
    },
    "14": {
        "speed_generation": [
            0.07897079206502156,
            32.468619471565,
            0.36803423421635983
        ],
        "time_to_first_token": [
            0.3749436140060425,
            2.9787371158599854,
            0.018569350242614746
        ],
        "max_kv_cache": 0.5624233505028207,
        "parallel_requests_nb": 14
    },
    "18": {
        "speed_generation": [
            0.26757791748888593,
            25.691672257390884,
            0.1191971609961513
        ],
        "time_to_first_token": [
            0.10421431064605713,
            3.832042932510376,
            0.013550519943237305
        ],
        "max_kv_cache": 0.7261466764778023,
        "parallel_requests_nb": 18
    },
    "22": {
        "speed_generation": [
            0.2889304652958238,
            23.121978355004014,
            0.13060849332475755
        ],
        "time_to_first_token": [
            0.03531789779663086,
            4.697690963745117,
            0.01779317855834961
        ],
        "max_kv_cache": 0.8863134657836644,
        "parallel_requests_nb": 22
    },
    "26": {
        "speed_generation": [
            0.08449742585769116,
            20.656889297934185,
            0.10435437960278904
        ],
        "time_to_first_token": [
            1.3897878527641296,
            5.023484110832214,
            0.536555290222168
        ],
        "max_kv_cache": 1.0,
        "parallel_requests_nb": 26
    },
    "30": {
        "speed_generation": [
            0.33722660478114364,
            19.156399207414,
            0.2359946285444252
        ],
        "time_to_first_token": [
            0.07926833629608154,
            4.921872973442078,
            1.291423261165619
        ],
        "max_kv_cache": 1.0,
        "parallel_requests_nb": 30
    },
    "34": {
        "speed_generation": [
            5.363462844846303,
            19.04300049593078,
            0.10390786044146694
        ],
        "time_to_first_token": [
            0.34235501289367676,
            5.311136960983276,
            1.154158115386963
        ],
        "max_kv_cache": 0.9998773608045132,
        "parallel_requests_nb": 34
    },
    "38": {
        "speed_generation": [
            8.635190387401135,
            18.90832209314175,
            0.43283532556601756
        ],
        "time_to_first_token": [
            1.0890049934387207,
            6.165004014968872,
            46.26844000816345
        ],
        "max_kv_cache": 1.0,
        "parallel_requests_nb": 38
    }
}