{
    "1": {
        "speed_generation": [
            0.3143231244718194,
            48.98809554048295,
            0.4152122495973316
        ],
        "time_to_first_token": [
            0.013063311576843262,
            0.30457937717437744,
            0.2270810604095459
        ],
        "max_kv_cache": 0.04132940887907777,
        "parallel_requests_nb": 1
    },
    "2": {
        "speed_generation": [
            0.24014846230812736,
            40.193702743073274,
            0.20314505944762828
        ],
        "time_to_first_token": [
            0.009850144386291504,
            0.7718805074691772,
            0.012569010257720947
        ],
        "max_kv_cache": 0.08143242580328669,
        "parallel_requests_nb": 2
    },
    "3": {
        "speed_generation": [
            0.31657547518740614,
            34.31440244289256,
            0.26099737322006433
        ],
        "time_to_first_token": [
            0.024536550045013428,
            0.9780291318893433,
            0.027313530445098877
        ],
        "max_kv_cache": 0.12227127790041692,
        "parallel_requests_nb": 3
    },
    "4": {
        "speed_generation": [
            0.27919281228434656,
            30.1571988273855,
            0.17006530956701837
        ],
        "time_to_first_token": [
            0.22766578197479248,
            1.1687514781951904,
            0.032844603061676025
        ],
        "max_kv_cache": 0.1617610988471916,
        "parallel_requests_nb": 4
    },
    "6": {
        "speed_generation": [
            0.12338712794987572,
            23.898457844015525,
            0.46660570139362534
        ],
        "time_to_first_token": [
            0.1905471682548523,
            1.5611029863357544,
            0.07718539237976074
        ],
        "max_kv_cache": 0.24159921510914883,
        "parallel_requests_nb": 6
    },
    "8": {
        "speed_generation": [
            0.13685291914574904,
            20.304947046383564,
            0.0982982805498338
        ],
        "time_to_first_token": [
            0.04713332653045654,
            2.0494799613952637,
            0.015110433101654053
        ],
        "max_kv_cache": 0.3226637233259749,
        "parallel_requests_nb": 8
    },
    "10": {
        "speed_generation": [
            0.10470007943932202,
            17.20162483580133,
            0.12444933733341301
        ],
        "time_to_first_token": [
            0.01976335048675537,
            2.244900941848755,
            0.18586456775665283
        ],
        "max_kv_cache": 0.40274711797890606,
        "parallel_requests_nb": 10
    },
    "14": {
        "speed_generation": [
            0.06752837364429176,
            13.661167630004423,
            0.050170725630867
        ],
        "time_to_first_token": [
            0.07577824592590332,
            3.305723190307617,
            0.040869951248168945
        ],
        "max_kv_cache": 0.5647534952170714,
        "parallel_requests_nb": 14
    },
    "18": {
        "speed_generation": [
            0.05958674529190944,
            10.79708121198028,
            0.17288647397058554
        ],
        "time_to_first_token": [
            0.07184052467346191,
            4.129523992538452,
            0.022688865661621094
        ],
        "max_kv_cache": 0.7217316654402748,
        "parallel_requests_nb": 18
    },
    "22": {
        "speed_generation": [
            0.009926169737672907,
            9.258617980770538,
            0.19354620410057066
        ],
        "time_to_first_token": [
            0.05257129669189453,
            4.876165151596069,
            0.11942672729492188
        ],
        "max_kv_cache": 0.8830022075055187,
        "parallel_requests_nb": 22
    },
    "26": {
        "speed_generation": [
            0.05093238990559179,
            8.152646281413244,
            0.05421297319433904
        ],
        "time_to_first_token": [
            0.2364681363105774,
            5.897896647453308,
            0.058911263942718506
        ],
        "max_kv_cache": 1.0,
        "parallel_requests_nb": 26
    }
}