{
    "1": {
        "speed_generation": [
            0.17212407758576376,
            40.240538276529314,
            0.186658705626634
        ],
        "time_to_first_token": [
            0.0014109611511230469,
            0.2356858253479004,
            0.0012772083282470703
        ],
        "max_kv_cache": 0.03372577875889138,
        "parallel_requests_nb": 1
    },
    "2": {
        "speed_generation": [
            0.24582273589276582,
            25.430456509242237,
            0.2629396286812984
        ],
        "time_to_first_token": [
            0.1665041446685791,
            0.43622899055480957,
            0.011244773864746094
        ],
        "max_kv_cache": 0.06659308314937451,
        "parallel_requests_nb": 2
    },
    "3": {
        "speed_generation": [
            0.175370890886839,
            18.63642798805668,
            0.16341888806545057
        ],
        "time_to_first_token": [
            0.17330026626586914,
            0.64592444896698,
            0.01072019338607788
        ],
        "max_kv_cache": 0.09970566593083152,
        "parallel_requests_nb": 3
    },
    "4": {
        "speed_generation": [
            0.14891938954678885,
            14.799083550864086,
            0.12623029562149135
        ],
        "time_to_first_token": [
            0.1681031584739685,
            0.8498204946517944,
            0.015107989311218262
        ],
        "max_kv_cache": 0.1315918567574197,
        "parallel_requests_nb": 4
    },
    "6": {
        "speed_generation": [
            0.07967117099552112,
            10.318898573093342,
            0.09649244435251347
        ],
        "time_to_first_token": [
            0.16036152839660645,
            1.2578835487365723,
            0.03050374984741211
        ],
        "max_kv_cache": 0.1974491047338729,
        "parallel_requests_nb": 6
    },
    "8": {
        "speed_generation": [
            0.046076932637088674,
            7.973788119309495,
            0.04186698030367886
        ],
        "time_to_first_token": [
            0.16421574354171753,
            1.7003511190414429,
            0.01413637399673462
        ],
        "max_kv_cache": 0.2618346823644837,
        "parallel_requests_nb": 8
    },
    "10": {
        "speed_generation": [
            0.026017957416541115,
            6.50997963992811,
            0.027899601792357842
        ],
        "time_to_first_token": [
            0.010614991188049316,
            2.129554510116577,
            0.009090542793273926
        ],
        "max_kv_cache": 0.3265881775815551,
        "parallel_requests_nb": 10
    },
    "14": {
        "speed_generation": [
            0.023345914409524937,
            4.747370933575555,
            0.01729195053546473
        ],
        "time_to_first_token": [
            0.013942122459411621,
            2.976083517074585,
            0.01340639591217041
        ],
        "max_kv_cache": 0.4570762815795928,
        "parallel_requests_nb": 14
    },
    "18": {
        "speed_generation": [
            0.009595812464909592,
            3.7050768528785945,
            0.00804501828917914
        ],
        "time_to_first_token": [
            0.009460151195526123,
            3.8282554149627686,
            0.010094404220581055
        ],
        "max_kv_cache": 0.586215354427275,
        "parallel_requests_nb": 18
    },
    "22": {
        "speed_generation": [
            0.007611753460664339,
            3.064211919387991,
            0.0067482764319364286
        ],
        "time_to_first_token": [
            0.014024019241333008,
            4.681058883666992,
            0.010986089706420898
        ],
        "max_kv_cache": 0.715477066470444,
        "parallel_requests_nb": 22
    },
    "26": {
        "speed_generation": [
            0.01075866666680625,
            2.6160057589743717,
            0.007272098244028413
        ],
        "time_to_first_token": [
            0.02392488718032837,
            4.946382999420166,
            0.019704878330230713
        ],
        "max_kv_cache": 0.8459651704684817,
        "parallel_requests_nb": 26
    },
    "30": {
        "speed_generation": [
            0.00632631254577376,
            2.261505994071313,
            0.00517629185561308
        ],
        "time_to_first_token": [
            0.015174508094787598,
            5.01403546333313,
            0.6966157555580139
        ],
        "max_kv_cache": 0.9754721609026245,
        "parallel_requests_nb": 30
    },
    "34": {
        "speed_generation": [
            0.011696027274955778,
            2.2625206984037693,
            0.008430861740850837
        ],
        "time_to_first_token": [
            1.2910741567611694,
            6.276140093803406,
            0.08092653751373291
        ],
        "max_kv_cache": 0.9752268825116507,
        "parallel_requests_nb": 34
    },
    "38": {
        "speed_generation": [
            1.1161019592502472,
            2.26225691833167,
            0.010100226276116064
        ],
        "time_to_first_token": [
            1.3438858389854431,
            6.327552437782288,
            3.5177961587905884
        ],
        "max_kv_cache": 0.9769438312484671,
        "parallel_requests_nb": 38
    }
}