{
    "1": {
        "speed_generation": [
            2.1598738226993603,
            45.3885907579629,
            2.7154364096961103
        ],
        "time_to_first_token": [
            0.01214289665222168,
            0.09734082221984863,
            0.2585422992706299
        ],
        "max_kv_cache": 0.0017169487368162706,
        "parallel_requests_nb": 1
    },
    "2": {
        "speed_generation": [
            0.8638299867000114,
            38.023008535101944,
            0.8574375984442426
        ],
        "time_to_first_token": [
            0.01521146297454834,
            0.4007740020751953,
            0.011705517768859863
        ],
        "max_kv_cache": 0.0033112582781457123,
        "parallel_requests_nb": 2
    },
    "3": {
        "speed_generation": [
            0.854418003967055,
            33.98427313265222,
            0.7268571843631477
        ],
        "time_to_first_token": [
            0.015425264835357666,
            0.41119349002838135,
            0.015860438346862793
        ],
        "max_kv_cache": 0.004782928623988214,
        "parallel_requests_nb": 3
    },
    "4": {
        "speed_generation": [
            0.7463254145840779,
            31.241758605262547,
            0.6133071734645341
        ],
        "time_to_first_token": [
            0.016614913940429688,
            0.4240448474884033,
            0.012044191360473633
        ],
        "max_kv_cache": 0.006254598969830716,
        "parallel_requests_nb": 4
    },
    "6": {
        "speed_generation": [
            0.440593357192796,
            25.861810110047394,
            0.468262095450271
        ],
        "time_to_first_token": [
            0.01798081398010254,
            0.44220495223999023,
            0.01427912712097168
        ],
        "max_kv_cache": 0.0094432180524896,
        "parallel_requests_nb": 6
    },
    "8": {
        "speed_generation": [
            0.48309065534561313,
            22.65816360595365,
            0.32230638788379196
        ],
        "time_to_first_token": [
            0.016422033309936523,
            0.45640087127685547,
            0.013634204864501953
        ],
        "max_kv_cache": 0.012386558744174603,
        "parallel_requests_nb": 8
    },
    "10": {
        "speed_generation": [
            0.42348916192086605,
            19.943456363399623,
            0.40185791067081666
        ],
        "time_to_first_token": [
            0.02394390106201172,
            0.47408485412597656,
            0.01712799072265625
        ],
        "max_kv_cache": 0.01496198184939912,
        "parallel_requests_nb": 10
    },
    "14": {
        "speed_generation": [
            0.3658826091957863,
            16.338194420014105,
            0.3477982153736896
        ],
        "time_to_first_token": [
            0.06677603721618652,
            0.5016839504241943,
            0.017269134521484375
        ],
        "max_kv_cache": 0.020971302428256067,
        "parallel_requests_nb": 14
    },
    "18": {
        "speed_generation": [
            0.17421972945611408,
            14.38728552421807,
            0.166467056068214
        ],
        "time_to_first_token": [
            0.01328742504119873,
            0.5268518924713135,
            0.012895703315734863
        ],
        "max_kv_cache": 0.026490066225165587,
        "parallel_requests_nb": 18
    },
    "22": {
        "speed_generation": [
            0.19293724187852668,
            12.264633556857097,
            0.15546166826093888
        ],
        "time_to_first_token": [
            0.22553181648254395,
            0.5488908290863037,
            0.030817270278930664
        ],
        "max_kv_cache": 0.03298994358597007,
        "parallel_requests_nb": 22
    },
    "26": {
        "speed_generation": [
            0.13639818842250406,
            10.801652209159162,
            0.14076702711403755
        ],
        "time_to_first_token": [
            0.1129990816116333,
            0.5898110866546631,
            0.023400545120239258
        ],
        "max_kv_cache": 0.038140789796418884,
        "parallel_requests_nb": 26
    },
    "30": {
        "speed_generation": [
            0.16008200166333886,
            9.662518554727765,
            0.15424779984609494
        ],
        "time_to_first_token": [
            0.018028974533081055,
            0.628201961517334,
            0.013576030731201172
        ],
        "max_kv_cache": 0.043782192788815344,
        "parallel_requests_nb": 30
    },
    "34": {
        "speed_generation": [
            0.16017951971960898,
            8.732972914200865,
            0.13087119573379624
        ],
        "time_to_first_token": [
            0.02864694595336914,
            0.4297161102294922,
            0.18677878379821777
        ],
        "max_kv_cache": 0.04942359578121169,
        "parallel_requests_nb": 34
    },
    "38": {
        "speed_generation": [
            0.152651370935855,
            7.944894642595517,
            0.08795417253997417
        ],
        "time_to_first_token": [
            0.13589119911193848,
            0.6976001262664795,
            0.032483816146850586
        ],
        "max_kv_cache": 0.05616875153298995,
        "parallel_requests_nb": 38
    }
}