{
    "1": {
        "speed_generation": [
            0.4060786146056259,
            49.485504281364236,
            0.2428225630001677
        ],
        "time_to_first_token": [
            0.22731631994247437,
            0.3128000497817993,
            0.031031250953674316
        ],
        "max_kv_cache": 0.008584743684081464,
        "parallel_requests_nb": 1
    },
    "2": {
        "speed_generation": [
            0.3574572384167709,
            43.568947136392524,
            0.6812118304521562
        ],
        "time_to_first_token": [
            0.012458264827728271,
            0.3822934627532959,
            0.009371459484100342
        ],
        "max_kv_cache": 0.01692420897718916,
        "parallel_requests_nb": 2
    },
    "3": {
        "speed_generation": [
            0.2618169743056171,
            38.11595881508232,
            0.2257691081523845
        ],
        "time_to_first_token": [
            0.016926944255828857,
            0.39803504943847656,
            0.015133202075958252
        ],
        "max_kv_cache": 0.025141035074809914,
        "parallel_requests_nb": 3
    },
    "4": {
        "speed_generation": [
            0.27272517451207534,
            34.7002696516528,
            0.2232198044181004
        ],
        "time_to_first_token": [
            0.2667607069015503,
            0.3885914087295532,
            0.028551340103149414
        ],
        "max_kv_cache": 0.03360313956340444,
        "parallel_requests_nb": 4
    },
    "6": {
        "speed_generation": [
            0.17078768640200792,
            28.301715612984015,
            0.3060944473052807
        ],
        "time_to_first_token": [
            0.02381610870361328,
            0.4170401096343994,
            0.014579057693481445
        ],
        "max_kv_cache": 0.05003679175864606,
        "parallel_requests_nb": 6
    },
    "8": {
        "speed_generation": [
            0.26607640144948164,
            24.552425797010073,
            0.11822164285062797
        ],
        "time_to_first_token": [
            0.2632930278778076,
            0.43472909927368164,
            0.010877847671508789
        ],
        "max_kv_cache": 0.06683836154034828,
        "parallel_requests_nb": 8
    },
    "10": {
        "speed_generation": [
            0.18755497781615915,
            21.35622480295328,
            0.11663556280771559
        ],
        "time_to_first_token": [
            0.21734309196472168,
            0.4084129333496094,
            0.04730415344238281
        ],
        "max_kv_cache": 0.08339465293107673,
        "parallel_requests_nb": 10
    },
    "14": {
        "speed_generation": [
            0.10067653248899333,
            17.093674384247013,
            0.16216256491938452
        ],
        "time_to_first_token": [
            0.21950292587280273,
            0.4657769203186035,
            0.04122602939605713
        ],
        "max_kv_cache": 0.11675251410350751,
        "parallel_requests_nb": 14
    },
    "18": {
        "speed_generation": [
            0.08725290174237443,
            14.355061045334235,
            0.129406683420628
        ],
        "time_to_first_token": [
            0.2115612030029297,
            0.5004770755767822,
            0.03849172592163086
        ],
        "max_kv_cache": 0.14998773608045135,
        "parallel_requests_nb": 18
    },
    "22": {
        "speed_generation": [
            0.08724078038818561,
            12.40021719334873,
            0.05491667273388856
        ],
        "time_to_first_token": [
            0.23940396308898926,
            0.5677149295806885,
            0.14099502563476562
        ],
        "max_kv_cache": 0.18285504047093448,
        "parallel_requests_nb": 22
    },
    "26": {
        "speed_generation": [
            0.040248326519940036,
            10.8372146585763,
            0.06338629962593245
        ],
        "time_to_first_token": [
            0.09183633327484131,
            0.5611898899078369,
            0.024074196815490723
        ],
        "max_kv_cache": 0.21609026244787832,
        "parallel_requests_nb": 26
    }
}