{
    "1": {
        "speed_generation": [
            1.1875246695540511,
            94.95630260658469,
            1.12010183649231
        ],
        "time_to_first_token": [
            0.000896155834197998,
            0.0429685115814209,
            0.0009135007858276367
        ],
        "max_kv_cache": 0.0017169487368162706,
        "parallel_requests_nb": 1
    },
    "2": {
        "speed_generation": [
            0.5928597238821283,
            88.79886323357516,
            0.5004281993955004
        ],
        "time_to_first_token": [
            0.0020520687103271484,
            0.0447080135345459,
            0.003843545913696289
        ],
        "max_kv_cache": 0.0033112582781457123,
        "parallel_requests_nb": 2
    },
    "3": {
        "speed_generation": [
            0.6355929018718314,
            88.32173556266906,
            0.5335852048218612
        ],
        "time_to_first_token": [
            0.0023883581161499023,
            0.06598091125488281,
            0.0026296377182006836
        ],
        "max_kv_cache": 0.004782928623988214,
        "parallel_requests_nb": 3
    },
    "4": {
        "speed_generation": [
            0.5911688858173534,
            88.08553012183009,
            0.5192676035323132
        ],
        "time_to_first_token": [
            0.0030701160430908203,
            0.06828713417053223,
            0.003093719482421875
        ],
        "max_kv_cache": 0.006377238165317656,
        "parallel_requests_nb": 4
    },
    "6": {
        "speed_generation": [
            0.7813606472919616,
            87.68643049195384,
            0.5785554388768901
        ],
        "time_to_first_token": [
            0.004667520523071289,
            0.07284903526306152,
            0.003441333770751953
        ],
        "max_kv_cache": 0.00932057885700266,
        "parallel_requests_nb": 6
    },
    "8": {
        "speed_generation": [
            0.530416844448041,
            87.4213727859543,
            0.5610376465147624
        ],
        "time_to_first_token": [
            0.004695117473602295,
            0.07758438587188721,
            0.0038796663284301758
        ],
        "max_kv_cache": 0.012141280353200834,
        "parallel_requests_nb": 8
    },
    "10": {
        "speed_generation": [
            0.6064708946328778,
            83.94630311728561,
            0.5401388649645895
        ],
        "time_to_first_token": [
            0.004605293273925781,
            0.08390295505523682,
            0.003877997398376465
        ],
        "max_kv_cache": 0.015207260240372777,
        "parallel_requests_nb": 10
    },
    "14": {
        "speed_generation": [
            0.7968089106848311,
            80.30064972859529,
            0.5997193636503795
        ],
        "time_to_first_token": [
            0.004677116870880127,
            0.09478354454040527,
            0.004019677639007568
        ],
        "max_kv_cache": 0.020848663232769238,
        "parallel_requests_nb": 14
    },
    "18": {
        "speed_generation": [
            0.6360796152438297,
            81.35067810152964,
            0.63534987972956
        ],
        "time_to_first_token": [
            0.0055582523345947266,
            0.11299705505371094,
            0.005822300910949707
        ],
        "max_kv_cache": 0.026735344616139356,
        "parallel_requests_nb": 18
    },
    "22": {
        "speed_generation": [
            0.6099646820702418,
            77.4171740836555,
            0.6397490962113892
        ],
        "time_to_first_token": [
            0.00676882266998291,
            0.12672686576843262,
            0.005864620208740234
        ],
        "max_kv_cache": 0.032376747608535705,
        "parallel_requests_nb": 22
    },
    "26": {
        "speed_generation": [
            0.7577962089615653,
            73.48273430317687,
            0.5986752106057338
        ],
        "time_to_first_token": [
            0.011339187622070312,
            0.14228641986846924,
            0.009925603866577148
        ],
        "max_kv_cache": 0.03838606818739265,
        "parallel_requests_nb": 26
    },
    "30": {
        "speed_generation": [
            0.7560909207751081,
            69.39460217246577,
            0.7234575873108611
        ],
        "time_to_first_token": [
            0.012428760528564453,
            0.1627570390701294,
            0.009255468845367432
        ],
        "max_kv_cache": 0.043659553593328404,
        "parallel_requests_nb": 30
    },
    "34": {
        "speed_generation": [
            0.7680159498905397,
            65.92778206975127,
            0.5159469938898837
        ],
        "time_to_first_token": [
            0.012753963470458984,
            0.17336654663085938,
            0.01232999563217163
        ],
        "max_kv_cache": 0.04966887417218546,
        "parallel_requests_nb": 34
    },
    "38": {
        "speed_generation": [
            0.7923734048809052,
            63.44712171659273,
            0.5468595881523868
        ],
        "time_to_first_token": [
            0.013384103775024414,
            0.19361186027526855,
            0.011673510074615479
        ],
        "max_kv_cache": 0.05580083394652935,
        "parallel_requests_nb": 38
    }
}