{
    "1": {
        "speed_generation": [
            0.652420367626263,
            92.37543081906443,
            0.32050592342189077
        ],
        "time_to_first_token": [
            0.0008925199508666992,
            0.043028950691223145,
            0.0022839903831481934
        ],
        "max_kv_cache": 0.008584743684081464,
        "parallel_requests_nb": 1
    },
    "2": {
        "speed_generation": [
            1.1773459592628512,
            91.5628320118978,
            0.22384420322345022
        ],
        "time_to_first_token": [
            0.011628270149230957,
            0.06262850761413574,
            0.004832863807678223
        ],
        "max_kv_cache": 0.017046848172675988,
        "parallel_requests_nb": 2
    },
    "3": {
        "speed_generation": [
            0.780665359384983,
            91.28948273740887,
            0.2991784795577246
        ],
        "time_to_first_token": [
            0.005215167999267578,
            0.06789112091064453,
            0.003175973892211914
        ],
        "max_kv_cache": 0.025508952661270512,
        "parallel_requests_nb": 3
    },
    "4": {
        "speed_generation": [
            3.0676136543751653,
            90.99819013314765,
            0.4625889330042412
        ],
        "time_to_first_token": [
            0.0033349990844726562,
            0.06937694549560547,
            0.004275083541870117
        ],
        "max_kv_cache": 0.03372577875889138,
        "parallel_requests_nb": 4
    },
    "6": {
        "speed_generation": [
            2.6404837502847442,
            86.45223494787835,
            0.3728614051095889
        ],
        "time_to_first_token": [
            0.004614114761352539,
            0.07451009750366211,
            0.0035278797149658203
        ],
        "max_kv_cache": 0.05040470934510666,
        "parallel_requests_nb": 6
    },
    "8": {
        "speed_generation": [
            1.0807861319989769,
            83.61341640246432,
            0.41056332512660276
        ],
        "time_to_first_token": [
            0.004002094268798828,
            0.08079409599304199,
            0.004452943801879883
        ],
        "max_kv_cache": 0.06708363993132205,
        "parallel_requests_nb": 8
    },
    "10": {
        "speed_generation": [
            2.0838318846081023,
            78.01082808406962,
            0.3971882240731759
        ],
        "time_to_first_token": [
            0.00523066520690918,
            0.08351683616638184,
            0.0050201416015625
        ],
        "max_kv_cache": 0.08376257051753744,
        "parallel_requests_nb": 10
    },
    "14": {
        "speed_generation": [
            2.1856871419481507,
            73.0437349207774,
            0.48325020032014265
        ],
        "time_to_first_token": [
            0.007798433303833008,
            0.09771394729614258,
            0.006664395332336426
        ],
        "max_kv_cache": 0.11675251410350751,
        "parallel_requests_nb": 14
    },
    "18": {
        "speed_generation": [
            2.5265647081026685,
            70.13046778480435,
            0.6661440655630031
        ],
        "time_to_first_token": [
            0.01137399673461914,
            0.08883213996887207,
            0.02351665496826172
        ],
        "max_kv_cache": 0.14998773608045135,
        "parallel_requests_nb": 18
    },
    "22": {
        "speed_generation": [
            2.2459139971112023,
            67.50129510073309,
            0.6632831206116805
        ],
        "time_to_first_token": [
            0.007107973098754883,
            0.12517285346984863,
            0.007708191871643066
        ],
        "max_kv_cache": 0.18383615403482956,
        "parallel_requests_nb": 22
    },
    "26": {
        "speed_generation": [
            1.62599016185073,
            63.86692385891024,
            0.9633933271429811
        ],
        "time_to_first_token": [
            0.00765681266784668,
            0.13677287101745605,
            0.011189937591552734
        ],
        "max_kv_cache": 0.2163355408388521,
        "parallel_requests_nb": 26
    },
    "30": {
        "speed_generation": [
            0.7476371038426066,
            58.11983905065992,
            1.6435761591324223
        ],
        "time_to_first_token": [
            0.011483430862426758,
            0.15164709091186523,
            0.013197898864746094
        ],
        "max_kv_cache": 0.2501839587932303,
        "parallel_requests_nb": 30
    },
    "34": {
        "speed_generation": [
            0.7606011236109609,
            55.054798635735466,
            1.3101473756565554
        ],
        "time_to_first_token": [
            0.013512849807739258,
            0.17554688453674316,
            0.00952601432800293
        ],
        "max_kv_cache": 0.28305126318371354,
        "parallel_requests_nb": 34
    },
    "38": {
        "speed_generation": [
            0.4135931565380133,
            53.32767626318358,
            0.5076735871448932
        ],
        "time_to_first_token": [
            0.020013928413391113,
            0.19347095489501953,
            0.011278986930847168
        ],
        "max_kv_cache": 0.31689968113809175,
        "parallel_requests_nb": 38
    }
}