{
    "1": {
        "speed_generation": [
            0.34574573690706245,
            89.37027285225636,
            0.27843670391595765
        ],
        "time_to_first_token": [
            0.0004963278770446777,
            0.06432044506072998,
            0.0009202957153320312
        ],
        "max_kv_cache": 0.009811135638950197,
        "parallel_requests_nb": 1
    },
    "2": {
        "speed_generation": [
            0.34073994513673256,
            85.70511755439352,
            0.29844405206634406
        ],
        "time_to_first_token": [
            0.022750020027160645,
            0.0960390567779541,
            0.020243048667907715
        ],
        "max_kv_cache": 0.019131714495952856,
        "parallel_requests_nb": 2
    },
    "3": {
        "speed_generation": [
            0.3349869926321958,
            82.6527969534582,
            0.3986677336022666
        ],
        "time_to_first_token": [
            0.05697488784790039,
            0.16144084930419922,
            0.007706165313720703
        ],
        "max_kv_cache": 0.028697571743929395,
        "parallel_requests_nb": 3
    },
    "4": {
        "speed_generation": [
            0.40559745282865833,
            79.01220009168796,
            0.5483234209134906
        ],
        "time_to_first_token": [
            0.05390501022338867,
            0.21238994598388672,
            0.00849294662475586
        ],
        "max_kv_cache": 0.037895511405445226,
        "parallel_requests_nb": 4
    },
    "6": {
        "speed_generation": [
            0.40258615634746775,
            67.91348600380154,
            0.40659047199970644
        ],
        "time_to_first_token": [
            0.015803098678588867,
            0.3127560615539551,
            0.009795904159545898
        ],
        "max_kv_cache": 0.056536669119450544,
        "parallel_requests_nb": 6
    },
    "8": {
        "speed_generation": [
            0.4778930972904689,
            61.337691970896216,
            0.3939498309064504
        ],
        "time_to_first_token": [
            0.030629873275756836,
            0.37717390060424805,
            0.038396477699279785
        ],
        "max_kv_cache": 0.0753004660289428,
        "parallel_requests_nb": 8
    },
    "10": {
        "speed_generation": [
            0.388789621747172,
            54.63376599384049,
            0.3548395243713358
        ],
        "time_to_first_token": [
            0.014922678470611572,
            0.5190879106521606,
            0.010961830615997314
        ],
        "max_kv_cache": 0.0930831493745401,
        "parallel_requests_nb": 10
    },
    "14": {
        "speed_generation": [
            0.3037884131937858,
            47.70820793689909,
            0.4012226577478373
        ],
        "time_to_first_token": [
            0.025377333164215088,
            0.7127119302749634,
            0.017376065254211426
        ],
        "max_kv_cache": 0.13024282560706402,
        "parallel_requests_nb": 14
    },
    "18": {
        "speed_generation": [
            0.3127803704519678,
            41.82489782925679,
            0.30638176737375744
        ],
        "time_to_first_token": [
            0.06017577648162842,
            0.9323424100875854,
            0.009497761726379395
        ],
        "max_kv_cache": 0.1672798626441011,
        "parallel_requests_nb": 18
    },
    "22": {
        "speed_generation": [
            0.20285525549629568,
            37.80159473790333,
            0.18217443958234014
        ],
        "time_to_first_token": [
            0.06204676628112793,
            1.1350284814834595,
            0.012917399406433105
        ],
        "max_kv_cache": 0.2039489820946775,
        "parallel_requests_nb": 22
    },
    "26": {
        "speed_generation": [
            0.1978297941999898,
            34.12162728403939,
            0.23285128789306953
        ],
        "time_to_first_token": [
            0.10239559412002563,
            1.3334743976593018,
            0.021167516708374023
        ],
        "max_kv_cache": 0.24012754476330633,
        "parallel_requests_nb": 26
    },
    "30": {
        "speed_generation": [
            0.15549893692087835,
            29.890891341685197,
            0.1377876027082685
        ],
        "time_to_first_token": [
            0.07996582984924316,
            1.545574426651001,
            0.010565757751464844
        ],
        "max_kv_cache": 0.27691930340936965,
        "parallel_requests_nb": 30
    },
    "34": {
        "speed_generation": [
            0.21134234825938236,
            28.33442513106307,
            0.08268377402576021
        ],
        "time_to_first_token": [
            0.08751952648162842,
            1.750188946723938,
            0.0110129714012146
        ],
        "max_kv_cache": 0.31371106205543287,
        "parallel_requests_nb": 34
    },
    "38": {
        "speed_generation": [
            0.1551486981320025,
            26.35610395337637,
            0.10567263588842124
        ],
        "time_to_first_token": [
            0.1994713544845581,
            1.9555984735488892,
            0.015291929244995117
        ],
        "max_kv_cache": 0.3516065734608781,
        "parallel_requests_nb": 38
    }
}