{
    "1": {
        "speed_generation": [
            3.515750889862346,
            20.8911453084477,
            6.65723949428908
        ],
        "time_to_first_token": [
            0.15002000331878662,
            0.4344668388366699,
            0.09414440393447876
        ],
        "max_kv_cache": 0.03360313956340444,
        "parallel_requests_nb": 1
    },
    "2": {
        "speed_generation": [
            0.1590670633761473,
            13.911929012512035,
            0.1362345426148046
        ],
        "time_to_first_token": [
            0.013762950897216797,
            0.780674934387207,
            0.012848138809204102
        ],
        "max_kv_cache": 0.06671572234486145,
        "parallel_requests_nb": 2
    },
    "3": {
        "speed_generation": [
            0.10007440858698757,
            11.293237992534152,
            0.08473558360184086
        ],
        "time_to_first_token": [
            0.01757371425628662,
            0.9926120042800903,
            0.012670397758483887
        ],
        "max_kv_cache": 0.09872455236693645,
        "parallel_requests_nb": 3
    },
    "4": {
        "speed_generation": [
            0.07759192534525461,
            9.522982050769379,
            0.07199113332154106
        ],
        "time_to_first_token": [
            0.019118070602416992,
            1.2036709785461426,
            0.014410018920898438
        ],
        "max_kv_cache": 0.13171449595290652,
        "parallel_requests_nb": 4
    },
    "6": {
        "speed_generation": [
            0.24038419539473033,
            7.153053092199629,
            0.08309518076627587
        ],
        "time_to_first_token": [
            0.6622235774993896,
            1.6109340190887451,
            0.030648469924926758
        ],
        "max_kv_cache": 0.19683590875643853,
        "parallel_requests_nb": 6
    },
    "8": {
        "speed_generation": [
            0.033628684380756724,
            5.802123573404331,
            0.03878211913375296
        ],
        "time_to_first_token": [
            0.021695852279663086,
            2.059098958969116,
            0.015413045883178711
        ],
        "max_kv_cache": 0.26171204316899677,
        "parallel_requests_nb": 8
    },
    "10": {
        "speed_generation": [
            0.02759370930486149,
            4.827749027329867,
            0.032307194043101894
        ],
        "time_to_first_token": [
            0.02696382999420166,
            2.4982218742370605,
            0.02020108699798584
        ],
        "max_kv_cache": 0.32707873436350254,
        "parallel_requests_nb": 10
    },
    "14": {
        "speed_generation": [
            0.01703425525415403,
            3.6539190592319506,
            0.020318439241756803
        ],
        "time_to_first_token": [
            0.039932966232299805,
            3.352236032485962,
            0.02143394947052002
        ],
        "max_kv_cache": 0.4564630856021584,
        "parallel_requests_nb": 14
    },
    "18": {
        "speed_generation": [
            0.011245802722555265,
            2.9226266698031726,
            0.013278538549528651
        ],
        "time_to_first_token": [
            0.03476673364639282,
            4.203908443450928,
            0.02070552110671997
        ],
        "max_kv_cache": 0.5867059112092224,
        "parallel_requests_nb": 18
    },
    "22": {
        "speed_generation": [
            0.011361639921386946,
            2.4598289049154936,
            0.011618744260559755
        ],
        "time_to_first_token": [
            0.03252255916595459,
            5.034893035888672,
            0.023470401763916016
        ],
        "max_kv_cache": 0.7152317880794702,
        "parallel_requests_nb": 22
    },
    "26": {
        "speed_generation": [
            0.006741307968959331,
            1.6260253358467895,
            0.007915036128674391
        ],
        "time_to_first_token": [
            0.03030085563659668,
            5.880561828613281,
            0.033326148986816406
        ],
        "max_kv_cache": 0.845597252882021,
        "parallel_requests_nb": 26
    },
    "30": {
        "speed_generation": [
            0.006532241400126981,
            1.4192988574567114,
            0.0046855582755209735
        ],
        "time_to_first_token": [
            0.0336458683013916,
            6.703512907028198,
            0.025371074676513672
        ],
        "max_kv_cache": 0.9765759136620064,
        "parallel_requests_nb": 30
    },
    "34": {
        "speed_generation": [
            0.013142225042436007,
            1.414995077479619,
            0.008300183475741907
        ],
        "time_to_first_token": [
            0.04784703254699707,
            6.721053123474121,
            0.06577038764953613
        ],
        "max_kv_cache": 0.9744910473387295,
        "parallel_requests_nb": 34
    },
    "38": {
        "speed_generation": [
            0.9259879483765121,
            1.8717167337191358,
            0.006730541202369933
        ],
        "time_to_first_token": [
            0.025838077068328857,
            6.633373975753784,
            8.221493601799011
        ],
        "max_kv_cache": 0.9737552121658082,
        "parallel_requests_nb": 38
    }
}