{
    "1": {
        "speed_generation": [
            1.7402592178684344,
            44.98961361557179,
            3.0076986038792697
        ],
        "time_to_first_token": [
            0.21738576889038086,
            0.34470677375793457,
            0.04075121879577637
        ],
        "max_kv_cache": 0.009688496443463368,
        "parallel_requests_nb": 1
    },
    "2": {
        "speed_generation": [
            0.4065172093846172,
            37.70268129114627,
            0.26312330681905394
        ],
        "time_to_first_token": [
            0.010352134704589844,
            0.47275519371032715,
            0.011453866958618164
        ],
        "max_kv_cache": 0.019009075300466027,
        "parallel_requests_nb": 2
    },
    "3": {
        "speed_generation": [
            0.44236198570360585,
            33.188379779224434,
            0.36032745800120125
        ],
        "time_to_first_token": [
            0.016869187355041504,
            0.530158519744873,
            0.010416090488433838
        ],
        "max_kv_cache": 0.028452293352955627,
        "parallel_requests_nb": 3
    },
    "4": {
        "speed_generation": [
            0.30777442911929853,
            29.92439859095211,
            0.29927331519979816
        ],
        "time_to_first_token": [
            0.020761966705322266,
            0.5850589275360107,
            0.011324167251586914
        ],
        "max_kv_cache": 0.037772872209958286,
        "parallel_requests_nb": 4
    },
    "6": {
        "speed_generation": [
            0.3023164475543929,
            24.398505227060802,
            0.235693898135235
        ],
        "time_to_first_token": [
            0.02988898754119873,
            0.7006020545959473,
            0.015767812728881836
        ],
        "max_kv_cache": 0.05604611233750312,
        "parallel_requests_nb": 6
    },
    "8": {
        "speed_generation": [
            0.3072762607075994,
            20.944086544907517,
            0.2578621970683592
        ],
        "time_to_first_token": [
            0.03575420379638672,
            0.8090810775756836,
            0.013216018676757812
        ],
        "max_kv_cache": 0.07480990924699538,
        "parallel_requests_nb": 8
    },
    "10": {
        "speed_generation": [
            0.13675430092910545,
            18.112719444752486,
            0.1884279517571663
        ],
        "time_to_first_token": [
            0.01472783088684082,
            0.9270508289337158,
            0.01650714874267578
        ],
        "max_kv_cache": 0.0934510669610007,
        "parallel_requests_nb": 10
    },
    "14": {
        "speed_generation": [
            0.12270945377320608,
            14.68072256803895,
            0.1620099531712853
        ],
        "time_to_first_token": [
            0.021593093872070312,
            1.137542963027954,
            0.01425313949584961
        ],
        "max_kv_cache": 0.1301201864115772,
        "parallel_requests_nb": 14
    },
    "18": {
        "speed_generation": [
            0.11109264122914553,
            12.27175503582374,
            0.09345564455673205
        ],
        "time_to_first_token": [
            0.02135920524597168,
            1.3531310558319092,
            0.013571977615356445
        ],
        "max_kv_cache": 0.16678930586215357,
        "parallel_requests_nb": 18
    },
    "22": {
        "speed_generation": [
            0.0846332542261834,
            10.640746842124363,
            0.09011339909429239
        ],
        "time_to_first_token": [
            0.13266921043395996,
            1.5561230182647705,
            0.024682044982910156
        ],
        "max_kv_cache": 0.20370370370370372,
        "parallel_requests_nb": 22
    },
    "26": {
        "speed_generation": [
            0.07953630161583725,
            9.40389101159838,
            0.09616313139178523
        ],
        "time_to_first_token": [
            0.058411598205566406,
            1.7599961757659912,
            0.01609671115875244
        ],
        "max_kv_cache": 0.2396369879813588,
        "parallel_requests_nb": 26
    },
    "30": {
        "speed_generation": [
            0.059672265258841506,
            8.263537678701757,
            0.014904116812916257
        ],
        "time_to_first_token": [
            0.04833114147186279,
            1.9887580871582031,
            0.013057947158813477
        ],
        "max_kv_cache": 0.27802305616875156,
        "parallel_requests_nb": 30
    },
    "34": {
        "speed_generation": [
            0.05069804279515733,
            7.4517050123627415,
            0.04530025808487537
        ],
        "time_to_first_token": [
            0.027169466018676758,
            2.2068209648132324,
            0.02250504493713379
        ],
        "max_kv_cache": 0.31395634044640663,
        "parallel_requests_nb": 34
    },
    "38": {
        "speed_generation": [
            0.21344942839482695,
            6.788686933186816,
            0.06901442784188294
        ],
        "time_to_first_token": [
            0.15351355075836182,
            2.4134559631347656,
            0.02372598648071289
        ],
        "max_kv_cache": 0.35038018150600936,
        "parallel_requests_nb": 38
    }
}