{
    "1": {
        "speed_generation": [
            0.7770197554039981,
            61.41000706962599,
            0.08621120296728435
        ],
        "time_to_first_token": [
            0.0019720792770385742,
            0.24181056022644043,
            0.0014814138412475586
        ],
        "max_kv_cache": 0.026150216279984262,
        "parallel_requests_nb": 1
    },
    "2": {
        "speed_generation": [
            1.2213835667027126,
            56.504147313077596,
            0.18434816769300966
        ],
        "time_to_first_token": [
            0.1394633650779724,
            0.3830324411392212,
            0.08215206861495972
        ],
        "max_kv_cache": 0.05249705072748723,
        "parallel_requests_nb": 2
    },
    "3": {
        "speed_generation": [
            1.356531784312189,
            52.69319648585542,
            0.17615875744734666
        ],
        "time_to_first_token": [
            0.15486735105514526,
            0.5430095195770264,
            0.06625103950500488
        ],
        "max_kv_cache": 0.07845064883995279,
        "parallel_requests_nb": 3
    },
    "4": {
        "speed_generation": [
            0.9115951765367143,
            50.13730718002057,
            0.12052149300163251
        ],
        "time_to_first_token": [
            0.3488459587097168,
            0.7354769706726074,
            0.014515161514282227
        ],
        "max_kv_cache": 0.10322453794730635,
        "parallel_requests_nb": 4
    },
    "6": {
        "speed_generation": [
            0.759882062054146,
            41.4704598113521,
            0.1628152055487604
        ],
        "time_to_first_token": [
            0.3628218173980713,
            1.0355408191680908,
            0.007894039154052734
        ],
        "max_kv_cache": 0.15611482500983087,
        "parallel_requests_nb": 6
    },
    "8": {
        "speed_generation": [
            0.4925488278581369,
            38.66647639674527,
            0.38184730368570996
        ],
        "time_to_first_token": [
            0.511695146560669,
            1.3203771114349365,
            0.012578964233398438
        ],
        "max_kv_cache": 0.2072355485646874,
        "parallel_requests_nb": 8
    },
    "10": {
        "speed_generation": [
            0.48029603061499415,
            33.92828887537681,
            0.17837139453976647
        ],
        "time_to_first_token": [
            0.35736083984375,
            1.5855209827423096,
            0.018517017364501953
        ],
        "max_kv_cache": 0.2585528902870625,
        "parallel_requests_nb": 10
    },
    "14": {
        "speed_generation": [
            0.26874461607026134,
            29.046328766990253,
            0.16558656133938143
        ],
        "time_to_first_token": [
            0.07598495483398438,
            2.165757894515991,
            0.02252817153930664
        ],
        "max_kv_cache": 0.36138419189933146,
        "parallel_requests_nb": 14
    },
    "18": {
        "speed_generation": [
            0.12865490788638212,
            21.837883541427576,
            0.020248508233112972
        ],
        "time_to_first_token": [
            0.18950510025024414,
            2.446920156478882,
            0.310161828994751
        ],
        "max_kv_cache": 0.4636256390090444,
        "parallel_requests_nb": 18
    },
    "22": {
        "speed_generation": [
            0.031782307253376274,
            19.700884427828544,
            0.029044670659150285
        ],
        "time_to_first_token": [
            1.8626575469970703,
            3.271825075149536,
            0.05025291442871094
        ],
        "max_kv_cache": 0.5686197404640189,
        "parallel_requests_nb": 22
    },
    "26": {
        "speed_generation": [
            0.007757220831141609,
            17.706551332472657,
            0.06515939500089729
        ],
        "time_to_first_token": [
            0.7543758153915405,
            3.0290818214416504,
            0.8075118064880371
        ],
        "max_kv_cache": 0.6700747149036571,
        "parallel_requests_nb": 26
    },
    "30": {
        "speed_generation": [
            0.024101876051027205,
            16.183520088620803,
            0.04540080469109853
        ],
        "time_to_first_token": [
            1.130265712738037,
            3.410137891769409,
            1.0330462455749512
        ],
        "max_kv_cache": 0.7748721981911129,
        "parallel_requests_nb": 30
    },
    "34": {
        "speed_generation": [
            0.05646122568293066,
            13.660392493385736,
            0.03841667553467332
        ],
        "time_to_first_token": [
            1.771805763244629,
            3.999868869781494,
            0.4670391082763672
        ],
        "max_kv_cache": 0.8755406999606764,
        "parallel_requests_nb": 34
    },
    "38": {
        "speed_generation": [
            0.07412330057991312,
            12.735936150906223,
            0.011656887086424206
        ],
        "time_to_first_token": [
            1.5516040325164795,
            4.101690053939819,
            1.4702270030975342
        ],
        "max_kv_cache": 0.9793550924105388,
        "parallel_requests_nb": 38
    }
}