{
    "1": {
        "speed_generation": [
            0.3081364946592231,
            68.95535039090595,
            0.3093760552241065
        ],
        "time_to_first_token": [
            0.005236208438873291,
            0.038080453872680664,
            0.0037306547164916992
        ],
        "max_kv_cache": 0.0025560361777428042,
        "parallel_requests_nb": 1
    },
    "2": {
        "speed_generation": [
            0.3698143583139455,
            66.81982648804764,
            0.34822095775804485
        ],
        "time_to_first_token": [
            0.015826940536499023,
            0.055606842041015625,
            0.011296272277832031
        ],
        "max_kv_cache": 0.0051120723554856085,
        "parallel_requests_nb": 2
    },
    "3": {
        "speed_generation": [
            0.374541260068348,
            63.84541366473526,
            0.32206140452721854
        ],
        "time_to_first_token": [
            0.024631381034851074,
            0.07932555675506592,
            0.012718737125396729
        ],
        "max_kv_cache": 0.007471490365709821,
        "parallel_requests_nb": 3
    },
    "4": {
        "speed_generation": [
            0.36927412146277305,
            62.11562926171418,
            0.34158534459616163
        ],
        "time_to_first_token": [
            0.04119372367858887,
            0.10661792755126953,
            0.010699033737182617
        ],
        "max_kv_cache": 0.009830908375933922,
        "parallel_requests_nb": 4
    },
    "6": {
        "speed_generation": [
            0.3387298813924673,
            57.585731608492345,
            0.23159837630137758
        ],
        "time_to_first_token": [
            0.04904317855834961,
            0.15479302406311035,
            0.009495973587036133
        ],
        "max_kv_cache": 0.014549744396382236,
        "parallel_requests_nb": 6
    },
    "8": {
        "speed_generation": [
            0.5512785917776455,
            55.7926123407738,
            0.500768086823328
        ],
        "time_to_first_token": [
            0.030625581741333008,
            0.17339658737182617,
            0.01794278621673584
        ],
        "max_kv_cache": 0.01946519858434914,
        "parallel_requests_nb": 8
    },
    "10": {
        "speed_generation": [
            0.5675717616679634,
            49.51816671587474,
            0.371332093089201
        ],
        "time_to_first_token": [
            0.023980379104614258,
            0.1831880807876587,
            0.018163681030273438
        ],
        "max_kv_cache": 0.024184034604797455,
        "parallel_requests_nb": 10
    },
    "14": {
        "speed_generation": [
            0.43023499770968954,
            47.359767123252965,
            0.3949491034987034
        ],
        "time_to_first_token": [
            0.01509547233581543,
            0.21587049961090088,
            0.016780972480773926
        ],
        "max_kv_cache": 0.033031852143137974,
        "parallel_requests_nb": 14
    },
    "18": {
        "speed_generation": [
            0.4409920274117596,
            35.72779270915498,
            0.17701153723087515
        ],
        "time_to_first_token": [
            0.01596653461456299,
            0.2514704465866089,
            0.014503777027130127
        ],
        "max_kv_cache": 0.0424695241840346,
        "parallel_requests_nb": 18
    },
    "22": {
        "speed_generation": [
            0.2817466378610263,
            34.6166693908986,
            0.18744399915057386
        ],
        "time_to_first_token": [
            0.012014448642730713,
            0.28359103202819824,
            0.01413637399673462
        ],
        "max_kv_cache": 0.051710578057412526,
        "parallel_requests_nb": 22
    },
    "26": {
        "speed_generation": [
            0.4235426550413415,
            31.640840442923015,
            0.18172359095280655
        ],
        "time_to_first_token": [
            0.013407707214355469,
            0.31840991973876953,
            0.011388063430786133
        ],
        "max_kv_cache": 0.06075501376327175,
        "parallel_requests_nb": 26
    },
    "30": {
        "speed_generation": [
            0.25004299602417746,
            30.857180759746583,
            0.1197369416956775
        ],
        "time_to_first_token": [
            0.013255536556243896,
            0.3514285087585449,
            0.008587956428527832
        ],
        "max_kv_cache": 0.06999606763664967,
        "parallel_requests_nb": 30
    },
    "34": {
        "speed_generation": [
            0.16402445139302557,
            25.08242981976992,
            0.2683574854697923
        ],
        "time_to_first_token": [
            0.08022654056549072,
            0.40632641315460205,
            0.04751306772232056
        ],
        "max_kv_cache": 0.07923712151002749,
        "parallel_requests_nb": 34
    },
    "38": {
        "speed_generation": [
            0.20579546005674487,
            24.488093443020624,
            0.08670492911570093
        ],
        "time_to_first_token": [
            0.13480144739151,
            0.4663259983062744,
            0.0243416428565979
        ],
        "max_kv_cache": 0.08887141171844282,
        "parallel_requests_nb": 38
    }
}