{
    "1": {
        "speed_generation": [
            0.19510187249755262,
            16.724521214782524,
            0.06740031049323747
        ],
        "time_to_first_token": [
            0.002635955810546875,
            0.6898930072784424,
            0.009644031524658203
        ],
        "max_kv_cache": 0.05367675973259933,
        "parallel_requests_nb": 1
    },
    "2": {
        "speed_generation": [
            0.08298570662211979,
            9.408510535088478,
            0.44526668531228353
        ],
        "time_to_first_token": [
            0.5742230415344238,
            1.2812349796295166,
            0.09372901916503906
        ],
        "max_kv_cache": 0.10637042862760515,
        "parallel_requests_nb": 2
    },
    "3": {
        "speed_generation": [
            0.04578955538472318,
            6.86367664672986,
            0.050472248205883474
        ],
        "time_to_first_token": [
            0.581120491027832,
            1.864109992980957,
            0.0898059606552124
        ],
        "max_kv_cache": 0.15847424302005508,
        "parallel_requests_nb": 3
    },
    "4": {
        "speed_generation": [
            0.03303363837284934,
            5.435487783552637,
            0.028414757860471873
        ],
        "time_to_first_token": [
            1.2234690189361572,
            2.5199320316314697,
            0.020202159881591797
        ],
        "max_kv_cache": 0.2107746755800236,
        "parallel_requests_nb": 4
    },
    "6": {
        "speed_generation": [
            0.05010196495084962,
            3.7175560192438715,
            0.02852525908018011
        ],
        "time_to_first_token": [
            1.2037824392318726,
            3.095587968826294,
            0.626955509185791
        ],
        "max_kv_cache": 0.31498230436492336,
        "parallel_requests_nb": 6
    },
    "8": {
        "speed_generation": [
            0.020420188896867142,
            2.8624060638482187,
            0.019325185580127524
        ],
        "time_to_first_token": [
            1.7739439010620117,
            3.6949729919433594,
            0.7549560070037842
        ],
        "max_kv_cache": 0.419189933149823,
        "parallel_requests_nb": 8
    },
    "10": {
        "speed_generation": [
            0.00941178561801781,
            2.3110309049397424,
            0.00788307861928983
        ],
        "time_to_first_token": [
            1.7890808582305908,
            3.7619998455047607,
            1.8198347091674805
        ],
        "max_kv_cache": 0.5222178529296106,
        "parallel_requests_nb": 10
    },
    "14": {
        "speed_generation": [
            0.010595673133309447,
            1.674579753466546,
            0.00913017442577968
        ],
        "time_to_first_token": [
            1.8549540042877197,
            5.569921970367432,
            1.8544280529022217
        ],
        "max_kv_cache": 0.7296500196618168,
        "parallel_requests_nb": 14
    },
    "18": {
        "speed_generation": [
            0.007637393517956115,
            1.3045326170846592,
            0.0026964430293967556
        ],
        "time_to_first_token": [
            2.423072099685669,
            6.220704078674316,
            3.0807909965515137
        ],
        "max_kv_cache": 0.9382618953991348,
        "parallel_requests_nb": 18
    },
    "22": {
        "speed_generation": [
            0.011815913999789984,
            1.2431380618339731,
            0.0033910685069540314
        ],
        "time_to_first_token": [
            3.6490747928619385,
            9.174433588981628,
            1.879815936088562
        ],
        "max_kv_cache": 0.9915454187966968,
        "parallel_requests_nb": 22
    },
    "26": {
        "speed_generation": [
            0.6086155001506608,
            1.2310103716356422,
            0.013244861613990855
        ],
        "time_to_first_token": [
            3.5137686729431152,
            11.029479146003723,
            3.8019999861717224
        ],
        "max_kv_cache": 0.9913488006291782,
        "parallel_requests_nb": 26
    },
    "30": {
        "speed_generation": [
            0.0031098336090421563,
            0.6240723646348418,
            0.6177252667731721
        ],
        "time_to_first_token": [
            3.7166431546211243,
            14.700043559074402,
            3.1918250918388367
        ],
        "max_kv_cache": 0.9901690916240661,
        "parallel_requests_nb": 30
    },
    "34": {
        "speed_generation": [
            0.0011719036157626928,
            0.6225882120315254,
            0.14148325977315246
        ],
        "time_to_first_token": [
            1.9557523131370544,
            16.570168495178223,
            3.620458424091339
        ],
        "max_kv_cache": 0.9911521824616595,
        "parallel_requests_nb": 34
    },
    "38": {
        "speed_generation": [
            0.001855963680605588,
            0.620195121484879,
            0.0016878177134976857
        ],
        "time_to_first_token": [
            3.543396770954132,
            20.122485995292664,
            2.0257160663604736
        ],
        "max_kv_cache": 0.9893826189539914,
        "parallel_requests_nb": 38
    }
}