{
    "1": {
        "speed_generation": [
            0.20106294658474866,
            33.55447394943634,
            0.1354631970016129
        ],
        "time_to_first_token": [
            0.0010236501693725586,
            0.23719990253448486,
            0.0012348294258117676
        ],
        "max_kv_cache": 0.01415650806134483,
        "parallel_requests_nb": 1
    },
    "2": {
        "speed_generation": [
            0.22269786542453573,
            22.31392577459993,
            2.9100347757467873
        ],
        "time_to_first_token": [
            0.1396336555480957,
            0.3805980682373047,
            0.08165240287780762
        ],
        "max_kv_cache": 0.02811639795517107,
        "parallel_requests_nb": 2
    },
    "3": {
        "speed_generation": [
            0.15104110621902578,
            18.3159604425766,
            0.19920980416263845
        ],
        "time_to_first_token": [
            0.14557307958602905,
            0.5261509418487549,
            0.07981228828430176
        ],
        "max_kv_cache": 0.0416830515139599,
        "parallel_requests_nb": 3
    },
    "4": {
        "speed_generation": [
            0.12869083920092805,
            15.63696463130174,
            0.16932903525307452
        ],
        "time_to_first_token": [
            0.33782750368118286,
            0.7272690534591675,
            0.018573403358459473
        ],
        "max_kv_cache": 0.05505308690523003,
        "parallel_requests_nb": 4
    },
    "6": {
        "speed_generation": [
            0.08730739539641519,
            11.754895679037883,
            0.09600576761412327
        ],
        "time_to_first_token": [
            0.35743796825408936,
            1.0263675451278687,
            0.01528465747833252
        ],
        "max_kv_cache": 0.081399921352733,
        "parallel_requests_nb": 6
    },
    "8": {
        "speed_generation": [
            0.06757840789458491,
            9.644898883438591,
            0.13127368718478216
        ],
        "time_to_first_token": [
            0.08478444814682007,
            1.3096489906311035,
            0.022478580474853516
        ],
        "max_kv_cache": 0.10833661030279196,
        "parallel_requests_nb": 8
    },
    "10": {
        "speed_generation": [
            0.06689783438754304,
            8.074167149752963,
            0.32707921695648245
        ],
        "time_to_first_token": [
            0.030045270919799805,
            1.532755970954895,
            0.07581859827041626
        ],
        "max_kv_cache": 0.13527329925285092,
        "parallel_requests_nb": 10
    },
    "14": {
        "speed_generation": [
            0.0640325615345878,
            6.198850788063483,
            0.15435038617615504
        ],
        "time_to_first_token": [
            0.02779906988143921,
            2.104243516921997,
            0.0650377869606018
        ],
        "max_kv_cache": 0.18875344081793155,
        "parallel_requests_nb": 14
    },
    "18": {
        "speed_generation": [
            0.08514258484472847,
            4.802936291790374,
            0.030084653209638823
        ],
        "time_to_first_token": [
            0.21785187721252441,
            2.4647834300994873,
            0.2566671371459961
        ],
        "max_kv_cache": 0.24203696421549348,
        "parallel_requests_nb": 18
    },
    "22": {
        "speed_generation": [
            0.0788488848580684,
            4.0327910947926995,
            0.018763592630318016
        ],
        "time_to_first_token": [
            0.24665015935897827,
            2.511884927749634,
            0.7998360395431519
        ],
        "max_kv_cache": 0.2957137239480928,
        "parallel_requests_nb": 22
    },
    "26": {
        "speed_generation": [
            0.03474172640869977,
            3.461747227438563,
            0.030218065918862003
        ],
        "time_to_first_token": [
            0.5007941126823425,
            2.786661386489868,
            1.1171717643737793
        ],
        "max_kv_cache": 0.34880062917813603,
        "parallel_requests_nb": 26
    },
    "30": {
        "speed_generation": [
            0.014408485182975106,
            3.047764999234027,
            0.02055028132511927
        ],
        "time_to_first_token": [
            1.2647363543510437,
            3.5960384607315063,
            0.8656575083732605
        ],
        "max_kv_cache": 0.40346047974832877,
        "parallel_requests_nb": 30
    },
    "34": {
        "speed_generation": [
            0.021913313092305486,
            2.683743044022009,
            0.01219385433006348
        ],
        "time_to_first_token": [
            0.95346599817276,
            3.4418489933013916,
            1.4640285968780518
        ],
        "max_kv_cache": 0.4557609123082973,
        "parallel_requests_nb": 34
    },
    "38": {
        "speed_generation": [
            0.01944598950604881,
            2.4238175413291043,
            0.016542678116002296
        ],
        "time_to_first_token": [
            1.3539521098136902,
            3.8702809810638428,
            1.516404390335083
        ],
        "max_kv_cache": 0.5102241447109712,
        "parallel_requests_nb": 38
    }
}