{
    "1": {
        "speed_generation": [
            0.3728179282878017,
            67.59174998774124,
            0.09304233176310106
        ],
        "time_to_first_token": [
            0.007351040840148926,
            0.0397341251373291,
            0.0022810697555541992
        ],
        "max_kv_cache": 0.013566653558788833,
        "parallel_requests_nb": 1
    },
    "2": {
        "speed_generation": [
            0.6132437567113982,
            64.18206506288689,
            0.11242969282260162
        ],
        "time_to_first_token": [
            0.009711861610412598,
            0.05010843276977539,
            0.015860676765441895
        ],
        "max_kv_cache": 0.027133307117577665,
        "parallel_requests_nb": 2
    },
    "3": {
        "speed_generation": [
            0.6773882972986769,
            61.896542610710355,
            0.16633429723496818
        ],
        "time_to_first_token": [
            0.029194235801696777,
            0.07940149307250977,
            0.013750791549682617
        ],
        "max_kv_cache": 0.04030672434132909,
        "parallel_requests_nb": 3
    },
    "4": {
        "speed_generation": [
            2.0063594367071076,
            60.361951229617446,
            0.14941692127828787
        ],
        "time_to_first_token": [
            0.0398709774017334,
            0.10436606407165527,
            0.021701812744140625
        ],
        "max_kv_cache": 0.053873377900117925,
        "parallel_requests_nb": 4
    },
    "6": {
        "speed_generation": [
            1.342976780958871,
            53.985355565782335,
            0.1383734256764555
        ],
        "time_to_first_token": [
            0.06244492530822754,
            0.15684294700622559,
            0.011950492858886719
        ],
        "max_kv_cache": 0.080810066850177,
        "parallel_requests_nb": 6
    },
    "8": {
        "speed_generation": [
            1.0032040344197242,
            51.51247716657581,
            0.13411837395020854
        ],
        "time_to_first_token": [
            0.05463981628417969,
            0.17998290061950684,
            0.015379905700683594
        ],
        "max_kv_cache": 0.10696028313016126,
        "parallel_requests_nb": 8
    },
    "10": {
        "speed_generation": [
            0.874867510432523,
            45.88157732641879,
            0.1610476438219024
        ],
        "time_to_first_token": [
            0.020020008087158203,
            0.18897795677185059,
            0.01797950267791748
        ],
        "max_kv_cache": 0.13350373574518282,
        "parallel_requests_nb": 10
    },
    "14": {
        "speed_generation": [
            0.7859289357606158,
            42.329321097467805,
            0.1494479460601923
        ],
        "time_to_first_token": [
            0.06651115417480469,
            0.22481203079223633,
            0.06568384170532227
        ],
        "max_kv_cache": 0.18698387731026345,
        "parallel_requests_nb": 14
    },
    "18": {
        "speed_generation": [
            0.1420927564523815,
            31.19432380711471,
            0.48324362990504
        ],
        "time_to_first_token": [
            0.052165985107421875,
            0.24961090087890625,
            0.05133616924285889
        ],
        "max_kv_cache": 0.24066063704286278,
        "parallel_requests_nb": 18
    },
    "22": {
        "speed_generation": [
            0.08214311234614868,
            29.490187039794233,
            0.4460657233011176
        ],
        "time_to_first_token": [
            0.0639500617980957,
            0.28790903091430664,
            0.06429791450500488
        ],
        "max_kv_cache": 0.2933543059378687,
        "parallel_requests_nb": 22
    },
    "26": {
        "speed_generation": [
            0.14774242343618837,
            26.969527341714073,
            0.27356814840021215
        ],
        "time_to_first_token": [
            0.14708876609802246,
            0.3548722267150879,
            0.03981125354766846
        ],
        "max_kv_cache": 0.34644121116791193,
        "parallel_requests_nb": 26
    },
    "30": {
        "speed_generation": [
            0.04224397138155922,
            25.62437269998995,
            0.2252989099268028
        ],
        "time_to_first_token": [
            0.1596667766571045,
            0.37542295455932617,
            0.0421750545501709
        ],
        "max_kv_cache": 0.39893826189539916,
        "parallel_requests_nb": 30
    },
    "34": {
        "speed_generation": [
            0.0377774172353007,
            21.279730926232435,
            0.16145468500999982
        ],
        "time_to_first_token": [
            0.1034247875213623,
            0.38408398628234863,
            0.06289482116699219
        ],
        "max_kv_cache": 0.4528116397955171,
        "parallel_requests_nb": 34
    },
    "38": {
        "speed_generation": [
            0.058777390562713805,
            20.455967881895038,
            0.044634610308474265
        ],
        "time_to_first_token": [
            0.11863267421722412,
            0.45421910285949707,
            0.04195094108581543
        ],
        "max_kv_cache": 0.5062917813605977,
        "parallel_requests_nb": 38
    }
}