{
    "1": {
        "speed_generation": [
            1.2791079700756285,
            54.58484438543245,
            0.19910940464524884
        ],
        "time_to_first_token": [
            0.003463566303253174,
            0.6908483505249023,
            0.003244638442993164
        ],
        "max_kv_cache": 0.06547384978372006,
        "parallel_requests_nb": 1
    },
    "2": {
        "speed_generation": [
            0.9129408772993912,
            43.75595408356567,
            0.14421223149027185
        ],
        "time_to_first_token": [
            0.5698090195655823,
            1.2738544940948486,
            0.04722493886947632
        ],
        "max_kv_cache": 0.1299646087298466,
        "parallel_requests_nb": 2
    },
    "3": {
        "speed_generation": [
            0.6115058643746707,
            37.56199445870239,
            0.1930345826474209
        ],
        "time_to_first_token": [
            0.5829998850822449,
            1.8660656213760376,
            0.08638358116149902
        ],
        "max_kv_cache": 0.19406213134093586,
        "parallel_requests_nb": 3
    },
    "4": {
        "speed_generation": [
            0.32810220311518634,
            33.64224902720852,
            0.1433267302985115
        ],
        "time_to_first_token": [
            0.637695848941803,
            2.504980444908142,
            0.024448513984680176
        ],
        "max_kv_cache": 0.2593393629571372,
        "parallel_requests_nb": 4
    },
    "6": {
        "speed_generation": [
            0.14310264434798015,
            23.79994834997647,
            0.1025439876880192
        ],
        "time_to_first_token": [
            0.6394103765487671,
            2.5219894647598267,
            1.1781505346298218
        ],
        "max_kv_cache": 0.38773102634683443,
        "parallel_requests_nb": 6
    },
    "8": {
        "speed_generation": [
            0.11264576294290762,
            21.569978852621663,
            0.2380414336325387
        ],
        "time_to_first_token": [
            1.7699370384216309,
            3.6968579292297363,
            0.6862232685089111
        ],
        "max_kv_cache": 0.517695635076681,
        "parallel_requests_nb": 8
    },
    "10": {
        "speed_generation": [
            0.041239413903504385,
            18.782878223498265,
            0.028710911689415752
        ],
        "time_to_first_token": [
            1.8102328777313232,
            3.743072986602783,
            1.8129619359970093
        ],
        "max_kv_cache": 0.645104207628785,
        "parallel_requests_nb": 10
    },
    "14": {
        "speed_generation": [
            0.008682709584670434,
            14.558872074542291,
            0.007400432232788745
        ],
        "time_to_first_token": [
            1.826611042022705,
            5.552716016769409,
            1.8851068019866943
        ],
        "max_kv_cache": 0.9018875344081794,
        "parallel_requests_nb": 14
    },
    "18": {
        "speed_generation": [
            0.1634900221994613,
            11.832244265443311,
            0.027568559976103302
        ],
        "time_to_first_token": [
            2.558515429496765,
            7.53393292427063,
            2.2327051162719727
        ],
        "max_kv_cache": 0.9998033818324813,
        "parallel_requests_nb": 18
    },
    "22": {
        "speed_generation": [
            3.9795658963959584,
            11.681146251678335,
            0.21533683687212601
        ],
        "time_to_first_token": [
            1.9819468259811401,
            9.40793490409851,
            16.45019257068634
        ],
        "max_kv_cache": 1.0,
        "parallel_requests_nb": 22
    },
    "26": {
        "speed_generation": [
            3.427621523512716,
            9.287666788709052,
            2.51353937683478
        ],
        "time_to_first_token": [
            2.4171957969665527,
            11.732639789581299,
            78.94776523113251
        ],
        "max_kv_cache": 0.9998033818324813,
        "parallel_requests_nb": 26
    }
}