{
    "1": {
        "speed_generation": [
            0.21052138064592185,
            57.17180413703915,
            0.1769815963598873
        ],
        "time_to_first_token": [
            0.0015985965728759766,
            0.23815417289733887,
            0.0013897418975830078
        ],
        "max_kv_cache": 0.015336217066456936,
        "parallel_requests_nb": 1
    },
    "2": {
        "speed_generation": [
            0.23538184253322925,
            50.044725947168025,
            1.4449950677705559
        ],
        "time_to_first_token": [
            0.13929224014282227,
            0.37909913063049316,
            0.0826718807220459
        ],
        "max_kv_cache": 0.03047581596539517,
        "parallel_requests_nb": 2
    },
    "3": {
        "speed_generation": [
            0.14568409803618465,
            45.4374227573371,
            0.17329826044570495
        ],
        "time_to_first_token": [
            0.14958995580673218,
            0.5305055379867554,
            0.07557487487792969
        ],
        "max_kv_cache": 0.04541879669681481,
        "parallel_requests_nb": 3
    },
    "4": {
        "speed_generation": [
            0.13975898993935232,
            42.117637349456004,
            0.13704413105069335
        ],
        "time_to_first_token": [
            0.3486509323120117,
            0.7361159324645996,
            0.014089107513427734
        ],
        "max_kv_cache": 0.060558395595753045,
        "parallel_requests_nb": 4
    },
    "6": {
        "speed_generation": [
            0.12725650376506792,
            34.13934350599722,
            0.24728583668433401
        ],
        "time_to_first_token": [
            0.35351598262786865,
            1.0273990631103516,
            0.01655590534210205
        ],
        "max_kv_cache": 0.09005112072355481,
        "parallel_requests_nb": 6
    },
    "8": {
        "speed_generation": [
            0.134940171918025,
            31.252274236945357,
            0.23206815415405302
        ],
        "time_to_first_token": [
            0.1439058780670166,
            1.2472178936004639,
            0.07870721817016602
        ],
        "max_kv_cache": 0.11974046401887539,
        "parallel_requests_nb": 8
    },
    "10": {
        "speed_generation": [
            0.1974887154835443,
            26.815272916999962,
            0.36822543587635437
        ],
        "time_to_first_token": [
            0.026283740997314453,
            1.532364845275879,
            0.07432913780212402
        ],
        "max_kv_cache": 0.14903657097915846,
        "parallel_requests_nb": 10
    },
    "14": {
        "speed_generation": [
            0.0942286645777557,
            22.181886783035676,
            0.11123616354371535
        ],
        "time_to_first_token": [
            0.08541381359100342,
            2.1518919467926025,
            0.03057265281677246
        ],
        "max_kv_cache": 0.2080220212347621,
        "parallel_requests_nb": 14
    },
    "18": {
        "speed_generation": [
            0.14683143881159566,
            16.944873877416242,
            0.06337284804440912
        ],
        "time_to_first_token": [
            0.381972074508667,
            2.59722900390625,
            0.1446589231491089
        ],
        "max_kv_cache": 0.26740070782540304,
        "parallel_requests_nb": 18
    },
    "22": {
        "speed_generation": [
            0.06138446043129164,
            14.880075228689963,
            0.11415149970893523
        ],
        "time_to_first_token": [
            0.7742340564727783,
            3.03765606880188,
            0.2324357032775879
        ],
        "max_kv_cache": 0.3269760125835627,
        "parallel_requests_nb": 22
    },
    "26": {
        "speed_generation": [
            0.07649402553887441,
            13.233224167902701,
            0.05278061002228007
        ],
        "time_to_first_token": [
            0.6981751918792725,
            3.1688830852508545,
            0.5915639400482178
        ],
        "max_kv_cache": 0.38556822650412903,
        "parallel_requests_nb": 26
    },
    "30": {
        "speed_generation": [
            0.1124649760718448,
            11.99217377241646,
            0.0587340525693989
        ],
        "time_to_first_token": [
            1.1422470808029175,
            3.446686029434204,
            1.0252004861831665
        ],
        "max_kv_cache": 0.44357058592213916,
        "parallel_requests_nb": 30
    },
    "34": {
        "speed_generation": [
            0.054112688480611126,
            10.302664942388018,
            0.016880636241934255
        ],
        "time_to_first_token": [
            0.9669349193572998,
            3.55869197845459,
            1.4009230136871338
        ],
        "max_kv_cache": 0.5033425088478176,
        "parallel_requests_nb": 34
    },
    "38": {
        "speed_generation": [
            0.06721707777510844,
            9.494693171094092,
            0.07223869873477007
        ],
        "time_to_first_token": [
            0.994257926940918,
            3.7371490001678467,
            1.7687461376190186
        ],
        "max_kv_cache": 0.5629178136059771,
        "parallel_requests_nb": 38
    }
}