{
    "1": {
        "speed_generation": [
            0.16401129076904297,
            26.091697676434922,
            0.1534892423616192
        ],
        "time_to_first_token": [
            0.0018924474716186523,
            0.255918025970459,
            0.0019519329071044922
        ],
        "max_kv_cache": 0.015106340687736086,
        "parallel_requests_nb": 1
    },
    "2": {
        "speed_generation": [
            0.12923534010093363,
            17.372668557992327,
            0.1415021532938212
        ],
        "time_to_first_token": [
            0.22642171382904053,
            0.4899411201477051,
            0.007164478302001953
        ],
        "max_kv_cache": 0.029218843172331588,
        "parallel_requests_nb": 2
    },
    "3": {
        "speed_generation": [
            0.10475628572218554,
            13.712743504420294,
            0.12908162608510132
        ],
        "time_to_first_token": [
            0.21986103057861328,
            0.7165820598602295,
            0.012964963912963867
        ],
        "max_kv_cache": 0.043530113297555184,
        "parallel_requests_nb": 3
    },
    "4": {
        "speed_generation": [
            0.1214540650437268,
            11.331925500826902,
            0.13768319619255642
        ],
        "time_to_first_token": [
            0.2285761833190918,
            0.940061092376709,
            0.018512964248657227
        ],
        "max_kv_cache": 0.05784138342277878,
        "parallel_requests_nb": 4
    },
    "6": {
        "speed_generation": [
            0.0524922292029828,
            8.398562396079953,
            0.07145624685898433
        ],
        "time_to_first_token": [
            0.2311539649963379,
            1.4025778770446777,
            0.019484281539916992
        ],
        "max_kv_cache": 0.08646392367322597,
        "parallel_requests_nb": 6
    },
    "8": {
        "speed_generation": [
            0.07167361148810958,
            6.776198120975859,
            0.04604346532978543
        ],
        "time_to_first_token": [
            0.2019147276878357,
            1.8546069860458374,
            0.015592455863952637
        ],
        "max_kv_cache": 0.11488769628304507,
        "parallel_requests_nb": 8
    },
    "10": {
        "speed_generation": [
            0.04136128161263031,
            5.639952009045729,
            0.028167833118406982
        ],
        "time_to_first_token": [
            0.4596661329269409,
            2.3211559057235718,
            0.019077003002166748
        ],
        "max_kv_cache": 0.14291393361160798,
        "parallel_requests_nb": 10
    },
    "14": {
        "speed_generation": [
            0.027013732476177665,
            4.2000186504051875,
            0.021425475672772976
        ],
        "time_to_first_token": [
            0.037476539611816406,
            3.24719500541687,
            0.02246767282485962
        ],
        "max_kv_cache": 0.20015901411250248,
        "parallel_requests_nb": 14
    },
    "18": {
        "speed_generation": [
            0.008478303791256359,
            3.32709543197457,
            0.01590437071979256
        ],
        "time_to_first_token": [
            0.033395349979400635,
            4.184905529022217,
            0.014955997467041016
        ],
        "max_kv_cache": 0.255615185847744,
        "parallel_requests_nb": 18
    },
    "22": {
        "speed_generation": [
            0.009663310036791106,
            2.7847112660116053,
            0.010643331376555487
        ],
        "time_to_first_token": [
            0.08033329248428345,
            5.063764572143555,
            0.02661365270614624
        ],
        "max_kv_cache": 0.3122639634267541,
        "parallel_requests_nb": 22
    },
    "26": {
        "speed_generation": [
            0.012856585892936145,
            2.3795115306473535,
            0.007977849534714476
        ],
        "time_to_first_token": [
            0.6236975193023682,
            5.982201457023621,
            0.03532886505126953
        ],
        "max_kv_cache": 0.3699065792089048,
        "parallel_requests_nb": 26
    },
    "30": {
        "speed_generation": [
            0.004576456137272977,
            2.084279004370872,
            0.005919070022445183
        ],
        "time_to_first_token": [
            0.07748174667358398,
            6.913129091262817,
            0.020706653594970703
        ],
        "max_kv_cache": 0.42496521566289003,
        "parallel_requests_nb": 30
    },
    "34": {
        "speed_generation": [
            0.0056759905849799175,
            1.8014225386505194,
            0.006997609173391428
        ],
        "time_to_first_token": [
            1.0378392338752747,
            7.800073981285095,
            0.043877243995666504
        ],
        "max_kv_cache": 0.4822102961637845,
        "parallel_requests_nb": 34
    },
    "38": {
        "speed_generation": [
            0.005285487349318219,
            1.6233667362549855,
            0.0067977295902741375
        ],
        "time_to_first_token": [
            1.5576823353767395,
            8.513285517692566,
            0.24773955345153809
        ],
        "max_kv_cache": 0.5386603061021666,
        "parallel_requests_nb": 38
    }
}