{
    "1": {
        "speed_generation": [
            0.0745039709570019,
            11.221990993158833,
            0.10712619183792782
        ],
        "time_to_first_token": [
            0.015092849731445312,
            1.0508019924163818,
            0.008116006851196289
        ],
        "max_kv_cache": 0.05088451600079502,
        "parallel_requests_nb": 1
    },
    "2": {
        "speed_generation": [
            0.0447071997063766,
            6.290834190357997,
            0.030448192352321435
        ],
        "time_to_first_token": [
            0.9849051237106323,
            2.0647010803222656,
            0.013792037963867188
        ],
        "max_kv_cache": 0.10176903200159015,
        "parallel_requests_nb": 2
    },
    "3": {
        "speed_generation": [
            0.02753708888298334,
            4.46502815140204,
            0.030122968892142943
        ],
        "time_to_first_token": [
            0.982319176197052,
            3.056817054748535,
            0.04469579458236694
        ],
        "max_kv_cache": 0.15265354800238518,
        "parallel_requests_nb": 3
    },
    "4": {
        "speed_generation": [
            0.018373347994412814,
            3.4620315344771764,
            0.020237650369533178
        ],
        "time_to_first_token": [
            0.9603919982910156,
            4.0278000831604,
            0.08841800689697266
        ],
        "max_kv_cache": 0.2035380640031803,
        "parallel_requests_nb": 4
    },
    "6": {
        "speed_generation": [
            0.0142019461265388,
            2.381454503903153,
            0.016751403302110557
        ],
        "time_to_first_token": [
            1.8971490859985352,
            6.064167022705078,
            0.08674502372741699
        ],
        "max_kv_cache": 0.30530709600477046,
        "parallel_requests_nb": 6
    },
    "8": {
        "speed_generation": [
            0.009909141851135228,
            1.8178645010046777,
            0.00995468613231254
        ],
        "time_to_first_token": [
            2.0264649391174316,
            8.115824937820435,
            0.0626211166381836
        ],
        "max_kv_cache": 0.4070761280063606,
        "parallel_requests_nb": 8
    },
    "10": {
        "speed_generation": [
            0.007319987200476774,
            1.4649904470571193,
            0.008321917154575642
        ],
        "time_to_first_token": [
            2.042449116706848,
            8.209635019302368,
            1.98790442943573
        ],
        "max_kv_cache": 0.5088451600079507,
        "parallel_requests_nb": 10
    },
    "14": {
        "speed_generation": [
            0.007682559120815391,
            1.0607554280822042,
            0.004651064634988877
        ],
        "time_to_first_token": [
            4.072040438652039,
            11.245882987976074,
            2.9348514080047607
        ],
        "max_kv_cache": 0.712383224011131,
        "parallel_requests_nb": 14
    },
    "18": {
        "speed_generation": [
            0.005964171196776169,
            0.826811979083311,
            0.003173080172318432
        ],
        "time_to_first_token": [
            6.149298310279846,
            13.405861139297485,
            1.8556368350982666
        ],
        "max_kv_cache": 0.9159212880143113,
        "parallel_requests_nb": 18
    },
    "22": {
        "speed_generation": [
            0.01100636667062882,
            0.7851034883588976,
            0.00720587716545662
        ],
        "time_to_first_token": [
            6.995157599449158,
            17.17773699760437,
            1.931739330291748
        ],
        "max_kv_cache": 0.9668058040151063,
        "parallel_requests_nb": 22
    },
    "26": {
        "speed_generation": [
            0.38719297777733586,
            0.7826962306374604,
            0.006439323198362268
        ],
        "time_to_first_token": [
            4.9766868352890015,
            19.262574911117554,
            8.02308213710785
        ],
        "max_kv_cache": 0.9668058040151063,
        "parallel_requests_nb": 26
    },
    "30": {
        "speed_generation": [
            0.0027335886109839946,
            0.39480407161842385,
            0.3887147838755857
        ],
        "time_to_first_token": [
            8.100845456123352,
            27.36010193824768,
            0.36084747314453125
        ],
        "max_kv_cache": 0.9668058040151063,
        "parallel_requests_nb": 30
    },
    "34": {
        "speed_generation": [
            0.0025153851156908824,
            0.39551866408495656,
            0.08578012677239993
        ],
        "time_to_first_token": [
            0.44685816764831543,
            27.580145120620728,
            6.941498398780823
        ],
        "max_kv_cache": 0.9668058040151063,
        "parallel_requests_nb": 34
    },
    "38": {
        "speed_generation": [
            0.003350763862506323,
            0.39446112424299185,
            0.002044123021595179
        ],
        "time_to_first_token": [
            6.833609938621521,
            34.36140298843384,
            0.9027504920959473
        ],
        "max_kv_cache": 0.9668058040151063,
        "parallel_requests_nb": 38
    }
}