{
    "1": {
        "speed_generation": [
            0.10751292750098074,
            31.405262898309676,
            0.11042961190455003
        ],
        "time_to_first_token": [
            0.01419132947921753,
            1.0466409921646118,
            0.00871807336807251
        ],
        "max_kv_cache": 0.05088451600079502,
        "parallel_requests_nb": 1
    },
    "2": {
        "speed_generation": [
            0.1025725730385787,
            21.93884211313921,
            0.08272752388592863
        ],
        "time_to_first_token": [
            0.5050541162490845,
            2.0595290660858154,
            0.012715458869934082
        ],
        "max_kv_cache": 0.10176903200159015,
        "parallel_requests_nb": 2
    },
    "3": {
        "speed_generation": [
            0.05352177512224188,
            17.896936728247113,
            0.05579482012358028
        ],
        "time_to_first_token": [
            0.985202431678772,
            3.061555027961731,
            0.023374855518341064
        ],
        "max_kv_cache": 0.15265354800238518,
        "parallel_requests_nb": 3
    },
    "4": {
        "speed_generation": [
            0.04203665491609421,
            15.603491616454406,
            0.06465693638132741
        ],
        "time_to_first_token": [
            0.9668121337890625,
            4.032518148422241,
            0.06490683555603027
        ],
        "max_kv_cache": 0.2035380640031803,
        "parallel_requests_nb": 4
    },
    "6": {
        "speed_generation": [
            0.0357952634978389,
            11.801471740186667,
            0.07052697249775441
        ],
        "time_to_first_token": [
            1.937902569770813,
            6.067352056503296,
            0.08839499950408936
        ],
        "max_kv_cache": 0.30530709600477046,
        "parallel_requests_nb": 6
    },
    "8": {
        "speed_generation": [
            0.041145454764578204,
            9.62341257744027,
            0.021381646220415718
        ],
        "time_to_first_token": [
            2.985821008682251,
            8.098567008972168,
            0.05038714408874512
        ],
        "max_kv_cache": 0.4070761280063606,
        "parallel_requests_nb": 8
    },
    "10": {
        "speed_generation": [
            0.06715980072189343,
            8.039715260356079,
            0.02522416392025839
        ],
        "time_to_first_token": [
            2.0777151584625244,
            9.19209599494934,
            0.9548940658569336
        ],
        "max_kv_cache": 0.5088451600079507,
        "parallel_requests_nb": 10
    },
    "14": {
        "speed_generation": [
            0.005982704156139107,
            6.111499344711371,
            0.010233966620993407
        ],
        "time_to_first_token": [
            4.028699159622192,
            11.257472038269043,
            3.046190023422241
        ],
        "max_kv_cache": 0.712383224011131,
        "parallel_requests_nb": 14
    },
    "18": {
        "speed_generation": [
            0.02409239940593988,
            4.816308277224429,
            0.0174384782010657
        ],
        "time_to_first_token": [
            6.821181654930115,
            14.149399042129517,
            1.257500410079956
        ],
        "max_kv_cache": 0.9159212880143113,
        "parallel_requests_nb": 18
    },
    "22": {
        "speed_generation": [
            0.029145412840563267,
            4.61187953447851,
            0.014533124849349655
        ],
        "time_to_first_token": [
            7.152635455131531,
            17.292140007019043,
            1.9215755462646484
        ],
        "max_kv_cache": 0.9668058040151063,
        "parallel_requests_nb": 22
    },
    "26": {
        "speed_generation": [
            2.2928641741232054,
            4.616238911569979,
            0.017740174353469307
        ],
        "time_to_first_token": [
            5.006054043769836,
            19.303919076919556,
            15.373913884162903
        ],
        "max_kv_cache": 0.9668058040151063,
        "parallel_requests_nb": 26
    },
    "30": {
        "speed_generation": [
            0.038583718004775225,
            2.350331869824801,
            2.2672615407805794
        ],
        "time_to_first_token": [
            15.429468035697937,
            34.62765908241272,
            0.32187843322753906
        ],
        "max_kv_cache": 0.9668058040151063,
        "parallel_requests_nb": 30
    },
    "34": {
        "speed_generation": [
            0.011574063402358448,
            2.318946656542628,
            2.25502392093552
        ],
        "time_to_first_token": [
            15.253285646438599,
            34.9298791885376,
            6.942468762397766
        ],
        "max_kv_cache": 0.9668058040151063,
        "parallel_requests_nb": 34
    },
    "38": {
        "speed_generation": [
            0.007459232164665597,
            2.3175744810113152,
            0.004206711372980454
        ],
        "time_to_first_token": [
            7.000007152557373,
            41.785999059677124,
            0.8416074514389038
        ],
        "max_kv_cache": 0.9668058040151063,
        "parallel_requests_nb": 38
    }
}