{
    "1": {
        "speed_generation": [
            0.05846774063076765,
            43.359139111597216,
            0.038111684904819754
        ],
        "time_to_first_token": [
            0.0018768310546875,
            0.2574925422668457,
            0.0026213526725769043
        ],
        "max_kv_cache": 0.02723116676605053,
        "parallel_requests_nb": 1
    },
    "2": {
        "speed_generation": [
            0.05387140121693079,
            36.23949452545706,
            0.05592053979618328
        ],
        "time_to_first_token": [
            0.024712741374969482,
            0.4908360242843628,
            0.004369676113128662
        ],
        "max_kv_cache": 0.05406479825084476,
        "parallel_requests_nb": 2
    },
    "3": {
        "speed_generation": [
            0.02213785889017572,
            34.31264870954195,
            0.0930848120949932
        ],
        "time_to_first_token": [
            0.23146981000900269,
            0.7221115827560425,
            0.009460091590881348
        ],
        "max_kv_cache": 0.0810971973762672,
        "parallel_requests_nb": 3
    },
    "4": {
        "speed_generation": [
            0.06938540928953074,
            32.67995102438519,
            0.09778480792272859
        ],
        "time_to_first_token": [
            0.4324380159378052,
            0.9375474452972412,
            0.025479793548583984
        ],
        "max_kv_cache": 0.10773206122043333,
        "parallel_requests_nb": 4
    },
    "6": {
        "speed_generation": [
            0.05221562154450865,
            30.038928341636264,
            0.03616161402788265
        ],
        "time_to_first_token": [
            0.4355928897857666,
            1.3758399486541748,
            0.024952173233032227
        ],
        "max_kv_cache": 0.1617968594712781,
        "parallel_requests_nb": 6
    },
    "8": {
        "speed_generation": [
            0.09258280924599305,
            29.042932184318115,
            0.06766286517569498
        ],
        "time_to_first_token": [
            0.43460512161254883,
            1.816673994064331,
            0.05139899253845215
        ],
        "max_kv_cache": 0.2138739813158418,
        "parallel_requests_nb": 8
    },
    "10": {
        "speed_generation": [
            0.07927841301600935,
            27.262600739885322,
            0.08574367947593231
        ],
        "time_to_first_token": [
            1.0677410364151,
            2.264997959136963,
            0.05040299892425537
        ],
        "max_kv_cache": 0.26674617372291787,
        "parallel_requests_nb": 10
    },
    "14": {
        "speed_generation": [
            0.1266658419119615,
            24.035798267145097,
            0.1369630974002689
        ],
        "time_to_first_token": [
            1.3466036319732666,
            3.2203891277313232,
            0.02114391326904297
        ],
        "max_kv_cache": 0.3738819320214669,
        "parallel_requests_nb": 14
    },
    "18": {
        "speed_generation": [
            0.1069857684358908,
            20.658053009034994,
            0.06754201888440647
        ],
        "time_to_first_token": [
            1.8010809421539307,
            4.166628837585449,
            0.009541034698486328
        ],
        "max_kv_cache": 0.48121645796064405,
        "parallel_requests_nb": 18
    },
    "22": {
        "speed_generation": [
            0.0615927272111918,
            18.642743491015597,
            0.11875758561249938
        ],
        "time_to_first_token": [
            2.382847547531128,
            4.98940896987915,
            0.10992550849914551
        ],
        "max_kv_cache": 0.5875571456966806,
        "parallel_requests_nb": 22
    },
    "26": {
        "speed_generation": [
            0.06823424353319396,
            16.831068713755077,
            0.07891929376334517
        ],
        "time_to_first_token": [
            2.6460418701171875,
            5.962815999984741,
            0.02286696434020996
        ],
        "max_kv_cache": 0.6927052275889485,
        "parallel_requests_nb": 26
    }
}