{
    "1": {
        "speed_generation": [
            0.07535042578135887,
            40.33202676250423,
            0.050374426147783424
        ],
        "time_to_first_token": [
            0.016242563724517822,
            1.0496495962142944,
            0.0052068233489990234
        ],
        "max_kv_cache": 0.05088451600079502,
        "parallel_requests_nb": 1
    },
    "2": {
        "speed_generation": [
            0.027573636227018028,
            31.652103814796327,
            0.12216464145165062
        ],
        "time_to_first_token": [
            0.9862242341041565,
            2.055375576019287,
            0.011889874935150146
        ],
        "max_kv_cache": 0.10176903200159015,
        "parallel_requests_nb": 2
    },
    "3": {
        "speed_generation": [
            0.03396805936079872,
            28.530211020681563,
            0.03880111042569112
        ],
        "time_to_first_token": [
            0.9712955355644226,
            3.0447020530700684,
            0.04442983865737915
        ],
        "max_kv_cache": 0.15265354800238518,
        "parallel_requests_nb": 3
    },
    "4": {
        "speed_generation": [
            0.06121869829339133,
            27.690030900210147,
            0.04813226687817007
        ],
        "time_to_first_token": [
            1.9435098767280579,
            4.0300880670547485,
            0.05953717231750488
        ],
        "max_kv_cache": 0.2035380640031803,
        "parallel_requests_nb": 4
    },
    "6": {
        "speed_generation": [
            0.1386324662949221,
            23.143930233416206,
            0.08622235460877192
        ],
        "time_to_first_token": [
            0.9856721758842468,
            5.083572030067444,
            0.9950380921363831
        ],
        "max_kv_cache": 0.30530709600477046,
        "parallel_requests_nb": 6
    },
    "8": {
        "speed_generation": [
            0.10555940895185856,
            20.385177125542274,
            0.09779657463917246
        ],
        "time_to_first_token": [
            4.829433441162109,
            7.965318560600281,
            0.16719424724578857
        ],
        "max_kv_cache": 0.4070761280063606,
        "parallel_requests_nb": 8
    },
    "10": {
        "speed_generation": [
            0.04361333713009685,
            17.966625411020537,
            0.14712647382295785
        ],
        "time_to_first_token": [
            1.9330763816833496,
            8.105146884918213,
            2.0624501705169678
        ],
        "max_kv_cache": 0.5088451600079507,
        "parallel_requests_nb": 10
    },
    "14": {
        "speed_generation": [
            0.059807701865281615,
            14.879316207242773,
            0.050874524702104296
        ],
        "time_to_first_token": [
            6.049342155456543,
            12.257411003112793,
            1.2066268920898438
        ],
        "max_kv_cache": 0.712383224011131,
        "parallel_requests_nb": 14
    },
    "18": {
        "speed_generation": [
            0.010587973091610081,
            11.906261398356945,
            0.040839875348874344
        ],
        "time_to_first_token": [
            6.890980362892151,
            14.359474897384644,
            1.053619146347046
        ],
        "max_kv_cache": 0.9159212880143113,
        "parallel_requests_nb": 18
    },
    "22": {
        "speed_generation": [
            0.03662993752241306,
            11.532868013788617,
            0.03501774637508426
        ],
        "time_to_first_token": [
            7.0219414830207825,
            17.31645143032074,
            1.0732213258743286
        ],
        "max_kv_cache": 0.9668058040151063,
        "parallel_requests_nb": 22
    }
}