{
    "1": {
        "speed_generation": [
            0.23190986791446733,
            40.60106075167381,
            0.10704480093510682
        ],
        "time_to_first_token": [
            0.0018398761749267578,
            0.2557358741760254,
            0.0018069744110107422
        ],
        "max_kv_cache": 0.01610017889087656,
        "parallel_requests_nb": 1
    },
    "2": {
        "speed_generation": [
            0.07791688793255958,
            32.748030177642526,
            0.09747069015827492
        ],
        "time_to_first_token": [
            0.22548604011535645,
            0.48520398139953613,
            0.007093191146850586
        ],
        "max_kv_cache": 0.032001590141125025,
        "parallel_requests_nb": 2
    },
    "3": {
        "speed_generation": [
            0.09533960018654497,
            29.99307323030442,
            0.11610140721060347
        ],
        "time_to_first_token": [
            0.21098685264587402,
            0.7065579891204834,
            0.016717910766601562
        ],
        "max_kv_cache": 0.047704233750745395,
        "parallel_requests_nb": 3
    },
    "4": {
        "speed_generation": [
            0.10141903553970977,
            27.809032090170998,
            0.08435795084526276
        ],
        "time_to_first_token": [
            0.2269129753112793,
            0.9313440322875977,
            0.021005868911743164
        ],
        "max_kv_cache": 0.06340687736036577,
        "parallel_requests_nb": 4
    },
    "6": {
        "speed_generation": [
            0.10221678068296569,
            23.659661414501343,
            0.08272281931862935
        ],
        "time_to_first_token": [
            0.6657609939575195,
            1.4002959728240967,
            0.015405416488647461
        ],
        "max_kv_cache": 0.0946133969389783,
        "parallel_requests_nb": 6
    },
    "8": {
        "speed_generation": [
            0.06986962417830256,
            21.54963785896501,
            0.06629097636611547
        ],
        "time_to_first_token": [
            0.9094369411468506,
            1.8534729480743408,
            0.023305177688598633
        ],
        "max_kv_cache": 0.12542238123633476,
        "parallel_requests_nb": 8
    },
    "10": {
        "speed_generation": [
            0.05254602880746262,
            19.92052034965988,
            0.05405308507690876
        ],
        "time_to_first_token": [
            0.9218101501464844,
            2.305889129638672,
            0.02112102508544922
        ],
        "max_kv_cache": 0.1572252037368317,
        "parallel_requests_nb": 10
    },
    "14": {
        "speed_generation": [
            0.0564213214788829,
            16.465682710357118,
            0.06204160962747807
        ],
        "time_to_first_token": [
            1.5417778491973877,
            3.222188949584961,
            0.025460004806518555
        ],
        "max_kv_cache": 0.2184456370502882,
        "parallel_requests_nb": 14
    },
    "18": {
        "speed_generation": [
            0.07351902101470742,
            13.773330872522237,
            0.029696378402601198
        ],
        "time_to_first_token": [
            1.7973511219024658,
            4.13942813873291,
            0.03244280815124512
        ],
        "max_kv_cache": 0.28225004969191014,
        "parallel_requests_nb": 18
    },
    "22": {
        "speed_generation": [
            0.01667675461099094,
            12.097473286998259,
            0.031465332706154925
        ],
        "time_to_first_token": [
            0.05621004104614258,
            5.0706751346588135,
            0.020932674407958984
        ],
        "max_kv_cache": 0.34347048300536676,
        "parallel_requests_nb": 22
    },
    "26": {
        "speed_generation": [
            0.04329372902978079,
            10.603375875931924,
            0.025258082926480796
        ],
        "time_to_first_token": [
            0.11453700065612793,
            5.995000123977661,
            0.019629955291748047
        ],
        "max_kv_cache": 0.40449214867819516,
        "parallel_requests_nb": 26
    },
    "30": {
        "speed_generation": [
            0.037968509177481735,
            9.633698158466107,
            0.023090475786203157
        ],
        "time_to_first_token": [
            0.4691660404205322,
            6.894917964935303,
            0.020131826400756836
        ],
        "max_kv_cache": 0.46730272311667664,
        "parallel_requests_nb": 30
    },
    "34": {
        "speed_generation": [
            0.0378623887203382,
            7.687729695718953,
            0.023375205982552494
        ],
        "time_to_first_token": [
            0.7247154712677002,
            7.675370931625366,
            0.17228209972381592
        ],
        "max_kv_cache": 0.5295169946332737,
        "parallel_requests_nb": 34
    },
    "38": {
        "speed_generation": [
            0.015694463566685357,
            7.1675856977757055,
            0.013175613840210154
        ],
        "time_to_first_token": [
            1.9294803142547607,
            8.01561713218689,
            0.7529580593109131
        ],
        "max_kv_cache": 0.5913337308686146,
        "parallel_requests_nb": 38
    }
}