{
    "1": {
        "speed_generation": [
            0.1788824974223715,
            45.150813922256496,
            0.11477040274437655
        ],
        "time_to_first_token": [
            0.000835418701171875,
            0.07412838935852051,
            0.0010259151458740234
        ],
        "max_kv_cache": 0.0025839793281653423,
        "parallel_requests_nb": 1
    },
    "2": {
        "speed_generation": [
            0.18143806412862062,
            37.284022698026114,
            0.505977472669251
        ],
        "time_to_first_token": [
            0.005154013633728027,
            0.08051300048828125,
            0.04867899417877197
        ],
        "max_kv_cache": 0.0051679586563307955,
        "parallel_requests_nb": 2
    },
    "3": {
        "speed_generation": [
            0.09261044382932937,
            36.423948204635494,
            0.09675897943002809
        ],
        "time_to_first_token": [
            0.046373188495635986,
            0.1249011754989624,
            0.011217474937438965
        ],
        "max_kv_cache": 0.007553170343868043,
        "parallel_requests_nb": 3
    },
    "4": {
        "speed_generation": [
            0.10161122578478654,
            36.0733894381418,
            0.12083190100772612
        ],
        "time_to_first_token": [
            0.04715418815612793,
            0.12844014167785645,
            0.009616851806640625
        ],
        "max_kv_cache": 0.00993838203140529,
        "parallel_requests_nb": 4
    },
    "6": {
        "speed_generation": [
            0.14078091187067798,
            34.3912881103215,
            0.1512304749013893
        ],
        "time_to_first_token": [
            0.04558587074279785,
            0.13447785377502441,
            0.015238046646118164
        ],
        "max_kv_cache": 0.014708805406479786,
        "parallel_requests_nb": 6
    },
    "8": {
        "speed_generation": [
            0.12386031340837178,
            33.316041149805145,
            0.12261577035696547
        ],
        "time_to_first_token": [
            0.049902915954589844,
            0.1508028507232666,
            0.014505147933959961
        ],
        "max_kv_cache": 0.019677996422182487,
        "parallel_requests_nb": 8
    },
    "10": {
        "speed_generation": [
            0.15252279870340146,
            31.882028322324164,
            0.1662124747836593
        ],
        "time_to_first_token": [
            0.02826094627380371,
            0.145643949508667,
            0.03832101821899414
        ],
        "max_kv_cache": 0.024647187437885076,
        "parallel_requests_nb": 10
    },
    "14": {
        "speed_generation": [
            0.20335660384945342,
            31.11869672976015,
            0.20145046079684903
        ],
        "time_to_first_token": [
            0.01763099431991577,
            0.1992344856262207,
            0.022645294666290283
        ],
        "max_kv_cache": 0.03438680182866227,
        "parallel_requests_nb": 14
    },
    "18": {
        "speed_generation": [
            0.13151522179071407,
            29.328224734221983,
            0.14811674028874933
        ],
        "time_to_first_token": [
            0.01806628704071045,
            0.28565800189971924,
            0.014956772327423096
        ],
        "max_kv_cache": 0.04333134565692709,
        "parallel_requests_nb": 18
    },
    "22": {
        "speed_generation": [
            0.10891378028531307,
            29.037216579942147,
            0.15509894761837018
        ],
        "time_to_first_token": [
            0.03968876600265503,
            0.3316965103149414,
            0.015108287334442139
        ],
        "max_kv_cache": 0.053070960047704285,
        "parallel_requests_nb": 22
    },
    "26": {
        "speed_generation": [
            0.17280496752633567,
            27.736780905150294,
            0.19877900104043178
        ],
        "time_to_first_token": [
            0.01820152997970581,
            0.35775303840637207,
            0.03227245807647705
        ],
        "max_kv_cache": 0.06201550387596899,
        "parallel_requests_nb": 26
    },
    "30": {
        "speed_generation": [
            0.2005948753103759,
            26.482331239118604,
            0.07622281699967104
        ],
        "time_to_first_token": [
            0.017486989498138428,
            0.4177439212799072,
            0.01383739709854126
        ],
        "max_kv_cache": 0.07195388590737428,
        "parallel_requests_nb": 30
    },
    "34": {
        "speed_generation": [
            0.053537377793826835,
            17.507344199491037,
            0.07877675940564899
        ],
        "time_to_first_token": [
            0.09827172756195068,
            0.4679379463195801,
            0.01300954818725586
        ],
        "max_kv_cache": 0.08149473265752338,
        "parallel_requests_nb": 34
    },
    "38": {
        "speed_generation": [
            0.21440307103926415,
            17.040661701034985,
            0.15136417253932777
        ],
        "time_to_first_token": [
            0.07544386386871338,
            0.5259164571762085,
            0.03827333450317383
        ],
        "max_kv_cache": 0.09024050884516,
        "parallel_requests_nb": 38
    }
}