{
    "1": {
        "speed_generation": [
            0.6630270399603617,
            40.40689608343138,
            0.15506614348697667
        ],
        "time_to_first_token": [
            0.0038000941276550293,
            0.0727548599243164,
            0.0011491775512695312
        ],
        "max_kv_cache": 0.001391373484396774,
        "parallel_requests_nb": 1
    },
    "2": {
        "speed_generation": [
            0.5170129975314772,
            30.35433393493617,
            3.027086360673195
        ],
        "time_to_first_token": [
            0.006171584129333496,
            0.08109045028686523,
            0.050823330879211426
        ],
        "max_kv_cache": 0.0025839793281653423,
        "parallel_requests_nb": 2
    },
    "3": {
        "speed_generation": [
            0.3752402920623581,
            29.729185181523622,
            0.5184745359120768
        ],
        "time_to_first_token": [
            0.008385419845581055,
            0.08475100994110107,
            0.04856562614440918
        ],
        "max_kv_cache": 0.003577817531305927,
        "parallel_requests_nb": 3
    },
    "4": {
        "speed_generation": [
            0.5055009672975679,
            29.35319697704346,
            1.3820607626088837
        ],
        "time_to_first_token": [
            0.03712451457977295,
            0.11604702472686768,
            0.019374489784240723
        ],
        "max_kv_cache": 0.004770423375074495,
        "parallel_requests_nb": 4
    },
    "6": {
        "speed_generation": [
            0.4777326087151188,
            27.494708284784625,
            0.5267358481609072
        ],
        "time_to_first_token": [
            0.036246538162231445,
            0.12455689907073975,
            0.021031439304351807
        ],
        "max_kv_cache": 0.006956867421983648,
        "parallel_requests_nb": 6
    },
    "8": {
        "speed_generation": [
            0.6468356167136555,
            25.802626392520803,
            0.6600717286519959
        ],
        "time_to_first_token": [
            0.053322017192840576,
            0.15756499767303467,
            0.014089107513427734
        ],
        "max_kv_cache": 0.008745776187636611,
        "parallel_requests_nb": 8
    },
    "10": {
        "speed_generation": [
            0.5606956533349639,
            24.701477902558977,
            1.111520536666955
        ],
        "time_to_first_token": [
            0.018851935863494873,
            0.1469724178314209,
            0.03901094198226929
        ],
        "max_kv_cache": 0.010932220234545764,
        "parallel_requests_nb": 10
    },
    "14": {
        "speed_generation": [
            0.7457716714440465,
            22.814136095642326,
            0.8080787721112159
        ],
        "time_to_first_token": [
            0.025421977043151855,
            0.21622705459594727,
            0.029946088790893555
        ],
        "max_kv_cache": 0.014708805406479786,
        "parallel_requests_nb": 14
    },
    "18": {
        "speed_generation": [
            0.7492602444349856,
            21.40462249283027,
            0.3430058048203364
        ],
        "time_to_first_token": [
            0.012474000453948975,
            0.25678741931915283,
            0.023737609386444092
        ],
        "max_kv_cache": 0.018087855297157618,
        "parallel_requests_nb": 18
    },
    "22": {
        "speed_generation": [
            0.5906259342246081,
            19.742421610719134,
            0.5705625585437453
        ],
        "time_to_first_token": [
            0.029783666133880615,
            0.3134160041809082,
            0.027823925018310547
        ],
        "max_kv_cache": 0.022063208109719734,
        "parallel_requests_nb": 22
    },
    "26": {
        "speed_generation": [
            0.4284812866744865,
            18.01675072718451,
            0.3120260633569174
        ],
        "time_to_first_token": [
            0.015998542308807373,
            0.37589454650878906,
            0.026871979236602783
        ],
        "max_kv_cache": 0.02643609620353804,
        "parallel_requests_nb": 26
    },
    "30": {
        "speed_generation": [
            0.4076257218668893,
            16.84162489423608,
            0.40226242837576365
        ],
        "time_to_first_token": [
            0.020306110382080078,
            0.4181150197982788,
            0.015384435653686523
        ],
        "max_kv_cache": 0.029417610812959682,
        "parallel_requests_nb": 30
    },
    "34": {
        "speed_generation": [
            0.24398776922258847,
            12.358973966105042,
            0.22021813444877125
        ],
        "time_to_first_token": [
            0.023751437664031982,
            0.4779529571533203,
            0.024749279022216797
        ],
        "max_kv_cache": 0.03418803418803418,
        "parallel_requests_nb": 34
    },
    "38": {
        "speed_generation": [
            0.13545381816787128,
            11.945179049174087,
            0.1547415555560523
        ],
        "time_to_first_token": [
            0.018631041049957275,
            0.5151255130767822,
            0.011953890323638916
        ],
        "max_kv_cache": 0.03677201351619952,
        "parallel_requests_nb": 38
    }
}