{
    "1": {
        "speed_generation": [
            0.10593849444963155,
            87.26945368535013,
            0.10649207981212783
        ],
        "time_to_first_token": [
            0.0006237626075744629,
            0.032944440841674805,
            0.0007129907608032227
        ],
        "max_kv_cache": 0.016780155642023398,
        "parallel_requests_nb": 1
    },
    "2": {
        "speed_generation": [
            0.16018825956368232,
            83.68964423118062,
            0.21445122524974636
        ],
        "time_to_first_token": [
            0.0017685890197753906,
            0.03456544876098633,
            0.003704667091369629
        ],
        "max_kv_cache": 0.033317120622568086,
        "parallel_requests_nb": 2
    },
    "3": {
        "speed_generation": [
            0.14430995255916912,
            79.99435426967493,
            0.13745986577363567
        ],
        "time_to_first_token": [
            0.008828222751617432,
            0.04543137550354004,
            0.009195566177368164
        ],
        "max_kv_cache": 0.050097276264591484,
        "parallel_requests_nb": 3
    },
    "4": {
        "speed_generation": [
            0.08362262496939366,
            78.24606539988936,
            0.09639213580406647
        ],
        "time_to_first_token": [
            0.01178598403930664,
            0.05134105682373047,
            0.0074977874755859375
        ],
        "max_kv_cache": 0.06639105058365757,
        "parallel_requests_nb": 4
    },
    "6": {
        "speed_generation": [
            0.09467625220453613,
            72.14886707525802,
            0.08209476038349806
        ],
        "time_to_first_token": [
            0.009867072105407715,
            0.0521550178527832,
            0.008815407752990723
        ],
        "max_kv_cache": 0.09897859922178986,
        "parallel_requests_nb": 6
    },
    "8": {
        "speed_generation": [
            0.24966627630762162,
            68.64647423110009,
            0.18548604241183853
        ],
        "time_to_first_token": [
            0.007296085357666016,
            0.0591740608215332,
            0.0066509246826171875
        ],
        "max_kv_cache": 0.13253891050583655,
        "parallel_requests_nb": 8
    },
    "10": {
        "speed_generation": [
            0.2092273568926899,
            63.94974747399924,
            0.11916667867060937
        ],
        "time_to_first_token": [
            0.01127314567565918,
            0.06398200988769531,
            0.00991201400756836
        ],
        "max_kv_cache": 0.16585603112840464,
        "parallel_requests_nb": 10
    },
    "14": {
        "speed_generation": [
            0.6797010337532257,
            58.84737806011094,
            0.14944114014912913
        ],
        "time_to_first_token": [
            0.018602728843688965,
            0.07868409156799316,
            0.0076503753662109375
        ],
        "max_kv_cache": 0.231760700389105,
        "parallel_requests_nb": 14
    },
    "18": {
        "speed_generation": [
            0.6244194726463022,
            55.35043900449229,
            0.16344192382785394
        ],
        "time_to_first_token": [
            0.02819204330444336,
            0.08463311195373535,
            0.01015472412109375
        ],
        "max_kv_cache": 0.2971789883268483,
        "parallel_requests_nb": 18
    },
    "22": {
        "speed_generation": [
            0.5916437814728113,
            52.2942839343358,
            0.2112114557513891
        ],
        "time_to_first_token": [
            0.023663878440856934,
            0.09892582893371582,
            0.015900492668151855
        ],
        "max_kv_cache": 0.3638132295719845,
        "parallel_requests_nb": 22
    },
    "26": {
        "speed_generation": [
            0.6285877128374366,
            48.94866522355709,
            0.2521746955888702
        ],
        "time_to_first_token": [
            0.03234505653381348,
            0.11189508438110352,
            0.013628721237182617
        ],
        "max_kv_cache": 0.42874513618677046,
        "parallel_requests_nb": 26
    },
    "30": {
        "speed_generation": [
            0.07024572991204536,
            44.7091464253183,
            0.5519894721993737
        ],
        "time_to_first_token": [
            0.03674304485321045,
            0.1382889747619629,
            0.010435938835144043
        ],
        "max_kv_cache": 0.49489299610894943,
        "parallel_requests_nb": 30
    },
    "34": {
        "speed_generation": [
            0.136200134037324,
            42.11525685285655,
            0.06740414217802737
        ],
        "time_to_first_token": [
            0.05315804481506348,
            0.15206313133239746,
            0.008733749389648438
        ],
        "max_kv_cache": 0.560068093385214,
        "parallel_requests_nb": 34
    },
    "38": {
        "speed_generation": [
            0.3899385879950117,
            39.74852362262566,
            0.5849166977532931
        ],
        "time_to_first_token": [
            0.015209078788757324,
            0.15633797645568848,
            0.014758586883544922
        ],
        "max_kv_cache": 0.626215953307393,
        "parallel_requests_nb": 38
    }
}