{
    "1": {
        "speed_generation": [
            0.13383223999849747,
            77.09891845108487,
            0.11122914405403606
        ],
        "time_to_first_token": [
            0.0034829378128051758,
            0.24078309535980225,
            0.001514136791229248
        ],
        "max_kv_cache": 0.08098249027237359,
        "parallel_requests_nb": 1
    },
    "2": {
        "speed_generation": [
            0.1043346262170104,
            64.61408619406161,
            0.08051703520220599
        ],
        "time_to_first_token": [
            0.005686581134796143,
            0.45781540870666504,
            0.007814288139343262
        ],
        "max_kv_cache": 0.16074902723735407,
        "parallel_requests_nb": 2
    },
    "3": {
        "speed_generation": [
            0.16471820227320677,
            57.256432129859064,
            0.11451616145596688
        ],
        "time_to_first_token": [
            0.20555078983306885,
            0.671284556388855,
            0.008846580982208252
        ],
        "max_kv_cache": 0.24294747081712065,
        "parallel_requests_nb": 3
    },
    "4": {
        "speed_generation": [
            0.12698714821647172,
            50.67531053642001,
            0.1357765910969917
        ],
        "time_to_first_token": [
            0.39068603515625,
            0.8629238605499268,
            0.03267216682434082
        ],
        "max_kv_cache": 0.32125486381322954,
        "parallel_requests_nb": 4
    },
    "6": {
        "speed_generation": [
            0.15351501252356314,
            41.70919560266168,
            0.04981114961208988
        ],
        "time_to_first_token": [
            0.6101870536804199,
            1.3167788982391357,
            0.023788928985595703
        ],
        "max_kv_cache": 0.47811284046692604,
        "parallel_requests_nb": 6
    },
    "8": {
        "speed_generation": [
            0.06013723560897688,
            35.37558333607404,
            0.2254759638973738
        ],
        "time_to_first_token": [
            0.6177592277526855,
            1.7506780624389648,
            0.03518390655517578
        ],
        "max_kv_cache": 0.6395914396887159,
        "parallel_requests_nb": 8
    },
    "10": {
        "speed_generation": [
            0.11162664446930037,
            30.48772876609529,
            0.09781035211013744
        ],
        "time_to_first_token": [
            0.7924289703369141,
            2.1748411655426025,
            0.03856492042541504
        ],
        "max_kv_cache": 0.7981517509727627,
        "parallel_requests_nb": 10
    },
    "14": {
        "speed_generation": [
            0.3727962558137179,
            24.760278393862958,
            0.09474357931860666
        ],
        "time_to_first_token": [
            0.0237734317779541,
            2.6258569955825806,
            0.15927046537399292
        ],
        "max_kv_cache": 0.9997568093385214,
        "parallel_requests_nb": 14
    },
    "18": {
        "speed_generation": [
            10.064510116442293,
            24.133163133905896,
            0.10290689611751702
        ],
        "time_to_first_token": [
            0.23814433813095093,
            3.264856457710266,
            15.610707223415375
        ],
        "max_kv_cache": 1.0,
        "parallel_requests_nb": 18
    },
    "22": {
        "speed_generation": [
            1.8901988194360229,
            14.05573251177675,
            9.973512641881332
        ],
        "time_to_first_token": [
            24.913336753845215,
            28.18082106113434,
            15.93259048461914
        ],
        "max_kv_cache": 1.0,
        "parallel_requests_nb": 22
    },
    "26": {
        "speed_generation": [
            0.024243471729079147,
            12.238132712715363,
            0.8143885638407529
        ],
        "time_to_first_token": [
            7.139022767543793,
            44.04496204853058,
            0.3127249479293823
        ],
        "max_kv_cache": 1.0,
        "parallel_requests_nb": 26
    },
    "30": {
        "speed_generation": [
            0.9260413986238323,
            12.152359160398968,
            0.10058187346303171
        ],
        "time_to_first_token": [
            0.5039018392562866,
            44.66844892501831,
            0.8744200468063354
        ],
        "max_kv_cache": 1.0,
        "parallel_requests_nb": 30
    },
    "34": {
        "speed_generation": [
            3.054131284910607,
            11.223350600439456,
            0.9370059793334882
        ],
        "time_to_first_token": [
            0.90401291847229,
            45.59520888328552,
            40.2592476606369
        ],
        "max_kv_cache": 0.9997568093385214,
        "parallel_requests_nb": 34
    },
    "38": {
        "speed_generation": [
            0.1459234841805852,
            8.240366138875732,
            2.597907851516325
        ],
        "time_to_first_token": [
            39.92233729362488,
            85.47432804107666,
            0.9947854280471802
        ],
        "max_kv_cache": 1.0,
        "parallel_requests_nb": 38
    }
}