{
    "1": {
        "speed_generation": [
            0.48628010166041236,
            66.66570373483658,
            0.3773407617671154
        ],
        "time_to_first_token": [
            0.0017069578170776367,
            0.06164705753326416,
            0.001712203025817871
        ],
        "max_kv_cache": 0.01775291828793779,
        "parallel_requests_nb": 1
    },
    "2": {
        "speed_generation": [
            0.7174847018969643,
            52.84905334303116,
            0.5798374987889972
        ],
        "time_to_first_token": [
            0.04810410737991333,
            0.11181843280792236,
            0.002619922161102295
        ],
        "max_kv_cache": 0.034776264591439676,
        "parallel_requests_nb": 2
    },
    "3": {
        "speed_generation": [
            0.557102371949469,
            43.40825884817333,
            0.8150016143385699
        ],
        "time_to_first_token": [
            0.042514681816101074,
            0.15792107582092285,
            0.00876152515411377
        ],
        "max_kv_cache": 0.05107003891050588,
        "parallel_requests_nb": 3
    },
    "4": {
        "speed_generation": [
            0.5773218769730946,
            37.296296076929835,
            0.8035419772603802
        ],
        "time_to_first_token": [
            0.08416330814361572,
            0.20907557010650635,
            0.009358644485473633
        ],
        "max_kv_cache": 0.06809338521400776,
        "parallel_requests_nb": 4
    },
    "6": {
        "speed_generation": [
            0.4338167899818792,
            28.686118286125044,
            0.5369859166926396
        ],
        "time_to_first_token": [
            0.08653688430786133,
            0.31262505054473877,
            0.013470232486724854
        ],
        "max_kv_cache": 0.10068093385214005,
        "parallel_requests_nb": 6
    },
    "8": {
        "speed_generation": [
            0.32574536472311877,
            23.535953395673317,
            0.37610533626912
        ],
        "time_to_first_token": [
            0.08761864900588989,
            0.4218670129776001,
            0.014511823654174805
        ],
        "max_kv_cache": 0.13424124513618674,
        "parallel_requests_nb": 8
    },
    "10": {
        "speed_generation": [
            0.21078487003509494,
            19.546808133672943,
            0.21697633597374377
        ],
        "time_to_first_token": [
            0.01964348554611206,
            0.5398285388946533,
            0.010665059089660645
        ],
        "max_kv_cache": 0.16755836575875482,
        "parallel_requests_nb": 10
    },
    "14": {
        "speed_generation": [
            0.12345550838141683,
            15.125096083529536,
            0.12546445983191923
        ],
        "time_to_first_token": [
            0.019571006298065186,
            0.7548264265060425,
            0.009374082088470459
        ],
        "max_kv_cache": 0.2346789883268483,
        "parallel_requests_nb": 14
    },
    "18": {
        "speed_generation": [
            0.06868793326124845,
            12.289611963628541,
            0.07841427720554428
        ],
        "time_to_first_token": [
            0.0072242021560668945,
            0.9726705551147461,
            0.006648898124694824
        ],
        "max_kv_cache": 0.3008268482490273,
        "parallel_requests_nb": 18
    },
    "22": {
        "speed_generation": [
            0.060374405006268006,
            10.371984998031381,
            0.06277308392799164
        ],
        "time_to_first_token": [
            0.011579811573028564,
            1.192025065422058,
            0.007385373115539551
        ],
        "max_kv_cache": 0.36697470817120625,
        "parallel_requests_nb": 22
    },
    "26": {
        "speed_generation": [
            0.05424047690963718,
            8.973617172522584,
            0.07284833729914375
        ],
        "time_to_first_token": [
            0.03556942939758301,
            1.4021226167678833,
            0.010694146156311035
        ],
        "max_kv_cache": 0.43312256809338523,
        "parallel_requests_nb": 26
    },
    "30": {
        "speed_generation": [
            0.034883025035902904,
            7.79453621765278,
            0.03155850680401162
        ],
        "time_to_first_token": [
            0.009746015071868896,
            1.626289963722229,
            0.007780194282531738
        ],
        "max_kv_cache": 0.4985408560311284,
        "parallel_requests_nb": 30
    },
    "34": {
        "speed_generation": [
            0.03878041766911533,
            6.9649810996216335,
            0.035541053933117794
        ],
        "time_to_first_token": [
            0.023609399795532227,
            1.8419060707092285,
            0.014026999473571777
        ],
        "max_kv_cache": 0.5644455252918288,
        "parallel_requests_nb": 34
    },
    "38": {
        "speed_generation": [
            0.031345479670917165,
            6.298084438697243,
            0.02915844710259119
        ],
        "time_to_first_token": [
            0.017459332942962646,
            2.055812120437622,
            0.011795401573181152
        ],
        "max_kv_cache": 0.6296206225680934,
        "parallel_requests_nb": 38
    }
}