{
    "1": {
        "speed_generation": [
            0.02351560387269558,
            26.251217560393282,
            0.01336957961041918
        ],
        "time_to_first_token": [
            0.00446707010269165,
            0.9686764478683472,
            0.003156304359436035
        ],
        "max_kv_cache": 0.02144638403990029,
        "parallel_requests_nb": 1
    },
    "2": {
        "speed_generation": [
            0.021638473896334887,
            24.746760133065386,
            0.11255656412775394
        ],
        "time_to_first_token": [
            0.6585077047348022,
            1.6665014028549194,
            0.22146761417388916
        ],
        "max_kv_cache": 0.04272651704073149,
        "parallel_requests_nb": 2
    },
    "3": {
        "speed_generation": [
            0.019494761533579208,
            23.521276119397932,
            0.06855420068707474
        ],
        "time_to_first_token": [
            0.7580105662345886,
            2.4285138845443726,
            0.18573760986328125
        ],
        "max_kv_cache": 0.06384039900249372,
        "parallel_requests_nb": 3
    },
    "4": {
        "speed_generation": [
            0.03187366703152961,
            22.921033722686733,
            0.028316837695829378
        ],
        "time_to_first_token": [
            1.6283896565437317,
            3.3085410594940186,
            0.05395400524139404
        ],
        "max_kv_cache": 0.08495428096425606,
        "parallel_requests_nb": 4
    },
    "6": {
        "speed_generation": [
            0.0731006211618137,
            19.592537730155502,
            0.051761318512120624
        ],
        "time_to_first_token": [
            0.8815954923629761,
            4.762987971305847,
            0.03790026903152466
        ],
        "max_kv_cache": 0.1273482959268496,
        "parallel_requests_nb": 6
    },
    "8": {
        "speed_generation": [
            0.11270406756261764,
            18.807005855395488,
            0.04646213631431095
        ],
        "time_to_first_token": [
            0.12998223304748535,
            6.273810029029846,
            0.05468249320983887
        ],
        "max_kv_cache": 0.1700748129675811,
        "parallel_requests_nb": 8
    }
}