{
    "1": {
        "speed_generation": [
            0.029764952868227113,
            26.900148056331744,
            0.04177031964419342
        ],
        "time_to_first_token": [
            0.0039740800857543945,
            0.10106444358825684,
            0.02224820852279663
        ],
        "max_kv_cache": 0.011471321695760595,
        "parallel_requests_nb": 1
    },
    "2": {
        "speed_generation": [
            0.02895974649886668,
            26.27494792760767,
            0.02186085478298949
        ],
        "time_to_first_token": [
            0.07161331176757812,
            0.17718589305877686,
            0.022506237030029297
        ],
        "max_kv_cache": 0.022610141313383236,
        "parallel_requests_nb": 2
    },
    "3": {
        "speed_generation": [
            0.06307842980292833,
            25.19798009302832,
            0.03943455334183099
        ],
        "time_to_first_token": [
            0.0754583477973938,
            0.24433457851409912,
            0.032873332500457764
        ],
        "max_kv_cache": 0.03408146300914383,
        "parallel_requests_nb": 3
    },
    "4": {
        "speed_generation": [
            0.025967578732078778,
            24.98088837009707,
            0.06294587316699563
        ],
        "time_to_first_token": [
            0.08371776342391968,
            0.30375397205352783,
            0.06981527805328369
        ],
        "max_kv_cache": 0.045552784704904425,
        "parallel_requests_nb": 4
    },
    "6": {
        "speed_generation": [
            0.07001405164934127,
            22.710714786648026,
            0.025309973690351484
        ],
        "time_to_first_token": [
            0.06406939029693604,
            0.47245538234710693,
            0.021602630615234375
        ],
        "max_kv_cache": 0.06749792186201165,
        "parallel_requests_nb": 6
    },
    "8": {
        "speed_generation": [
            0.03129204423045806,
            22.47508590807244,
            0.03140772854139229
        ],
        "time_to_first_token": [
            0.029436111450195312,
            0.5698142051696777,
            0.036833763122558594
        ],
        "max_kv_cache": 0.09010806317539488,
        "parallel_requests_nb": 8
    },
    "10": {
        "speed_generation": [
            0.02096694305319957,
            19.682281094305583,
            0.05002892852566987
        ],
        "time_to_first_token": [
            0.21313107013702393,
            0.646186113357544,
            0.12410438060760498
        ],
        "max_kv_cache": 0.11255195344970903,
        "parallel_requests_nb": 10
    }
}