{
    "1": {
        "speed_generation": [
            0.13981715962554375,
            26.723845487484734,
            0.07748667429385492
        ],
        "time_to_first_token": [
            0.004685878753662109,
            0.10191702842712402,
            0.019438982009887695
        ],
        "max_kv_cache": 0.0021612635078969156,
        "parallel_requests_nb": 1
    },
    "2": {
        "speed_generation": [
            0.1522390085836065,
            25.816153064566,
            0.10427035200332568
        ],
        "time_to_first_token": [
            0.058889150619506836,
            0.17581605911254883,
            0.030099868774414062
        ],
        "max_kv_cache": 0.004156275976724855,
        "parallel_requests_nb": 2
    },
    "3": {
        "speed_generation": [
            0.18008627917805242,
            24.593980929701342,
            0.14008208355251384
        ],
        "time_to_first_token": [
            0.10465812683105469,
            0.25464940071105957,
            0.029574692249298096
        ],
        "max_kv_cache": 0.00631753948462177,
        "parallel_requests_nb": 3
    },
    "4": {
        "speed_generation": [
            0.09594953240172188,
            24.115997359449437,
            0.16660319875950336
        ],
        "time_to_first_token": [
            0.13593506813049316,
            0.33336400985717773,
            0.037104129791259766
        ],
        "max_kv_cache": 0.00831255195344971,
        "parallel_requests_nb": 4
    },
    "6": {
        "speed_generation": [
            0.11542420172094836,
            21.853597792068665,
            0.11312366797702822
        ],
        "time_to_first_token": [
            0.06578719615936279,
            0.47994112968444824,
            0.03460586071014404
        ],
        "max_kv_cache": 0.012136325852036611,
        "parallel_requests_nb": 6
    },
    "8": {
        "speed_generation": [
            0.0908335014651378,
            21.388716097954553,
            0.0919132781755998
        ],
        "time_to_first_token": [
            0.03858375549316406,
            0.5769438743591309,
            0.03574514389038086
        ],
        "max_kv_cache": 0.015793848711554426,
        "parallel_requests_nb": 8
    },
    "10": {
        "speed_generation": [
            0.14473199371482792,
            18.80719728676855,
            0.11402233330663591
        ],
        "time_to_first_token": [
            0.048790931701660156,
            0.6409029960632324,
            0.047722578048706055
        ],
        "max_kv_cache": 0.01995012468827928,
        "parallel_requests_nb": 10
    },
    "14": {
        "speed_generation": [
            0.1323433866958723,
            18.129713596802837,
            0.15111917991497847
        ],
        "time_to_first_token": [
            0.07175683975219727,
            0.8162648677825928,
            0.053835153579711914
        ],
        "max_kv_cache": 0.027431421446383997,
        "parallel_requests_nb": 14
    },
    "18": {
        "speed_generation": [
            0.08528772786458205,
            13.498400520072346,
            0.0925667410719413
        ],
        "time_to_first_token": [
            0.05778515338897705,
            0.9615330696105957,
            0.06547987461090088
        ],
        "max_kv_cache": 0.03474646716541974,
        "parallel_requests_nb": 18
    },
    "22": {
        "speed_generation": [
            0.08550547903134387,
            13.17443593966866,
            0.09231225433477164
        ],
        "time_to_first_token": [
            0.1307988166809082,
            1.1289629936218262,
            0.061460018157958984
        ],
        "max_kv_cache": 0.04289276807980047,
        "parallel_requests_nb": 22
    },
    "26": {
        "speed_generation": [
            0.057600055966405606,
            11.982019881187451,
            0.057106236758334816
        ],
        "time_to_first_token": [
            0.1928691864013672,
            1.3301610946655273,
            0.04978775978088379
        ],
        "max_kv_cache": 0.05020781379883621,
        "parallel_requests_nb": 26
    },
    "30": {
        "speed_generation": [
            0.08292307754363293,
            11.799866671206056,
            0.10104886039502325
        ],
        "time_to_first_token": [
            0.1387014389038086,
            1.412513017654419,
            0.10230505466461182
        ],
        "max_kv_cache": 0.05852036575228592,
        "parallel_requests_nb": 30
    },
    "34": {
        "speed_generation": [
            0.04523535073586693,
            9.280272054446014,
            0.058214394462497765
        ],
        "time_to_first_token": [
            0.09606349468231201,
            1.5517959594726562,
            0.060753583908081055
        ],
        "max_kv_cache": 0.0655029093931837,
        "parallel_requests_nb": 34
    },
    "38": {
        "speed_generation": [
            0.029182909739239093,
            9.122714240344633,
            0.07818950912316147
        ],
        "time_to_first_token": [
            0.06435704231262207,
            1.6670219898223877,
            0.11235988140106201
        ],
        "max_kv_cache": 0.07281795511221945,
        "parallel_requests_nb": 38
    }
}