{
    "1": {
        "speed_generation": [
            0.028027702246454567,
            24.10528496946585,
            0.027837121286260924
        ],
        "time_to_first_token": [
            0.043752074241638184,
            3.177854537963867,
            0.014803767204284668
        ],
        "max_kv_cache": 0.05270157938487119,
        "parallel_requests_nb": 1
    },
    "2": {
        "speed_generation": [
            0.06723514348091797,
            21.715152486486645,
            0.04231912361824186
        ],
        "time_to_first_token": [
            0.024713873863220215,
            6.036463022232056,
            0.07450419664382935
        ],
        "max_kv_cache": 0.10507065669160431,
        "parallel_requests_nb": 2
    },
    "3": {
        "speed_generation": [
            0.02777679048448789,
            19.447525060034156,
            0.015992399144721503
        ],
        "time_to_first_token": [
            0.12597066164016724,
            6.1432236433029175,
            2.9918547868728638
        ],
        "max_kv_cache": 0.15677472984206153,
        "parallel_requests_nb": 3
    },
    "4": {
        "speed_generation": [
            0.04722131583292821,
            18.18216056758154,
            0.014647934056384315
        ],
        "time_to_first_token": [
            3.075840711593628,
            9.123084425926208,
            2.9581372141838074
        ],
        "max_kv_cache": 0.20864505403158773,
        "parallel_requests_nb": 4
    },
    "6": {
        "speed_generation": [
            0.032569472227544694,
            14.948519778937758,
            0.030761719517284902
        ],
        "time_to_first_token": [
            6.0011672377586365,
            12.063645005226135,
            6.023893415927887
        ],
        "max_kv_cache": 0.3118869492934331,
        "parallel_requests_nb": 6
    }
}