{
    "1": {
        "speed_generation": [
            0.0547969651331055,
            15.937356414232564,
            0.07806226162002972
        ],
        "time_to_first_token": [
            0.04929959774017334,
            3.1797350645065308,
            0.013306260108947754
        ],
        "max_kv_cache": 0.043557772236076486,
        "parallel_requests_nb": 1
    },
    "2": {
        "speed_generation": [
            0.16786366460291546,
            11.461389119368185,
            0.07510931594207548
        ],
        "time_to_first_token": [
            0.04227417707443237,
            6.022540926933289,
            0.09307926893234253
        ],
        "max_kv_cache": 0.086118038237739,
        "parallel_requests_nb": 2
    },
    "3": {
        "speed_generation": [
            0.027821153434166135,
            8.788943986608256,
            0.05260395906160653
        ],
        "time_to_first_token": [
            0.13149845600128174,
            6.153856039047241,
            3.0077754259109497
        ],
        "max_kv_cache": 0.12917705735660845,
        "parallel_requests_nb": 3
    },
    "4": {
        "speed_generation": [
            0.03961766112619358,
            7.2906269383964055,
            0.027695201800309377
        ],
        "time_to_first_token": [
            3.164827823638916,
            9.247087001800537,
            2.8231940269470215
        ],
        "max_kv_cache": 0.17190357439733994,
        "parallel_requests_nb": 4
    },
    "6": {
        "speed_generation": [
            0.01706200693593729,
            5.26963140734638,
            0.016147332834155925
        ],
        "time_to_first_token": [
            5.9184911251068115,
            12.0433030128479,
            5.92414402961731
        ],
        "max_kv_cache": 0.25652535328345805,
        "parallel_requests_nb": 6
    },
    "8": {
        "speed_generation": [
            0.011997291119397069,
            4.199483899347506,
            0.015296293098684188
        ],
        "time_to_first_token": [
            5.933523654937744,
            15.023430824279785,
            6.077087163925171
        ],
        "max_kv_cache": 0.34181213632585206,
        "parallel_requests_nb": 8
    },
    "10": {
        "speed_generation": [
            0.014421970494443936,
            3.3825698031002074,
            0.005805846322489927
        ],
        "time_to_first_token": [
            6.080796122550964,
            18.090938091278076,
            6.099184989929199
        ],
        "max_kv_cache": 0.4269326683291771,
        "parallel_requests_nb": 10
    },
    "14": {
        "speed_generation": [
            0.013313542619916685,
            2.5539484212423145,
            0.003465802123325812
        ],
        "time_to_first_token": [
            11.83731198310852,
            24.130867958068848,
            11.80858850479126
        ],
        "max_kv_cache": 0.5980049875311721,
        "parallel_requests_nb": 14
    },
    "18": {
        "speed_generation": [
            0.0023343462936971093,
            1.9675136766833772,
            0.0051318931478947505
        ],
        "time_to_first_token": [
            12.015393018722534,
            30.067914962768555,
            12.12590217590332
        ],
        "max_kv_cache": 0.7670822942643392,
        "parallel_requests_nb": 18
    },
    "22": {
        "speed_generation": [
            0.0006846687991644007,
            1.655925914999145,
            0.0010184903851071514
        ],
        "time_to_first_token": [
            17.96319818496704,
            36.121456146240234,
            17.999493837356567
        ],
        "max_kv_cache": 0.9364921030756442,
        "parallel_requests_nb": 22
    },
    "26": {
        "speed_generation": [
            0.0056059628793345695,
            1.5328591616967757,
            0.0526113498036378
        ],
        "time_to_first_token": [
            18.0997314453125,
            42.23034346103668,
            18.022256672382355
        ],
        "max_kv_cache": 0.999833748960931,
        "parallel_requests_nb": 26
    },
    "30": {
        "speed_generation": [
            0.5728291829439209,
            1.5254746965525543,
            0.06138433823578748
        ],
        "time_to_first_token": [
            17.996231615543365,
            54.04544544219971,
            21.502397418022156
        ],
        "max_kv_cache": 0.999833748960931,
        "parallel_requests_nb": 30
    },
    "34": {
        "speed_generation": [
            0.7356746713030318,
            1.5295814982936013,
            0.05664319640751292
        ],
        "time_to_first_token": [
            15.188609719276428,
            63.178308963775635,
            31.69047111272812
        ],
        "max_kv_cache": 0.999833748960931,
        "parallel_requests_nb": 34
    },
    "38": {
        "speed_generation": [
            0.04661493820537088,
            0.8269975121382511,
            0.7014990434520325
        ],
        "time_to_first_token": [
            27.67874777317047,
            86.6431975364685,
            18.22364515066147
        ],
        "max_kv_cache": 0.999833748960931,
        "parallel_requests_nb": 38
    }
}