{
    "1": {
        "speed_generation": [
            0.040605718362715315,
            4.308603716543392,
            0.038417966284481686
        ],
        "time_to_first_token": [
            0.034670114517211914,
            3.1436359882354736,
            0.03791689872741699
        ],
        "max_kv_cache": 0.042227763923524564,
        "parallel_requests_nb": 1
    },
    "2": {
        "speed_generation": [
            0.05939955658519125,
            2.3934793257984954,
            0.028983635538073926
        ],
        "time_to_first_token": [
            0.035513877868652344,
            6.019475936889648,
            0.09783601760864258
        ],
        "max_kv_cache": 0.08395677472984209,
        "parallel_requests_nb": 2
    },
    "3": {
        "speed_generation": [
            0.009250013376092658,
            1.6323582023216607,
            0.009557284648353592
        ],
        "time_to_first_token": [
            0.09874677658081055,
            6.107097864151001,
            3.019145965576172
        ],
        "max_kv_cache": 0.12601828761429756,
        "parallel_requests_nb": 3
    },
    "4": {
        "speed_generation": [
            0.014769201474645222,
            1.2530832840584363,
            0.00933088170606533
        ],
        "time_to_first_token": [
            3.1140079498291016,
            9.147624969482422,
            2.8945729732513428
        ],
        "max_kv_cache": 0.16791354945968417,
        "parallel_requests_nb": 4
    },
    "6": {
        "speed_generation": [
            0.004156338326871567,
            0.8481265614810161,
            0.00335863174788098
        ],
        "time_to_first_token": [
            5.953491926193237,
            12.080415964126587,
            5.871975541114807
        ],
        "max_kv_cache": 0.2507065669160432,
        "parallel_requests_nb": 6
    },
    "8": {
        "speed_generation": [
            0.0017927096403247411,
            0.6443783456558495,
            0.0010432707696017562
        ],
        "time_to_first_token": [
            5.9696431159973145,
            15.181266069412231,
            5.985958814620972
        ],
        "max_kv_cache": 0.3325020781379884,
        "parallel_requests_nb": 8
    },
    "10": {
        "speed_generation": [
            0.0010701645618967914,
            0.514879158593268,
            0.0006764095457533204
        ],
        "time_to_first_token": [
            6.075515031814575,
            18.089793920516968,
            6.0940375328063965
        ],
        "max_kv_cache": 0.4161263507896924,
        "parallel_requests_nb": 10
    },
    "14": {
        "speed_generation": [
            0.0011625429768676865,
            0.3708988673703109,
            0.0012188633127769855
        ],
        "time_to_first_token": [
            11.895248889923096,
            24.11195993423462,
            11.88083791732788
        ],
        "max_kv_cache": 0.5818786367414797,
        "parallel_requests_nb": 14
    },
    "18": {
        "speed_generation": [
            0.0006609925625992163,
            0.2885666070066285,
            0.00042713869172839036
        ],
        "time_to_first_token": [
            12.161598563194275,
            30.15358805656433,
            12.086394429206848
        ],
        "max_kv_cache": 0.7459684123025769,
        "parallel_requests_nb": 18
    },
    "22": {
        "speed_generation": [
            0.00022332843793981816,
            0.23703730746746174,
            0.00026549833334671424
        ],
        "time_to_first_token": [
            18.038568019866943,
            36.19888210296631,
            17.808496952056885
        ],
        "max_kv_cache": 0.9117206982543641,
        "parallel_requests_nb": 22
    },
    "26": {
        "speed_generation": [
            0.0009569886338135491,
            0.21833479573381617,
            0.00024076915369408702
        ],
        "time_to_first_token": [
            18.043100118637085,
            42.11671495437622,
            18.437941074371338
        ],
        "max_kv_cache": 0.9933499584372403,
        "parallel_requests_nb": 26
    },
    "30": {
        "speed_generation": [
            0.021162438358393182,
            0.21812817572578763,
            0.00837135339369155
        ],
        "time_to_first_token": [
            17.972168147563934,
            54.09526860713959,
            19.241320848464966
        ],
        "max_kv_cache": 0.9931837073981712,
        "parallel_requests_nb": 30
    },
    "34": {
        "speed_generation": [
            0.10464040826301618,
            0.2175142911431365,
            0.0010225471648971918
        ],
        "time_to_first_token": [
            18.118821144104004,
            66.1284511089325,
            19.616512775421143
        ],
        "max_kv_cache": 0.9933499584372403,
        "parallel_requests_nb": 34
    },
    "38": {
        "speed_generation": [
            0.00193738092098511,
            0.11306866576485058,
            0.11268769362328493
        ],
        "time_to_first_token": [
            19.047627329826355,
            79.18829083442688,
            17.984501719474792
        ],
        "max_kv_cache": 0.9908561928512053,
        "parallel_requests_nb": 38
    }
}