{
    "1": {
        "speed_generation": [
            0.12960187005023727,
            46.61457219401008,
            0.1425766462118787
        ],
        "time_to_first_token": [
            0.0006225109100341797,
            0.04138648509979248,
            0.0010259747505187988
        ],
        "max_kv_cache": 0.0076796489303345705,
        "parallel_requests_nb": 1
    },
    "2": {
        "speed_generation": [
            0.1366524727052152,
            43.00245933888767,
            0.2734621379418556
        ],
        "time_to_first_token": [
            0.010387897491455078,
            0.05626392364501953,
            0.016640186309814453
        ],
        "max_kv_cache": 0.013713658804168971,
        "parallel_requests_nb": 2
    },
    "3": {
        "speed_generation": [
            0.13788634499628216,
            41.74392474752674,
            0.16148468640884772
        ],
        "time_to_first_token": [
            0.011376380920410156,
            0.06882905960083008,
            0.0184670090675354
        ],
        "max_kv_cache": 0.02139330773450354,
        "parallel_requests_nb": 3
    },
    "4": {
        "speed_generation": [
            0.15482359401516987,
            40.90484000800008,
            0.18350149816476602
        ],
        "time_to_first_token": [
            0.01687026023864746,
            0.08055806159973145,
            0.01636791229248047
        ],
        "max_kv_cache": 0.027427317608337942,
        "parallel_requests_nb": 4
    },
    "6": {
        "speed_generation": [
            0.1362928956461431,
            39.15916594407806,
            0.21132613467121786
        ],
        "time_to_first_token": [
            0.0239565372467041,
            0.09859704971313477,
            0.015218377113342285
        ],
        "max_kv_cache": 0.0411409764125068,
        "parallel_requests_nb": 6
    },
    "8": {
        "speed_generation": [
            0.13965346675732349,
            38.0612422901249,
            0.15518545694622787
        ],
        "time_to_first_token": [
            0.030073881149291992,
            0.11829590797424316,
            0.011415958404541016
        ],
        "max_kv_cache": 0.05375754251234233,
        "parallel_requests_nb": 8
    },
    "10": {
        "speed_generation": [
            0.14798464884123064,
            35.97202164468518,
            0.19704262392816219
        ],
        "time_to_first_token": [
            0.02448892593383789,
            0.14017486572265625,
            0.011311054229736328
        ],
        "max_kv_cache": 0.06692265496434446,
        "parallel_requests_nb": 10
    },
    "14": {
        "speed_generation": [
            0.14700334470248322,
            34.488481387294556,
            0.13316335400629242
        ],
        "time_to_first_token": [
            0.013100981712341309,
            0.17900395393371582,
            0.013363540172576904
        ],
        "max_kv_cache": 0.0921557871640154,
        "parallel_requests_nb": 14
    },
    "18": {
        "speed_generation": [
            0.17183918209416404,
            31.77361707939228,
            0.1304082346202442
        ],
        "time_to_first_token": [
            0.014505386352539062,
            0.22557306289672852,
            0.011321663856506348
        ],
        "max_kv_cache": 0.11903455842018651,
        "parallel_requests_nb": 18
    },
    "22": {
        "speed_generation": [
            0.21698004830121675,
            30.744277278694863,
            0.16886533286604788
        ],
        "time_to_first_token": [
            0.016064226627349854,
            0.2613929510116577,
            0.013104677200317383
        ],
        "max_kv_cache": 0.14426769061985734,
        "parallel_requests_nb": 22
    },
    "26": {
        "speed_generation": [
            0.2699629465750988,
            28.91948220412531,
            0.16833384311384236
        ],
        "time_to_first_token": [
            0.010789036750793457,
            0.30650150775909424,
            0.024545609951019287
        ],
        "max_kv_cache": 0.16895227646736144,
        "parallel_requests_nb": 26
    },
    "30": {
        "speed_generation": [
            0.2755994375016684,
            27.69604796731907,
            0.19342214156518978
        ],
        "time_to_first_token": [
            0.016686201095581055,
            0.3598364591598511,
            0.014587700366973877
        ],
        "max_kv_cache": 0.1947339550191991,
        "parallel_requests_nb": 30
    },
    "34": {
        "speed_generation": [
            0.07474340239682675,
            18.161768182494583,
            0.09419262472702883
        ],
        "time_to_first_token": [
            0.05493420362472534,
            0.4182729721069336,
            0.03305506706237793
        ],
        "max_kv_cache": 0.22106417992320349,
        "parallel_requests_nb": 34
    },
    "38": {
        "speed_generation": [
            0.1444888765774479,
            17.874256301990194,
            0.19431072683742556
        ],
        "time_to_first_token": [
            0.07264626026153564,
            0.4114030599594116,
            0.05371123552322388
        ],
        "max_kv_cache": 0.24465167306637414,
        "parallel_requests_nb": 38
    }
}