{
    "1": {
        "speed_generation": [
            0.732436465797889,
            73.63143068496103,
            0.5408196685029196
        ],
        "time_to_first_token": [
            0.0009171962738037109,
            0.06729388236999512,
            0.0013387203216552734
        ],
        "max_kv_cache": 0.008087746510082039,
        "parallel_requests_nb": 1
    },
    "2": {
        "speed_generation": [
            0.7290277552496036,
            58.64070642097967,
            0.7041190594123492
        ],
        "time_to_first_token": [
            0.0029051899909973145,
            0.11417937278747559,
            0.002760589122772217
        ],
        "max_kv_cache": 0.01573232882783071,
        "parallel_requests_nb": 2
    },
    "3": {
        "speed_generation": [
            0.6164321203900727,
            48.27934148233154,
            0.7761912325925735
        ],
        "time_to_first_token": [
            0.0033792853355407715,
            0.16371357440948486,
            0.003567516803741455
        ],
        "max_kv_cache": 0.023376911145579382,
        "parallel_requests_nb": 3
    },
    "4": {
        "speed_generation": [
            0.576745392926199,
            41.5505689088527,
            0.6937523316837826
        ],
        "time_to_first_token": [
            0.004767179489135742,
            0.21330595016479492,
            0.004671156406402588
        ],
        "max_kv_cache": 0.031021493463328165,
        "parallel_requests_nb": 4
    },
    "6": {
        "speed_generation": [
            0.458730132705341,
            32.03825376947505,
            0.5441355903930756
        ],
        "time_to_first_token": [
            0.005939781665802002,
            0.31070399284362793,
            0.006369650363922119
        ],
        "max_kv_cache": 0.04642144914690893,
        "parallel_requests_nb": 6
    },
    "8": {
        "speed_generation": [
            0.4237371273400363,
            26.293171753888274,
            0.4344694512382006
        ],
        "time_to_first_token": [
            0.008851230144500732,
            0.41003191471099854,
            0.00963681936264038
        ],
        "max_kv_cache": 0.06126744959007313,
        "parallel_requests_nb": 8
    },
    "10": {
        "speed_generation": [
            0.32004632542638944,
            22.011100975584064,
            0.2750161769869237
        ],
        "time_to_first_token": [
            0.008425354957580566,
            0.5090365409851074,
            0.010560452938079834
        ],
        "max_kv_cache": 0.07644582317748727,
        "parallel_requests_nb": 10
    },
    "14": {
        "speed_generation": [
            0.2796606681068958,
            17.11694900842966,
            0.1867905877065148
        ],
        "time_to_first_token": [
            0.008867383003234863,
            0.6989994049072266,
            0.01561826467514038
        ],
        "max_kv_cache": 0.10658098825614892,
        "parallel_requests_nb": 14
    },
    "18": {
        "speed_generation": [
            0.35233056603981794,
            13.851956388764439,
            0.18413030905015937
        ],
        "time_to_first_token": [
            0.014098286628723145,
            0.8977079391479492,
            0.026230275630950928
        ],
        "max_kv_cache": 0.13671615333481058,
        "parallel_requests_nb": 18
    },
    "22": {
        "speed_generation": [
            0.20222945297967954,
            11.645383649099706,
            0.15526657762845986
        ],
        "time_to_first_token": [
            0.01781332492828369,
            1.1022279262542725,
            0.01967376470565796
        ],
        "max_kv_cache": 0.16729448260580548,
        "parallel_requests_nb": 22
    },
    "26": {
        "speed_generation": [
            0.2589241702873615,
            10.126082354356374,
            0.11675319662838035
        ],
        "time_to_first_token": [
            0.01555854082107544,
            1.2900015115737915,
            0.02291429042816162
        ],
        "max_kv_cache": 0.19676490139596725,
        "parallel_requests_nb": 26
    },
    "30": {
        "speed_generation": [
            0.15624176338518048,
            8.88918524521828,
            0.07723933378194126
        ],
        "time_to_first_token": [
            0.013473808765411377,
            1.4741895198822021,
            0.018035292625427246
        ],
        "max_kv_cache": 0.2269000664746289,
        "parallel_requests_nb": 30
    },
    "34": {
        "speed_generation": [
            0.24624322905328366,
            7.944588484853494,
            0.0819779742185407
        ],
        "time_to_first_token": [
            0.024491965770721436,
            1.6718083620071411,
            0.04007565975189209
        ],
        "max_kv_cache": 0.257589186793707,
        "parallel_requests_nb": 34
    },
    "38": {
        "speed_generation": [
            0.10802404242133612,
            7.164358407921448,
            0.10188372639806165
        ],
        "time_to_first_token": [
            0.030789673328399658,
            1.87088942527771,
            0.021715760231018066
        ],
        "max_kv_cache": 0.28827830711278524,
        "parallel_requests_nb": 38
    }
}