{
    "1": {
        "speed_generation": [
            0.44149556436556736,
            107.0682669476771,
            0.38134507996630873
        ],
        "time_to_first_token": [
            0.0003230571746826172,
            0.035108089447021484,
            0.0010781288146972656
        ],
        "max_kv_cache": 0.0015510746731663971,
        "parallel_requests_nb": 1
    },
    "2": {
        "speed_generation": [
            0.28556904176653575,
            101.63634329388125,
            0.3201078030391926
        ],
        "time_to_first_token": [
            0.0022240877151489258,
            0.039945125579833984,
            0.0019649267196655273
        ],
        "max_kv_cache": 0.002769776202082852,
        "parallel_requests_nb": 2
    },
    "3": {
        "speed_generation": [
            1.1792626615346506,
            99.60491903159998,
            0.5425797941354205
        ],
        "time_to_first_token": [
            0.002827882766723633,
            0.05266690254211426,
            0.0037529468536376953
        ],
        "max_kv_cache": 0.004210059827165935,
        "parallel_requests_nb": 3
    },
    "4": {
        "speed_generation": [
            0.40923185577970855,
            98.21419611377073,
            0.5153460498345908
        ],
        "time_to_first_token": [
            0.002882242202758789,
            0.05260515213012695,
            0.0038187503814697266
        ],
        "max_kv_cache": 0.005650343452249018,
        "parallel_requests_nb": 4
    },
    "6": {
        "speed_generation": [
            0.6744773317563215,
            92.36345801748816,
            0.5256402091053047
        ],
        "time_to_first_token": [
            0.002984285354614258,
            0.05291152000427246,
            0.005102336406707764
        ],
        "max_kv_cache": 0.008420119654331981,
        "parallel_requests_nb": 6
    },
    "8": {
        "speed_generation": [
            0.6729856592709211,
            90.47461843239743,
            0.4960627806290887
        ],
        "time_to_first_token": [
            0.00360184907913208,
            0.054695963859558105,
            0.005085587501525879
        ],
        "max_kv_cache": 0.010857522712164891,
        "parallel_requests_nb": 8
    },
    "10": {
        "speed_generation": [
            0.6346598891182254,
            85.83875070425827,
            0.511634366330668
        ],
        "time_to_first_token": [
            0.006531178951263428,
            0.0627131462097168,
            0.006041824817657471
        ],
        "max_kv_cache": 0.013738089962331057,
        "parallel_requests_nb": 10
    },
    "14": {
        "speed_generation": [
            0.902216294747177,
            81.55442622017559,
            0.574401639531203
        ],
        "time_to_first_token": [
            0.009109914302825928,
            0.06812548637390137,
            0.010111570358276367
        ],
        "max_kv_cache": 0.01872368712608019,
        "parallel_requests_nb": 14
    },
    "18": {
        "speed_generation": [
            0.726555860445842,
            84.11171626378203,
            0.42092618198721254
        ],
        "time_to_first_token": [
            0.0066675543785095215,
            0.08976900577545166,
            0.005829513072967529
        ],
        "max_kv_cache": 0.023930866385996064,
        "parallel_requests_nb": 18
    },
    "22": {
        "speed_generation": [
            1.282434830593843,
            79.65095192945854,
            1.4555297441971646
        ],
        "time_to_first_token": [
            0.023316562175750732,
            0.0863875150680542,
            0.008504927158355713
        ],
        "max_kv_cache": 0.02924883669399514,
        "parallel_requests_nb": 22
    },
    "26": {
        "speed_generation": [
            0.8944277665915195,
            76.46591170309122,
            0.654610797056435
        ],
        "time_to_first_token": [
            0.021246731281280518,
            0.1029205322265625,
            0.015140950679779053
        ],
        "max_kv_cache": 0.03423443385774427,
        "parallel_requests_nb": 26
    },
    "30": {
        "speed_generation": [
            0.8356091891852913,
            73.66819742686798,
            0.8112840798818723
        ],
        "time_to_first_token": [
            0.024454355239868164,
            0.10928499698638916,
            0.02322840690612793
        ],
        "max_kv_cache": 0.038666075781076836,
        "parallel_requests_nb": 30
    },
    "34": {
        "speed_generation": [
            1.2303911273354515,
            68.51188901736859,
            1.224147349951437
        ],
        "time_to_first_token": [
            0.043550312519073486,
            0.12109243869781494,
            0.02193361520767212
        ],
        "max_kv_cache": 0.04387325504099271,
        "parallel_requests_nb": 34
    },
    "38": {
        "speed_generation": [
            0.6929574509970848,
            66.62736887643585,
            1.0761755640424866
        ],
        "time_to_first_token": [
            0.03773796558380127,
            0.11953651905059814,
            0.03141605854034424
        ],
        "max_kv_cache": 0.048415688012408586,
        "parallel_requests_nb": 38
    }
}