{
    "1": {
        "speed_generation": [
            0.9434956033546911,
            100.6069777501217,
            0.7737295493191141
        ],
        "time_to_first_token": [
            0.0007964372634887695,
            0.07004797458648682,
            0.0007637143135070801
        ],
        "max_kv_cache": 0.014735209395080884,
        "parallel_requests_nb": 1
    },
    "2": {
        "speed_generation": [
            0.328308482063008,
            96.74546881994813,
            0.0997214426143671
        ],
        "time_to_first_token": [
            0.0034410953521728516,
            0.11727213859558105,
            0.002264738082885742
        ],
        "max_kv_cache": 0.029359627742078453,
        "parallel_requests_nb": 2
    },
    "3": {
        "speed_generation": [
            0.6191103430025748,
            90.42694720807253,
            0.23215382336782397
        ],
        "time_to_first_token": [
            0.00612187385559082,
            0.16474080085754395,
            0.0022270679473876953
        ],
        "max_kv_cache": 0.04409483713715934,
        "parallel_requests_nb": 3
    },
    "4": {
        "speed_generation": [
            0.3688209101173072,
            86.98583906338769,
            0.19243303102261677
        ],
        "time_to_first_token": [
            0.0036330223083496094,
            0.2137761116027832,
            0.003270864486694336
        ],
        "max_kv_cache": 0.05849767338799028,
        "parallel_requests_nb": 4
    },
    "6": {
        "speed_generation": [
            0.7590713968157559,
            75.50176395085896,
            0.20222987503234435
        ],
        "time_to_first_token": [
            0.00477910041809082,
            0.31356310844421387,
            0.003306865692138672
        ],
        "max_kv_cache": 0.0876357190339021,
        "parallel_requests_nb": 6
    },
    "8": {
        "speed_generation": [
            0.6836171588434183,
            70.65794291890398,
            0.43333212068480975
        ],
        "time_to_first_token": [
            0.009475946426391602,
            0.4117288589477539,
            0.011594057083129883
        ],
        "max_kv_cache": 0.11677376467981382,
        "parallel_requests_nb": 8
    },
    "10": {
        "speed_generation": [
            0.25623001621998753,
            64.64376298378737,
            0.22594956386711829
        ],
        "time_to_first_token": [
            0.007458925247192383,
            0.5036830902099609,
            0.007385730743408203
        ],
        "max_kv_cache": 0.14591181032572564,
        "parallel_requests_nb": 10
    },
    "14": {
        "speed_generation": [
            0.28357958514703085,
            56.995486095642924,
            0.20083002871264455
        ],
        "time_to_first_token": [
            0.009794235229492188,
            0.697160005569458,
            0.011711835861206055
        ],
        "max_kv_cache": 0.2041879016175493,
        "parallel_requests_nb": 14
    },
    "18": {
        "speed_generation": [
            0.660559724536185,
            49.97309804896558,
            0.14631245499225543
        ],
        "time_to_first_token": [
            0.01097416877746582,
            0.8875739574432373,
            0.009115934371948242
        ],
        "max_kv_cache": 0.26179924662087306,
        "parallel_requests_nb": 18
    },
    "22": {
        "speed_generation": [
            0.8173399431935806,
            46.83891510955078,
            0.2945802408021905
        ],
        "time_to_first_token": [
            0.047683119773864746,
            1.0842890739440918,
            0.011854410171508789
        ],
        "max_kv_cache": 0.31974296476844666,
        "parallel_requests_nb": 22
    },
    "26": {
        "speed_generation": [
            0.541071870471086,
            43.13027408187399,
            0.1954217255245041
        ],
        "time_to_first_token": [
            0.010344982147216797,
            1.28395414352417,
            0.0125579833984375
        ],
        "max_kv_cache": 0.3777974739641037,
        "parallel_requests_nb": 26
    },
    "30": {
        "speed_generation": [
            0.3405670539774235,
            37.60581122166302,
            0.23736436709295816
        ],
        "time_to_first_token": [
            0.04033458232879639,
            1.4603619575500488,
            0.014394998550415039
        ],
        "max_kv_cache": 0.43540881896742745,
        "parallel_requests_nb": 30
    },
    "34": {
        "speed_generation": [
            0.4629785254429635,
            35.26864260652478,
            0.48888467877846153
        ],
        "time_to_first_token": [
            0.009331941604614258,
            1.668194055557251,
            0.013969898223876953
        ],
        "max_kv_cache": 0.4937957013073344,
        "parallel_requests_nb": 34
    },
    "38": {
        "speed_generation": [
            0.30019100272385657,
            32.90535485213339,
            0.3909607335354721
        ],
        "time_to_first_token": [
            0.019863367080688477,
            1.7971479892730713,
            0.04867196083068848
        ],
        "max_kv_cache": 0.5487480611566585,
        "parallel_requests_nb": 38
    }
}