{
    "1": {
        "speed_generation": [
            0.22055254774925004,
            97.65079935574991,
            0.16407255510810614
        ],
        "time_to_first_token": [
            0.0005249977111816406,
            0.06659793853759766,
            0.0013544559478759766
        ],
        "max_kv_cache": 0.00864170175049861,
        "parallel_requests_nb": 1
    },
    "2": {
        "speed_generation": [
            0.3121962303259096,
            91.36873699235399,
            0.23542307819290897
        ],
        "time_to_first_token": [
            0.0029120445251464844,
            0.1151130199432373,
            0.00271451473236084
        ],
        "max_kv_cache": 0.017172612452913794,
        "parallel_requests_nb": 2
    },
    "3": {
        "speed_generation": [
            0.9138717358437702,
            84.08611297970563,
            0.38164632589999314
        ],
        "time_to_first_token": [
            0.004014730453491211,
            0.16490387916564941,
            0.0031881332397460938
        ],
        "max_kv_cache": 0.025592732107245775,
        "parallel_requests_nb": 3
    },
    "4": {
        "speed_generation": [
            0.4338025335088673,
            79.6699582574469,
            0.43347491791392656
        ],
        "time_to_first_token": [
            0.003991842269897461,
            0.21270298957824707,
            0.0040090084075927734
        ],
        "max_kv_cache": 0.034012851761577645,
        "parallel_requests_nb": 4
    },
    "6": {
        "speed_generation": [
            0.330625739878613,
            69.20235638476275,
            0.36251721887173005
        ],
        "time_to_first_token": [
            0.006385087966918945,
            0.3126850128173828,
            0.005730032920837402
        ],
        "max_kv_cache": 0.050853091070241496,
        "parallel_requests_nb": 6
    },
    "8": {
        "speed_generation": [
            0.3123170322254438,
            62.99397184317932,
            0.3166243767727579
        ],
        "time_to_first_token": [
            0.007763564586639404,
            0.4118698835372925,
            0.007913947105407715
        ],
        "max_kv_cache": 0.06758253933082203,
        "parallel_requests_nb": 8
    },
    "10": {
        "speed_generation": [
            0.2725683733921329,
            55.87761670561936,
            0.3174608045949867
        ],
        "time_to_first_token": [
            0.009287655353546143,
            0.5107145309448242,
            0.007759392261505127
        ],
        "max_kv_cache": 0.08386882339906931,
        "parallel_requests_nb": 10
    },
    "14": {
        "speed_generation": [
            0.26827371072374717,
            48.56330333459832,
            0.2673132609029807
        ],
        "time_to_first_token": [
            0.013603925704956055,
            0.7078108787536621,
            0.012663424015045166
        ],
        "max_kv_cache": 0.11766009306448044,
        "parallel_requests_nb": 14
    },
    "18": {
        "speed_generation": [
            0.3318807157277135,
            42.287496761598064,
            0.2334216231691002
        ],
        "time_to_first_token": [
            0.010526657104492188,
            0.8899019956588745,
            0.018791258335113525
        ],
        "max_kv_cache": 0.15078661644139157,
        "parallel_requests_nb": 18
    },
    "22": {
        "speed_generation": [
            0.3011107603625476,
            38.0064492707353,
            0.3180034358382926
        ],
        "time_to_first_token": [
            0.0303000807762146,
            1.0886045694351196,
            0.01908254623413086
        ],
        "max_kv_cache": 0.18369155772213608,
        "parallel_requests_nb": 22
    },
    "26": {
        "speed_generation": [
            0.18140399932234175,
            34.26049478471289,
            0.286365447560037
        ],
        "time_to_first_token": [
            0.0618513822555542,
            1.157118558883667,
            0.05778157711029053
        ],
        "max_kv_cache": 0.21637491690671395,
        "parallel_requests_nb": 26
    },
    "30": {
        "speed_generation": [
            0.13432766653464512,
            30.299088466774084,
            0.31357383747026546
        ],
        "time_to_first_token": [
            0.01750481128692627,
            1.4555169343948364,
            0.04209244251251221
        ],
        "max_kv_cache": 0.24972302237979171,
        "parallel_requests_nb": 30
    },
    "34": {
        "speed_generation": [
            0.20872598604054815,
            27.941613286732004,
            0.2841663994705286
        ],
        "time_to_first_token": [
            0.05876797437667847,
            1.611971378326416,
            0.05226927995681763
        ],
        "max_kv_cache": 0.283957456237536,
        "parallel_requests_nb": 34
    },
    "38": {
        "speed_generation": [
            0.3839398572158004,
            26.19437690573929,
            0.22129165846364174
        ],
        "time_to_first_token": [
            0.05946052074432373,
            1.762934923171997,
            0.05850255489349365
        ],
        "max_kv_cache": 0.3160868601816973,
        "parallel_requests_nb": 38
    }
}