{
    "1": {
        "speed_generation": [
            0.20672333290571032,
            80.13158983370283,
            0.166591973792805
        ],
        "time_to_first_token": [
            0.005195319652557373,
            0.2348799705505371,
            0.0014581084251403809
        ],
        "max_kv_cache": 0.03406862745098038,
        "parallel_requests_nb": 1
    },
    "2": {
        "speed_generation": [
            0.35402797946692033,
            66.43931351315697,
            0.37378560034234454
        ],
        "time_to_first_token": [
            0.16672301292419434,
            0.4336540699005127,
            0.012341022491455078
        ],
        "max_kv_cache": 0.0676470588235294,
        "parallel_requests_nb": 2
    },
    "3": {
        "speed_generation": [
            0.2386781566301508,
            54.88330580081115,
            0.2534577276575689
        ],
        "time_to_first_token": [
            0.17046719789505005,
            0.6457740068435669,
            0.011205196380615234
        ],
        "max_kv_cache": 0.10110294117647056,
        "parallel_requests_nb": 3
    },
    "4": {
        "speed_generation": [
            0.2725334780752817,
            48.0534963117458,
            0.2627033255165827
        ],
        "time_to_first_token": [
            0.16874194145202637,
            0.848181962966919,
            0.014797210693359375
        ],
        "max_kv_cache": 0.1352941176470588,
        "parallel_requests_nb": 4
    },
    "6": {
        "speed_generation": [
            0.19237839893774122,
            37.48821836265298,
            0.21388049131400066
        ],
        "time_to_first_token": [
            0.3294259309768677,
            1.2475500106811523,
            0.03007197380065918
        ],
        "max_kv_cache": 0.20171568627450975,
        "parallel_requests_nb": 6
    },
    "8": {
        "speed_generation": [
            0.1815501768377885,
            31.10353379968181,
            0.1508163441518775
        ],
        "time_to_first_token": [
            0.3245508670806885,
            1.681494951248169,
            0.020898103713989258
        ],
        "max_kv_cache": 0.268014705882353,
        "parallel_requests_nb": 8
    },
    "10": {
        "speed_generation": [
            0.08399539172021164,
            26.451516925675488,
            0.07812137206247627
        ],
        "time_to_first_token": [
            0.17133796215057373,
            2.114238977432251,
            0.013699054718017578
        ],
        "max_kv_cache": 0.33504901960784317,
        "parallel_requests_nb": 10
    },
    "14": {
        "speed_generation": [
            0.06257552613164563,
            20.4932171181418,
            0.07853468115479245
        ],
        "time_to_first_token": [
            0.9157752990722656,
            2.924543857574463,
            0.05236411094665527
        ],
        "max_kv_cache": 0.4685049019607843,
        "parallel_requests_nb": 14
    },
    "18": {
        "speed_generation": [
            0.04829368742940332,
            16.150559649167615,
            0.06436213513157085
        ],
        "time_to_first_token": [
            0.7615079879760742,
            3.631834030151367,
            0.177079439163208
        ],
        "max_kv_cache": 0.6015931372549019,
        "parallel_requests_nb": 18
    },
    "22": {
        "speed_generation": [
            0.03806170457440672,
            13.945716144699592,
            0.029044211226565864
        ],
        "time_to_first_token": [
            1.332744836807251,
            4.625905990600586,
            0.03648686408996582
        ],
        "max_kv_cache": 0.7317401960784313,
        "parallel_requests_nb": 22
    },
    "26": {
        "speed_generation": [
            0.03908720619028827,
            12.256453135920312,
            0.04350815226997007
        ],
        "time_to_first_token": [
            0.1722579002380371,
            4.948845863342285,
            0.532811164855957
        ],
        "max_kv_cache": 0.8669117647058824,
        "parallel_requests_nb": 26
    },
    "30": {
        "speed_generation": [
            0.048333943862644446,
            10.499779666740958,
            0.039811914816038296
        ],
        "time_to_first_token": [
            0.03781890869140625,
            5.012826919555664,
            1.3042621612548828
        ],
        "max_kv_cache": 0.9995098039215686,
        "parallel_requests_nb": 30
    },
    "34": {
        "speed_generation": [
            0.07800783211814988,
            10.503504357674245,
            0.03754198925672725
        ],
        "time_to_first_token": [
            0.16236591339111328,
            5.097883939743042,
            1.2375190258026123
        ],
        "max_kv_cache": 0.9990196078431373,
        "parallel_requests_nb": 34
    },
    "38": {
        "speed_generation": [
            5.175306276915735,
            10.492024854131897,
            0.047452308436087165
        ],
        "time_to_first_token": [
            1.33073091506958,
            6.312528848648071,
            8.46336817741394
        ],
        "max_kv_cache": 0.9988970588235294,
        "parallel_requests_nb": 38
    }
}