{
    "1": {
        "speed_generation": [
            0.16434273275457656,
            91.30591647678186,
            0.1653889187723223
        ],
        "time_to_first_token": [
            0.0012554526329040527,
            0.23612892627716064,
            0.0023390650749206543
        ],
        "max_kv_cache": 0.04080882352941173,
        "parallel_requests_nb": 1
    },
    "2": {
        "speed_generation": [
            0.2933123217821674,
            79.08680528530888,
            0.42440637689909977
        ],
        "time_to_first_token": [
            0.16669458150863647,
            0.44361698627471924,
            0.010422945022583008
        ],
        "max_kv_cache": 0.08137254901960789,
        "parallel_requests_nb": 2
    },
    "3": {
        "speed_generation": [
            0.19171830163142545,
            71.12478731125458,
            0.26754133172445904
        ],
        "time_to_first_token": [
            0.354439377784729,
            0.6536898612976074,
            0.00880420207977295
        ],
        "max_kv_cache": 0.12107843137254903,
        "parallel_requests_nb": 3
    },
    "4": {
        "speed_generation": [
            0.3403151230133119,
            64.38409676966141,
            0.35623943559312465
        ],
        "time_to_first_token": [
            0.366610050201416,
            0.8610579967498779,
            0.013159036636352539
        ],
        "max_kv_cache": 0.16274509803921566,
        "parallel_requests_nb": 4
    },
    "6": {
        "speed_generation": [
            0.10456843184972087,
            53.280869734141035,
            0.13327799719445466
        ],
        "time_to_first_token": [
            0.3402794599533081,
            1.2599749565124512,
            0.02567458152770996
        ],
        "max_kv_cache": 0.24264705882352944,
        "parallel_requests_nb": 6
    },
    "8": {
        "speed_generation": [
            0.25053500442131593,
            46.272645577882216,
            0.14854844384484522
        ],
        "time_to_first_token": [
            0.7225487232208252,
            1.6647307872772217,
            0.04577517509460449
        ],
        "max_kv_cache": 0.32156862745098036,
        "parallel_requests_nb": 8
    },
    "10": {
        "speed_generation": [
            0.15657769928520082,
            40.859493456074084,
            0.11808226063971716
        ],
        "time_to_first_token": [
            0.7638965845108032,
            2.115293025970459,
            0.021444082260131836
        ],
        "max_kv_cache": 0.4030637254901961,
        "parallel_requests_nb": 10
    },
    "14": {
        "speed_generation": [
            0.0985060933708013,
            33.068033644726896,
            0.11743976260245148
        ],
        "time_to_first_token": [
            0.598926305770874,
            2.8137052059173584,
            0.17268669605255127
        ],
        "max_kv_cache": 0.5636029411764706,
        "parallel_requests_nb": 14
    },
    "18": {
        "speed_generation": [
            0.12557502128210274,
            25.86716245098092,
            0.09909515747489195
        ],
        "time_to_first_token": [
            0.9402233362197876,
            3.8158369064331055,
            0.01321113109588623
        ],
        "max_kv_cache": 0.7230392156862745,
        "parallel_requests_nb": 18
    },
    "22": {
        "speed_generation": [
            0.3391844628348295,
            23.469161880696287,
            0.12168964375257474
        ],
        "time_to_first_token": [
            0.7554941177368164,
            4.4820640087127686,
            0.19795513153076172
        ],
        "max_kv_cache": 0.883578431372549,
        "parallel_requests_nb": 22
    },
    "26": {
        "speed_generation": [
            0.26382313648692346,
            21.124942220551585,
            0.2096704262684561
        ],
        "time_to_first_token": [
            1.5231404304504395,
            4.935266971588135,
            0.39065754413604736
        ],
        "max_kv_cache": 0.9998774509803922,
        "parallel_requests_nb": 26
    },
    "30": {
        "speed_generation": [
            0.22457429562866693,
            19.42848722904673,
            0.09613854614761763
        ],
        "time_to_first_token": [
            0.21001505851745605,
            4.959108114242554,
            1.348675012588501
        ],
        "max_kv_cache": 1.0,
        "parallel_requests_nb": 30
    },
    "34": {
        "speed_generation": [
            4.905442133724657,
            19.16747714472928,
            0.32559560667262843
        ],
        "time_to_first_token": [
            1.0129289627075195,
            5.986067056655884,
            0.42546677589416504
        ],
        "max_kv_cache": 1.0,
        "parallel_requests_nb": 34
    },
    "38": {
        "speed_generation": [
            8.805691546773263,
            19.152674090735744,
            0.31172168838100234
        ],
        "time_to_first_token": [
            1.320780634880066,
            6.37504255771637,
            43.34461396932602
        ],
        "max_kv_cache": 1.0,
        "parallel_requests_nb": 38
    }
}