{
    "1": {
        "speed_generation": [
            0.7574651919423445,
            93.55196247768598,
            0.40673917902799417
        ],
        "time_to_first_token": [
            0.0013113617897033691,
            0.042330026626586914,
            0.0007697343826293945
        ],
        "max_kv_cache": 0.008578431372548989,
        "parallel_requests_nb": 1
    },
    "2": {
        "speed_generation": [
            0.44875645515466545,
            92.07933490265944,
            0.38262865174745286
        ],
        "time_to_first_token": [
            0.004443526268005371,
            0.06404852867126465,
            0.002727210521697998
        ],
        "max_kv_cache": 0.016911764705882404,
        "parallel_requests_nb": 2
    },
    "3": {
        "speed_generation": [
            0.3900163034810191,
            91.87031772214559,
            0.263070326881504
        ],
        "time_to_first_token": [
            0.004575014114379883,
            0.06627607345581055,
            0.004316091537475586
        ],
        "max_kv_cache": 0.025245098039215708,
        "parallel_requests_nb": 3
    },
    "4": {
        "speed_generation": [
            0.2680842764063982,
            91.57511582873349,
            0.31256508866067634
        ],
        "time_to_first_token": [
            0.003511190414428711,
            0.06689214706420898,
            0.004040956497192383
        ],
        "max_kv_cache": 0.03357843137254901,
        "parallel_requests_nb": 4
    },
    "6": {
        "speed_generation": [
            0.7690356406976093,
            85.95794572923685,
            0.5008136406707422
        ],
        "time_to_first_token": [
            0.005682945251464844,
            0.07204484939575195,
            0.00354921817779541
        ],
        "max_kv_cache": 0.050000000000000044,
        "parallel_requests_nb": 6
    },
    "8": {
        "speed_generation": [
            0.4298743684541648,
            83.17796210313868,
            0.42061249145780266
        ],
        "time_to_first_token": [
            0.006714820861816406,
            0.07641100883483887,
            0.003596782684326172
        ],
        "max_kv_cache": 0.0667892156862745,
        "parallel_requests_nb": 8
    },
    "10": {
        "speed_generation": [
            0.2910213810394424,
            78.14631678759088,
            0.33431577562569714
        ],
        "time_to_first_token": [
            0.004010915756225586,
            0.0811469554901123,
            0.004072904586791992
        ],
        "max_kv_cache": 0.08333333333333337,
        "parallel_requests_nb": 10
    },
    "14": {
        "speed_generation": [
            0.6642561771850808,
            73.7690662492652,
            0.6214967483721239
        ],
        "time_to_first_token": [
            0.0069741010665893555,
            0.0899350643157959,
            0.0047005414962768555
        ],
        "max_kv_cache": 0.11727941176470591,
        "parallel_requests_nb": 14
    },
    "18": {
        "speed_generation": [
            1.215046214588682,
            70.96441701779625,
            0.39593824561058
        ],
        "time_to_first_token": [
            0.008704900741577148,
            0.09823489189147949,
            0.00708317756652832
        ],
        "max_kv_cache": 0.1502450980392157,
        "parallel_requests_nb": 18
    },
    "22": {
        "speed_generation": [
            1.1304877547821377,
            69.25945324351788,
            1.010363276039783
        ],
        "time_to_first_token": [
            0.008861780166625977,
            0.11061286926269531,
            0.006384134292602539
        ],
        "max_kv_cache": 0.18296568627450982,
        "parallel_requests_nb": 22
    },
    "26": {
        "speed_generation": [
            1.7477437006663905,
            65.5514794468888,
            0.3530916512682438
        ],
        "time_to_first_token": [
            0.013471126556396484,
            0.09919905662536621,
            0.012647867202758789
        ],
        "max_kv_cache": 0.21580882352941178,
        "parallel_requests_nb": 26
    },
    "30": {
        "speed_generation": [
            1.30957121440548,
            60.78562383620192,
            0.5048000948347564
        ],
        "time_to_first_token": [
            0.012703299522399902,
            0.13927483558654785,
            0.00987863540649414
        ],
        "max_kv_cache": 0.24975490196078431,
        "parallel_requests_nb": 30
    },
    "34": {
        "speed_generation": [
            1.0269969980425984,
            57.122298654891495,
            1.0560596795293407
        ],
        "time_to_first_token": [
            0.017774105072021484,
            0.15690112113952637,
            0.012530803680419922
        ],
        "max_kv_cache": 0.28284313725490196,
        "parallel_requests_nb": 34
    },
    "38": {
        "speed_generation": [
            1.0785446211199314,
            55.64912266187975,
            0.6262252001922093
        ],
        "time_to_first_token": [
            0.01989436149597168,
            0.1677381992340088,
            0.01488184928894043
        ],
        "max_kv_cache": 0.3162990196078431,
        "parallel_requests_nb": 38
    }
}