{
    "1": {
        "speed_generation": [
            0.23215258563537589,
            89.67246181364655,
            0.24100991030866226
        ],
        "time_to_first_token": [
            0.00069427490234375,
            0.06415009498596191,
            0.0007388591766357422
        ],
        "max_kv_cache": 0.009803921568627416,
        "parallel_requests_nb": 1
    },
    "2": {
        "speed_generation": [
            0.31291233556414966,
            86.0264723998536,
            0.4542190084879394
        ],
        "time_to_first_token": [
            0.012359857559204102,
            0.10610103607177734,
            0.010946989059448242
        ],
        "max_kv_cache": 0.019117647058823573,
        "parallel_requests_nb": 2
    },
    "3": {
        "speed_generation": [
            0.32922221713171496,
            82.88475446164601,
            0.3504910059841677
        ],
        "time_to_first_token": [
            0.05852699279785156,
            0.16164898872375488,
            0.006713986396789551
        ],
        "max_kv_cache": 0.028308823529411775,
        "parallel_requests_nb": 3
    },
    "4": {
        "speed_generation": [
            0.4409633857462154,
            78.71042669842817,
            0.4593256028761772
        ],
        "time_to_first_token": [
            0.05640292167663574,
            0.21088504791259766,
            0.008738040924072266
        ],
        "max_kv_cache": 0.03749999999999998,
        "parallel_requests_nb": 4
    },
    "6": {
        "speed_generation": [
            0.5082369232551258,
            68.24883278511385,
            0.5141065293610154
        ],
        "time_to_first_token": [
            0.05269598960876465,
            0.30905818939208984,
            0.010652780532836914
        ],
        "max_kv_cache": 0.05600490196078434,
        "parallel_requests_nb": 6
    },
    "8": {
        "speed_generation": [
            0.3619841556570407,
            62.018759191635866,
            0.4200742148481851
        ],
        "time_to_first_token": [
            0.03221970796585083,
            0.4094815254211426,
            0.012635529041290283
        ],
        "max_kv_cache": 0.07499999999999996,
        "parallel_requests_nb": 8
    },
    "10": {
        "speed_generation": [
            0.28507920167525924,
            55.00452943828856,
            0.3661002226572876
        ],
        "time_to_first_token": [
            0.04584646224975586,
            0.5136400461196899,
            0.01126641035079956
        ],
        "max_kv_cache": 0.0928921568627451,
        "parallel_requests_nb": 10
    },
    "14": {
        "speed_generation": [
            0.3211552751321278,
            47.99608715599237,
            0.46935981605800237
        ],
        "time_to_first_token": [
            0.05142432451248169,
            0.7091420888900757,
            0.01658719778060913
        ],
        "max_kv_cache": 0.12965686274509802,
        "parallel_requests_nb": 14
    },
    "18": {
        "speed_generation": [
            0.19910649627018273,
            41.92413974627206,
            0.25675437025218883
        ],
        "time_to_first_token": [
            0.1003875732421875,
            0.9168989658355713,
            0.0158689022064209
        ],
        "max_kv_cache": 0.16642156862745094,
        "parallel_requests_nb": 18
    },
    "22": {
        "speed_generation": [
            0.19242140217285453,
            38.072100796856745,
            0.2554545048644101
        ],
        "time_to_first_token": [
            0.14590013027191162,
            1.1224520206451416,
            0.016302406787872314
        ],
        "max_kv_cache": 0.20294117647058818,
        "parallel_requests_nb": 22
    },
    "26": {
        "speed_generation": [
            0.2223712243493594,
            34.721176382063646,
            0.19348613641852808
        ],
        "time_to_first_token": [
            0.09162569046020508,
            1.324779987335205,
            0.018262267112731934
        ],
        "max_kv_cache": 0.2399509803921569,
        "parallel_requests_nb": 26
    },
    "30": {
        "speed_generation": [
            0.2327240390522114,
            30.387837941757606,
            0.289942893539493
        ],
        "time_to_first_token": [
            0.15150177478790283,
            1.5305275917053223,
            0.015413224697113037
        ],
        "max_kv_cache": 0.27708333333333335,
        "parallel_requests_nb": 30
    },
    "34": {
        "speed_generation": [
            0.10005590017934196,
            28.55793027258154,
            0.059668195514671396
        ],
        "time_to_first_token": [
            0.07938998937606812,
            1.7328920364379883,
            0.01408076286315918
        ],
        "max_kv_cache": 0.3137254901960784,
        "parallel_requests_nb": 34
    },
    "38": {
        "speed_generation": [
            0.11703304116635138,
            26.763964957501063,
            0.15200276459575335
        ],
        "time_to_first_token": [
            0.23773181438446045,
            1.9273464679718018,
            0.02303135395050049
        ],
        "max_kv_cache": 0.3508578431372549,
        "parallel_requests_nb": 38
    }
}