{
    "1": {
        "speed_generation": [
            0.1786430987988865,
            52.00062288881237,
            0.1683312235477672
        ],
        "time_to_first_token": [
            0.0036970973014831543,
            0.05164492130279541,
            0.004654884338378906
        ],
        "max_kv_cache": 0.0007487832272556894,
        "parallel_requests_nb": 1
    },
    "2": {
        "speed_generation": [
            0.2567417808690138,
            49.230960643541934,
            0.2204172861319833
        ],
        "time_to_first_token": [
            0.021954059600830078,
            0.07550811767578125,
            0.01399683952331543
        ],
        "max_kv_cache": 0.0014440819382788295,
        "parallel_requests_nb": 2
    },
    "3": {
        "speed_generation": [
            0.20483272033431632,
            47.560482955078996,
            0.22949253442983064
        ],
        "time_to_first_token": [
            0.04156613349914551,
            0.11124515533447266,
            0.01737689971923828
        ],
        "max_kv_cache": 0.0021393806493020806,
        "parallel_requests_nb": 3
    },
    "4": {
        "speed_generation": [
            0.259318527630505,
            46.82639662126932,
            0.21215719383067722
        ],
        "time_to_first_token": [
            0.05095219612121582,
            0.14516115188598633,
            0.017038822174072266
        ],
        "max_kv_cache": 0.0027811948440926715,
        "parallel_requests_nb": 4
    },
    "6": {
        "speed_generation": [
            0.23036124283856196,
            43.648421331795326,
            0.18853088697192533
        ],
        "time_to_first_token": [
            0.05646038055419922,
            0.20824289321899414,
            0.013403654098510742
        ],
        "max_kv_cache": 0.0041183077499064025,
        "parallel_requests_nb": 6
    },
    "8": {
        "speed_generation": [
            0.41183239907886104,
            43.20543878832155,
            0.25172695320803484
        ],
        "time_to_first_token": [
            0.052542924880981445,
            0.23216795921325684,
            0.020225048065185547
        ],
        "max_kv_cache": 0.005562389688185232,
        "parallel_requests_nb": 8
    },
    "10": {
        "speed_generation": [
            0.47518433595661236,
            39.932450477619916,
            0.23989004455003737
        ],
        "time_to_first_token": [
            0.06406688690185547,
            0.2603578567504883,
            0.024146318435668945
        ],
        "max_kv_cache": 0.0067925335615339755,
        "parallel_requests_nb": 10
    },
    "14": {
        "speed_generation": [
            0.3796228330130802,
            38.734825086089884,
            0.2819789934479928
        ],
        "time_to_first_token": [
            0.025741934776306152,
            0.29479801654815674,
            0.02723383903503418
        ],
        "max_kv_cache": 0.009359790340696339,
        "parallel_requests_nb": 14
    },
    "18": {
        "speed_generation": [
            0.22747707905338643,
            30.374155415810478,
            0.13662158449130857
        ],
        "time_to_first_token": [
            0.02632349729537964,
            0.34594500064849854,
            0.019867241382598877
        ],
        "max_kv_cache": 0.011980531636091363,
        "parallel_requests_nb": 18
    },
    "22": {
        "speed_generation": [
            0.165471310811121,
            29.504291268766103,
            0.17008525819476716
        ],
        "time_to_first_token": [
            0.024615108966827393,
            0.38263607025146484,
            0.030236423015594482
        ],
        "max_kv_cache": 0.014601272931486386,
        "parallel_requests_nb": 22
    },
    "26": {
        "speed_generation": [
            0.3574081516970402,
            27.980355986191213,
            0.15356159044955575
        ],
        "time_to_first_token": [
            0.023653686046600342,
            0.4261070489883423,
            0.029669642448425293
        ],
        "max_kv_cache": 0.01727549874311385,
        "parallel_requests_nb": 26
    },
    "30": {
        "speed_generation": [
            0.27521146620639314,
            27.270241711486634,
            0.1284045720193845
        ],
        "time_to_first_token": [
            0.021484076976776123,
            0.4738651514053345,
            0.021104156970977783
        ],
        "max_kv_cache": 0.019628817457346126,
        "parallel_requests_nb": 30
    },
    "34": {
        "speed_generation": [
            0.10079675365258822,
            21.44667870664196,
            0.11661536903547542
        ],
        "time_to_first_token": [
            0.06875628232955933,
            0.5648174285888672,
            0.03867805004119873
        ],
        "max_kv_cache": 0.022303043268973588,
        "parallel_requests_nb": 34
    },
    "38": {
        "speed_generation": [
            0.11269475115338068,
            21.067525785477198,
            0.21724218641588422
        ],
        "time_to_first_token": [
            0.03747671842575073,
            0.5943903923034668,
            0.057286202907562256
        ],
        "max_kv_cache": 0.024763331015670964,
        "parallel_requests_nb": 38
    }
}