{
    "1": {
        "speed_generation": [
            0.22173305480663075,
            11.628590632891257,
            0.05467285006518807
        ],
        "time_to_first_token": [
            0.005067586898803711,
            1.063425064086914,
            0.027829885482788086
        ],
        "max_kv_cache": 0.013692036155532938,
        "parallel_requests_nb": 1
    },
    "2": {
        "speed_generation": [
            0.11400361269639081,
            6.573484147604693,
            0.22424018705037518
        ],
        "time_to_first_token": [
            0.9055755138397217,
            2.0094850063323975,
            0.07230961322784424
        ],
        "max_kv_cache": 0.027384072311065988,
        "parallel_requests_nb": 2
    },
    "3": {
        "speed_generation": [
            0.045070353900038995,
            4.64165415280147,
            0.04432798765538415
        ],
        "time_to_first_token": [
            0.9916548728942871,
            3.012495994567871,
            0.06650900840759277
        ],
        "max_kv_cache": 0.041076108466598926,
        "parallel_requests_nb": 3
    },
    "4": {
        "speed_generation": [
            0.026347055159530175,
            3.6040509982654507,
            0.03226980207461683
        ],
        "time_to_first_token": [
            1.896988868713379,
            3.9606518745422363,
            0.08240127563476562
        ],
        "max_kv_cache": 0.054768144622131865,
        "parallel_requests_nb": 4
    },
    "6": {
        "speed_generation": [
            0.011541416217209832,
            2.458542811553039,
            0.02134371555079495
        ],
        "time_to_first_token": [
            1.8850831985473633,
            4.9184410572052,
            1.0701980590820312
        ],
        "max_kv_cache": 0.08215221693319785,
        "parallel_requests_nb": 6
    },
    "8": {
        "speed_generation": [
            0.010532624465299456,
            1.8764366125571217,
            0.01105542607707144
        ],
        "time_to_first_token": [
            2.911892890930176,
            5.9861159324646,
            1.8667030334472656
        ],
        "max_kv_cache": 0.10953628924426384,
        "parallel_requests_nb": 8
    },
    "10": {
        "speed_generation": [
            0.0056649187705777315,
            1.4993485621258589,
            0.011472519657907299
        ],
        "time_to_first_token": [
            2.0467188358306885,
            6.09842586517334,
            2.9131019115448
        ],
        "max_kv_cache": 0.13692036155532972,
        "parallel_requests_nb": 10
    },
    "14": {
        "speed_generation": [
            0.003570526462225221,
            1.0909022221327798,
            0.006369406898435237
        ],
        "time_to_first_token": [
            3.8658769130706787,
            8.964253902435303,
            3.0236141681671143
        ],
        "max_kv_cache": 0.19168850617746158,
        "parallel_requests_nb": 14
    },
    "18": {
        "speed_generation": [
            0.0019069101448084824,
            0.847916795148262,
            0.004880755972091144
        ],
        "time_to_first_token": [
            4.2574299573898315,
            10.331618070602417,
            4.728907346725464
        ],
        "max_kv_cache": 0.24645665079959356,
        "parallel_requests_nb": 18
    },
    "22": {
        "speed_generation": [
            0.0033491105260161635,
            0.6962898845275346,
            0.003026358449837674
        ],
        "time_to_first_token": [
            5.803016424179077,
            12.090610980987549,
            5.965535044670105
        ],
        "max_kv_cache": 0.3012247954217254,
        "parallel_requests_nb": 22
    },
    "26": {
        "speed_generation": [
            0.003553037276713633,
            0.5939781264007203,
            0.0006919691371237713
        ],
        "time_to_first_token": [
            5.994477987289429,
            14.952919006347656,
            6.055309891700745
        ],
        "max_kv_cache": 0.3559929400438573,
        "parallel_requests_nb": 26
    },
    "30": {
        "speed_generation": [
            0.0004450182881977627,
            0.514072196660403,
            0.003896316369442876
        ],
        "time_to_first_token": [
            7.676195025444031,
            16.74919605255127,
            7.228070974349976
        ],
        "max_kv_cache": 0.41076108466598915,
        "parallel_requests_nb": 30
    },
    "34": {
        "speed_generation": [
            0.0019159903450278182,
            0.4527304170861881,
            0.00194653451876603
        ],
        "time_to_first_token": [
            8.946406126022339,
            18.17538809776306,
            8.832471132278442
        ],
        "max_kv_cache": 0.4655292292881211,
        "parallel_requests_nb": 34
    },
    "38": {
        "speed_generation": [
            0.0017661291207150542,
            0.4052685195479395,
            0.0004336039481973586
        ],
        "time_to_first_token": [
            8.951980590820312,
            21.057573080062866,
            9.058810949325562
        ],
        "max_kv_cache": 0.520297373910253,
        "parallel_requests_nb": 38
    }
}