{
    "1": {
        "speed_generation": [
            0.9544435817458279,
            47.39015304785773,
            1.253735191201791
        ],
        "time_to_first_token": [
            0.008112311363220215,
            0.05022788047790527,
            0.005705595016479492
        ],
        "max_kv_cache": 0.0003743916136278447,
        "parallel_requests_nb": 1
    },
    "2": {
        "speed_generation": [
            1.0199069002511791,
            40.704960466604234,
            1.0605760248008096
        ],
        "time_to_first_token": [
            0.023981213569641113,
            0.07622647285461426,
            0.015626370906829834
        ],
        "max_kv_cache": 0.0006952987110231401,
        "parallel_requests_nb": 2
    },
    "3": {
        "speed_generation": [
            0.8387273010173999,
            36.97918533154834,
            0.9749465827825077
        ],
        "time_to_first_token": [
            0.032311856746673584,
            0.10751950740814209,
            0.018534719944000244
        ],
        "max_kv_cache": 0.0010162058084184356,
        "parallel_requests_nb": 3
    },
    "4": {
        "speed_generation": [
            0.8089765535092539,
            34.01664166688346,
            0.9149054760839306
        ],
        "time_to_first_token": [
            0.0544622540473938,
            0.14536559581756592,
            0.01772671937942505
        ],
        "max_kv_cache": 0.0012836283895811818,
        "parallel_requests_nb": 4
    },
    "6": {
        "speed_generation": [
            0.7151336759812672,
            29.47418757952258,
            0.6746877599065044
        ],
        "time_to_first_token": [
            0.04772454500198364,
            0.20330607891082764,
            0.01665318012237549
        ],
        "max_kv_cache": 0.001978927100604322,
        "parallel_requests_nb": 6
    },
    "8": {
        "speed_generation": [
            1.0476740761158503,
            28.32103712645717,
            0.6762406869442827
        ],
        "time_to_first_token": [
            0.029192805290222168,
            0.22971153259277344,
            0.01599496603012085
        ],
        "max_kv_cache": 0.002406803230464827,
        "parallel_requests_nb": 8
    },
    "10": {
        "speed_generation": [
            1.1774692065975962,
            25.382061721315104,
            1.1923094742322924
        ],
        "time_to_first_token": [
            0.054856300354003906,
            0.25228452682495117,
            0.03506523370742798
        ],
        "max_kv_cache": 0.002941648392790319,
        "parallel_requests_nb": 10
    },
    "14": {
        "speed_generation": [
            0.9320169142120847,
            24.06963565664708,
            0.6865751788305197
        ],
        "time_to_first_token": [
            0.02624911069869995,
            0.2958725690841675,
            0.021184444427490234
        ],
        "max_kv_cache": 0.004171792266138952,
        "parallel_requests_nb": 14
    },
    "18": {
        "speed_generation": [
            0.6671229238337091,
            19.93636776557782,
            0.6434523439657269
        ],
        "time_to_first_token": [
            0.02627122402191162,
            0.3401249647140503,
            0.02585381269454956
        ],
        "max_kv_cache": 0.005294967107022486,
        "parallel_requests_nb": 18
    },
    "22": {
        "speed_generation": [
            0.6316041316551271,
            18.816754625501947,
            0.4305262907847478
        ],
        "time_to_first_token": [
            0.018841207027435303,
            0.3815028667449951,
            0.024337172508239746
        ],
        "max_kv_cache": 0.006257688399208483,
        "parallel_requests_nb": 22
    },
    "26": {
        "speed_generation": [
            0.420119148019765,
            17.516433583946068,
            0.2651991075701403
        ],
        "time_to_first_token": [
            0.012385845184326172,
            0.4169166088104248,
            0.020602941513061523
        ],
        "max_kv_cache": 0.007327378723859468,
        "parallel_requests_nb": 26
    },
    "30": {
        "speed_generation": [
            0.7567599660006632,
            16.46313438334942,
            0.3463958809932315
        ],
        "time_to_first_token": [
            0.023411571979522705,
            0.4653894901275635,
            0.039923787117004395
        ],
        "max_kv_cache": 0.0085575225972081,
        "parallel_requests_nb": 30
    },
    "34": {
        "speed_generation": [
            0.22175787886710552,
            13.965608979315615,
            0.16673228662810047
        ],
        "time_to_first_token": [
            0.013614773750305176,
            0.515720009803772,
            0.012743115425109863
        ],
        "max_kv_cache": 0.009573728405626536,
        "parallel_requests_nb": 34
    },
    "38": {
        "speed_generation": [
            0.6112915457736463,
            13.27289885394039,
            0.16142899766172292
        ],
        "time_to_first_token": [
            0.01387554407119751,
            0.5635280609130859,
            0.016913890838623047
        ],
        "max_kv_cache": 0.010536449697812533,
        "parallel_requests_nb": 38
    }
}