{
    "1": {
        "speed_generation": [
            0.06358293124608849,
            45.11080724327992,
            0.05873081474099706
        ],
        "time_to_first_token": [
            0.003369450569152832,
            0.34022343158721924,
            0.0019012689590454102
        ],
        "max_kv_cache": 0.004760121944696993,
        "parallel_requests_nb": 1
    },
    "2": {
        "speed_generation": [
            0.21775289085020688,
            39.05276329455293,
            1.0674343326000084
        ],
        "time_to_first_token": [
            0.2260279655456543,
            0.5687031745910645,
            0.08894896507263184
        ],
        "max_kv_cache": 0.009466759373161437,
        "parallel_requests_nb": 2
    },
    "3": {
        "speed_generation": [
            0.1811928781971801,
            35.45297779313029,
            0.2615644559496175
        ],
        "time_to_first_token": [
            0.2248694896697998,
            0.7980179786682129,
            0.09433603286743164
        ],
        "max_kv_cache": 0.014012943252928234,
        "parallel_requests_nb": 3
    },
    "4": {
        "speed_generation": [
            0.09363975670326141,
            33.10306753625966,
            0.09300456637438259
        ],
        "time_to_first_token": [
            0.5276501178741455,
            1.1063320636749268,
            0.013059854507446289
        ],
        "max_kv_cache": 0.01861261164892769,
        "parallel_requests_nb": 4
    },
    "6": {
        "speed_generation": [
            0.1116105770482605,
            28.264831337893437,
            0.10910058518594568
        ],
        "time_to_first_token": [
            0.745445966720581,
            1.5451939105987549,
            0.02738189697265625
        ],
        "max_kv_cache": 0.02791891747339148,
        "parallel_requests_nb": 6
    },
    "8": {
        "speed_generation": [
            0.07478879103982905,
            24.99803329458405,
            0.10197417177537105
        ],
        "time_to_first_token": [
            0.04667806625366211,
            2.0075011253356934,
            0.020653724670410156
        ],
        "max_kv_cache": 0.036904316200459975,
        "parallel_requests_nb": 8
    },
    "10": {
        "speed_generation": [
            0.07618266645578942,
            21.467980465758455,
            0.06290176191546948
        ],
        "time_to_first_token": [
            0.029360055923461914,
            2.463245153427124,
            0.017006635665893555
        ],
        "max_kv_cache": 0.046157137508691215,
        "parallel_requests_nb": 10
    },
    "14": {
        "speed_generation": [
            0.046375204964064665,
            18.090468700951078,
            0.06130880225684621
        ],
        "time_to_first_token": [
            0.04590201377868652,
            3.3948869705200195,
            0.019562959671020508
        ],
        "max_kv_cache": 0.06525110980371185,
        "parallel_requests_nb": 14
    },
    "18": {
        "speed_generation": [
            0.1142788718626111,
            14.292338808810511,
            0.044286488051549
        ],
        "time_to_first_token": [
            1.5982563495635986,
            4.0912299156188965,
            0.21788346767425537
        ],
        "max_kv_cache": 0.08258009306305825,
        "parallel_requests_nb": 18
    },
    "22": {
        "speed_generation": [
            0.044978794737929206,
            12.429975715202227,
            0.053755043479494447
        ],
        "time_to_first_token": [
            1.8526450395584106,
            4.5034990310668945,
            0.516323447227478
        ],
        "max_kv_cache": 0.10071134406589288,
        "parallel_requests_nb": 22
    },
    "26": {
        "speed_generation": [
            0.03385369089957635,
            11.048034617102608,
            0.034915083307225814
        ],
        "time_to_first_token": [
            1.6708256006240845,
            4.75116491317749,
            1.3519260883331299
        ],
        "max_kv_cache": 0.11943092474728567,
        "parallel_requests_nb": 26
    },
    "30": {
        "speed_generation": [
            0.025626756393810624,
            9.966970429131122,
            0.03466919091077081
        ],
        "time_to_first_token": [
            1.883872628211975,
            5.266374111175537,
            1.2293814420700073
        ],
        "max_kv_cache": 0.1373482376851901,
        "parallel_requests_nb": 30
    },
    "34": {
        "speed_generation": [
            0.051606899714427,
            8.508588672443713,
            0.02655785805234956
        ],
        "time_to_first_token": [
            2.3028839826583862,
            5.747812032699585,
            1.920445442199707
        ],
        "max_kv_cache": 0.1559608493341178,
        "parallel_requests_nb": 34
    },
    "38": {
        "speed_generation": [
            0.024968211929697226,
            7.832541261339144,
            0.018304532895460746
        ],
        "time_to_first_token": [
            2.5455551147460938,
            6.017394065856934,
            2.2953028678894043
        ],
        "max_kv_cache": 0.17302241001230145,
        "parallel_requests_nb": 38
    }
}