{
    "1": {
        "speed_generation": [
            0.07275026848744659,
            47.14975446352186,
            0.03745453102017393
        ],
        "time_to_first_token": [
            0.00727003812789917,
            1.0640509128570557,
            0.029063165187835693
        ],
        "max_kv_cache": 0.013692036155532938,
        "parallel_requests_nb": 1
    },
    "2": {
        "speed_generation": [
            0.09365093226809762,
            41.381085681997206,
            0.06829564100495134
        ],
        "time_to_first_token": [
            0.26907360553741455,
            2.032293915748596,
            0.04202955961227417
        ],
        "max_kv_cache": 0.027384072311065988,
        "parallel_requests_nb": 2
    },
    "3": {
        "speed_generation": [
            0.06236932010014584,
            37.03321557047734,
            0.03393283667347191
        ],
        "time_to_first_token": [
            0.9682134389877319,
            2.984834909439087,
            0.08085709810256958
        ],
        "max_kv_cache": 0.041076108466598926,
        "parallel_requests_nb": 3
    },
    "4": {
        "speed_generation": [
            0.07954063023625224,
            33.66598851896758,
            0.08530482557876695
        ],
        "time_to_first_token": [
            1.2242310047149658,
            4.002742052078247,
            0.08802098035812378
        ],
        "max_kv_cache": 0.054768144622131865,
        "parallel_requests_nb": 4
    },
    "6": {
        "speed_generation": [
            0.03858454242502063,
            28.399096715384392,
            0.0267778576492681
        ],
        "time_to_first_token": [
            1.0318090915679932,
            4.062335968017578,
            1.95353102684021
        ],
        "max_kv_cache": 0.08215221693319785,
        "parallel_requests_nb": 6
    },
    "8": {
        "speed_generation": [
            0.027915835149975976,
            24.935177021655917,
            0.03184167916714742
        ],
        "time_to_first_token": [
            2.0374529361724854,
            5.099352836608887,
            2.8254213333129883
        ],
        "max_kv_cache": 0.10953628924426384,
        "parallel_requests_nb": 8
    },
    "10": {
        "speed_generation": [
            0.055168759691202496,
            20.410277724692435,
            0.010336240208175695
        ],
        "time_to_first_token": [
            1.9938875436782837,
            6.024235010147095,
            2.90885591506958
        ],
        "max_kv_cache": 0.13692036155532972,
        "parallel_requests_nb": 10
    },
    "14": {
        "speed_generation": [
            0.03787322398022397,
            17.599957068071188,
            0.03199223034347298
        ],
        "time_to_first_token": [
            3.8723565340042114,
            8.936841011047363,
            3.073217988014221
        ],
        "max_kv_cache": 0.19168850617746158,
        "parallel_requests_nb": 14
    },
    "18": {
        "speed_generation": [
            0.08786621951086104,
            14.01778762110657,
            0.007712388510521251
        ],
        "time_to_first_token": [
            4.909801006317139,
            10.944402933120728,
            4.002577066421509
        ],
        "max_kv_cache": 0.24645665079959356,
        "parallel_requests_nb": 18
    },
    "22": {
        "speed_generation": [
            0.01668534942061406,
            12.069978575976176,
            0.008608855792736847
        ],
        "time_to_first_token": [
            5.2966896295547485,
            12.026096105575562,
            6.042355418205261
        ],
        "max_kv_cache": 0.3012247954217254,
        "parallel_requests_nb": 22
    },
    "26": {
        "speed_generation": [
            0.004019240807936697,
            10.721467885423186,
            0.02278098393540695
        ],
        "time_to_first_token": [
            6.000644087791443,
            15.029308080673218,
            5.94552743434906
        ],
        "max_kv_cache": 0.3559929400438573,
        "parallel_requests_nb": 26
    }
}