{
    "1": {
        "speed_generation": [
            0.0854058018443169,
            51.29182925361199,
            0.05677803299943207
        ],
        "time_to_first_token": [
            0.008890509605407715,
            0.05156898498535156,
            0.006569206714630127
        ],
        "max_kv_cache": 0.003743916136278558,
        "parallel_requests_nb": 1
    },
    "2": {
        "speed_generation": [
            0.051464772365143574,
            49.03445234825936,
            0.054247417303734835
        ],
        "time_to_first_token": [
            0.01819247007369995,
            0.07943010330200195,
            0.012158095836639404
        ],
        "max_kv_cache": 0.007327378723859468,
        "parallel_requests_nb": 2
    },
    "3": {
        "speed_generation": [
            0.051843654817375295,
            47.659384548109216,
            0.08460192302281655
        ],
        "time_to_first_token": [
            0.04353970289230347,
            0.10875248908996582,
            0.017016828060150146
        ],
        "max_kv_cache": 0.011124779376370575,
        "parallel_requests_nb": 3
    },
    "4": {
        "speed_generation": [
            0.08262179851479345,
            47.09303703257968,
            0.0840828105525091
        ],
        "time_to_first_token": [
            0.059844255447387695,
            0.1443321704864502,
            0.019108057022094727
        ],
        "max_kv_cache": 0.014654757447718936,
        "parallel_requests_nb": 4
    },
    "6": {
        "speed_generation": [
            0.043638593527695946,
            44.96080718275457,
            0.06974689301514303
        ],
        "time_to_first_token": [
            0.03307449817657471,
            0.2089860439300537,
            0.008522510528564453
        ],
        "max_kv_cache": 0.022035620687810842,
        "parallel_requests_nb": 6
    },
    "8": {
        "speed_generation": [
            0.1078645290877489,
            44.12176364014164,
            0.11462009127549067
        ],
        "time_to_first_token": [
            0.02337503433227539,
            0.2279660701751709,
            0.02260279655456543
        ],
        "max_kv_cache": 0.02936299941167031,
        "parallel_requests_nb": 8
    },
    "10": {
        "speed_generation": [
            0.1034621080486815,
            40.00654916388237,
            0.03253280524835134
        ],
        "time_to_first_token": [
            0.055972933769226074,
            0.26748204231262207,
            0.020180940628051758
        ],
        "max_kv_cache": 0.03658340910306468,
        "parallel_requests_nb": 10
    },
    "14": {
        "speed_generation": [
            0.12252519800427564,
            38.486299086825625,
            0.09087979769163468
        ],
        "time_to_first_token": [
            0.058531880378723145,
            0.31769585609436035,
            0.05516517162322998
        ],
        "max_kv_cache": 0.051238166550783504,
        "parallel_requests_nb": 14
    },
    "18": {
        "speed_generation": [
            0.24137274927612395,
            30.192423127361327,
            0.01770072306173276
        ],
        "time_to_first_token": [
            0.11604619026184082,
            0.37341904640197754,
            0.04980301856994629
        ],
        "max_kv_cache": 0.06578595496603734,
        "parallel_requests_nb": 18
    },
    "22": {
        "speed_generation": [
            0.25536378366964385,
            28.944376571592212,
            0.015425965687445142
        ],
        "time_to_first_token": [
            0.05060291290283203,
            0.42557406425476074,
            0.04801201820373535
        ],
        "max_kv_cache": 0.08022677434882597,
        "parallel_requests_nb": 22
    },
    "26": {
        "speed_generation": [
            0.1886462460259679,
            27.049414467037614,
            0.07173482653190177
        ],
        "time_to_first_token": [
            0.21874451637268066,
            0.479794979095459,
            0.04311692714691162
        ],
        "max_kv_cache": 0.0947745627640798,
        "parallel_requests_nb": 26
    },
    "30": {
        "speed_generation": [
            0.14092659903262827,
            26.08469614103893,
            0.10249325426483935
        ],
        "time_to_first_token": [
            0.03240394592285156,
            0.5139598846435547,
            0.060681700706481934
        ],
        "max_kv_cache": 0.10921538214686843,
        "parallel_requests_nb": 30
    },
    "34": {
        "speed_generation": [
            0.021765780088337294,
            20.967003903924756,
            0.10793353075838752
        ],
        "time_to_first_token": [
            0.04864311218261719,
            0.5626821517944336,
            0.05812883377075195
        ],
        "max_kv_cache": 0.12392362411081992,
        "parallel_requests_nb": 34
    },
    "38": {
        "speed_generation": [
            0.053679582954469396,
            20.380866661124482,
            0.0370318151904776
        ],
        "time_to_first_token": [
            0.049933552742004395,
            0.611828088760376,
            0.06986093521118164
        ],
        "max_kv_cache": 0.138310958977376,
        "parallel_requests_nb": 38
    }
}