{
    "1": {
        "speed_generation": [
            0.15697868599358955,
            25.083403079109303,
            0.10038483301185508
        ],
        "time_to_first_token": [
            0.001802980899810791,
            0.3362901210784912,
            0.002345144748687744
        ],
        "max_kv_cache": 0.004439214847301698,
        "parallel_requests_nb": 1
    },
    "2": {
        "speed_generation": [
            0.17769883283219556,
            16.377802345303902,
            1.6227201641793236
        ],
        "time_to_first_token": [
            0.22810697555541992,
            0.5685610771179199,
            0.08889293670654297
        ],
        "max_kv_cache": 0.008717976145905748,
        "parallel_requests_nb": 2
    },
    "3": {
        "speed_generation": [
            0.11535722196176401,
            13.085906030364427,
            0.1519407882191679
        ],
        "time_to_first_token": [
            0.23407554626464844,
            0.7958164215087891,
            0.09875714778900146
        ],
        "max_kv_cache": 0.013103706476974897,
        "parallel_requests_nb": 3
    },
    "4": {
        "speed_generation": [
            0.08688891341555127,
            11.007101020687664,
            0.10590849152062454
        ],
        "time_to_first_token": [
            0.5065197944641113,
            1.083981990814209,
            0.03519320487976074
        ],
        "max_kv_cache": 0.0172220142268813,
        "parallel_requests_nb": 4
    },
    "6": {
        "speed_generation": [
            0.05692350582183181,
            8.315018011840706,
            0.07017040351419013
        ],
        "time_to_first_token": [
            0.5396724939346313,
            1.5420680046081543,
            0.0248870849609375
        ],
        "max_kv_cache": 0.025512114242926653,
        "parallel_requests_nb": 6
    },
    "8": {
        "speed_generation": [
            0.05421337309426111,
            6.687777787443387,
            0.04739699996439217
        ],
        "time_to_first_token": [
            0.517810583114624,
            1.9980039596557617,
            0.023668766021728516
        ],
        "max_kv_cache": 0.0341231213563673,
        "parallel_requests_nb": 8
    },
    "10": {
        "speed_generation": [
            0.04505838280991625,
            5.523377157568271,
            0.04575673762471144
        ],
        "time_to_first_token": [
            0.4631698727607727,
            2.453966975212097,
            0.033304035663604736
        ],
        "max_kv_cache": 0.042573674921110305,
        "parallel_requests_nb": 10
    },
    "14": {
        "speed_generation": [
            0.027546463780178776,
            4.144031971551449,
            0.017867093397524236
        ],
        "time_to_first_token": [
            0.2926076650619507,
            3.3833975791931152,
            0.03441929817199707
        ],
        "max_kv_cache": 0.05936781301813121,
        "parallel_requests_nb": 14
    },
    "18": {
        "speed_generation": [
            0.042986104023505334,
            3.255801432608787,
            0.02140969907756718
        ],
        "time_to_first_token": [
            0.3144339323043823,
            3.435381531715393,
            0.8601043820381165
        ],
        "max_kv_cache": 0.07584104401775682,
        "parallel_requests_nb": 18
    },
    "22": {
        "speed_generation": [
            0.01411798124442809,
            2.7077467323271267,
            0.017148106249004424
        ],
        "time_to_first_token": [
            0.8128506541252136,
            4.115992903709412,
            1.0755683183670044
        ],
        "max_kv_cache": 0.09279563566347537,
        "parallel_requests_nb": 22
    },
    "26": {
        "speed_generation": [
            0.009989790310384716,
            2.323390759392446,
            0.009901135376149561
        ],
        "time_to_first_token": [
            1.1768803000450134,
            4.555416941642761,
            1.6388932466506958
        ],
        "max_kv_cache": 0.10905492859817079,
        "parallel_requests_nb": 26
    },
    "30": {
        "speed_generation": [
            0.014052247762867509,
            2.0381097440605984,
            0.007781523228122644
        ],
        "time_to_first_token": [
            0.9573705792427063,
            4.572836995124817,
            2.537887752056122
        ],
        "max_kv_cache": 0.1263839118575173,
        "parallel_requests_nb": 30
    },
    "34": {
        "speed_generation": [
            0.008250933978444008,
            1.7827346544965361,
            0.00824403923831607
        ],
        "time_to_first_token": [
            2.04645174741745,
            5.499849081039429,
            2.0873255133628845
        ],
        "max_kv_cache": 0.14226881317858475,
        "parallel_requests_nb": 34
    },
    "38": {
        "speed_generation": [
            0.00860915915576066,
            1.6132220582293892,
            0.007932014896824935
        ],
        "time_to_first_token": [
            2.228299558162689,
            5.918185591697693,
            2.1222712993621826
        ],
        "max_kv_cache": 0.1600791570840242,
        "parallel_requests_nb": 38
    }
}