{
    "1": {
        "speed_generation": [
            0.21055069626068956,
            35.20147837171916,
            0.12867123709783357
        ],
        "time_to_first_token": [
            0.0059359073638916016,
            1.0644419193267822,
            0.026852130889892578
        ],
        "max_kv_cache": 0.013692036155532938,
        "parallel_requests_nb": 1
    },
    "2": {
        "speed_generation": [
            0.2723536472730572,
            26.16589981821293,
            0.3483297815624269
        ],
        "time_to_first_token": [
            0.902544379234314,
            2.0166938304901123,
            0.05967700481414795
        ],
        "max_kv_cache": 0.027384072311065988,
        "parallel_requests_nb": 2
    },
    "3": {
        "speed_generation": [
            0.1144942030097802,
            20.952620081916734,
            0.09833097180556649
        ],
        "time_to_first_token": [
            0.9901790618896484,
            3.0131800174713135,
            0.0492931604385376
        ],
        "max_kv_cache": 0.041076108466598926,
        "parallel_requests_nb": 3
    },
    "4": {
        "speed_generation": [
            0.13676166463914896,
            17.539744325998562,
            0.05357460880376408
        ],
        "time_to_first_token": [
            0.9075918197631836,
            3.891969919204712,
            0.15182185173034668
        ],
        "max_kv_cache": 0.054768144622131865,
        "parallel_requests_nb": 4
    },
    "6": {
        "speed_generation": [
            0.032357734685557915,
            13.067103198250038,
            0.06370372291372028
        ],
        "time_to_first_token": [
            1.9955627918243408,
            5.020096778869629,
            0.9765322208404541
        ],
        "max_kv_cache": 0.08215221693319785,
        "parallel_requests_nb": 6
    },
    "8": {
        "speed_generation": [
            0.056964886903729806,
            10.523696899618349,
            0.059241135587940974
        ],
        "time_to_first_token": [
            2.878308057785034,
            5.959717035293579,
            1.2059998512268066
        ],
        "max_kv_cache": 0.10953628924426384,
        "parallel_requests_nb": 8
    },
    "10": {
        "speed_generation": [
            0.025432224845973295,
            8.530372121697459,
            0.01482203894791212
        ],
        "time_to_first_token": [
            2.12056565284729,
            6.15782904624939,
            2.890378475189209
        ],
        "max_kv_cache": 0.13692036155532972,
        "parallel_requests_nb": 10
    },
    "14": {
        "speed_generation": [
            0.010895054566112172,
            6.567974981767346,
            0.022158612242769493
        ],
        "time_to_first_token": [
            3.0857856273651123,
            8.980638027191162,
            3.0487979650497437
        ],
        "max_kv_cache": 0.19168850617746158,
        "parallel_requests_nb": 14
    },
    "18": {
        "speed_generation": [
            0.01791515263245369,
            5.180883643960653,
            0.015969945172271238
        ],
        "time_to_first_token": [
            3.998995065689087,
            10.019972085952759,
            4.910512924194336
        ],
        "max_kv_cache": 0.24645665079959356,
        "parallel_requests_nb": 18
    },
    "22": {
        "speed_generation": [
            0.013697862343354572,
            4.315924735969912,
            0.011488256351571913
        ],
        "time_to_first_token": [
            5.091451168060303,
            12.086417198181152,
            5.880533695220947
        ],
        "max_kv_cache": 0.3012247954217254,
        "parallel_requests_nb": 22
    },
    "26": {
        "speed_generation": [
            0.015252929221149625,
            3.720193449730766,
            0.016455585177398646
        ],
        "time_to_first_token": [
            6.044800758361816,
            14.95924186706543,
            6.008051156997681
        ],
        "max_kv_cache": 0.3559929400438573,
        "parallel_requests_nb": 26
    },
    "30": {
        "speed_generation": [
            0.006372093592751593,
            3.252266685851375,
            0.0028511184312676185
        ],
        "time_to_first_token": [
            7.944829940795898,
            17.003720998764038,
            6.965457439422607
        ],
        "max_kv_cache": 0.41076108466598915,
        "parallel_requests_nb": 30
    },
    "34": {
        "speed_generation": [
            0.010425170117423388,
            2.845518405432857,
            0.00739150698624691
        ],
        "time_to_first_token": [
            8.834319114685059,
            17.998419046401978,
            8.82644510269165
        ],
        "max_kv_cache": 0.4655292292881211,
        "parallel_requests_nb": 34
    },
    "38": {
        "speed_generation": [
            0.00451600837755306,
            2.5621185608745702,
            0.008192295976622077
        ],
        "time_to_first_token": [
            8.991418838500977,
            20.90298080444336,
            8.90548038482666
        ],
        "max_kv_cache": 0.520297373910253,
        "parallel_requests_nb": 38
    }
}