{
    "1": {
        "speed_generation": [
            0.2678919130979409,
            48.96545071815021,
            0.28668287878385
        ],
        "time_to_first_token": [
            0.0016918182373046875,
            0.20299983024597168,
            0.0016245841979980469
        ],
        "max_kv_cache": 0.007392804337111869,
        "parallel_requests_nb": 1
    },
    "2": {
        "speed_generation": [
            0.39107870402447276,
            33.194889850588595,
            0.44554817944500513
        ],
        "time_to_first_token": [
            0.008652925491333008,
            0.24296343326568604,
            0.036605238914489746
        ],
        "max_kv_cache": 0.01472762589510912,
        "parallel_requests_nb": 2
    },
    "3": {
        "speed_generation": [
            0.4416628424994009,
            25.499410475396246,
            0.3454086370623557
        ],
        "time_to_first_token": [
            0.03277277946472168,
            0.27852654457092285,
            0.0255315899848938
        ],
        "max_kv_cache": 0.021946481894877246,
        "parallel_requests_nb": 3
    },
    "4": {
        "speed_generation": [
            0.1571550954583536,
            19.93290065099103,
            0.1715595337300755
        ],
        "time_to_first_token": [
            0.006863713264465332,
            0.4085268974304199,
            0.0064432621002197266
        ],
        "max_kv_cache": 0.029194329284202625,
        "parallel_requests_nb": 4
    },
    "6": {
        "speed_generation": [
            0.09493411507021854,
            13.1920478031976,
            0.16517955446969879
        ],
        "time_to_first_token": [
            0.015234172344207764,
            0.8188385963439941,
            0.009637892246246338
        ],
        "max_kv_cache": 0.029252312063317243,
        "parallel_requests_nb": 6
    },
    "8": {
        "speed_generation": [
            0.07741838596798267,
            9.903235444300003,
            0.04772828053993017
        ],
        "time_to_first_token": [
            0.007855892181396484,
            1.2217453718185425,
            0.011216878890991211
        ],
        "max_kv_cache": 0.02916533789464526,
        "parallel_requests_nb": 8
    },
    "10": {
        "speed_generation": [
            0.034809287128055644,
            7.896594399247109,
            0.05716846177002122
        ],
        "time_to_first_token": [
            0.015972435474395752,
            1.6326035261154175,
            0.008862972259521484
        ],
        "max_kv_cache": 0.029252312063317243,
        "parallel_requests_nb": 10
    },
    "14": {
        "speed_generation": [
            0.01831150763334044,
            5.637456361211646,
            0.0249006693465752
        ],
        "time_to_first_token": [
            0.01318204402923584,
            2.444601535797119,
            0.009329438209533691
        ],
        "max_kv_cache": 0.02922332067375988,
        "parallel_requests_nb": 14
    },
    "18": {
        "speed_generation": [
            0.017193709653540168,
            4.381295358331731,
            0.016135958511036996
        ],
        "time_to_first_token": [
            0.013190627098083496,
            3.258283495903015,
            0.013998627662658691
        ],
        "max_kv_cache": 0.02922332067375988,
        "parallel_requests_nb": 18
    },
    "22": {
        "speed_generation": [
            0.01122950868906658,
            3.582214864245203,
            0.010267363445935818
        ],
        "time_to_first_token": [
            0.012980937957763672,
            4.072768449783325,
            0.015003561973571777
        ],
        "max_kv_cache": 0.029194329284202625,
        "parallel_requests_nb": 22
    },
    "26": {
        "speed_generation": [
            0.012816549111272835,
            3.0360442828680574,
            0.013395419119705654
        ],
        "time_to_first_token": [
            0.022941946983337402,
            4.877048015594482,
            0.022437214851379395
        ],
        "max_kv_cache": 0.029194329284202625,
        "parallel_requests_nb": 26
    },
    "30": {
        "speed_generation": [
            0.010808443598188777,
            2.6213314606877898,
            0.007046970791072749
        ],
        "time_to_first_token": [
            0.016502201557159424,
            5.708871483802795,
            0.025669336318969727
        ],
        "max_kv_cache": 0.029107355115530642,
        "parallel_requests_nb": 30
    },
    "34": {
        "speed_generation": [
            0.006471450435420412,
            2.312929054586946,
            0.004806590959978152
        ],
        "time_to_first_token": [
            0.014085471630096436,
            6.523229479789734,
            0.0191841721534729
        ],
        "max_kv_cache": 0.029136346505088007,
        "parallel_requests_nb": 34
    },
    "38": {
        "speed_generation": [
            0.005072529338723264,
            2.072228306423602,
            0.004834809747285451
        ],
        "time_to_first_token": [
            0.018058836460113525,
            7.327035546302795,
            0.01956409215927124
        ],
        "max_kv_cache": 0.02922332067375988,
        "parallel_requests_nb": 38
    }
}