{
    "1": {
        "speed_generation": [
            0.18607211178189687,
            119.47319726977882,
            0.20481198641017784
        ],
        "time_to_first_token": [
            0.00046133995056152344,
            0.053418874740600586,
            0.0022619962692260742
        ],
        "max_kv_cache": 0.002145362827240316,
        "parallel_requests_nb": 1
    },
    "2": {
        "speed_generation": [
            0.634489568819518,
            112.91121278134166,
            0.60029866937451
        ],
        "time_to_first_token": [
            0.005913257598876953,
            0.06601381301879883,
            0.011718273162841797
        ],
        "max_kv_cache": 0.0042327428753660135,
        "parallel_requests_nb": 2
    },
    "3": {
        "speed_generation": [
            0.6791667567752597,
            105.96403422652907,
            0.7453593385374546
        ],
        "time_to_first_token": [
            0.01949179172515869,
            0.09581053256988525,
            0.012655019760131836
        ],
        "max_kv_cache": 0.006320122923491711,
        "parallel_requests_nb": 3
    },
    "4": {
        "speed_generation": [
            0.9587141809432183,
            99.28283029649616,
            0.990028260497553
        ],
        "time_to_first_token": [
            0.020982027053833008,
            0.1024320125579834,
            0.015069007873535156
        ],
        "max_kv_cache": 0.008407502971617409,
        "parallel_requests_nb": 4
    },
    "6": {
        "speed_generation": [
            0.9655377685304245,
            93.5646158952703,
            0.8091092751920144
        ],
        "time_to_first_token": [
            0.019759953022003174,
            0.10647141933441162,
            0.016273796558380127
        ],
        "max_kv_cache": 0.012495288899196932,
        "parallel_requests_nb": 6
    },
    "8": {
        "speed_generation": [
            0.9670195129940993,
            88.86074805939415,
            0.735429320099513
        ],
        "time_to_first_token": [
            0.011915445327758789,
            0.11303746700286865,
            0.018374145030975342
        ],
        "max_kv_cache": 0.016641057605891074,
        "parallel_requests_nb": 8
    },
    "10": {
        "speed_generation": [
            0.9705550165799366,
            84.05369488821775,
            0.7375414976953465
        ],
        "time_to_first_token": [
            0.01621103286743164,
            0.12046158313751221,
            0.018083274364471436
        ],
        "max_kv_cache": 0.020699852143913233,
        "parallel_requests_nb": 10
    },
    "14": {
        "speed_generation": [
            0.8031610072300879,
            75.3514297777987,
            0.7160566059041287
        ],
        "time_to_first_token": [
            0.01889115571975708,
            0.13165640830993652,
            0.014070570468902588
        ],
        "max_kv_cache": 0.02887542399907228,
        "parallel_requests_nb": 14
    },
    "18": {
        "speed_generation": [
            0.5176131197968061,
            67.6480954355982,
            0.5945866444701267
        ],
        "time_to_first_token": [
            0.018104493618011475,
            0.13821494579315186,
            0.010512888431549072
        ],
        "max_kv_cache": 0.03684805612733022,
        "parallel_requests_nb": 18
    },
    "22": {
        "speed_generation": [
            0.507332223925637,
            62.30955251277835,
            0.32065107387172986
        ],
        "time_to_first_token": [
            0.009514212608337402,
            0.14820802211761475,
            0.015253067016601562
        ],
        "max_kv_cache": 0.044878671034702666,
        "parallel_requests_nb": 22
    },
    "26": {
        "speed_generation": [
            0.5629004527632802,
            57.19379438604156,
            0.45358068855635736
        ],
        "time_to_first_token": [
            0.010756075382232666,
            0.14865148067474365,
            0.016937613487243652
        ],
        "max_kv_cache": 0.05235844954048652,
        "parallel_requests_nb": 26
    },
    "30": {
        "speed_generation": [
            0.3670146579574407,
            53.584554478215,
            0.2423318751210175
        ],
        "time_to_first_token": [
            0.008010506629943848,
            0.14599609375,
            0.00917196273803711
        ],
        "max_kv_cache": 0.060678978343432055,
        "parallel_requests_nb": 30
    },
    "34": {
        "speed_generation": [
            0.2502875932028452,
            18.246630256280426,
            0.1812776917275194
        ],
        "time_to_first_token": [
            0.3347355127334595,
            0.7089835405349731,
            0.3985447883605957
        ],
        "max_kv_cache": 0.06847766213434614,
        "parallel_requests_nb": 34
    },
    "38": {
        "speed_generation": [
            0.13911204518625908,
            16.756185679690944,
            0.18122328595297788
        ],
        "time_to_first_token": [
            0.37610286474227905,
            0.7746579647064209,
            0.4278337359428406
        ],
        "max_kv_cache": 0.07624735453570286,
        "parallel_requests_nb": 38
    }
}