{
    "1": {
        "speed_generation": [
            0.6925705800303916,
            90.30368036781535,
            0.6206226173572844
        ],
        "time_to_first_token": [
            0.0011341571807861328,
            0.05380749702453613,
            0.002302706241607666
        ],
        "max_kv_cache": 0.0019424231003392078,
        "parallel_requests_nb": 1
    },
    "2": {
        "speed_generation": [
            1.5947506637250655,
            74.5120041839717,
            1.3329896823654792
        ],
        "time_to_first_token": [
            0.005570113658905029,
            0.07217693328857422,
            0.016924262046813965
        ],
        "max_kv_cache": 0.0038268634215637976,
        "parallel_requests_nb": 2
    },
    "3": {
        "speed_generation": [
            1.6445713441611858,
            63.63017075894969,
            1.4121680569204926
        ],
        "time_to_first_token": [
            0.020093560218811035,
            0.09633052349090576,
            0.01266103982925415
        ],
        "max_kv_cache": 0.005682312353231134,
        "parallel_requests_nb": 3
    },
    "4": {
        "speed_generation": [
            1.7628127862229874,
            55.818673183119586,
            1.4915746727827326
        ],
        "time_to_first_token": [
            0.021727263927459717,
            0.10146355628967285,
            0.01321321725845337
        ],
        "max_kv_cache": 0.0076247354535703415,
        "parallel_requests_nb": 4
    },
    "6": {
        "speed_generation": [
            1.6052584324445291,
            45.64997488375151,
            1.255749375046065
        ],
        "time_to_first_token": [
            0.013693690299987793,
            0.10810160636901855,
            0.01571500301361084
        ],
        "max_kv_cache": 0.011277650537790285,
        "parallel_requests_nb": 6
    },
    "8": {
        "speed_generation": [
            1.0483871205406743,
            38.64583752837363,
            0.977562016867104
        ],
        "time_to_first_token": [
            0.011137843132019043,
            0.1085890531539917,
            0.018144309520721436
        ],
        "max_kv_cache": 0.014988548401124846,
        "parallel_requests_nb": 8
    },
    "10": {
        "speed_generation": [
            0.9660770670823666,
            33.666879380178415,
            0.6119631238487528
        ],
        "time_to_first_token": [
            0.007940292358398438,
            0.1117866039276123,
            0.01451122760772705
        ],
        "max_kv_cache": 0.018612472095787536,
        "parallel_requests_nb": 10
    },
    "14": {
        "speed_generation": [
            0.21154888288346285,
            23.92131747012789,
            0.21491735558167946
        ],
        "time_to_first_token": [
            0.005764603614807129,
            0.301845908164978,
            0.005752086639404297
        ],
        "max_kv_cache": 0.0184965065375583,
        "parallel_requests_nb": 14
    },
    "18": {
        "speed_generation": [
            0.1500596063864279,
            18.485581846706694,
            0.13120804239592587
        ],
        "time_to_first_token": [
            0.006251931190490723,
            0.49726295471191406,
            0.006998538970947266
        ],
        "max_kv_cache": 0.018554489316672917,
        "parallel_requests_nb": 18
    },
    "22": {
        "speed_generation": [
            0.10199006013438172,
            15.08031319614319,
            0.16588787330986676
        ],
        "time_to_first_token": [
            0.010544002056121826,
            0.692705512046814,
            0.007446229457855225
        ],
        "max_kv_cache": 0.018525497927115664,
        "parallel_requests_nb": 22
    },
    "26": {
        "speed_generation": [
            0.06797592391553842,
            12.748007461160947,
            0.12236884768967293
        ],
        "time_to_first_token": [
            0.010335206985473633,
            0.8866070508956909,
            0.007302343845367432
        ],
        "max_kv_cache": 0.018525497927115664,
        "parallel_requests_nb": 26
    },
    "30": {
        "speed_generation": [
            0.055042987978794145,
            11.04106974018352,
            0.10864860086005379
        ],
        "time_to_first_token": [
            0.013093292713165283,
            1.0814493894577026,
            0.006915926933288574
        ],
        "max_kv_cache": 0.018525497927115664,
        "parallel_requests_nb": 30
    },
    "34": {
        "speed_generation": [
            0.048023792735268245,
            9.737670324250658,
            0.10250751577696349
        ],
        "time_to_first_token": [
            0.01570838689804077,
            1.275445580482483,
            0.007398247718811035
        ],
        "max_kv_cache": 0.018525497927115664,
        "parallel_requests_nb": 34
    },
    "38": {
        "speed_generation": [
            0.03962655312701635,
            8.700494067050881,
            0.08627799712696493
        ],
        "time_to_first_token": [
            0.01618582010269165,
            1.470399022102356,
            0.00874340534210205
        ],
        "max_kv_cache": 0.018583480706230282,
        "parallel_requests_nb": 38
    }
}