{
    "1": {
        "speed_generation": [
            0.14155107755961183,
            124.98917576530886,
            0.07841485230808587
        ],
        "time_to_first_token": [
            0.00043457746505737305,
            0.02689504623413086,
            0.0012505054473876953
        ],
        "max_kv_cache": 0.002000405879453826,
        "parallel_requests_nb": 1
    },
    "2": {
        "speed_generation": [
            0.8682160205150637,
            124.76730998382254,
            0.1250998671609267
        ],
        "time_to_first_token": [
            0.003114938735961914,
            0.033982038497924805,
            0.0035560131072998047
        ],
        "max_kv_cache": 0.004000811758907652,
        "parallel_requests_nb": 2
    },
    "3": {
        "speed_generation": [
            0.8367214731235606,
            122.67203192547831,
            0.18128618208120884
        ],
        "time_to_first_token": [
            0.002178370952606201,
            0.038245558738708496,
            0.002980053424835205
        ],
        "max_kv_cache": 0.005972226248804113,
        "parallel_requests_nb": 3
    },
    "4": {
        "speed_generation": [
            0.2714611609906967,
            118.03822158935787,
            0.911281954007265
        ],
        "time_to_first_token": [
            0.004296064376831055,
            0.036885976791381836,
            0.005789041519165039
        ],
        "max_kv_cache": 0.007885657959585957,
        "parallel_requests_nb": 4
    },
    "6": {
        "speed_generation": [
            0.6424734467892392,
            116.49446725725156,
            1.031920723541063
        ],
        "time_to_first_token": [
            0.004164695739746094,
            0.043852806091308594,
            0.004548311233520508
        ],
        "max_kv_cache": 0.011799495549821737,
        "parallel_requests_nb": 6
    },
    "8": {
        "speed_generation": [
            0.3572083231430696,
            115.87972213800606,
            0.1585726820725597
        ],
        "time_to_first_token": [
            0.004480838775634766,
            0.04578089714050293,
            0.004595041275024414
        ],
        "max_kv_cache": 0.01574232452961466,
        "parallel_requests_nb": 8
    },
    "10": {
        "speed_generation": [
            0.7488510589800654,
            113.44886423218783,
            1.080155017495045
        ],
        "time_to_first_token": [
            0.00563812255859375,
            0.051032066345214844,
            0.003609299659729004
        ],
        "max_kv_cache": 0.019714144898965058,
        "parallel_requests_nb": 10
    },
    "14": {
        "speed_generation": [
            0.4457344347072336,
            109.89470819560036,
            1.536864929234568
        ],
        "time_to_first_token": [
            0.0059871673583984375,
            0.054247140884399414,
            0.006312847137451172
        ],
        "max_kv_cache": 0.027512828689879143,
        "parallel_requests_nb": 14
    },
    "18": {
        "speed_generation": [
            0.8874184385385462,
            104.79606812894285,
            0.46610508068161494
        ],
        "time_to_first_token": [
            0.0069200992584228516,
            0.06106305122375488,
            0.007666826248168945
        ],
        "max_kv_cache": 0.03534050387035048,
        "parallel_requests_nb": 18
    },
    "22": {
        "speed_generation": [
            0.32394877253675247,
            102.34532705788472,
            1.3368696946675982
        ],
        "time_to_first_token": [
            0.007704973220825195,
            0.062242984771728516,
            0.0070569515228271484
        ],
        "max_kv_cache": 0.043139187661264566,
        "parallel_requests_nb": 22
    },
    "26": {
        "speed_generation": [
            1.1375732393556603,
            101.45644363756364,
            1.2392122536464285
        ],
        "time_to_first_token": [
            0.0068236589431762695,
            0.06601715087890625,
            0.006718873977661133
        ],
        "max_kv_cache": 0.05093787145217865,
        "parallel_requests_nb": 26
    },
    "30": {
        "speed_generation": [
            1.2569771314925475,
            97.97303975840097,
            0.6024293462051702
        ],
        "time_to_first_token": [
            0.009306907653808594,
            0.0681159496307373,
            0.011024236679077148
        ],
        "max_kv_cache": 0.0587655466326501,
        "parallel_requests_nb": 30
    },
    "34": {
        "speed_generation": [
            0.8399318171976944,
            67.46873167275314,
            0.4183715155572969
        ],
        "time_to_first_token": [
            0.00994729995727539,
            0.09030485153198242,
            0.010728120803833008
        ],
        "max_kv_cache": 0.06650624764444957,
        "parallel_requests_nb": 34
    },
    "38": {
        "speed_generation": [
            0.6988250810202459,
            46.00023266977037,
            0.43548264655716196
        ],
        "time_to_first_token": [
            0.017885923385620117,
            0.10907602310180664,
            0.01978600025177002
        ],
        "max_kv_cache": 0.07450787116226476,
        "parallel_requests_nb": 38
    }
}