{
    "1": {
        "speed_generation": [
            0.6197254541957591,
            112.49155840083299,
            0.41371800486210475
        ],
        "time_to_first_token": [
            0.00032275915145874023,
            0.024842143058776855,
            0.0008170604705810547
        ],
        "max_kv_cache": 0.0001739483373438544,
        "parallel_requests_nb": 1
    },
    "2": {
        "speed_generation": [
            1.774835297843893,
            105.0290109162079,
            1.40434320794229
        ],
        "time_to_first_token": [
            0.003931701183319092,
            0.034207940101623535,
            0.002277851104736328
        ],
        "max_kv_cache": 0.0003478966746875978,
        "parallel_requests_nb": 2
    },
    "3": {
        "speed_generation": [
            3.646704498936714,
            101.89848435240694,
            2.297592827274002
        ],
        "time_to_first_token": [
            0.0025218725204467773,
            0.036769986152648926,
            0.003470480442047119
        ],
        "max_kv_cache": 0.0004928536224740876,
        "parallel_requests_nb": 3
    },
    "4": {
        "speed_generation": [
            2.998002947506933,
            101.63597779551989,
            2.2211856411484945
        ],
        "time_to_first_token": [
            0.0029021501541137695,
            0.03811991214752197,
            0.0033527612686157227
        ],
        "max_kv_cache": 0.0006378105702605774,
        "parallel_requests_nb": 4
    },
    "6": {
        "speed_generation": [
            2.912083289676488,
            97.09500610966651,
            3.112496067354641
        ],
        "time_to_first_token": [
            0.004102528095245361,
            0.041725873947143555,
            0.003556668758392334
        ],
        "max_kv_cache": 0.0009277244658336681,
        "parallel_requests_nb": 6
    },
    "8": {
        "speed_generation": [
            3.4640477692940834,
            92.77567163185601,
            3.720706216203112
        ],
        "time_to_first_token": [
            0.003979861736297607,
            0.04436600208282471,
            0.0046926140785217285
        ],
        "max_kv_cache": 0.0011886469718493942,
        "parallel_requests_nb": 8
    },
    "10": {
        "speed_generation": [
            3.4199248389939783,
            85.51509154794405,
            3.6174112532116
        ],
        "time_to_first_token": [
            0.004072844982147217,
            0.04488348960876465,
            0.005225241184234619
        ],
        "max_kv_cache": 0.0014495694778651202,
        "parallel_requests_nb": 10
    },
    "14": {
        "speed_generation": [
            3.451379453864817,
            79.66403609560152,
            3.356918805659859
        ],
        "time_to_first_token": [
            0.00690007209777832,
            0.0523144006729126,
            0.006812572479248047
        ],
        "max_kv_cache": 0.002000405879453826,
        "parallel_requests_nb": 14
    },
    "18": {
        "speed_generation": [
            3.9965418606994803,
            75.65999458715422,
            3.1275705025850016
        ],
        "time_to_first_token": [
            0.006022810935974121,
            0.05511343479156494,
            0.00761336088180542
        ],
        "max_kv_cache": 0.0024932595019279136,
        "parallel_requests_nb": 18
    },
    "22": {
        "speed_generation": [
            2.3799097522330612,
            67.61680142051446,
            2.770567230839788
        ],
        "time_to_first_token": [
            0.006299495697021484,
            0.053633928298950195,
            0.008550584316253662
        ],
        "max_kv_cache": 0.002928130345287494,
        "parallel_requests_nb": 22
    },
    "26": {
        "speed_generation": [
            1.7784835259676157,
            63.419468655893525,
            2.2052114615040495
        ],
        "time_to_first_token": [
            0.006691396236419678,
            0.05651688575744629,
            0.008427202701568604
        ],
        "max_kv_cache": 0.00333400979908971,
        "parallel_requests_nb": 26
    },
    "30": {
        "speed_generation": [
            3.062498584611369,
            64.02304912013717,
            3.2179744225258418
        ],
        "time_to_first_token": [
            0.008016884326934814,
            0.06257355213165283,
            0.009561896324157715
        ],
        "max_kv_cache": 0.003971820369350287,
        "parallel_requests_nb": 30
    },
    "34": {
        "speed_generation": [
            2.2035133410034007,
            58.901913808097305,
            2.533285519302325
        ],
        "time_to_first_token": [
            0.011033415794372559,
            0.06858408451080322,
            0.012366294860839844
        ],
        "max_kv_cache": 0.004377699823152503,
        "parallel_requests_nb": 34
    },
    "38": {
        "speed_generation": [
            3.260513322306238,
            58.67372443704508,
            2.632308961305604
        ],
        "time_to_first_token": [
            0.010724246501922607,
            0.07395946979522705,
            0.011635899543762207
        ],
        "max_kv_cache": 0.004928536224741209,
        "parallel_requests_nb": 38
    }
}