{
    "1": {
        "speed_generation": [
            0.02172280832312623,
            17.069652457814747,
            0.014379765192096272
        ],
        "time_to_first_token": [
            0.0042552947998046875,
            3.131458878517151,
            0.07772761583328247
        ],
        "max_kv_cache": 0.04935388447765843,
        "parallel_requests_nb": 1
    },
    "2": {
        "speed_generation": [
            0.04098276272113921,
            15.74799695479157,
            0.033102850504159065
        ],
        "time_to_first_token": [
            0.7497227191925049,
            5.993255019187927,
            0.09938102960586548
        ],
        "max_kv_cache": 0.09824069749338316,
        "parallel_requests_nb": 2
    },
    "3": {
        "speed_generation": [
            0.009075668270549286,
            14.275082163562333,
            0.011014994857237781
        ],
        "time_to_first_token": [
            0.12748897075653076,
            6.04627251625061,
            3.0619186758995056
        ],
        "max_kv_cache": 0.14681612953448542,
        "parallel_requests_nb": 3
    }
}