{
    "1": {
        "speed_generation": [
            0.06581512178140514,
            12.600974091203664,
            0.0609918463502801
        ],
        "time_to_first_token": [
            0.006778299808502197,
            3.132418632507324,
            0.0801011323928833
        ],
        "max_kv_cache": 0.04063521718822982,
        "parallel_requests_nb": 1
    },
    "2": {
        "speed_generation": [
            0.1418898208958126,
            9.585188163473916,
            0.11758267840770742
        ],
        "time_to_first_token": [
            0.03491199016571045,
            5.962643504142761,
            0.0874057412147522
        ],
        "max_kv_cache": 0.08095905340183718,
        "parallel_requests_nb": 2
    },
    "3": {
        "speed_generation": [
            0.05177947146293693,
            7.6060394746389015,
            0.013423826469328048
        ],
        "time_to_first_token": [
            0.09589964151382446,
            6.029994487762451,
            3.0732710361480713
        ],
        "max_kv_cache": 0.12097150864082207,
        "parallel_requests_nb": 3
    },
    "4": {
        "speed_generation": [
            0.05895095361250213,
            6.458235854079219,
            0.04861080057803502
        ],
        "time_to_first_token": [
            3.1057229042053223,
            9.122256994247437,
            2.8209850788116455
        ],
        "max_kv_cache": 0.1606725829051845,
        "parallel_requests_nb": 4
    },
    "6": {
        "speed_generation": [
            0.046625281241773564,
            4.787647773796614,
            0.016820507704478516
        ],
        "time_to_first_token": [
            5.948636412620544,
            11.993988990783691,
            5.797769069671631
        ],
        "max_kv_cache": 0.24054180289584304,
        "parallel_requests_nb": 6
    },
    "8": {
        "speed_generation": [
            0.006841412733999963,
            3.868904107370853,
            0.033097478603635544
        ],
        "time_to_first_token": [
            5.918561220169067,
            15.063300132751465,
            5.999876022338867
        ],
        "max_kv_cache": 0.3208780943484353,
        "parallel_requests_nb": 8
    },
    "10": {
        "speed_generation": [
            0.016299737373196344,
            3.2292493234223794,
            0.0070738341695610885
        ],
        "time_to_first_token": [
            5.947987079620361,
            17.815998077392578,
            6.070590853691101
        ],
        "max_kv_cache": 0.3995017904406041,
        "parallel_requests_nb": 10
    },
    "14": {
        "speed_generation": [
            0.0027145468404663475,
            2.448836441813625,
            0.0018084559399147437
        ],
        "time_to_first_token": [
            11.79693353176117,
            23.802770137786865,
            11.886572360992432
        ],
        "max_kv_cache": 0.55908453993461,
        "parallel_requests_nb": 14
    },
    "18": {
        "speed_generation": [
            0.01586502596048467,
            1.8483423541906194,
            0.0014719187352703056
        ],
        "time_to_first_token": [
            12.204962015151978,
            30.040138959884644,
            11.951764106750488
        ],
        "max_kv_cache": 0.7202241943017282,
        "parallel_requests_nb": 18
    },
    "22": {
        "speed_generation": [
            0.009118431048226627,
            1.5772655891309355,
            0.0015929147986859515
        ],
        "time_to_first_token": [
            17.819370985031128,
            35.75785303115845,
            17.730175971984863
        ],
        "max_kv_cache": 0.8771602055114432,
        "parallel_requests_nb": 22
    },
    "26": {
        "speed_generation": [
            0.0022358074389949856,
            1.396709935626422,
            0.0005595695299622783
        ],
        "time_to_first_token": [
            20.006299674510956,
            43.092265009880066,
            19.346654891967773
        ],
        "max_kv_cache": 0.9973532617157091,
        "parallel_requests_nb": 26
    },
    "30": {
        "speed_generation": [
            0.0018776334788321858,
            1.3935432950372237,
            0.0033581808784792777
        ],
        "time_to_first_token": [
            23.55426698923111,
            53.4338675737381,
            18.026522636413574
        ],
        "max_kv_cache": 0.9957963568425969,
        "parallel_requests_nb": 30
    },
    "34": {
        "speed_generation": [
            0.6496773009953788,
            1.3969268579872751,
            0.000819044762011778
        ],
        "time_to_first_token": [
            17.951766848564148,
            59.72133648395538,
            41.82723152637482
        ],
        "max_kv_cache": 0.9998443095126888,
        "parallel_requests_nb": 34
    },
    "38": {
        "speed_generation": [
            0.6893552519209553,
            1.3879042544474873,
            0.01103398093532193
        ],
        "time_to_first_token": [
            17.95424109697342,
            71.66258895397186,
            37.94231879711151
        ],
        "max_kv_cache": 0.9993772380507551,
        "parallel_requests_nb": 38
    }
}