{
    "1": {
        "speed_generation": [
            0.009225588029671883,
            17.894888630052314,
            0.019379466840987902
        ],
        "time_to_first_token": [
            0.042156219482421875,
            1.1299926042556763,
            0.004383444786071777
        ],
        "max_kv_cache": 0.020239763350459294,
        "parallel_requests_nb": 1
    },
    "2": {
        "speed_generation": [
            0.1291905117040386,
            17.445957616305726,
            0.01670716686962237
        ],
        "time_to_first_token": [
            0.5638846158981323,
            1.7307859659194946,
            0.4056782126426697
        ],
        "max_kv_cache": 0.03985676475167366,
        "parallel_requests_nb": 2
    },
    "3": {
        "speed_generation": [
            0.013094911806597054,
            16.066680368124793,
            0.018244854336966654
        ],
        "time_to_first_token": [
            1.660167396068573,
            2.800081968307495,
            0.02822268009185791
        ],
        "max_kv_cache": 0.059785147127510485,
        "parallel_requests_nb": 3
    }
}