{
    "1": {
        "speed_generation": [
            0.08876442668815443,
            18.467842365234137,
            0.05639120947083853
        ],
        "time_to_first_token": [
            0.00540238618850708,
            0.149946928024292,
            0.037188172340393066
        ],
        "max_kv_cache": 0.0020239763350459183,
        "parallel_requests_nb": 1
    },
    "2": {
        "speed_generation": [
            0.20605105151313907,
            17.905005282079312,
            0.08615057979496399
        ],
        "time_to_first_token": [
            0.11753249168395996,
            0.26995301246643066,
            0.04801666736602783
        ],
        "max_kv_cache": 0.004047952670091837,
        "parallel_requests_nb": 2
    },
    "3": {
        "speed_generation": [
            0.09280133867412488,
            17.124213025927,
            0.13238512598780972
        ],
        "time_to_first_token": [
            0.1740601658821106,
            0.401943564414978,
            0.051497817039489746
        ],
        "max_kv_cache": 0.005760548030515289,
        "parallel_requests_nb": 3
    },
    "4": {
        "speed_generation": [
            0.18939148546136408,
            16.82179744299212,
            0.10446701021672311
        ],
        "time_to_first_token": [
            0.24493122100830078,
            0.5311691761016846,
            0.055795907974243164
        ],
        "max_kv_cache": 0.007628833878250085,
        "parallel_requests_nb": 4
    },
    "6": {
        "speed_generation": [
            0.15793445787926075,
            15.589670419879663,
            0.15845018986287585
        ],
        "time_to_first_token": [
            0.11040091514587402,
            0.7756381034851074,
            0.06688594818115234
        ],
        "max_kv_cache": 0.011209715086408223,
        "parallel_requests_nb": 6
    },
    "8": {
        "speed_generation": [
            0.16136603205142208,
            15.483473560716718,
            0.08780212360019846
        ],
        "time_to_first_token": [
            0.04708981513977051,
            0.8189818859100342,
            0.06412506103515625
        ],
        "max_kv_cache": 0.014634905807255127,
        "parallel_requests_nb": 8
    },
    "10": {
        "speed_generation": [
            0.15070292201718516,
            14.19119565834261,
            0.06031051998952108
        ],
        "time_to_first_token": [
            0.05032825469970703,
            0.8961901664733887,
            0.06702780723571777
        ],
        "max_kv_cache": 0.018527167990035842,
        "parallel_requests_nb": 10
    },
    "14": {
        "speed_generation": [
            0.12308423951161984,
            13.871308979672355,
            0.0819149094788294
        ],
        "time_to_first_token": [
            0.07256913185119629,
            1.0498502254486084,
            0.07106375694274902
        ],
        "max_kv_cache": 0.025688930406352117,
        "parallel_requests_nb": 14
    },
    "18": {
        "speed_generation": [
            0.1185728447402532,
            9.299660744060631,
            0.08695718551867238
        ],
        "time_to_first_token": [
            0.041758179664611816,
            1.1692211627960205,
            0.10095930099487305
        ],
        "max_kv_cache": 0.032850692822668504,
        "parallel_requests_nb": 18
    },
    "22": {
        "speed_generation": [
            0.1713950684677794,
            9.175412840750296,
            0.05992467050208994
        ],
        "time_to_first_token": [
            0.13028836250305176,
            1.3169498443603516,
            0.11951565742492676
        ],
        "max_kv_cache": 0.04047952670091859,
        "parallel_requests_nb": 22
    },
    "26": {
        "speed_generation": [
            0.06354910078736786,
            8.56450062874083,
            0.11191492054853391
        ],
        "time_to_first_token": [
            0.15094494819641113,
            1.4647550582885742,
            0.10788798332214355
        ],
        "max_kv_cache": 0.04748559862992374,
        "parallel_requests_nb": 26
    },
    "30": {
        "speed_generation": [
            0.21730436592465097,
            8.45425010021955,
            0.13383496201361922
        ],
        "time_to_first_token": [
            0.16998958587646484,
            1.6340351104736328,
            0.17789852619171143
        ],
        "max_kv_cache": 0.05371321812237273,
        "parallel_requests_nb": 30
    },
    "34": {
        "speed_generation": [
            0.010212535534922296,
            6.1467398462583756,
            0.09780982857476062
        ],
        "time_to_first_token": [
            0.13169407844543457,
            1.7413880825042725,
            0.19052481651306152
        ],
        "max_kv_cache": 0.06103067102600035,
        "parallel_requests_nb": 34
    },
    "38": {
        "speed_generation": [
            0.02116970097608828,
            6.084937131905962,
            0.07614295281835659
        ],
        "time_to_first_token": [
            0.05723214149475098,
            1.8719279766082764,
            0.20655107498168945
        ],
        "max_kv_cache": 0.06819243344231662,
        "parallel_requests_nb": 38
    }
}