{
    "1": {
        "speed_generation": [
            0.42455329948452913,
            67.95925299897576,
            0.09758197213285769
        ],
        "time_to_first_token": [
            0.0020468831062316895,
            0.32628560066223145,
            0.008466839790344238
        ],
        "max_kv_cache": 0.04572919527602304,
        "parallel_requests_nb": 1
    },
    "2": {
        "speed_generation": [
            1.4279547725761432,
            58.39343848778925,
            0.14065256363335976
        ],
        "time_to_first_token": [
            0.00647127628326416,
            0.6199344396591187,
            0.0137062668800354
        ],
        "max_kv_cache": 0.09104641581982975,
        "parallel_requests_nb": 2
    },
    "3": {
        "speed_generation": [
            1.2331047773756012,
            51.931269079283496,
            0.13363047088319036
        ],
        "time_to_first_token": [
            0.28103119134902954,
            0.9189680814743042,
            0.013861298561096191
        ],
        "max_kv_cache": 0.1367756110958528,
        "parallel_requests_nb": 3
    },
    "4": {
        "speed_generation": [
            0.9426079417060933,
            44.23702603829632,
            0.06443844828523737
        ],
        "time_to_first_token": [
            0.42174118757247925,
            1.064909815788269,
            0.16698843240737915
        ],
        "max_kv_cache": 0.18071958253227138,
        "parallel_requests_nb": 4
    },
    "6": {
        "speed_generation": [
            0.46318060000689343,
            38.71157885750166,
            0.29532912395406896
        ],
        "time_to_first_token": [
            0.5341640710830688,
            1.4782581329345703,
            0.3520517349243164
        ],
        "max_kv_cache": 0.27190332326283984,
        "parallel_requests_nb": 6
    },
    "8": {
        "speed_generation": [
            0.20807196847693987,
            29.14868144375584,
            0.22628352402340823
        ],
        "time_to_first_token": [
            0.8553431034088135,
            1.834625005722046,
            0.5212709903717041
        ],
        "max_kv_cache": 0.3618511397967591,
        "parallel_requests_nb": 8
    },
    "10": {
        "speed_generation": [
            0.18321513031639114,
            27.15857625805617,
            0.18986062951546145
        ],
        "time_to_first_token": [
            0.6578307151794434,
            1.874338150024414,
            0.8950477838516235
        ],
        "max_kv_cache": 0.45042570722329034,
        "parallel_requests_nb": 10
    },
    "14": {
        "speed_generation": [
            0.10888146350583483,
            20.750755869551803,
            0.12680978406253018
        ],
        "time_to_first_token": [
            0.9106400012969971,
            2.7621848583221436,
            0.9132041931152344
        ],
        "max_kv_cache": 0.630870639934084,
        "parallel_requests_nb": 14
    },
    "18": {
        "speed_generation": [
            0.05103171648386606,
            18.0627490465172,
            0.07101674912517453
        ],
        "time_to_first_token": [
            1.4767969846725464,
            3.3415110111236572,
            1.2275235652923584
        ],
        "max_kv_cache": 0.8096676737160121,
        "parallel_requests_nb": 18
    },
    "22": {
        "speed_generation": [
            0.04581781258315054,
            14.911144407558572,
            0.08140192233675236
        ],
        "time_to_first_token": [
            1.7907731533050537,
            3.7668471336364746,
            1.7197418212890625
        ],
        "max_kv_cache": 0.9891513320516342,
        "parallel_requests_nb": 22
    },
    "26": {
        "speed_generation": [
            0.13361140931457705,
            13.700453947822245,
            0.16817921451174556
        ],
        "time_to_first_token": [
            1.8880376815795898,
            5.182927846908569,
            2.0120131969451904
        ],
        "max_kv_cache": 1.0,
        "parallel_requests_nb": 26
    },
    "30": {
        "speed_generation": [
            3.434230479479293,
            13.472696646170132,
            0.42973095239739045
        ],
        "time_to_first_token": [
            1.820997953414917,
            6.3054749965667725,
            1.786303997039795
        ],
        "max_kv_cache": 1.0,
        "parallel_requests_nb": 30
    },
    "34": {
        "speed_generation": [
            5.881436411152817,
            13.470318058302878,
            0.2495022311907924
        ],
        "time_to_first_token": [
            1.8517189025878906,
            7.292443037033081,
            67.58597183227539
        ],
        "max_kv_cache": 1.0,
        "parallel_requests_nb": 34
    }
}