{
    "1": {
        "speed_generation": [
            0.16689221700652013,
            82.20172205331502,
            0.3103207486489339
        ],
        "time_to_first_token": [
            0.0005968809127807617,
            0.017937541007995605,
            0.0011009573936462402
        ],
        "max_kv_cache": 0.001785223839604555,
        "parallel_requests_nb": 1
    },
    "2": {
        "speed_generation": [
            0.2757644905608032,
            81.9984813821887,
            0.17473643525075033
        ],
        "time_to_first_token": [
            0.002696514129638672,
            0.022197484970092773,
            0.002744019031524658
        ],
        "max_kv_cache": 0.003570447679208999,
        "parallel_requests_nb": 2
    },
    "3": {
        "speed_generation": [
            0.351230372133017,
            80.72872295676217,
            0.37020239782681585
        ],
        "time_to_first_token": [
            0.003414154052734375,
            0.023583531379699707,
            0.0038677453994750977
        ],
        "max_kv_cache": 0.005218346608074742,
        "parallel_requests_nb": 3
    },
    "4": {
        "speed_generation": [
            0.3416106246491353,
            79.46218429683553,
            0.40444533771430713
        ],
        "time_to_first_token": [
            0.0033507347106933594,
            0.027325868606567383,
            0.003767251968383789
        ],
        "max_kv_cache": 0.007003570447679186,
        "parallel_requests_nb": 4
    },
    "6": {
        "speed_generation": [
            0.4667777776842428,
            76.38227352430903,
            0.452944645508623
        ],
        "time_to_first_token": [
            0.00662463903427124,
            0.03587234020233154,
            0.005396604537963867
        ],
        "max_kv_cache": 0.01016204339467175,
        "parallel_requests_nb": 6
    },
    "8": {
        "speed_generation": [
            0.3314015239300403,
            73.69619369370334,
            0.3094021118207593
        ],
        "time_to_first_token": [
            0.008436858654022217,
            0.0460200309753418,
            0.007972896099090576
        ],
        "max_kv_cache": 0.013320516341664423,
        "parallel_requests_nb": 8
    },
    "10": {
        "speed_generation": [
            0.3482909232450311,
            70.11977653873353,
            0.2860723738649966
        ],
        "time_to_first_token": [
            0.008379697799682617,
            0.05615997314453125,
            0.009178519248962402
        ],
        "max_kv_cache": 0.016890964020873422,
        "parallel_requests_nb": 10
    },
    "14": {
        "speed_generation": [
            0.3434409106789218,
            66.862933894446,
            0.45348134055215894
        ],
        "time_to_first_token": [
            0.00882565975189209,
            0.07473540306091309,
            0.0068999528884887695
        ],
        "max_kv_cache": 0.023070585004119737,
        "parallel_requests_nb": 14
    },
    "18": {
        "speed_generation": [
            0.30742375386230236,
            61.16165386025601,
            0.30937548204796883
        ],
        "time_to_first_token": [
            0.012336313724517822,
            0.10482954978942871,
            0.005323350429534912
        ],
        "max_kv_cache": 0.029387530898104863,
        "parallel_requests_nb": 18
    },
    "22": {
        "speed_generation": [
            0.4748389188961042,
            58.22708938486359,
            0.34005334444329804
        ],
        "time_to_first_token": [
            0.009808242321014404,
            0.11909699440002441,
            0.007465541362762451
        ],
        "max_kv_cache": 0.03625377643504535,
        "parallel_requests_nb": 22
    },
    "26": {
        "speed_generation": [
            0.41931237396977394,
            55.3808194145289,
            0.333381460256561
        ],
        "time_to_first_token": [
            0.009331047534942627,
            0.13967537879943848,
            0.005263566970825195
        ],
        "max_kv_cache": 0.04270804723976929,
        "parallel_requests_nb": 26
    },
    "30": {
        "speed_generation": [
            0.33989445134443486,
            53.29391534739874,
            0.33071522357224836
        ],
        "time_to_first_token": [
            0.011168479919433594,
            0.1615610122680664,
            0.007334768772125244
        ],
        "max_kv_cache": 0.0487503433122769,
        "parallel_requests_nb": 30
    },
    "34": {
        "speed_generation": [
            0.9545358915937783,
            51.22270305169903,
            0.31278661092997595
        ],
        "time_to_first_token": [
            0.008432507514953613,
            0.18445050716400146,
            0.006416261196136475
        ],
        "max_kv_cache": 0.05520461411700084,
        "parallel_requests_nb": 34
    },
    "38": {
        "speed_generation": [
            1.6677575049539328,
            48.072596509187676,
            0.3827022606107704
        ],
        "time_to_first_token": [
            0.01069873571395874,
            0.20650148391723633,
            0.007735073566436768
        ],
        "max_kv_cache": 0.061521560010985965,
        "parallel_requests_nb": 38
    }
}