{
    "1": {
        "speed_generation": [
            0.5995527415410322,
            80.56740776536839,
            0.44723481753358385
        ],
        "time_to_first_token": [
            0.0006822943687438965,
            0.017142534255981445,
            0.0010051131248474121
        ],
        "max_kv_cache": 0.0009612743751716835,
        "parallel_requests_nb": 1
    },
    "2": {
        "speed_generation": [
            1.3416575429923228,
            77.50920401946988,
            2.347103345162921
        ],
        "time_to_first_token": [
            0.001791536808013916,
            0.0190659761428833,
            0.00439000129699707
        ],
        "max_kv_cache": 0.001647898928865743,
        "parallel_requests_nb": 2
    },
    "3": {
        "speed_generation": [
            1.5465387591834059,
            75.13362335612993,
            1.8038932855602354
        ],
        "time_to_first_token": [
            0.0030927658081054688,
            0.022505521774291992,
            0.004160761833190918
        ],
        "max_kv_cache": 0.0023345234825596917,
        "parallel_requests_nb": 3
    },
    "4": {
        "speed_generation": [
            1.5321981325649716,
            72.88048855902768,
            2.6915140574238023
        ],
        "time_to_first_token": [
            0.003393709659576416,
            0.026209473609924316,
            0.003621697425842285
        ],
        "max_kv_cache": 0.003158472946992563,
        "parallel_requests_nb": 4
    },
    "6": {
        "speed_generation": [
            1.8439077262144252,
            68.37067915696564,
            1.9898092467014266
        ],
        "time_to_first_token": [
            0.004936516284942627,
            0.03264904022216797,
            0.007363498210906982
        ],
        "max_kv_cache": 0.004531722054380682,
        "parallel_requests_nb": 6
    },
    "8": {
        "speed_generation": [
            1.7129799396294487,
            64.34215152921539,
            1.8741503901424323
        ],
        "time_to_first_token": [
            0.008114933967590332,
            0.04315650463104248,
            0.009206652641296387
        ],
        "max_kv_cache": 0.0060422960725075026,
        "parallel_requests_nb": 8
    },
    "10": {
        "speed_generation": [
            1.404374590141579,
            59.41561181536339,
            1.761852387262067
        ],
        "time_to_first_token": [
            0.00870436429977417,
            0.04819142818450928,
            0.010888338088989258
        ],
        "max_kv_cache": 0.007003570447679186,
        "parallel_requests_nb": 10
    },
    "14": {
        "speed_generation": [
            1.2082566994934751,
            54.768260758895835,
            1.03359866807574
        ],
        "time_to_first_token": [
            0.007694840431213379,
            0.0762796401977539,
            0.004995107650756836
        ],
        "max_kv_cache": 0.009612743751716613,
        "parallel_requests_nb": 14
    },
    "18": {
        "speed_generation": [
            0.8297985769814673,
            47.820441258181226,
            1.1513965397113495
        ],
        "time_to_first_token": [
            0.01118236780166626,
            0.1003044843673706,
            0.006546676158905029
        ],
        "max_kv_cache": 0.012496566877231552,
        "parallel_requests_nb": 18
    },
    "22": {
        "speed_generation": [
            0.7472384430697332,
            44.40349315251311,
            1.1384724949711895
        ],
        "time_to_first_token": [
            0.0091133713722229,
            0.11837100982666016,
            0.00552743673324585
        ],
        "max_kv_cache": 0.014831090359791244,
        "parallel_requests_nb": 22
    },
    "26": {
        "speed_generation": [
            0.648044646632286,
            41.03658041083635,
            0.9292850862138877
        ],
        "time_to_first_token": [
            0.00973355770111084,
            0.1390155553817749,
            0.004501700401306152
        ],
        "max_kv_cache": 0.017302938753089858,
        "parallel_requests_nb": 26
    },
    "30": {
        "speed_generation": [
            0.6637427063199794,
            38.03880806855179,
            0.7020408434648147
        ],
        "time_to_first_token": [
            0.008836746215820312,
            0.16240453720092773,
            0.006458282470703125
        ],
        "max_kv_cache": 0.020049436967865986,
        "parallel_requests_nb": 30
    },
    "34": {
        "speed_generation": [
            0.6445352767395676,
            35.27869628762141,
            0.9316569732414308
        ],
        "time_to_first_token": [
            0.011314570903778076,
            0.18206250667572021,
            0.010310053825378418
        ],
        "max_kv_cache": 0.02334523482559736,
        "parallel_requests_nb": 34
    },
    "38": {
        "speed_generation": [
            0.8668776255449018,
            33.17528002758728,
            0.7613419745454593
        ],
        "time_to_first_token": [
            0.010624349117279053,
            0.19932639598846436,
            0.009963572025299072
        ],
        "max_kv_cache": 0.025267783575940728,
        "parallel_requests_nb": 38
    }
}