{
    "1": {
        "speed_generation": [
            0.4109617404988768,
            78.3508431764774,
            0.14655955290682243
        ],
        "time_to_first_token": [
            0.000861823558807373,
            0.01933610439300537,
            0.0005936622619628906
        ],
        "max_kv_cache": 0.0094754188409778,
        "parallel_requests_nb": 1
    },
    "2": {
        "speed_generation": [
            0.7237542843480043,
            78.45049568163394,
            0.2169561378575935
        ],
        "time_to_first_token": [
            0.0017244219779968262,
            0.019971013069152832,
            0.0038440823554992676
        ],
        "max_kv_cache": 0.01881351277121668,
        "parallel_requests_nb": 2
    },
    "3": {
        "speed_generation": [
            1.8639061076821832,
            76.19263034431951,
            0.10010249994319054
        ],
        "time_to_first_token": [
            0.00308990478515625,
            0.023818016052246094,
            0.003451824188232422
        ],
        "max_kv_cache": 0.028014281790716855,
        "parallel_requests_nb": 3
    },
    "4": {
        "speed_generation": [
            1.052311043928455,
            74.74688234819006,
            0.30558918259181667
        ],
        "time_to_first_token": [
            0.003331899642944336,
            0.028182029724121094,
            0.004252910614013672
        ],
        "max_kv_cache": 0.03762702554243336,
        "parallel_requests_nb": 4
    },
    "6": {
        "speed_generation": [
            1.9783674896712,
            70.80552183086043,
            0.179920390243538
        ],
        "time_to_first_token": [
            0.005076885223388672,
            0.030618906021118164,
            0.006002902984619141
        ],
        "max_kv_cache": 0.05616588849217252,
        "parallel_requests_nb": 6
    },
    "8": {
        "speed_generation": [
            0.7759711864812431,
            66.3746350468376,
            0.15120480840107575
        ],
        "time_to_first_token": [
            0.009437084197998047,
            0.046746015548706055,
            0.010833024978637695
        ],
        "max_kv_cache": 0.07456742653117276,
        "parallel_requests_nb": 8
    },
    "10": {
        "speed_generation": [
            1.160582173074097,
            63.36444601975673,
            0.3433541720148554
        ],
        "time_to_first_token": [
            0.008664131164550781,
            0.03855395317077637,
            0.007623910903930664
        ],
        "max_kv_cache": 0.09365558912386707,
        "parallel_requests_nb": 10
    },
    "14": {
        "speed_generation": [
            1.0397252395262413,
            57.31183402174333,
            0.43670934587402854
        ],
        "time_to_first_token": [
            0.003930091857910156,
            0.03752708435058594,
            0.031456947326660156
        ],
        "max_kv_cache": 0.13018401538039004,
        "parallel_requests_nb": 14
    },
    "18": {
        "speed_generation": [
            0.5632722495893034,
            50.531022689919645,
            0.4491385645850272
        ],
        "time_to_first_token": [
            0.028846025466918945,
            0.10572004318237305,
            0.010592937469482422
        ],
        "max_kv_cache": 0.16753639110134577,
        "parallel_requests_nb": 18
    },
    "22": {
        "speed_generation": [
            0.8444590162746124,
            47.80474696404154,
            0.18752406546941813
        ],
        "time_to_first_token": [
            0.04677760601043701,
            0.1219480037689209,
            0.012297511100769043
        ],
        "max_kv_cache": 0.20502609173304043,
        "parallel_requests_nb": 22
    },
    "26": {
        "speed_generation": [
            0.8359997230807039,
            45.12420051153688,
            0.1937643726744156
        ],
        "time_to_first_token": [
            0.04496407508850098,
            0.1221780776977539,
            0.021908879280090332
        ],
        "max_kv_cache": 0.24251579236473497,
        "parallel_requests_nb": 26
    },
    "30": {
        "speed_generation": [
            0.5733327001250004,
            42.156393342030604,
            0.15302681718544164
        ],
        "time_to_first_token": [
            0.061335086822509766,
            0.1490340232849121,
            0.017782926559448242
        ],
        "max_kv_cache": 0.27945619335347427,
        "parallel_requests_nb": 30
    },
    "34": {
        "speed_generation": [
            0.5257601255433784,
            39.635661573508436,
            0.07287312731880746
        ],
        "time_to_first_token": [
            0.04878509044647217,
            0.1572110652923584,
            0.02250194549560547
        ],
        "max_kv_cache": 0.3165339192529525,
        "parallel_requests_nb": 34
    },
    "38": {
        "speed_generation": [
            0.6765059035581302,
            37.26298583299944,
            0.08156311166948171
        ],
        "time_to_first_token": [
            0.0242159366607666,
            0.09798002243041992,
            0.043586015701293945
        ],
        "max_kv_cache": 0.3536116451524306,
        "parallel_requests_nb": 38
    }
}