{
    "1": {
        "speed_generation": [
            0.22325194374356272,
            71.70857826600098,
            0.08134911710827453
        ],
        "time_to_first_token": [
            0.0004647970199584961,
            0.08606350421905518,
            0.0007960796356201172
        ],
        "max_kv_cache": 0.018538862949739054,
        "parallel_requests_nb": 1
    },
    "2": {
        "speed_generation": [
            0.7767185617894512,
            69.25659954404256,
            0.13761476517090898
        ],
        "time_to_first_token": [
            0.06896752119064331,
            0.15807509422302246,
            0.003205716609954834
        ],
        "max_kv_cache": 0.03639110134578416,
        "parallel_requests_nb": 2
    },
    "3": {
        "speed_generation": [
            1.0297570773984006,
            66.43792552872837,
            0.20053653702962038
        ],
        "time_to_first_token": [
            0.08410847187042236,
            0.22682607173919678,
            0.007199406623840332
        ],
        "max_kv_cache": 0.05465531447404559,
        "parallel_requests_nb": 3
    },
    "4": {
        "speed_generation": [
            1.4714246979559107,
            63.93203997707598,
            0.1349732865674227
        ],
        "time_to_first_token": [
            0.13971614837646484,
            0.3000521659851074,
            0.0076138973236083984
        ],
        "max_kv_cache": 0.07291952760230702,
        "parallel_requests_nb": 4
    },
    "6": {
        "speed_generation": [
            1.5526856686067134,
            58.99952495061517,
            0.12302199681579395
        ],
        "time_to_first_token": [
            0.2079470157623291,
            0.4435160160064697,
            0.012466073036193848
        ],
        "max_kv_cache": 0.1083493545729195,
        "parallel_requests_nb": 6
    },
    "8": {
        "speed_generation": [
            0.7654585150940107,
            50.291071552585485,
            0.4026629810602955
        ],
        "time_to_first_token": [
            0.05599403381347656,
            0.5831389427185059,
            0.013520002365112305
        ],
        "max_kv_cache": 0.1441911562757484,
        "parallel_requests_nb": 8
    },
    "10": {
        "speed_generation": [
            0.986991333752961,
            47.622630743606045,
            0.10640071786985317
        ],
        "time_to_first_token": [
            0.35563719272613525,
            0.7401971817016602,
            0.011411309242248535
        ],
        "max_kv_cache": 0.18044493271079376,
        "parallel_requests_nb": 10
    },
    "14": {
        "speed_generation": [
            0.7062955185307942,
            40.38515124001694,
            0.21696790361290397
        ],
        "time_to_first_token": [
            0.5093518495559692,
            1.0271358489990234,
            0.015936732292175293
        ],
        "max_kv_cache": 0.2526778357594067,
        "parallel_requests_nb": 14
    },
    "18": {
        "speed_generation": [
            0.32756279942000077,
            35.819227165308575,
            0.2088845722136483
        ],
        "time_to_first_token": [
            0.5187478065490723,
            1.2736749649047852,
            0.060075998306274414
        ],
        "max_kv_cache": 0.3250480637187586,
        "parallel_requests_nb": 18
    },
    "22": {
        "speed_generation": [
            0.639320889017764,
            31.595155442249585,
            0.13280820026879425
        ],
        "time_to_first_token": [
            0.7223448753356934,
            1.4708468914031982,
            0.13541805744171143
        ],
        "max_kv_cache": 0.39700631694589394,
        "parallel_requests_nb": 22
    },
    "26": {
        "speed_generation": [
            0.33791920333694137,
            28.9910187097647,
            0.03440264389556802
        ],
        "time_to_first_token": [
            0.36478304862976074,
            1.5531110763549805,
            0.1776430606842041
        ],
        "max_kv_cache": 0.469239219994507,
        "parallel_requests_nb": 26
    },
    "30": {
        "speed_generation": [
            0.14041946728783827,
            25.816878530481265,
            0.08039923502837709
        ],
        "time_to_first_token": [
            0.9370495080947876,
            1.8528029918670654,
            0.13852202892303467
        ],
        "max_kv_cache": 0.5406481735786872,
        "parallel_requests_nb": 30
    },
    "34": {
        "speed_generation": [
            0.07430604872197577,
            23.593054406777764,
            0.3957557641441163
        ],
        "time_to_first_token": [
            0.640674352645874,
            1.7918071746826172,
            0.4366459846496582
        ],
        "max_kv_cache": 0.6132930513595166,
        "parallel_requests_nb": 34
    },
    "38": {
        "speed_generation": [
            0.0521571449489322,
            21.869782666476066,
            0.03389887574252981
        ],
        "time_to_first_token": [
            0.7338368892669678,
            1.9290339946746826,
            0.7087609767913818
        ],
        "max_kv_cache": 0.6829167811040923,
        "parallel_requests_nb": 38
    }
}