{
    "1": {
        "speed_generation": [
            0.48541381048566734,
            50.340424538390614,
            0.9947311052493291
        ],
        "time_to_first_token": [
            0.0021021366119384766,
            0.03807711601257324,
            0.0026438236236572266
        ],
        "max_kv_cache": 0.0004727334121222837,
        "parallel_requests_nb": 1
    },
    "2": {
        "speed_generation": [
            1.0149774728703136,
            49.09291261655626,
            0.31408756249278724
        ],
        "time_to_first_token": [
            0.01003110408782959,
            0.04991412162780762,
            0.0126953125
        ],
        "max_kv_cache": 0.0009117001519500789,
        "parallel_requests_nb": 2
    },
    "3": {
        "speed_generation": [
            0.6207491187695595,
            46.634267297259655,
            1.1366994066523688
        ],
        "time_to_first_token": [
            0.021901369094848633,
            0.0671759843826294,
            0.008765220642089844
        ],
        "max_kv_cache": 0.0013169002194833856,
        "parallel_requests_nb": 3
    },
    "4": {
        "speed_generation": [
            0.661570322308485,
            47.039003045040204,
            0.4464037988718772
        ],
        "time_to_first_token": [
            0.029083251953125,
            0.07986617088317871,
            0.006888866424560547
        ],
        "max_kv_cache": 0.0018234003039000468,
        "parallel_requests_nb": 4
    },
    "6": {
        "speed_generation": [
            0.5242343596076893,
            44.488221583732255,
            0.6126682089973201
        ],
        "time_to_first_token": [
            0.03272354602813721,
            0.10137104988098145,
            0.011684417724609375
        ],
        "max_kv_cache": 0.002600033766672283,
        "parallel_requests_nb": 6
    },
    "8": {
        "speed_generation": [
            0.7575351185507699,
            44.1223025709681,
            0.4455581014710859
        ],
        "time_to_first_token": [
            0.03578996658325195,
            0.12700796127319336,
            0.01273202896118164
        ],
        "max_kv_cache": 0.003376667229444519,
        "parallel_requests_nb": 8
    },
    "10": {
        "speed_generation": [
            0.9762002131840077,
            40.547916087473745,
            0.2913051705634331
        ],
        "time_to_first_token": [
            0.037813544273376465,
            0.153825044631958,
            0.014101982116699219
        ],
        "max_kv_cache": 0.004288367381394598,
        "parallel_requests_nb": 10
    },
    "14": {
        "speed_generation": [
            0.2870322512761234,
            37.702997713995,
            0.9310288783025342
        ],
        "time_to_first_token": [
            0.020607709884643555,
            0.22393310070037842,
            0.0141829252243042
        ],
        "max_kv_cache": 0.005875400979233447,
        "parallel_requests_nb": 14
    },
    "18": {
        "speed_generation": [
            0.688320109285435,
            34.45671665938935,
            0.16866821634066298
        ],
        "time_to_first_token": [
            0.02281320095062256,
            0.28525495529174805,
            0.01332402229309082
        ],
        "max_kv_cache": 0.007529967921661274,
        "parallel_requests_nb": 18
    },
    "22": {
        "speed_generation": [
            1.1388775673566407,
            33.028098323708235,
            0.3572997666010025
        ],
        "time_to_first_token": [
            0.0136871337890625,
            0.3414860963821411,
            0.012844443321228027
        ],
        "max_kv_cache": 0.00935336822556132,
        "parallel_requests_nb": 22
    },
    "26": {
        "speed_generation": [
            0.2735268472855559,
            30.83341847164805,
            0.1846980085041352
        ],
        "time_to_first_token": [
            0.018835365772247314,
            0.39866793155670166,
            0.017173826694488525
        ],
        "max_kv_cache": 0.010805335134222549,
        "parallel_requests_nb": 26
    },
    "30": {
        "speed_generation": [
            0.3786188215704591,
            28.94557268999939,
            1.032521856864829
        ],
        "time_to_first_token": [
            0.02688521146774292,
            0.46054601669311523,
            0.014803111553192139
        ],
        "max_kv_cache": 0.012459902076650375,
        "parallel_requests_nb": 30
    },
    "34": {
        "speed_generation": [
            0.29082928863564206,
            28.186960079160492,
            0.21431148416215962
        ],
        "time_to_first_token": [
            0.026662230491638184,
            0.5217676162719727,
            0.014148294925689697
        ],
        "max_kv_cache": 0.013945635657605981,
        "parallel_requests_nb": 34
    },
    "38": {
        "speed_generation": [
            0.15686954759514649,
            27.362313870366624,
            0.1461409999507417
        ],
        "time_to_first_token": [
            0.03224217891693115,
            0.5729179382324219,
            0.022791624069213867
        ],
        "max_kv_cache": 0.015667735944622674,
        "parallel_requests_nb": 38
    }
}