{
    "1": {
        "speed_generation": [
            0.7989896013552666,
            48.15505754869414,
            0.7047439085087888
        ],
        "time_to_first_token": [
            0.0022995471954345703,
            0.037271976470947266,
            0.002909541130065918
        ],
        "max_kv_cache": 0.0002701333783555748,
        "parallel_requests_nb": 1
    },
    "2": {
        "speed_generation": [
            0.8397656534887119,
            43.314960147181594,
            1.220149605138701
        ],
        "time_to_first_token": [
            0.009365499019622803,
            0.048651933670043945,
            0.01347196102142334
        ],
        "max_kv_cache": 0.0004389667398277952,
        "parallel_requests_nb": 2
    },
    "3": {
        "speed_generation": [
            0.8974952632734485,
            40.873669992939696,
            1.0128297773841126
        ],
        "time_to_first_token": [
            0.018393218517303467,
            0.06461095809936523,
            0.010683059692382812
        ],
        "max_kv_cache": 0.0006753334458888816,
        "parallel_requests_nb": 3
    },
    "4": {
        "speed_generation": [
            0.7497770035833682,
            40.43539371565071,
            0.7631002988132423
        ],
        "time_to_first_token": [
            0.022731423377990723,
            0.07617390155792236,
            0.008008122444152832
        ],
        "max_kv_cache": 0.0008441668073611019,
        "parallel_requests_nb": 4
    },
    "6": {
        "speed_generation": [
            0.6003226792540275,
            36.7935826432484,
            0.7939703479013716
        ],
        "time_to_first_token": [
            0.03284353017807007,
            0.10179805755615234,
            0.010440468788146973
        ],
        "max_kv_cache": 0.0011818335303055427,
        "parallel_requests_nb": 6
    },
    "8": {
        "speed_generation": [
            0.6806796059053539,
            34.566112995288535,
            0.744543047133007
        ],
        "time_to_first_token": [
            0.02848416566848755,
            0.12609291076660156,
            0.011882543563842773
        ],
        "max_kv_cache": 0.0015870335978389605,
        "parallel_requests_nb": 8
    },
    "10": {
        "speed_generation": [
            0.722212672409885,
            30.077502758607707,
            0.7017418054380755
        ],
        "time_to_first_token": [
            0.0341264009475708,
            0.15687894821166992,
            0.014348983764648438
        ],
        "max_kv_cache": 0.0019247003207834013,
        "parallel_requests_nb": 10
    },
    "14": {
        "speed_generation": [
            0.5343568022762284,
            26.605806839891372,
            0.6157619965239007
        ],
        "time_to_first_token": [
            0.018196463584899902,
            0.22258853912353516,
            0.014116764068603516
        ],
        "max_kv_cache": 0.002532500422083417,
        "parallel_requests_nb": 14
    },
    "18": {
        "speed_generation": [
            0.4693827081980757,
            23.082993603850927,
            0.47739538302975504
        ],
        "time_to_first_token": [
            0.016170084476470947,
            0.28443658351898193,
            0.014235913753509521
        ],
        "max_kv_cache": 0.003241600540266787,
        "parallel_requests_nb": 18
    },
    "22": {
        "speed_generation": [
            0.32609108485655725,
            20.81164107155938,
            0.45139683962451116
        ],
        "time_to_first_token": [
            0.01818394660949707,
            0.3511284589767456,
            0.012472987174987793
        ],
        "max_kv_cache": 0.003984467330744534,
        "parallel_requests_nb": 22
    },
    "26": {
        "speed_generation": [
            0.42328098857007745,
            18.995055018660516,
            0.41597724658180013
        ],
        "time_to_first_token": [
            0.019150495529174805,
            0.3960695266723633,
            0.020731687545776367
        ],
        "max_kv_cache": 0.0046935674489279045,
        "parallel_requests_nb": 26
    },
    "30": {
        "speed_generation": [
            0.4331714031011167,
            17.531575591798955,
            0.36528514435021364
        ],
        "time_to_first_token": [
            0.020732402801513672,
            0.45934760570526123,
            0.017107248306274414
        ],
        "max_kv_cache": 0.005436434239405652,
        "parallel_requests_nb": 30
    },
    "34": {
        "speed_generation": [
            0.29455996420744057,
            16.06866808587901,
            0.3903801213270981
        ],
        "time_to_first_token": [
            0.0257759690284729,
            0.5149893760681152,
            0.021710097789764404
        ],
        "max_kv_cache": 0.00601046766841129,
        "parallel_requests_nb": 34
    },
    "38": {
        "speed_generation": [
            0.29938896597289144,
            15.132520942411658,
            0.2656971191735007
        ],
        "time_to_first_token": [
            0.016944050788879395,
            0.5705264806747437,
            0.019700169563293457
        ],
        "max_kv_cache": 0.006787101131183526,
        "parallel_requests_nb": 38
    }
}