{
    "1": {
        "speed_generation": [
            0.5452822048867816,
            43.817258215750996,
            0.9238990021708275
        ],
        "time_to_first_token": [
            0.0036520957946777344,
            0.3126610517501831,
            0.004277408123016357
        ],
        "max_kv_cache": 0.0030052338342055895,
        "parallel_requests_nb": 1
    },
    "2": {
        "speed_generation": [
            0.6195194773564054,
            39.111558707379274,
            0.2809834525921673
        ],
        "time_to_first_token": [
            0.27190208435058594,
            0.5942850112915039,
            0.009972095489501953
        ],
        "max_kv_cache": 0.005942934323822424,
        "parallel_requests_nb": 2
    },
    "3": {
        "speed_generation": [
            0.20370989880797907,
            35.24068096377621,
            0.2114247009768846
        ],
        "time_to_first_token": [
            0.2742171287536621,
            0.8650500774383545,
            0.02197575569152832
        ],
        "max_kv_cache": 0.008880634813439148,
        "parallel_requests_nb": 3
    },
    "4": {
        "speed_generation": [
            0.18668296736768752,
            32.31808351628242,
            0.1984078532375264
        ],
        "time_to_first_token": [
            0.5425088405609131,
            1.1502659320831299,
            0.014472007751464844
        ],
        "max_kv_cache": 0.011784568630761494,
        "parallel_requests_nb": 4
    },
    "6": {
        "speed_generation": [
            0.15822293155878597,
            27.044426188845506,
            0.17631784448098387
        ],
        "time_to_first_token": [
            0.556067943572998,
            1.692507028579712,
            0.02929544448852539
        ],
        "max_kv_cache": 0.017558669593111587,
        "parallel_requests_nb": 6
    },
    "8": {
        "speed_generation": [
            0.21617868373796512,
            23.72189906189365,
            0.322405047092559
        ],
        "time_to_first_token": [
            0.048371076583862305,
            2.246675968170166,
            0.02207803726196289
        ],
        "max_kv_cache": 0.023265237210872813,
        "parallel_requests_nb": 8
    },
    "10": {
        "speed_generation": [
            0.18885720457844002,
            20.40163150453141,
            0.18411326669796324
        ],
        "time_to_first_token": [
            0.8348265886306763,
            2.7970590591430664,
            0.028156042098999023
        ],
        "max_kv_cache": 0.029410771568461946,
        "parallel_requests_nb": 10
    },
    "14": {
        "speed_generation": [
            0.18505374960293253,
            17.202463036571938,
            0.06551816272715527
        ],
        "time_to_first_token": [
            1.634688138961792,
            3.8799021244049072,
            0.017899036407470703
        ],
        "max_kv_cache": 0.04052000675333445,
        "parallel_requests_nb": 14
    },
    "18": {
        "speed_generation": [
            0.19532138782460962,
            14.125835519110614,
            0.11659351936138762
        ],
        "time_to_first_token": [
            1.6490440368652344,
            4.435619831085205,
            0.5467321872711182
        ],
        "max_kv_cache": 0.05200067533344588,
        "parallel_requests_nb": 18
    },
    "22": {
        "speed_generation": [
            0.20410614231860258,
            12.230564440034307,
            0.08024237402363887
        ],
        "time_to_first_token": [
            1.3945050239562988,
            5.015392065048218,
            0.7847399711608887
        ],
        "max_kv_cache": 0.06354887725814617,
        "parallel_requests_nb": 22
    },
    "26": {
        "speed_generation": [
            0.02446168526561543,
            10.57979161745815,
            0.22116780273408665
        ],
        "time_to_first_token": [
            2.1064679622650146,
            5.530582904815674,
            1.4566431045532227
        ],
        "max_kv_cache": 0.0750633125105521,
        "parallel_requests_nb": 26
    },
    "30": {
        "speed_generation": [
            0.17019522585894187,
            9.718584787326149,
            0.055925702371498076
        ],
        "time_to_first_token": [
            2.2188549041748047,
            5.877740859985352,
            2.1755971908569336
        ],
        "max_kv_cache": 0.08698294783049132,
        "parallel_requests_nb": 30
    },
    "34": {
        "speed_generation": [
            0.15480639506135674,
            8.796339790361495,
            0.050532605713266676
        ],
        "time_to_first_token": [
            2.2863171100616455,
            6.116384029388428,
            3.177421808242798
        ],
        "max_kv_cache": 0.09809218301536382,
        "parallel_requests_nb": 34
    },
    "38": {
        "speed_generation": [
            0.03345059158254937,
            7.871300244458973,
            0.049105120511511835
        ],
        "time_to_first_token": [
            3.0508971214294434,
            6.953186988830566,
            2.686530113220215
        ],
        "max_kv_cache": 0.1096741516123586,
        "parallel_requests_nb": 38
    }
}