{
    "1": {
        "speed_generation": [
            0.22211446107746724,
            33.40846831390727,
            0.4776965326284994
        ],
        "time_to_first_token": [
            0.012783050537109375,
            1.1606390476226807,
            0.02353692054748535
        ],
        "max_kv_cache": 0.008644268107378061,
        "parallel_requests_nb": 1
    },
    "2": {
        "speed_generation": [
            0.22813463002134426,
            25.354909425552435,
            0.18187001940456327
        ],
        "time_to_first_token": [
            1.0578445196151733,
            2.2671799659729004,
            0.03606700897216797
        ],
        "max_kv_cache": 0.017288536214756012,
        "parallel_requests_nb": 2
    },
    "3": {
        "speed_generation": [
            0.18257494997695645,
            19.919329653196403,
            0.25496980524330226
        ],
        "time_to_first_token": [
            1.0566179752349854,
            3.3299341201782227,
            0.05374288558959961
        ],
        "max_kv_cache": 0.025932804322134073,
        "parallel_requests_nb": 3
    },
    "4": {
        "speed_generation": [
            0.07004250989844252,
            16.67100813299869,
            0.21196969884975303
        ],
        "time_to_first_token": [
            0.05260801315307617,
            3.407404899597168,
            1.089792013168335
        ],
        "max_kv_cache": 0.034577072429512024,
        "parallel_requests_nb": 4
    },
    "6": {
        "speed_generation": [
            0.04262781251335923,
            12.420394342165679,
            0.14468331555589842
        ],
        "time_to_first_token": [
            1.1661090850830078,
            4.560743093490601,
            2.142026901245117
        ],
        "max_kv_cache": 0.051865608644268146,
        "parallel_requests_nb": 6
    },
    "8": {
        "speed_generation": [
            0.07682041254852834,
            10.054908355285585,
            0.0640615173502237
        ],
        "time_to_first_token": [
            3.251152992248535,
            6.692357063293457,
            2.077306032180786
        ],
        "max_kv_cache": 0.06915414485902416,
        "parallel_requests_nb": 8
    },
    "10": {
        "speed_generation": [
            0.0816312106318211,
            8.306265009892943,
            0.054251979856967836
        ],
        "time_to_first_token": [
            3.2879055738449097,
            6.757379055023193,
            3.2958608865737915
        ],
        "max_kv_cache": 0.08644268107378017,
        "parallel_requests_nb": 10
    },
    "14": {
        "speed_generation": [
            0.028732375362507945,
            6.22686328769565,
            0.06011046839362688
        ],
        "time_to_first_token": [
            3.3976118564605713,
            10.038614988327026,
            3.365259885787964
        ],
        "max_kv_cache": 0.1210197535032923,
        "parallel_requests_nb": 14
    },
    "18": {
        "speed_generation": [
            0.018060979795537335,
            4.945043005553108,
            0.011185142667764936
        ],
        "time_to_first_token": [
            4.4387065172195435,
            11.207334995269775,
            5.534053921699524
        ],
        "max_kv_cache": 0.15559682593280433,
        "parallel_requests_nb": 18
    },
    "22": {
        "speed_generation": [
            0.013351540792985617,
            4.076822121377739,
            0.05150611442502129
        ],
        "time_to_first_token": [
            6.604472637176514,
            13.470084190368652,
            6.581777215003967
        ],
        "max_kv_cache": 0.19017389836231635,
        "parallel_requests_nb": 22
    },
    "26": {
        "speed_generation": [
            0.015078994682669489,
            3.528662252675042,
            0.016254510592923932
        ],
        "time_to_first_token": [
            6.741060018539429,
            16.737766981124878,
            6.646775960922241
        ],
        "max_kv_cache": 0.22475097079182849,
        "parallel_requests_nb": 26
    },
    "30": {
        "speed_generation": [
            0.01141269809406209,
            3.1047899019012513,
            0.0328600071403895
        ],
        "time_to_first_token": [
            7.551980137825012,
            17.711430072784424,
            9.043288469314575
        ],
        "max_kv_cache": 0.2593280432213405,
        "parallel_requests_nb": 30
    },
    "34": {
        "speed_generation": [
            0.005411226012241865,
            2.7516137546340156,
            0.016399436857035266
        ],
        "time_to_first_token": [
            9.556714057922363,
            20.250214099884033,
            9.937964916229248
        ],
        "max_kv_cache": 0.29390511565085264,
        "parallel_requests_nb": 34
    },
    "38": {
        "speed_generation": [
            0.004657897602994954,
            2.4635360482895012,
            0.006716584123696023
        ],
        "time_to_first_token": [
            10.016385555267334,
            23.408448934555054,
            10.128276586532593
        ],
        "max_kv_cache": 0.32848218808036467,
        "parallel_requests_nb": 38
    }
}