{
    "1": {
        "speed_generation": [
            0.5855025705901866,
            47.95672264952493,
            0.6605991108592377
        ],
        "time_to_first_token": [
            0.005938231945037842,
            0.3151824474334717,
            0.0036746859550476074
        ],
        "max_kv_cache": 0.004896167482694613,
        "parallel_requests_nb": 1
    },
    "2": {
        "speed_generation": [
            0.25179619834297284,
            45.721245901915324,
            0.5466367740553153
        ],
        "time_to_first_token": [
            0.009652674198150635,
            0.5901269912719727,
            0.013835132122039795
        ],
        "max_kv_cache": 0.009691034948505872,
        "parallel_requests_nb": 2
    },
    "3": {
        "speed_generation": [
            0.2794525470312408,
            43.968165865296,
            0.5271233071639898
        ],
        "time_to_first_token": [
            0.27144694328308105,
            0.8696714639663696,
            0.01791822910308838
        ],
        "max_kv_cache": 0.014418369069728154,
        "parallel_requests_nb": 3
    },
    "4": {
        "speed_generation": [
            0.19516700843387724,
            42.44377201108491,
            1.3425128108882447
        ],
        "time_to_first_token": [
            0.33203762769699097,
            1.1336114406585693,
            0.02320253849029541
        ],
        "max_kv_cache": 0.019213236535539413,
        "parallel_requests_nb": 4
    },
    "6": {
        "speed_generation": [
            0.2685612220178655,
            38.213222722753514,
            0.4691996281021744
        ],
        "time_to_first_token": [
            0.2502739429473877,
            1.6940889358520508,
            0.014052033424377441
        ],
        "max_kv_cache": 0.028769204794867442,
        "parallel_requests_nb": 6
    },
    "8": {
        "speed_generation": [
            0.7702342639413757,
            36.155610690592574,
            0.8406938888043882
        ],
        "time_to_first_token": [
            0.7690529823303223,
            2.228637933731079,
            0.0239870548248291
        ],
        "max_kv_cache": 0.03832517305419547,
        "parallel_requests_nb": 8
    },
    "10": {
        "speed_generation": [
            0.16936470890518507,
            33.03460894274363,
            0.3183364808205198
        ],
        "time_to_first_token": [
            0.7988686561584473,
            2.777095079421997,
            0.035841941833496094
        ],
        "max_kv_cache": 0.04794867465811248,
        "parallel_requests_nb": 10
    },
    "14": {
        "speed_generation": [
            0.4437687742648144,
            30.211464317354668,
            0.15209814616150297
        ],
        "time_to_first_token": [
            2.1718740463256836,
            3.882206916809082,
            0.026137113571166992
        ],
        "max_kv_cache": 0.06699307783217967,
        "parallel_requests_nb": 14
    },
    "18": {
        "speed_generation": [
            0.7731175643004278,
            26.10061698560628,
            0.16949219386530956
        ],
        "time_to_first_token": [
            0.6427319049835205,
            4.461179971694946,
            0.5125409364700317
        ],
        "max_kv_cache": 0.0861725476954246,
        "parallel_requests_nb": 18
    },
    "22": {
        "speed_generation": [
            0.36615685074433557,
            22.798327253556167,
            0.35192979036742855
        ],
        "time_to_first_token": [
            1.9590833187103271,
            5.010207176208496,
            1.0222628116607666
        ],
        "max_kv_cache": 0.10514941752490292,
        "parallel_requests_nb": 22
    },
    "26": {
        "speed_generation": [
            0.4411808042077041,
            21.573752566994724,
            0.05705120126603802
        ],
        "time_to_first_token": [
            2.4358370304107666,
            6.078877925872803,
            1.0706140995025635
        ],
        "max_kv_cache": 0.12372108728684783,
        "parallel_requests_nb": 26
    },
    "30": {
        "speed_generation": [
            0.029134348637967378,
            20.00312859696657,
            0.2565147763953348
        ],
        "time_to_first_token": [
            2.2169305086135864,
            5.8298139572143555,
            1.5873562097549438
        ],
        "max_kv_cache": 0.1434745905790984,
        "parallel_requests_nb": 30
    },
    "34": {
        "speed_generation": [
            0.6262810831674024,
            18.925946582807736,
            0.123929661801359
        ],
        "time_to_first_token": [
            2.712278366088867,
            6.438536882400513,
            2.8914726972579956
        ],
        "max_kv_cache": 0.16245146040857672,
        "parallel_requests_nb": 34
    }
}