{
    "1": {
        "speed_generation": [
            0.32527884184435507,
            25.992760945825616,
            0.24805412465744325
        ],
        "time_to_first_token": [
            0.0051670074462890625,
            0.3129589557647705,
            0.00412297248840332
        ],
        "max_kv_cache": 0.0028026338004389917,
        "parallel_requests_nb": 1
    },
    "2": {
        "speed_generation": [
            0.22898675490064235,
            17.357040971431395,
            0.2377476738518176
        ],
        "time_to_first_token": [
            0.2708611488342285,
            0.5923571586608887,
            0.010576725006103516
        ],
        "max_kv_cache": 0.005503967583994629,
        "parallel_requests_nb": 2
    },
    "3": {
        "speed_generation": [
            0.12593378631079233,
            13.192741529943568,
            0.1324621863481621
        ],
        "time_to_first_token": [
            0.27373039722442627,
            0.8678939342498779,
            0.017351627349853516
        ],
        "max_kv_cache": 0.008205301367550266,
        "parallel_requests_nb": 3
    },
    "4": {
        "speed_generation": [
            0.08505459590474373,
            10.694557874298333,
            0.09473875647735852
        ],
        "time_to_first_token": [
            0.5396349430084229,
            1.1456329822540283,
            0.021124839782714844
        ],
        "max_kv_cache": 0.010839101806516926,
        "parallel_requests_nb": 4
    },
    "6": {
        "speed_generation": [
            0.06742747117796011,
            7.746504144698051,
            0.07454680743866149
        ],
        "time_to_first_token": [
            0.5262100696563721,
            1.6865341663360596,
            0.02814173698425293
        ],
        "max_kv_cache": 0.0162417693736282,
        "parallel_requests_nb": 6
    },
    "8": {
        "speed_generation": [
            0.03716409315049152,
            6.069832566202408,
            0.042949859874574337
        ],
        "time_to_first_token": [
            0.5446281433105469,
            2.24484920501709,
            0.020544767379760742
        ],
        "max_kv_cache": 0.021475603579267255,
        "parallel_requests_nb": 8
    },
    "10": {
        "speed_generation": [
            0.030246854754860664,
            4.970168412389801,
            0.03658750252360132
        ],
        "time_to_first_token": [
            0.05499100685119629,
            2.797084093093872,
            0.02438187599182129
        ],
        "max_kv_cache": 0.026776971129495175,
        "parallel_requests_nb": 10
    },
    "14": {
        "speed_generation": [
            0.01552467055264195,
            3.6852840454263567,
            0.01585375245589038
        ],
        "time_to_first_token": [
            0.19464993476867676,
            3.7792019844055176,
            0.1300210952758789
        ],
        "max_kv_cache": 0.037379706229951015,
        "parallel_requests_nb": 14
    },
    "18": {
        "speed_generation": [
            0.013597372750470349,
            2.9178245230562982,
            0.013333930658089521
        ],
        "time_to_first_token": [
            2.0303030610084534,
            4.55244243144989,
            0.43350738286972046
        ],
        "max_kv_cache": 0.04794867465811248,
        "parallel_requests_nb": 18
    },
    "22": {
        "speed_generation": [
            0.010232005081953321,
            2.41244520719197,
            0.011680259770105117
        ],
        "time_to_first_token": [
            0.8790211081504822,
            4.733869433403015,
            1.3041587471961975
        ],
        "max_kv_cache": 0.0583825763970961,
        "parallel_requests_nb": 22
    },
    "26": {
        "speed_generation": [
            0.008347743021256626,
            2.0577506408642394,
            0.01275249593881922
        ],
        "time_to_first_token": [
            1.4104676842689514,
            5.282768368721008,
            1.8518735766410828
        ],
        "max_kv_cache": 0.0690528448421408,
        "parallel_requests_nb": 26
    },
    "30": {
        "speed_generation": [
            0.010022460479982565,
            1.8011551931617322,
            0.005463951743513773
        ],
        "time_to_first_token": [
            1.9086068272590637,
            5.845799446105957,
            2.095357596874237
        ],
        "max_kv_cache": 0.07965557994259664,
        "parallel_requests_nb": 30
    },
    "34": {
        "speed_generation": [
            0.010644412792098379,
            1.600760363433832,
            0.004144774681758445
        ],
        "time_to_first_token": [
            2.678115725517273,
            6.589917421340942,
            2.433249056339264
        ],
        "max_kv_cache": 0.09039338173223033,
        "parallel_requests_nb": 34
    },
    "38": {
        "speed_generation": [
            0.00488852991423494,
            1.4335213768123296,
            0.005239203160617212
        ],
        "time_to_first_token": [
            2.7268489003181458,
            7.1841689348220825,
            2.405072569847107
        ],
        "max_kv_cache": 0.10055715009285837,
        "parallel_requests_nb": 38
    }
}