{
    "1": {
        "speed_generation": [
            0.16036556791795853,
            10.85528493751115,
            0.12298741865811813
        ],
        "time_to_first_token": [
            0.008989095687866211,
            1.1572595834732056,
            0.02398139238357544
        ],
        "max_kv_cache": 0.008644268107378061,
        "parallel_requests_nb": 1
    },
    "2": {
        "speed_generation": [
            0.05885777529383507,
            6.1056914814927365,
            0.07815098764248152
        ],
        "time_to_first_token": [
            1.0566978454589844,
            2.2563319206237793,
            0.043511033058166504
        ],
        "max_kv_cache": 0.017288536214756012,
        "parallel_requests_nb": 2
    },
    "3": {
        "speed_generation": [
            0.050870747535383565,
            4.261022172198743,
            0.032982591104195436
        ],
        "time_to_first_token": [
            1.0686981081962585,
            3.3382564783096313,
            0.06181633472442627
        ],
        "max_kv_cache": 0.025932804322134073,
        "parallel_requests_nb": 3
    },
    "4": {
        "speed_generation": [
            0.02911324014396488,
            3.274455918055927,
            0.02348018080736436
        ],
        "time_to_first_token": [
            0.07743096351623535,
            3.405205011367798,
            1.0942389965057373
        ],
        "max_kv_cache": 0.034577072429512024,
        "parallel_requests_nb": 4
    },
    "6": {
        "speed_generation": [
            0.013918433046901324,
            2.24795003818833,
            0.011647158139780789
        ],
        "time_to_first_token": [
            1.151991844177246,
            4.5202858448028564,
            2.1664981842041016
        ],
        "max_kv_cache": 0.051865608644268146,
        "parallel_requests_nb": 6
    },
    "8": {
        "speed_generation": [
            0.005896792540299511,
            1.6983991425001754,
            0.009746278293211175
        ],
        "time_to_first_token": [
            3.2403578758239746,
            6.672895908355713,
            2.190009117126465
        ],
        "max_kv_cache": 0.06915414485902416,
        "parallel_requests_nb": 8
    },
    "10": {
        "speed_generation": [
            0.006454600782587416,
            1.3668860415699262,
            0.006245046046715608
        ],
        "time_to_first_token": [
            3.318733811378479,
            6.785350799560547,
            3.2765551805496216
        ],
        "max_kv_cache": 0.08644268107378017,
        "parallel_requests_nb": 10
    },
    "14": {
        "speed_generation": [
            0.0045141151014140846,
            0.9879700574198308,
            0.0038360166919638727
        ],
        "time_to_first_token": [
            3.364819049835205,
            10.037811994552612,
            3.3643789291381836
        ],
        "max_kv_cache": 0.1210197535032923,
        "parallel_requests_nb": 14
    },
    "18": {
        "speed_generation": [
            0.0013475665960446248,
            0.7708904451135435,
            0.0024715974044110522
        ],
        "time_to_first_token": [
            4.452593803405762,
            11.21285891532898,
            5.498891115188599
        ],
        "max_kv_cache": 0.15559682593280433,
        "parallel_requests_nb": 18
    },
    "22": {
        "speed_generation": [
            0.005365798646212228,
            0.6322034376358857,
            0.0024065149967072985
        ],
        "time_to_first_token": [
            6.432854413986206,
            13.553483009338379,
            6.514212965965271
        ],
        "max_kv_cache": 0.19017389836231635,
        "parallel_requests_nb": 22
    },
    "26": {
        "speed_generation": [
            0.0025291163555946072,
            0.5377952960666913,
            0.0006930064751039522
        ],
        "time_to_first_token": [
            6.754374980926514,
            16.66346502304077,
            6.69313907623291
        ],
        "max_kv_cache": 0.22475097079182849,
        "parallel_requests_nb": 26
    },
    "30": {
        "speed_generation": [
            0.0034457213103245565,
            0.4665329777834431,
            0.0004350733513077687
        ],
        "time_to_first_token": [
            7.975183963775635,
            18.088603019714355,
            8.713606119155884
        ],
        "max_kv_cache": 0.2593280432213405,
        "parallel_requests_nb": 30
    },
    "34": {
        "speed_generation": [
            0.0014641649077945518,
            0.41102844929723603,
            0.0004737462246920954
        ],
        "time_to_first_token": [
            9.50328004360199,
            20.25796103477478,
            9.847708940505981
        ],
        "max_kv_cache": 0.29390511565085264,
        "parallel_requests_nb": 34
    },
    "38": {
        "speed_generation": [
            0.0014021070225227472,
            0.3685434519178986,
            0.0020201943160566005
        ],
        "time_to_first_token": [
            10.264729022979736,
            23.42261815071106,
            10.18222689628601
        ],
        "max_kv_cache": 0.32848218808036467,
        "parallel_requests_nb": 38
    }
}