{
    "1": {
        "speed_generation": [
            0.40781883292765997,
            41.22172545150633,
            0.6499183073803749
        ],
        "time_to_first_token": [
            0.003756880760192871,
            0.234169602394104,
            0.007135987281799316
        ],
        "max_kv_cache": 0.022648083623693416,
        "parallel_requests_nb": 1
    },
    "2": {
        "speed_generation": [
            0.21965788422282628,
            35.796896901252936,
            0.11560046842204486
        ],
        "time_to_first_token": [
            0.010690569877624512,
            0.43290746212005615,
            0.005308032035827637
        ],
        "max_kv_cache": 0.04477351916376304,
        "parallel_requests_nb": 2
    },
    "3": {
        "speed_generation": [
            0.3208222484530694,
            33.27790281966903,
            0.24727462803769384
        ],
        "time_to_first_token": [
            0.17232263088226318,
            0.6344659328460693,
            0.013530492782592773
        ],
        "max_kv_cache": 0.06689895470383278,
        "parallel_requests_nb": 3
    },
    "4": {
        "speed_generation": [
            0.1236326753112138,
            32.035364089681664,
            0.053622439267002164
        ],
        "time_to_first_token": [
            0.3908945322036743,
            0.8368175029754639,
            0.00815349817276001
        ],
        "max_kv_cache": 0.089198606271777,
        "parallel_requests_nb": 4
    },
    "6": {
        "speed_generation": [
            0.04806349885542005,
            30.308253059426214,
            0.08548346488265679
        ],
        "time_to_first_token": [
            0.056569814682006836,
            1.225665807723999,
            0.013976097106933594
        ],
        "max_kv_cache": 0.13362369337979096,
        "parallel_requests_nb": 6
    },
    "8": {
        "speed_generation": [
            0.05575620844803453,
            29.262594087876735,
            0.14674443765379408
        ],
        "time_to_first_token": [
            0.7873351573944092,
            1.625704050064087,
            0.025902986526489258
        ],
        "max_kv_cache": 0.17804878048780493,
        "parallel_requests_nb": 8
    },
    "10": {
        "speed_generation": [
            0.037791212461097956,
            27.182065608677345,
            0.14927256738882022
        ],
        "time_to_first_token": [
            0.5994201898574829,
            1.8396952152252197,
            0.195115327835083
        ],
        "max_kv_cache": 0.22247386759581878,
        "parallel_requests_nb": 10
    },
    "14": {
        "speed_generation": [
            0.06847440168440144,
            24.1429226484492,
            0.0152559827040335
        ],
        "time_to_first_token": [
            0.3948225975036621,
            2.0438811779022217,
            0.7774988412857056
        ],
        "max_kv_cache": 0.3113240418118467,
        "parallel_requests_nb": 14
    },
    "18": {
        "speed_generation": [
            0.1580502408928517,
            21.023689855225854,
            0.2414983442862635
        ],
        "time_to_first_token": [
            1.2073917388916016,
            2.8635427951812744,
            0.40581321716308594
        ],
        "max_kv_cache": 0.4,
        "parallel_requests_nb": 18
    },
    "22": {
        "speed_generation": [
            0.06684569026213438,
            19.067018068936218,
            0.14855246217581097
        ],
        "time_to_first_token": [
            1.20619797706604,
            3.048229932785034,
            1.0432950258255005
        ],
        "max_kv_cache": 0.4879790940766551,
        "parallel_requests_nb": 22
    },
    "26": {
        "speed_generation": [
            0.14532741939232707,
            17.284883424103608,
            0.31017335888995845
        ],
        "time_to_first_token": [
            1.522031545639038,
            3.268733024597168,
            1.5688656568527222
        ],
        "max_kv_cache": 0.576829268292683,
        "parallel_requests_nb": 26
    }
}