{
    "1": {
        "speed_generation": [
            1.006861320750879,
            37.308216897222486,
            0.9202577887302041
        ],
        "time_to_first_token": [
            0.005373954772949219,
            0.07911992073059082,
            0.006003141403198242
        ],
        "max_kv_cache": 0.001045296167247356,
        "parallel_requests_nb": 1
    },
    "2": {
        "speed_generation": [
            0.9565500624432062,
            29.721937060803043,
            2.2708128511977144
        ],
        "time_to_first_token": [
            0.009573042392730713,
            0.08705544471740723,
            0.04902923107147217
        ],
        "max_kv_cache": 0.002090592334494823,
        "parallel_requests_nb": 2
    },
    "3": {
        "speed_generation": [
            0.7210952223165208,
            28.35255356242255,
            0.7297322812657931
        ],
        "time_to_first_token": [
            0.016000747680664062,
            0.10122489929199219,
            0.04484158754348755
        ],
        "max_kv_cache": 0.0029616724738675826,
        "parallel_requests_nb": 3
    },
    "4": {
        "speed_generation": [
            0.67130936770943,
            27.823765790154187,
            0.6445951030695092
        ],
        "time_to_first_token": [
            0.04620397090911865,
            0.13463890552520752,
            0.016178548336029053
        ],
        "max_kv_cache": 0.0038327526132404532,
        "parallel_requests_nb": 4
    },
    "6": {
        "speed_generation": [
            0.45868148622117033,
            25.898349201053414,
            0.5667429489583711
        ],
        "time_to_first_token": [
            0.05033153295516968,
            0.14597153663635254,
            0.015791594982147217
        ],
        "max_kv_cache": 0.005400696864111487,
        "parallel_requests_nb": 6
    },
    "8": {
        "speed_generation": [
            0.47792378457226903,
            24.860530473965987,
            0.5448592578293407
        ],
        "time_to_first_token": [
            0.049315571784973145,
            0.15700948238372803,
            0.01421654224395752
        ],
        "max_kv_cache": 0.007317073170731714,
        "parallel_requests_nb": 8
    },
    "10": {
        "speed_generation": [
            0.44511468860799397,
            24.150377634057627,
            0.8098216299550316
        ],
        "time_to_first_token": [
            0.04570251703262329,
            0.1740325689315796,
            0.016055762767791748
        ],
        "max_kv_cache": 0.008536585365853666,
        "parallel_requests_nb": 10
    },
    "14": {
        "speed_generation": [
            0.6968827655951131,
            22.611789870480948,
            0.6339357608241016
        ],
        "time_to_first_token": [
            0.026591598987579346,
            0.21484041213989258,
            0.020397722721099854
        ],
        "max_kv_cache": 0.012020905923344927,
        "parallel_requests_nb": 14
    },
    "18": {
        "speed_generation": [
            0.4212114667030633,
            21.19710693637256,
            0.6700350142031368
        ],
        "time_to_first_token": [
            0.024003803730010986,
            0.2473156452178955,
            0.02429521083831787
        ],
        "max_kv_cache": 0.015156794425087106,
        "parallel_requests_nb": 18
    },
    "22": {
        "speed_generation": [
            0.41172682878762856,
            19.62251505309618,
            0.6176473122669499
        ],
        "time_to_first_token": [
            0.022747039794921875,
            0.2971240282058716,
            0.02309185266494751
        ],
        "max_kv_cache": 0.018118466898954688,
        "parallel_requests_nb": 22
    },
    "26": {
        "speed_generation": [
            1.0105299861292494,
            17.90271971190717,
            0.2816210325492037
        ],
        "time_to_first_token": [
            0.014325261116027832,
            0.3522069454193115,
            0.013609468936920166
        ],
        "max_kv_cache": 0.02108013937282227,
        "parallel_requests_nb": 26
    },
    "30": {
        "speed_generation": [
            0.2785134471340598,
            16.639998430911845,
            0.36771573836671223
        ],
        "time_to_first_token": [
            0.029734015464782715,
            0.4018005132675171,
            0.018158555030822754
        ],
        "max_kv_cache": 0.024564459930313642,
        "parallel_requests_nb": 30
    },
    "34": {
        "speed_generation": [
            0.1878209071448893,
            12.476645779880382,
            0.2462217414984309
        ],
        "time_to_first_token": [
            0.03735083341598511,
            0.4474680423736572,
            0.0191652774810791
        ],
        "max_kv_cache": 0.02770034843205571,
        "parallel_requests_nb": 34
    },
    "38": {
        "speed_generation": [
            0.30612717876234363,
            12.133065356169162,
            0.2183947715180743
        ],
        "time_to_first_token": [
            0.02001744508743286,
            0.46679389476776123,
            0.03471475839614868
        ],
        "max_kv_cache": 0.031533101045296164,
        "parallel_requests_nb": 38
    }
}