{
    "1": {
        "speed_generation": [
            0.0865643898050763,
            39.210617549954634,
            0.09085696751561301
        ],
        "time_to_first_token": [
            0.013740956783294678,
            0.9305914640426636,
            0.00850832462310791
        ],
        "max_kv_cache": 0.055226480836236935,
        "parallel_requests_nb": 1
    },
    "2": {
        "speed_generation": [
            0.275485773834955,
            30.726230488042106,
            0.23940974339472376
        ],
        "time_to_first_token": [
            0.014700353145599365,
            1.8048690557479858,
            0.0199282169342041
        ],
        "max_kv_cache": 0.11027874564459927,
        "parallel_requests_nb": 2
    },
    "3": {
        "speed_generation": [
            0.08058993859636843,
            28.98219627033037,
            0.04279214145564936
        ],
        "time_to_first_token": [
            0.028933346271514893,
            1.8330339193344116,
            0.8684951066970825
        ],
        "max_kv_cache": 0.16428571428571426,
        "parallel_requests_nb": 3
    },
    "4": {
        "speed_generation": [
            0.4308260342563557,
            26.769269347909912,
            0.25244007233127874
        ],
        "time_to_first_token": [
            0.8362148404121399,
            2.6750965118408203,
            0.9348331093788147
        ],
        "max_kv_cache": 0.2193379790940767,
        "parallel_requests_nb": 4
    },
    "6": {
        "speed_generation": [
            0.21172946371410717,
            22.683619824116604,
            0.17093331134279666
        ],
        "time_to_first_token": [
            1.7550730109214783,
            3.600985527038574,
            1.720986008644104
        ],
        "max_kv_cache": 0.32804878048780484,
        "parallel_requests_nb": 6
    },
    "8": {
        "speed_generation": [
            0.3827971958516265,
            20.21219206388482,
            0.09261343069225347
        ],
        "time_to_first_token": [
            1.7164552211761475,
            4.422428011894226,
            1.7572441697120667
        ],
        "max_kv_cache": 0.4365853658536586,
        "parallel_requests_nb": 8
    },
    "10": {
        "speed_generation": [
            0.3272895699281442,
            17.855546712338747,
            0.2013033466693379
        ],
        "time_to_first_token": [
            1.7829416990280151,
            5.325070142745972,
            1.8173182010650635
        ],
        "max_kv_cache": 0.5454703832752613,
        "parallel_requests_nb": 10
    },
    "14": {
        "speed_generation": [
            0.23286334194253833,
            15.007266755589797,
            0.05569842988699136
        ],
        "time_to_first_token": [
            3.4464821815490723,
            7.1337292194366455,
            2.635556936264038
        ],
        "max_kv_cache": 0.7637630662020906,
        "parallel_requests_nb": 14
    },
    "18": {
        "speed_generation": [
            0.08794674463677055,
            11.982973735875296,
            0.043746075580921584
        ],
        "time_to_first_token": [
            3.610472559928894,
            8.90204906463623,
            3.6253929138183594
        ],
        "max_kv_cache": 0.9822299651567944,
        "parallel_requests_nb": 18
    }
}