{
    "1": {
        "speed_generation": [
            0.3981274804326098,
            31.253106710197542,
            0.251208261843864
        ],
        "time_to_first_token": [
            0.006594061851501465,
            0.9237600564956665,
            0.011619508266448975
        ],
        "max_kv_cache": 0.04547038327526132,
        "parallel_requests_nb": 1
    },
    "2": {
        "speed_generation": [
            0.16866527263630005,
            22.46810747393188,
            0.16317867580522716
        ],
        "time_to_first_token": [
            0.017910242080688477,
            1.8018710613250732,
            0.01830005645751953
        ],
        "max_kv_cache": 0.09094076655052263,
        "parallel_requests_nb": 2
    },
    "3": {
        "speed_generation": [
            0.04891885876985569,
            18.89496949523625,
            0.05803950483746334
        ],
        "time_to_first_token": [
            0.026492714881896973,
            1.8352150917053223,
            0.8644673824310303
        ],
        "max_kv_cache": 0.1355400696864112,
        "parallel_requests_nb": 3
    },
    "4": {
        "speed_generation": [
            0.2542171269873492,
            16.408521144773513,
            0.19499560813622807
        ],
        "time_to_first_token": [
            0.863415002822876,
            2.6852099895477295,
            0.8856151103973389
        ],
        "max_kv_cache": 0.18013937282229964,
        "parallel_requests_nb": 4
    },
    "6": {
        "speed_generation": [
            0.08665843379426441,
            12.61768584932238,
            0.059354562287143864
        ],
        "time_to_first_token": [
            1.7416157722473145,
            3.578101873397827,
            1.7254621982574463
        ],
        "max_kv_cache": 0.2700348432055749,
        "parallel_requests_nb": 6
    },
    "8": {
        "speed_generation": [
            0.05348060083690953,
            10.305714339682156,
            0.09687653988450151
        ],
        "time_to_first_token": [
            1.748582124710083,
            4.442325115203857,
            1.7469627857208252
        ],
        "max_kv_cache": 0.3601045296167248,
        "parallel_requests_nb": 8
    },
    "10": {
        "speed_generation": [
            0.07420276592131536,
            8.76577605975876,
            0.04573620322698879
        ],
        "time_to_first_token": [
            1.7860679626464844,
            5.352082014083862,
            1.813601016998291
        ],
        "max_kv_cache": 0.44999999999999996,
        "parallel_requests_nb": 10
    },
    "14": {
        "speed_generation": [
            0.04080850172590633,
            6.7558081328078865,
            0.02242561271459298
        ],
        "time_to_first_token": [
            3.498742461204529,
            7.131113052368164,
            3.5105113983154297
        ],
        "max_kv_cache": 0.6275261324041812,
        "parallel_requests_nb": 14
    },
    "18": {
        "speed_generation": [
            0.0039099585287800664,
            5.283723128181988,
            0.0141017309419178
        ],
        "time_to_first_token": [
            3.6163878440856934,
            8.93209981918335,
            3.56939435005188
        ],
        "max_kv_cache": 0.8047038327526133,
        "parallel_requests_nb": 18
    },
    "22": {
        "speed_generation": [
            0.006480187166866713,
            4.453293198380317,
            0.016753749563703124
        ],
        "time_to_first_token": [
            5.240800142288208,
            10.688169002532959,
            5.278035879135132
        ],
        "max_kv_cache": 0.9834494773519163,
        "parallel_requests_nb": 22
    },
    "26": {
        "speed_generation": [
            0.019253958032565244,
            4.46191205576055,
            0.039259980809962514
        ],
        "time_to_first_token": [
            5.278496026992798,
            14.100618124008179,
            5.273147821426392
        ],
        "max_kv_cache": 0.9844947735191638,
        "parallel_requests_nb": 26
    },
    "30": {
        "speed_generation": [
            2.1913905678563594,
            4.423562924348568,
            0.07303423439850487
        ],
        "time_to_first_token": [
            5.2765679359436035,
            17.619333028793335,
            14.356680154800415
        ],
        "max_kv_cache": 0.9832752613240419,
        "parallel_requests_nb": 30
    },
    "34": {
        "speed_generation": [
            1.5339451113783107,
            3.765220263573527,
            0.6829963506774552
        ],
        "time_to_first_token": [
            9.365955114364624,
            25.204759120941162,
            9.548078775405884
        ],
        "max_kv_cache": 0.9998257839721254,
        "parallel_requests_nb": 34
    },
    "38": {
        "speed_generation": [
            0.031081460904373692,
            2.2349894013133524,
            2.1165091523205937
        ],
        "time_to_first_token": [
            14.505187749862671,
            33.08256983757019,
            4.704564332962036
        ],
        "max_kv_cache": 0.9998257839721254,
        "parallel_requests_nb": 38
    }
}