{
    "1": {
        "speed_generation": [
            0.14808385881467245,
            82.32352798660916,
            0.13667978508533452
        ],
        "time_to_first_token": [
            0.0018030405044555664,
            0.06318998336791992,
            0.000920414924621582
        ],
        "max_kv_cache": 0.01945525291828798,
        "parallel_requests_nb": 1
    },
    "2": {
        "speed_generation": [
            0.21205560049530447,
            76.44041346978973,
            0.2359115039637203
        ],
        "time_to_first_token": [
            0.04664468765258789,
            0.11063408851623535,
            0.003731369972229004
        ],
        "max_kv_cache": 0.037694552529182856,
        "parallel_requests_nb": 2
    },
    "3": {
        "speed_generation": [
            0.24094819636356135,
            69.86689459769116,
            0.2694759744247932
        ],
        "time_to_first_token": [
            0.042317867279052734,
            0.15871691703796387,
            0.009441137313842773
        ],
        "max_kv_cache": 0.055933852140077844,
        "parallel_requests_nb": 3
    },
    "4": {
        "speed_generation": [
            0.2687092093693053,
            65.69162467774916,
            0.3170561369421705
        ],
        "time_to_first_token": [
            0.08903098106384277,
            0.21034598350524902,
            0.009984970092773438
        ],
        "max_kv_cache": 0.07417315175097272,
        "parallel_requests_nb": 4
    },
    "6": {
        "speed_generation": [
            0.243940364776563,
            57.08478320482979,
            0.2544318194779507
        ],
        "time_to_first_token": [
            0.0901639461517334,
            0.31493592262268066,
            0.010950088500976562
        ],
        "max_kv_cache": 0.11162451361867709,
        "parallel_requests_nb": 6
    },
    "8": {
        "speed_generation": [
            0.1942081898007686,
            51.55781034628962,
            0.21039899181666044
        ],
        "time_to_first_token": [
            0.07543420791625977,
            0.42337512969970703,
            0.012306690216064453
        ],
        "max_kv_cache": 0.14810311284046696,
        "parallel_requests_nb": 8
    },
    "10": {
        "speed_generation": [
            0.20559070993248696,
            45.7859553938749,
            0.18418177622196197
        ],
        "time_to_first_token": [
            0.028178513050079346,
            0.534796953201294,
            0.01000356674194336
        ],
        "max_kv_cache": 0.18458171206225682,
        "parallel_requests_nb": 10
    },
    "14": {
        "speed_generation": [
            0.13868031059179486,
            39.060068241191686,
            0.168048218038372
        ],
        "time_to_first_token": [
            0.022366762161254883,
            0.7496234178543091,
            0.010253548622131348
        ],
        "max_kv_cache": 0.25753891050583655,
        "parallel_requests_nb": 14
    },
    "18": {
        "speed_generation": [
            0.13713064712401746,
            34.375068001007776,
            0.12309966519275406
        ],
        "time_to_first_token": [
            0.04084998369216919,
            0.9668580293655396,
            0.015085101127624512
        ],
        "max_kv_cache": 0.3297665369649806,
        "parallel_requests_nb": 18
    },
    "22": {
        "speed_generation": [
            0.12943133080180047,
            30.775567518687815,
            0.11842051061831427
        ],
        "time_to_first_token": [
            0.018789947032928467,
            1.187041997909546,
            0.010771453380584717
        ],
        "max_kv_cache": 0.4044260700389105,
        "parallel_requests_nb": 22
    },
    "26": {
        "speed_generation": [
            0.10685570251332877,
            27.532503127065368,
            0.12591478617628482
        ],
        "time_to_first_token": [
            0.019871830940246582,
            1.4006749391555786,
            0.007943928241729736
        ],
        "max_kv_cache": 0.47689688715953304,
        "parallel_requests_nb": 26
    },
    "30": {
        "speed_generation": [
            0.11643735540026512,
            24.65678411422609,
            0.11722499829587463
        ],
        "time_to_first_token": [
            0.2958759069442749,
            1.5782049894332886,
            0.018325746059417725
        ],
        "max_kv_cache": 0.5505836575875487,
        "parallel_requests_nb": 30
    },
    "34": {
        "speed_generation": [
            0.18415497337654685,
            22.633565487108328,
            0.10124608137174107
        ],
        "time_to_first_token": [
            0.08277463912963867,
            1.784809947013855,
            0.014276087284088135
        ],
        "max_kv_cache": 0.6218385214007782,
        "parallel_requests_nb": 34
    },
    "38": {
        "speed_generation": [
            0.3572421283407259,
            20.85007361547335,
            0.11166069401932432
        ],
        "time_to_first_token": [
            0.45250701904296875,
            1.9847404956817627,
            0.016937077045440674
        ],
        "max_kv_cache": 0.6957684824902723,
        "parallel_requests_nb": 38
    }
}