{
    "1": {
        "speed_generation": [
            0.1223321828421291,
            68.77400297349764,
            0.09883081365011037
        ],
        "time_to_first_token": [
            0.006303250789642334,
            0.32005107402801514,
            0.0015159845352172852
        ],
        "max_kv_cache": 0.011364043735436424,
        "parallel_requests_nb": 1
    },
    "2": {
        "speed_generation": [
            1.3080491384848827,
            63.24035887168084,
            0.14190765752239543
        ],
        "time_to_first_token": [
            0.28796273469924927,
            0.6115405559539795,
            0.011857271194458008
        ],
        "max_kv_cache": 0.022620541315647946,
        "parallel_requests_nb": 2
    },
    "3": {
        "speed_generation": [
            1.0472539747362575,
            57.54771132147335,
            0.30385384814089633
        ],
        "time_to_first_token": [
            0.008969664573669434,
            0.6311631202697754,
            0.28592783212661743
        ],
        "max_kv_cache": 0.03387703889585947,
        "parallel_requests_nb": 3
    },
    "4": {
        "speed_generation": [
            0.9016602289480034,
            54.177081592983825,
            0.15611278799761408
        ],
        "time_to_first_token": [
            0.2791590690612793,
            0.9088621139526367,
            0.31000494956970215
        ],
        "max_kv_cache": 0.045061839039254314,
        "parallel_requests_nb": 4
    },
    "6": {
        "speed_generation": [
            0.8300984658769792,
            45.4169948029873,
            0.09131796833344197
        ],
        "time_to_first_token": [
            0.5918024778366089,
            1.2419829368591309,
            0.5885740518569946
        ],
        "max_kv_cache": 0.06750313676286068,
        "parallel_requests_nb": 6
    },
    "8": {
        "speed_generation": [
            0.7352996371209031,
            42.3207160211232,
            0.19549649931270352
        ],
        "time_to_first_token": [
            0.5894489288330078,
            1.52606201171875,
            0.606719970703125
        ],
        "max_kv_cache": 0.09001613192328373,
        "parallel_requests_nb": 8
    },
    "10": {
        "speed_generation": [
            0.39045408242231616,
            38.93430278158748,
            0.2537013219352886
        ],
        "time_to_first_token": [
            0.6116560697555542,
            1.8440570831298828,
            0.617668867111206
        ],
        "max_kv_cache": 0.11238573221007353,
        "parallel_requests_nb": 10
    },
    "14": {
        "speed_generation": [
            0.08538022623298147,
            31.679379052889256,
            0.25456614722427773
        ],
        "time_to_first_token": [
            1.1959490776062012,
            2.466150999069214,
            1.1578025817871094
        ],
        "max_kv_cache": 0.15683814303638643,
        "parallel_requests_nb": 14
    },
    "18": {
        "speed_generation": [
            0.13700780752688146,
            27.110096131681107,
            0.21845698714918882
        ],
        "time_to_first_token": [
            1.2138499021530151,
            3.0717639923095703,
            1.2741899490356445
        ],
        "max_kv_cache": 0.20218677182290734,
        "parallel_requests_nb": 18
    },
    "22": {
        "speed_generation": [
            0.035831981015864045,
            24.26873778650226,
            0.22764034041781045
        ],
        "time_to_first_token": [
            1.6560120582580566,
            3.68400502204895,
            1.764988899230957
        ],
        "max_kv_cache": 0.24642409033877044,
        "parallel_requests_nb": 22
    },
    "26": {
        "speed_generation": [
            0.07317162106715003,
            21.61941861200675,
            0.14087990893424163
        ],
        "time_to_first_token": [
            1.8279039859771729,
            4.283923864364624,
            1.9167001247406006
        ],
        "max_kv_cache": 0.2915217780964331,
        "parallel_requests_nb": 26
    },
    "30": {
        "speed_generation": [
            0.0399065447068736,
            18.080357863648892,
            0.01846233755977522
        ],
        "time_to_first_token": [
            2.3813257217407227,
            4.986566066741943,
            2.3671202659606934
        ],
        "max_kv_cache": 0.33683455816454566,
        "parallel_requests_nb": 30
    },
    "34": {
        "speed_generation": [
            0.12163102419425798,
            16.933761748019734,
            0.09066394238068654
        ],
        "time_to_first_token": [
            2.4970428943634033,
            5.619653940200806,
            2.668123960494995
        ],
        "max_kv_cache": 0.381107725398817,
        "parallel_requests_nb": 34
    },
    "38": {
        "speed_generation": [
            0.028663758418662866,
            15.467577706127795,
            0.034773105213494304
        ],
        "time_to_first_token": [
            2.8513190746307373,
            6.094002962112427,
            2.9819390773773193
        ],
        "max_kv_cache": 0.4259544721276214,
        "parallel_requests_nb": 38
    }
}