{
    "1": {
        "speed_generation": [
            0.36318308497592255,
            55.03613698989634,
            0.21956410407000249
        ],
        "time_to_first_token": [
            0.0012579560279846191,
            0.08137249946594238,
            0.0012064576148986816
        ],
        "max_kv_cache": 0.00240186413335719,
        "parallel_requests_nb": 1
    },
    "2": {
        "speed_generation": [
            0.4998567831639349,
            42.8177273219112,
            0.6186063769955936
        ],
        "time_to_first_token": [
            0.06877189874649048,
            0.15229249000549316,
            0.004239559173583984
        ],
        "max_kv_cache": 0.004732030829897815,
        "parallel_requests_nb": 2
    },
    "3": {
        "speed_generation": [
            0.3812275604401023,
            34.562205451641105,
            0.44562933100160507
        ],
        "time_to_first_token": [
            0.06793296337127686,
            0.22238647937774658,
            0.006508052349090576
        ],
        "max_kv_cache": 0.007062197526438441,
        "parallel_requests_nb": 3
    },
    "4": {
        "speed_generation": [
            0.38441662973022517,
            29.726130416184652,
            0.33537624247653497
        ],
        "time_to_first_token": [
            0.1310703158378601,
            0.29318857192993164,
            0.007092475891113281
        ],
        "max_kv_cache": 0.009392364222979066,
        "parallel_requests_nb": 4
    },
    "6": {
        "speed_generation": [
            0.2987192037042057,
            23.167990278324393,
            0.35801045305719725
        ],
        "time_to_first_token": [
            0.12591934204101562,
            0.4333820343017578,
            0.011942625045776367
        ],
        "max_kv_cache": 0.014016848897651868,
        "parallel_requests_nb": 6
    },
    "8": {
        "speed_generation": [
            0.23087366395292008,
            19.053072122664226,
            0.22222614857130196
        ],
        "time_to_first_token": [
            0.016819894313812256,
            0.5825514793395996,
            0.012424826622009277
        ],
        "max_kv_cache": 0.01867718229073312,
        "parallel_requests_nb": 8
    },
    "10": {
        "speed_generation": [
            0.14760838490818173,
            15.879845908905233,
            0.2051252426175747
        ],
        "time_to_first_token": [
            0.08049279451370239,
            0.6853569746017456,
            0.055686235427856445
        ],
        "max_kv_cache": 0.02330166696540603,
        "parallel_requests_nb": 10
    },
    "14": {
        "speed_generation": [
            0.10670094020528254,
            12.048102382882263,
            0.24551524783004552
        ],
        "time_to_first_token": [
            0.13334733247756958,
            0.7770060300827026,
            0.229040265083313
        ],
        "max_kv_cache": 0.032443090159526844,
        "parallel_requests_nb": 14
    },
    "18": {
        "speed_generation": [
            0.12440248227130013,
            9.69493716006831,
            0.13779142064526795
        ],
        "time_to_first_token": [
            0.2565997242927551,
            0.91246497631073,
            0.3885970711708069
        ],
        "max_kv_cache": 0.04169205950887256,
        "parallel_requests_nb": 18
    },
    "22": {
        "speed_generation": [
            0.03454380381341515,
            8.06341065051157,
            0.03888158764189242
        ],
        "time_to_first_token": [
            0.5679289102554321,
            1.2256020307540894,
            0.2645564675331116
        ],
        "max_kv_cache": 0.050941028858218274,
        "parallel_requests_nb": 22
    },
    "26": {
        "speed_generation": [
            0.08164210475770961,
            7.074443466518456,
            0.07208399554350464
        ],
        "time_to_first_token": [
            0.4338192939758301,
            1.2482270002365112,
            0.5541089773178101
        ],
        "max_kv_cache": 0.06004660333393086,
        "parallel_requests_nb": 26
    },
    "30": {
        "speed_generation": [
            0.05282695616567956,
            6.116763352731313,
            0.05581076336614821
        ],
        "time_to_first_token": [
            0.5275267958641052,
            1.4071420431137085,
            0.5625799894332886
        ],
        "max_kv_cache": 0.06947481627531815,
        "parallel_requests_nb": 30
    },
    "34": {
        "speed_generation": [
            0.023846860705985407,
            5.423460254321519,
            0.05957643216860564
        ],
        "time_to_first_token": [
            0.5999378561973572,
            1.5834219455718994,
            0.6526638269424438
        ],
        "max_kv_cache": 0.07854454203262229,
        "parallel_requests_nb": 34
    },
    "38": {
        "speed_generation": [
            0.031689452549963804,
            4.916035642361177,
            0.053811442667227816
        ],
        "time_to_first_token": [
            0.7862862348556519,
            1.8410564661026,
            0.5873795747756958
        ],
        "max_kv_cache": 0.08793690625560135,
        "parallel_requests_nb": 38
    }
}