{
    "1": {
        "speed_generation": [
            0.09231458768376744,
            6.526469898032271,
            0.08515225166109275
        ],
        "time_to_first_token": [
            0.02251911163330078,
            1.9354259967803955,
            0.0382540225982666
        ],
        "max_kv_cache": 0.01598301804332891,
        "parallel_requests_nb": 1
    },
    "2": {
        "speed_generation": [
            0.060877695052942826,
            3.6064937548185476,
            0.037531788123468246
        ],
        "time_to_first_token": [
            0.07253217697143555,
            3.7841920852661133,
            0.07333791255950928
        ],
        "max_kv_cache": 0.031966036086657934,
        "parallel_requests_nb": 2
    },
    "3": {
        "speed_generation": [
            0.014914008131003076,
            2.528099171731213,
            0.012736010949413235
        ],
        "time_to_first_token": [
            0.09844261407852173,
            5.666249513626099,
            0.033263206481933594
        ],
        "max_kv_cache": 0.047949054129986846,
        "parallel_requests_nb": 3
    },
    "4": {
        "speed_generation": [
            0.012207096663803041,
            1.9311023615816292,
            0.012266882653284794
        ],
        "time_to_first_token": [
            0.11852693557739258,
            5.731629848480225,
            1.8481342792510986
        ],
        "max_kv_cache": 0.06393207217331587,
        "parallel_requests_nb": 4
    },
    "6": {
        "speed_generation": [
            0.0055170644210520425,
            1.3224347051837007,
            0.009913469275822484
        ],
        "time_to_first_token": [
            3.5312650203704834,
            9.258733987808228,
            2.0215489864349365
        ],
        "max_kv_cache": 0.0958981082599738,
        "parallel_requests_nb": 6
    },
    "8": {
        "speed_generation": [
            0.0071265399185197476,
            1.0052202987836119,
            0.007522655927600708
        ],
        "time_to_first_token": [
            5.465287208557129,
            11.277360200881958,
            1.9351418018341064
        ],
        "max_kv_cache": 0.12786414434663174,
        "parallel_requests_nb": 8
    },
    "10": {
        "speed_generation": [
            0.006031137421234178,
            0.8107130065550113,
            0.0034034032687476623
        ],
        "time_to_first_token": [
            5.602632999420166,
            11.421808004379272,
            5.48456084728241
        ],
        "max_kv_cache": 0.15983018043328967,
        "parallel_requests_nb": 10
    },
    "14": {
        "speed_generation": [
            0.003587361635444042,
            0.581841981458391,
            0.003010988756933508
        ],
        "time_to_first_token": [
            5.7331249713897705,
            17.020371913909912,
            5.717831134796143
        ],
        "max_kv_cache": 0.22376225260660543,
        "parallel_requests_nb": 14
    },
    "18": {
        "speed_generation": [
            0.0016447617452122199,
            0.45614909034406226,
            0.000534956877935644
        ],
        "time_to_first_token": [
            9.383548974990845,
            20.775096893310547,
            7.513934135437012
        ],
        "max_kv_cache": 0.2876943247799213,
        "parallel_requests_nb": 18
    },
    "22": {
        "speed_generation": [
            0.000737774977615735,
            0.3732257102197837,
            0.0008026620523579053
        ],
        "time_to_first_token": [
            11.22270119190216,
            22.658233165740967,
            11.243230819702148
        ],
        "max_kv_cache": 0.35162639695323716,
        "parallel_requests_nb": 22
    },
    "26": {
        "speed_generation": [
            0.0003716449033111524,
            0.3177625711932079,
            0.0007599121460382663
        ],
        "time_to_first_token": [
            11.316712975502014,
            28.19034194946289,
            11.263186573982239
        ],
        "max_kv_cache": 0.41555846912655303,
        "parallel_requests_nb": 26
    },
    "30": {
        "speed_generation": [
            0.0004727300700300141,
            0.2750828394164876,
            0.0010545955280734098
        ],
        "time_to_first_token": [
            11.283830165863037,
            28.38534712791443,
            16.876957416534424
        ],
        "max_kv_cache": 0.4794905412998689,
        "parallel_requests_nb": 30
    },
    "34": {
        "speed_generation": [
            0.0008820802882230083,
            0.2424850844216844,
            0.00029913325025388016
        ],
        "time_to_first_token": [
            16.93285608291626,
            34.11788201332092,
            16.761219024658203
        ],
        "max_kv_cache": 0.5434226134731848,
        "parallel_requests_nb": 34
    },
    "38": {
        "speed_generation": [
            0.00022974548230048075,
            0.2177451519580755,
            0.00037245421622048025
        ],
        "time_to_first_token": [
            17.04615092277527,
            39.52110409736633,
            17.112167835235596
        ],
        "max_kv_cache": 0.6073546856465006,
        "parallel_requests_nb": 38
    }
}