{
    "1": {
        "speed_generation": [
            0.07175943650541683,
            30.74272618491166,
            0.04600850924359534
        ],
        "time_to_first_token": [
            0.004545748233795166,
            0.47100651264190674,
            0.005991876125335693
        ],
        "max_kv_cache": 0.009052881313604266,
        "parallel_requests_nb": 1
    },
    "2": {
        "speed_generation": [
            0.043374015939303234,
            25.621649611749486,
            0.06241034029288173
        ],
        "time_to_first_token": [
            0.017056822776794434,
            0.9063259363174438,
            0.013241827487945557
        ],
        "max_kv_cache": 0.017980895298745136,
        "parallel_requests_nb": 2
    },
    "3": {
        "speed_generation": [
            0.05295407031974264,
            24.057487447971134,
            0.1205321577939813
        ],
        "time_to_first_token": [
            0.4294150471687317,
            1.3626420497894287,
            0.01580709218978882
        ],
        "max_kv_cache": 0.027033776612349403,
        "parallel_requests_nb": 3
    },
    "4": {
        "speed_generation": [
            0.03943415359633917,
            23.13109947922645,
            0.19494460366290056
        ],
        "time_to_first_token": [
            0.3925212621688843,
            1.8019399642944336,
            0.023310184478759766
        ],
        "max_kv_cache": 0.03571205594056315,
        "parallel_requests_nb": 4
    },
    "6": {
        "speed_generation": [
            0.020095707004905705,
            21.45233168980701,
            0.09708690180421087
        ],
        "time_to_first_token": [
            0.40373939275741577,
            2.6855316162109375,
            0.04545950889587402
        ],
        "max_kv_cache": 0.053380782918149516,
        "parallel_requests_nb": 6
    },
    "8": {
        "speed_generation": [
            0.12900719512023429,
            20.143512933959645,
            0.0555008190612547
        ],
        "time_to_first_token": [
            1.2352708578109741,
            3.50969660282135,
            0.09550374746322632
        ],
        "max_kv_cache": 0.07104950989573577,
        "parallel_requests_nb": 8
    },
    "10": {
        "speed_generation": [
            0.0406210038828938,
            17.960261512765832,
            0.017974835735707018
        ],
        "time_to_first_token": [
            1.2011654376983643,
            4.438511848449707,
            0.07193112373352051
        ],
        "max_kv_cache": 0.0887806705375539,
        "parallel_requests_nb": 10
    }
}