{
    "1": {
        "speed_generation": [
            0.13764864417440847,
            28.685110950463113,
            0.1575482785871749
        ],
        "time_to_first_token": [
            0.040744006633758545,
            1.9506990909576416,
            0.02868884801864624
        ],
        "max_kv_cache": 0.01598301804332891,
        "parallel_requests_nb": 1
    },
    "2": {
        "speed_generation": [
            0.07436883161884111,
            22.52184762451656,
            0.07146768197402409
        ],
        "time_to_first_token": [
            0.04891306161880493,
            3.788893938064575,
            0.08690774440765381
        ],
        "max_kv_cache": 0.031966036086657934,
        "parallel_requests_nb": 2
    },
    "3": {
        "speed_generation": [
            0.03758864007599527,
            20.842349441577912,
            0.03639936081320272
        ],
        "time_to_first_token": [
            0.48254746198654175,
            5.616167664527893,
            0.0872035026550293
        ],
        "max_kv_cache": 0.047949054129986846,
        "parallel_requests_nb": 3
    },
    "4": {
        "speed_generation": [
            0.08988725308359591,
            19.275849729515286,
            0.0973128631655733
        ],
        "time_to_first_token": [
            0.026383399963378906,
            5.7634769678115845,
            1.7356092929840088
        ],
        "max_kv_cache": 0.06393207217331587,
        "parallel_requests_nb": 4
    },
    "6": {
        "speed_generation": [
            0.05467199877548978,
            16.368923128989255,
            0.08505052291838666
        ],
        "time_to_first_token": [
            3.6668819785118103,
            9.320692539215088,
            1.8591669201850891
        ],
        "max_kv_cache": 0.0958981082599738,
        "parallel_requests_nb": 6
    },
    "8": {
        "speed_generation": [
            0.05115529514136341,
            14.76378222808539,
            0.028056713818717327
        ],
        "time_to_first_token": [
            5.515903294086456,
            11.314121007919312,
            1.8166500329971313
        ],
        "max_kv_cache": 0.12786414434663174,
        "parallel_requests_nb": 8
    }
}