{
    "1": {
        "speed_generation": [
            0.13082680300188088,
            28.233757465667097,
            0.07298935348712376
        ],
        "time_to_first_token": [
            0.003721952438354492,
            0.46973085403442383,
            0.006420135498046875
        ],
        "max_kv_cache": 0.0056190297808578205,
        "parallel_requests_nb": 1
    },
    "2": {
        "speed_generation": [
            0.06499961838403578,
            22.437517260563798,
            0.07095319992266269
        ],
        "time_to_first_token": [
            0.02019190788269043,
            0.9074389934539795,
            0.010137796401977539
        ],
        "max_kv_cache": 0.010925891240556873,
        "parallel_requests_nb": 2
    },
    "3": {
        "speed_generation": [
            0.08954660629967037,
            20.016629056555725,
            0.1169917755092662
        ],
        "time_to_first_token": [
            0.43476104736328125,
            1.3448832035064697,
            0.029138803482055664
        ],
        "max_kv_cache": 0.016357620028719433,
        "parallel_requests_nb": 3
    },
    "4": {
        "speed_generation": [
            0.05997357716001517,
            18.383271679208534,
            0.05929672069775549
        ],
        "time_to_first_token": [
            0.06375408172607422,
            1.8220231533050537,
            0.014986753463745117
        ],
        "max_kv_cache": 0.021602047824186843,
        "parallel_requests_nb": 4
    },
    "6": {
        "speed_generation": [
            0.042184767618735464,
            15.634101322153438,
            0.06949512204847785
        ],
        "time_to_first_token": [
            0.05014300346374512,
            2.731231927871704,
            0.02199697494506836
        ],
        "max_kv_cache": 0.0322782044078167,
        "parallel_requests_nb": 6
    },
    "8": {
        "speed_generation": [
            0.06823650272050052,
            13.749719420352747,
            0.08076814478821781
        ],
        "time_to_first_token": [
            1.2105991840362549,
            3.5523431301116943,
            0.06137585639953613
        ],
        "max_kv_cache": 0.04314166198414182,
        "parallel_requests_nb": 8
    },
    "10": {
        "speed_generation": [
            0.07197324302565633,
            11.852487197836545,
            0.06543403369306589
        ],
        "time_to_first_token": [
            1.3002594709396362,
            4.439842939376831,
            0.0649266242980957
        ],
        "max_kv_cache": 0.05400511956046705,
        "parallel_requests_nb": 10
    },
    "14": {
        "speed_generation": [
            0.06547297468635449,
            9.888774490847414,
            0.04511892587803601
        ],
        "time_to_first_token": [
            2.637917995452881,
            6.254673004150391,
            0.07684195041656494
        ],
        "max_kv_cache": 0.07467066242117748,
        "parallel_requests_nb": 14
    },
    "18": {
        "speed_generation": [
            0.028923590735168148,
            7.94764096454149,
            0.21278122984789682
        ],
        "time_to_first_token": [
            3.461972951889038,
            8.01460886001587,
            0.5361630916595459
        ],
        "max_kv_cache": 0.09621027658113257,
        "parallel_requests_nb": 18
    },
    "22": {
        "speed_generation": [
            0.03506359712803864,
            6.962678346270537,
            0.02257819066850253
        ],
        "time_to_first_token": [
            2.577239990234375,
            9.062768936157227,
            0.4439980983734131
        ],
        "max_kv_cache": 0.11774989074108755,
        "parallel_requests_nb": 22
    },
    "26": {
        "speed_generation": [
            0.13169801798138536,
            6.160374963981254,
            0.048827727958618894
        ],
        "time_to_first_token": [
            2.6969356536865234,
            9.123355865478516,
            3.0853922367095947
        ],
        "max_kv_cache": 0.13903977024411562,
        "parallel_requests_nb": 26
    },
    "30": {
        "speed_generation": [
            0.10335345891588954,
            5.570374097604198,
            0.009458130022721
        ],
        "time_to_first_token": [
            1.9184210300445557,
            9.622704029083252,
            4.35682487487793
        ],
        "max_kv_cache": 0.16070425173253422,
        "parallel_requests_nb": 30
    },
    "34": {
        "speed_generation": [
            0.02532001021069874,
            4.653776800833332,
            0.010426273290630839
        ],
        "time_to_first_token": [
            6.198081016540527,
            12.732630014419556,
            2.2839741706848145
        ],
        "max_kv_cache": 0.18087032527939062,
        "parallel_requests_nb": 34
    },
    "38": {
        "speed_generation": [
            0.008292938963754715,
            4.334473140586279,
            0.01106783945405354
        ],
        "time_to_first_token": [
            4.534183979034424,
            12.72131609916687,
            3.517179012298584
        ],
        "max_kv_cache": 0.2022850721108822,
        "parallel_requests_nb": 38
    }
}