{
    "1": {
        "speed_generation": [
            0.09048469896972833,
            20.924127316609134,
            0.050764455769222394
        ],
        "time_to_first_token": [
            0.017309367656707764,
            1.930463433265686,
            0.03053760528564453
        ],
        "max_kv_cache": 0.01598301804332891,
        "parallel_requests_nb": 1
    },
    "2": {
        "speed_generation": [
            0.05929027265114328,
            14.27679430654526,
            0.11944808668515705
        ],
        "time_to_first_token": [
            0.05295896530151367,
            3.7768170833587646,
            0.06994831562042236
        ],
        "max_kv_cache": 0.031966036086657934,
        "parallel_requests_nb": 2
    },
    "3": {
        "speed_generation": [
            0.06300345418953412,
            11.559749956583296,
            0.06540668871186739
        ],
        "time_to_first_token": [
            0.11828285455703735,
            5.6439595222473145,
            0.0860292911529541
        ],
        "max_kv_cache": 0.047949054129986846,
        "parallel_requests_nb": 3
    },
    "4": {
        "speed_generation": [
            0.06715343504325588,
            9.740829316981547,
            0.03313700413633036
        ],
        "time_to_first_token": [
            0.15500283241271973,
            5.781611919403076,
            1.7846832275390625
        ],
        "max_kv_cache": 0.06393207217331587,
        "parallel_requests_nb": 4
    },
    "6": {
        "speed_generation": [
            0.017116376419423318,
            7.238448699545404,
            0.03514480572256051
        ],
        "time_to_first_token": [
            3.722912073135376,
            9.383784055709839,
            1.946274757385254
        ],
        "max_kv_cache": 0.0958981082599738,
        "parallel_requests_nb": 6
    },
    "8": {
        "speed_generation": [
            0.012445675049584715,
            5.874143448993742,
            0.017433200829279905
        ],
        "time_to_first_token": [
            5.4261369705200195,
            11.249309062957764,
            1.9084417819976807
        ],
        "max_kv_cache": 0.12786414434663174,
        "parallel_requests_nb": 8
    },
    "10": {
        "speed_generation": [
            0.015276924314387763,
            4.812480031137151,
            0.044490740701887965
        ],
        "time_to_first_token": [
            5.576272964477539,
            11.349782943725586,
            5.555763602256775
        ],
        "max_kv_cache": 0.15983018043328967,
        "parallel_requests_nb": 10
    },
    "14": {
        "speed_generation": [
            0.004484515204077333,
            3.6849243546791217,
            0.022005202793561995
        ],
        "time_to_first_token": [
            5.625290155410767,
            16.90218710899353,
            5.660272836685181
        ],
        "max_kv_cache": 0.22376225260660543,
        "parallel_requests_nb": 14
    },
    "18": {
        "speed_generation": [
            0.008077129832318786,
            2.8987225729757986,
            0.011929952607208971
        ],
        "time_to_first_token": [
            9.797843933105469,
            21.2620849609375,
            7.055908203125
        ],
        "max_kv_cache": 0.2876943247799213,
        "parallel_requests_nb": 18
    },
    "22": {
        "speed_generation": [
            0.020298331871758002,
            2.43226414770541,
            0.005636197721651026
        ],
        "time_to_first_token": [
            10.922876119613647,
            22.687664031982422,
            11.068650960922241
        ],
        "max_kv_cache": 0.35162639695323716,
        "parallel_requests_nb": 22
    },
    "26": {
        "speed_generation": [
            0.004383592117506385,
            2.0913400597730285,
            0.009009525562871712
        ],
        "time_to_first_token": [
            13.199843883514404,
            28.38466191291809,
            11.33237624168396
        ],
        "max_kv_cache": 0.41555846912655303,
        "parallel_requests_nb": 26
    },
    "30": {
        "speed_generation": [
            0.012280716491293697,
            1.8382171052092307,
            0.0024487619340936018
        ],
        "time_to_first_token": [
            11.92656421661377,
            28.982474088668823,
            16.29737687110901
        ],
        "max_kv_cache": 0.4794905412998689,
        "parallel_requests_nb": 30
    },
    "34": {
        "speed_generation": [
            0.0024631318103573996,
            1.5932720899460886,
            0.0014017498761327296
        ],
        "time_to_first_token": [
            16.826409339904785,
            33.99146819114685,
            16.900904297828674
        ],
        "max_kv_cache": 0.5434226134731848,
        "parallel_requests_nb": 34
    },
    "38": {
        "speed_generation": [
            0.0016869026680490506,
            1.4487528610000453,
            0.0011522655834435014
        ],
        "time_to_first_token": [
            18.93630301952362,
            39.66007089614868,
            16.996207118034363
        ],
        "max_kv_cache": 0.6073546856465006,
        "parallel_requests_nb": 38
    }
}