{
    "1": {
        "speed_generation": [
            0.16265267019782925,
            62.84242901333319,
            0.22026737652678463
        ],
        "time_to_first_token": [
            0.004400432109832764,
            0.3842674493789673,
            0.006596863269805908
        ],
        "max_kv_cache": 0.009313899751155374,
        "parallel_requests_nb": 1
    },
    "2": {
        "speed_generation": [
            0.18316866300224177,
            53.276314830150504,
            0.1656957388054323
        ],
        "time_to_first_token": [
            0.011142194271087646,
            0.4549674987792969,
            0.03367501497268677
        ],
        "max_kv_cache": 0.01845005332385352,
        "parallel_requests_nb": 2
    },
    "3": {
        "speed_generation": [
            0.21081164781542583,
            45.60389246785724,
            0.14650255439370596
        ],
        "time_to_first_token": [
            0.02317500114440918,
            0.48070812225341797,
            0.04967975616455078
        ],
        "max_kv_cache": 0.02758620689655178,
        "parallel_requests_nb": 3
    },
    "4": {
        "speed_generation": [
            0.18103757737911508,
            41.14089539717213,
            0.16178526049681352
        ],
        "time_to_first_token": [
            0.059914350509643555,
            0.5233856439590454,
            0.012802302837371826
        ],
        "max_kv_cache": 0.036829008176324174,
        "parallel_requests_nb": 4
    },
    "6": {
        "speed_generation": [
            0.1154438147648662,
            32.89750985017923,
            0.11942096112004208
        ],
        "time_to_first_token": [
            0.04350996017456055,
            0.5355648994445801,
            0.009608983993530273
        ],
        "max_kv_cache": 0.05488801990757197,
        "parallel_requests_nb": 6
    },
    "8": {
        "speed_generation": [
            0.09174753599754837,
            28.337013166120556,
            0.09803498247003617
        ],
        "time_to_first_token": [
            0.06021928787231445,
            0.5441509485244751,
            0.011037111282348633
        ],
        "max_kv_cache": 0.07280483469605403,
        "parallel_requests_nb": 8
    },
    "10": {
        "speed_generation": [
            0.4361766024082989,
            14.220768829818688,
            0.2533709056889446
        ],
        "time_to_first_token": [
            0.05227303504943848,
            0.7886629104614258,
            0.08231520652770996
        ],
        "max_kv_cache": 0.09079274795591896,
        "parallel_requests_nb": 10
    },
    "14": {
        "speed_generation": [
            0.30432676534416814,
            11.535797644141736,
            0.27792270156377263
        ],
        "time_to_first_token": [
            0.2162715196609497,
            1.262131929397583,
            0.18808472156524658
        ],
        "max_kv_cache": 0.12655527906150021,
        "parallel_requests_nb": 14
    },
    "18": {
        "speed_generation": [
            0.07169119953281466,
            11.211926651121221,
            0.035591036882284044
        ],
        "time_to_first_token": [
            0.025265276432037354,
            1.3117215633392334,
            0.07143718004226685
        ],
        "max_kv_cache": 0.16135798080341268,
        "parallel_requests_nb": 18
    },
    "22": {
        "speed_generation": [
            0.033724706111232905,
            9.17826561137191,
            0.04125266143811501
        ],
        "time_to_first_token": [
            0.0584409236907959,
            3.854828953742981,
            0.043878138065338135
        ],
        "max_kv_cache": 0.16164237468894416,
        "parallel_requests_nb": 22
    },
    "26": {
        "speed_generation": [
            0.0407122501723336,
            7.76361918728073,
            0.04167570921914532
        ],
        "time_to_first_token": [
            0.06794881820678711,
            6.393308877944946,
            0.050733089447021484
        ],
        "max_kv_cache": 0.16150017774617842,
        "parallel_requests_nb": 26
    },
    "30": {
        "speed_generation": [
            0.022956455536791154,
            6.70883324699216,
            0.03439540561014276
        ],
        "time_to_first_token": [
            0.06507629156112671,
            8.955409526824951,
            0.04477483034133911
        ],
        "max_kv_cache": 0.16167792392463565,
        "parallel_requests_nb": 30
    },
    "34": {
        "speed_generation": [
            0.02296828732113454,
            5.940618787752885,
            0.027249309902822816
        ],
        "time_to_first_token": [
            0.06712603569030762,
            11.45847201347351,
            0.043823957443237305
        ],
        "max_kv_cache": 0.1615357269818699,
        "parallel_requests_nb": 34
    },
    "38": {
        "speed_generation": [
            0.020719497127947406,
            5.311542843581684,
            0.02237397797450491
        ],
        "time_to_first_token": [
            0.05915176868438721,
            14.002117991447449,
            0.09602749347686768
        ],
        "max_kv_cache": 0.1615712762175613,
        "parallel_requests_nb": 38
    }
}