{
    "1": {
        "speed_generation": [
            0.34757118645130447,
            77.44218491732515,
            0.06310413748053634
        ],
        "time_to_first_token": [
            0.00135040283203125,
            0.10444462299346924,
            0.0022034049034118652
        ],
        "max_kv_cache": 0.004621400639886253,
        "parallel_requests_nb": 1
    },
    "2": {
        "speed_generation": [
            0.15065712996585034,
            75.95101625155635,
            0.271043360325109
        ],
        "time_to_first_token": [
            0.011042594909667969,
            0.15231692790985107,
            0.028997182846069336
        ],
        "max_kv_cache": 0.009171702808389637,
        "parallel_requests_nb": 2
    },
    "3": {
        "speed_generation": [
            0.36646224393616933,
            68.74963197457522,
            0.08475578754213586
        ],
        "time_to_first_token": [
            0.03858292102813721,
            0.17860198020935059,
            0.033001065254211426
        ],
        "max_kv_cache": 0.01368645574120153,
        "parallel_requests_nb": 3
    },
    "4": {
        "speed_generation": [
            0.1932023307959838,
            68.29811126535594,
            0.1334394472943785
        ],
        "time_to_first_token": [
            0.038262128829956055,
            0.18867921829223633,
            0.024760007858276367
        ],
        "max_kv_cache": 0.018201208674013536,
        "parallel_requests_nb": 4
    },
    "6": {
        "speed_generation": [
            0.2606045878625025,
            64.61144197168363,
            0.2802052403089874
        ],
        "time_to_first_token": [
            0.03348684310913086,
            0.16484284400939941,
            0.042713165283203125
        ],
        "max_kv_cache": 0.027301813011020304,
        "parallel_requests_nb": 6
    },
    "8": {
        "speed_generation": [
            0.3260503569004385,
            64.01163789620954,
            0.09329020729001058
        ],
        "time_to_first_token": [
            0.027264833450317383,
            0.198746919631958,
            0.03166007995605469
        ],
        "max_kv_cache": 0.036153572698186975,
        "parallel_requests_nb": 8
    },
    "10": {
        "speed_generation": [
            0.5326893360497991,
            61.79894199268351,
            0.2569172547415235
        ],
        "time_to_first_token": [
            0.027949094772338867,
            0.2125554084777832,
            0.04599761962890625
        ],
        "max_kv_cache": 0.045218627799502364,
        "parallel_requests_nb": 10
    },
    "14": {
        "speed_generation": [
            0.4749097543527938,
            58.5176827546013,
            0.26552817676414264
        ],
        "time_to_first_token": [
            0.03648555278778076,
            0.23889708518981934,
            0.038561344146728516
        ],
        "max_kv_cache": 0.06302879488091007,
        "parallel_requests_nb": 14
    },
    "18": {
        "speed_generation": [
            0.16189904682881462,
            52.25179703753535,
            0.12661636419326783
        ],
        "time_to_first_token": [
            0.02192509174346924,
            0.22692203521728516,
            0.050364017486572266
        ],
        "max_kv_cache": 0.08094560966939213,
        "parallel_requests_nb": 18
    },
    "22": {
        "speed_generation": [
            0.6812977428129443,
            50.28908594997129,
            0.15359032133594042
        ],
        "time_to_first_token": [
            0.057927846908569336,
            0.27399301528930664,
            0.011506080627441406
        ],
        "max_kv_cache": 0.09861357980803409,
        "parallel_requests_nb": 22
    },
    "26": {
        "speed_generation": [
            0.21810256837073894,
            47.62910539538519,
            0.299208432047088
        ],
        "time_to_first_token": [
            0.028572559356689453,
            0.24352097511291504,
            0.04133951663970947
        ],
        "max_kv_cache": 0.11635264841805903,
        "parallel_requests_nb": 26
    },
    "30": {
        "speed_generation": [
            0.1472755551217304,
            42.98513655736256,
            0.09365430856033186
        ],
        "time_to_first_token": [
            0.0486299991607666,
            0.2857840061187744,
            0.012616872787475586
        ],
        "max_kv_cache": 0.1340561677923925,
        "parallel_requests_nb": 30
    },
    "34": {
        "speed_generation": [
            0.06295072268924429,
            13.49177470440663,
            0.02485586598091416
        ],
        "time_to_first_token": [
            0.07041645050048828,
            0.530627965927124,
            0.3069530725479126
        ],
        "max_kv_cache": 0.1513686455741201,
        "parallel_requests_nb": 34
    },
    "38": {
        "speed_generation": [
            0.0447058105054694,
            13.0729297582757,
            0.02392519847411556
        ],
        "time_to_first_token": [
            0.02160799503326416,
            0.4975740909576416,
            0.09597694873809814
        ],
        "max_kv_cache": 0.1683256309989335,
        "parallel_requests_nb": 38
    }
}