{
    "1": {
        "speed_generation": [
            0.33326307304250236,
            79.35395859476978,
            0.20859589595950467
        ],
        "time_to_first_token": [
            0.000688016414642334,
            0.03227102756500244,
            0.0009191632270812988
        ],
        "max_kv_cache": 0.000462140063988592,
        "parallel_requests_nb": 1
    },
    "2": {
        "speed_generation": [
            0.21343669386179442,
            78.17897796235236,
            0.24110006761559077
        ],
        "time_to_first_token": [
            0.003282785415649414,
            0.03930187225341797,
            0.0028696060180664062
        ],
        "max_kv_cache": 0.0008531816565944261,
        "parallel_requests_nb": 2
    },
    "3": {
        "speed_generation": [
            0.250918338505258,
            77.26387200342997,
            0.21164745824613362
        ],
        "time_to_first_token": [
            0.002901017665863037,
            0.04133450984954834,
            0.003577709197998047
        ],
        "max_kv_cache": 0.001315321720583018,
        "parallel_requests_nb": 3
    },
    "4": {
        "speed_generation": [
            0.20559169683784262,
            76.4299991970785,
            0.23360285371613543
        ],
        "time_to_first_token": [
            0.002917766571044922,
            0.04233884811401367,
            0.0032520294189453125
        ],
        "max_kv_cache": 0.0017063633131887412,
        "parallel_requests_nb": 4
    },
    "6": {
        "speed_generation": [
            0.3506983993113977,
            75.059268370235,
            0.3443785188894992
        ],
        "time_to_first_token": [
            0.005040764808654785,
            0.049329400062561035,
            0.004186272621154785
        ],
        "max_kv_cache": 0.0025239957340916774,
        "parallel_requests_nb": 6
    },
    "8": {
        "speed_generation": [
            0.2563241057145973,
            73.9561648663037,
            0.30964923863547256
        ],
        "time_to_first_token": [
            0.0060007572174072266,
            0.05328702926635742,
            0.00644916296005249
        ],
        "max_kv_cache": 0.0034127266263774825,
        "parallel_requests_nb": 8
    },
    "10": {
        "speed_generation": [
            0.3530284489510791,
            72.42362657707412,
            0.2917152586524452
        ],
        "time_to_first_token": [
            0.007253706455230713,
            0.05659842491149902,
            0.007380485534667969
        ],
        "max_kv_cache": 0.00423035904728053,
        "parallel_requests_nb": 10
    },
    "14": {
        "speed_generation": [
            0.2745239858201245,
            69.8395102853236,
            0.26159073902853436
        ],
        "time_to_first_token": [
            0.012660026550292969,
            0.06866204738616943,
            0.011797487735748291
        ],
        "max_kv_cache": 0.005936722360469271,
        "parallel_requests_nb": 14
    },
    "18": {
        "speed_generation": [
            0.2675231010331913,
            64.31286617811568,
            0.3796260981740005
        ],
        "time_to_first_token": [
            0.014815270900726318,
            0.0801398754119873,
            0.00982677936553955
        ],
        "max_kv_cache": 0.007571987202275143,
        "parallel_requests_nb": 18
    },
    "22": {
        "speed_generation": [
            0.522326058258372,
            63.06975100701719,
            0.4540894735903578
        ],
        "time_to_first_token": [
            0.01976829767227173,
            0.07602345943450928,
            0.014361858367919922
        ],
        "max_kv_cache": 0.008816210451475293,
        "parallel_requests_nb": 22
    },
    "26": {
        "speed_generation": [
            0.5157473718458618,
            61.17548087431034,
            0.3050393954821544
        ],
        "time_to_first_token": [
            0.0178602933883667,
            0.07768905162811279,
            0.01833975315093994
        ],
        "max_kv_cache": 0.010380376821898296,
        "parallel_requests_nb": 26
    },
    "30": {
        "speed_generation": [
            0.26304194359823185,
            59.88854727674217,
            0.24177728353331673
        ],
        "time_to_first_token": [
            0.022917747497558594,
            0.10526800155639648,
            0.010895252227783203
        ],
        "max_kv_cache": 0.012122289370778527,
        "parallel_requests_nb": 30
    },
    "34": {
        "speed_generation": [
            0.311566948804753,
            60.12436663868942,
            0.2999293337105442
        ],
        "time_to_first_token": [
            0.027691662311553955,
            0.1087186336517334,
            0.01382601261138916
        ],
        "max_kv_cache": 0.01368645574120153,
        "parallel_requests_nb": 34
    },
    "38": {
        "speed_generation": [
            0.5856483547414228,
            58.36883820228761,
            0.2894778533651703
        ],
        "time_to_first_token": [
            0.03225207328796387,
            0.10280311107635498,
            0.018556296825408936
        ],
        "max_kv_cache": 0.015001777461784549,
        "parallel_requests_nb": 38
    }
}