{
    "1": {
        "speed_generation": [
            0.24736907348031423,
            74.48759724263513,
            0.15061443088437443
        ],
        "time_to_first_token": [
            0.0048743486404418945,
            0.3856019973754883,
            0.0068666934967041016
        ],
        "max_kv_cache": 0.011269107714184101,
        "parallel_requests_nb": 1
    },
    "2": {
        "speed_generation": [
            0.28480039932438217,
            70.1209230443449,
            0.111815838768905
        ],
        "time_to_first_token": [
            0.01529395580291748,
            0.46093642711639404,
            0.05011749267578125
        ],
        "max_kv_cache": 0.022360469249911086,
        "parallel_requests_nb": 2
    },
    "3": {
        "speed_generation": [
            0.32216431863883344,
            64.07684003977539,
            0.1362023668407204
        ],
        "time_to_first_token": [
            0.05715799331665039,
            0.5177640914916992,
            0.01906108856201172
        ],
        "max_kv_cache": 0.03352292925702094,
        "parallel_requests_nb": 3
    },
    "4": {
        "speed_generation": [
            0.34502269604443825,
            62.257342852899015,
            0.18024246972861846
        ],
        "time_to_first_token": [
            0.05924701690673828,
            0.5254580974578857,
            0.00833272933959961
        ],
        "max_kv_cache": 0.044614290792747924,
        "parallel_requests_nb": 4
    },
    "6": {
        "speed_generation": [
            0.22906836601501368,
            53.404321990600025,
            0.19382682683252028
        ],
        "time_to_first_token": [
            0.03954958915710449,
            0.5402860641479492,
            0.015347003936767578
        ],
        "max_kv_cache": 0.06654816921436191,
        "parallel_requests_nb": 6
    },
    "8": {
        "speed_generation": [
            0.1644953217050542,
            50.53720928322536,
            0.0642415014583122
        ],
        "time_to_first_token": [
            0.024187088012695312,
            0.5545690059661865,
            0.014251947402954102
        ],
        "max_kv_cache": 0.08869534305012439,
        "parallel_requests_nb": 8
    },
    "10": {
        "speed_generation": [
            0.11535288257978848,
            13.722671455195705,
            0.051456582636888015
        ],
        "time_to_first_token": [
            0.04765421152114868,
            0.805014967918396,
            0.44964444637298584
        ],
        "max_kv_cache": 0.11041592605758976,
        "parallel_requests_nb": 10
    },
    "14": {
        "speed_generation": [
            0.06069720531907308,
            13.05457398764868,
            0.07553320068382519
        ],
        "time_to_first_token": [
            0.3461434841156006,
            1.569735050201416,
            0.952182412147522
        ],
        "max_kv_cache": 0.15428368290081762,
        "parallel_requests_nb": 14
    },
    "18": {
        "speed_generation": [
            0.024843172082631426,
            13.006528091265084,
            0.09080174754321213
        ],
        "time_to_first_token": [
            0.05743718147277832,
            1.0428330898284912,
            0.19269335269927979
        ],
        "max_kv_cache": 0.1974049057945254,
        "parallel_requests_nb": 18
    },
    "22": {
        "speed_generation": [
            0.01593222872483757,
            13.012921013958408,
            0.029299733816241513
        ],
        "time_to_first_token": [
            0.0518183708190918,
            0.983543872833252,
            0.11518478393554688
        ],
        "max_kv_cache": 0.24009953785993599,
        "parallel_requests_nb": 22
    },
    "26": {
        "speed_generation": [
            0.023704048567013913,
            12.771132299292917,
            0.09856198413380746
        ],
        "time_to_first_token": [
            0.07450902462005615,
            1.0180540084838867,
            0.215021014213562
        ],
        "max_kv_cache": 0.28307856381087804,
        "parallel_requests_nb": 26
    },
    "30": {
        "speed_generation": [
            0.035377675408142295,
            12.4948923894727,
            0.03975918377636489
        ],
        "time_to_first_token": [
            0.08578991889953613,
            1.1662249565124512,
            0.18675506114959717
        ],
        "max_kv_cache": 0.3255243512264486,
        "parallel_requests_nb": 30
    },
    "34": {
        "speed_generation": [
            0.04906178708249165,
            12.315886337158636,
            0.06701906029946691
        ],
        "time_to_first_token": [
            0.24303007125854492,
            1.3052561283111572,
            0.3346583843231201
        ],
        "max_kv_cache": 0.3671525062211163,
        "parallel_requests_nb": 34
    },
    "38": {
        "speed_generation": [
            0.04489436104521438,
            12.13620281279142,
            0.041880438185291524
        ],
        "time_to_first_token": [
            0.06441617012023926,
            1.1445720195770264,
            0.5562145709991455
        ],
        "max_kv_cache": 0.4088873089228582,
        "parallel_requests_nb": 38
    }
}