{
    "1": {
        "speed_generation": [
            0.2756343917328934,
            77.99694503888436,
            0.29903446567897163
        ],
        "time_to_first_token": [
            0.0074880123138427734,
            0.23749899864196777,
            0.0018069744110107422
        ],
        "max_kv_cache": 0.015946610467158395,
        "parallel_requests_nb": 1
    },
    "2": {
        "speed_generation": [
            0.471546748776575,
            67.25881753369137,
            0.5438402902749715
        ],
        "time_to_first_token": [
            0.1638474464416504,
            0.4291069507598877,
            0.017101526260375977
        ],
        "max_kv_cache": 0.0315419740077274,
        "parallel_requests_nb": 2
    },
    "3": {
        "speed_generation": [
            0.29610373120626576,
            59.616765466997016,
            0.2690528943494286
        ],
        "time_to_first_token": [
            0.19291996955871582,
            0.6370968818664551,
            0.012763023376464844
        ],
        "max_kv_cache": 0.04734808570425009,
        "parallel_requests_nb": 3
    },
    "4": {
        "speed_generation": [
            0.23209456165950826,
            53.7462174137769,
            0.2505343582855275
        ],
        "time_to_first_token": [
            0.37552428245544434,
            0.8541691303253174,
            0.011937856674194336
        ],
        "max_kv_cache": 0.06266245170354756,
        "parallel_requests_nb": 4
    },
    "6": {
        "speed_generation": [
            0.1941047380546621,
            43.84112793352969,
            0.14592512900437526
        ],
        "time_to_first_token": [
            0.18111896514892578,
            1.2957570552825928,
            0.015188932418823242
        ],
        "max_kv_cache": 0.09350193185809619,
        "parallel_requests_nb": 6
    },
    "8": {
        "speed_generation": [
            0.16015599792196156,
            37.641810320711016,
            0.16409943847433084
        ],
        "time_to_first_token": [
            0.1425919532775879,
            1.714507818222046,
            0.017243146896362305
        ],
        "max_kv_cache": 0.12511415525114156,
        "parallel_requests_nb": 8
    },
    "10": {
        "speed_generation": [
            0.10109112985163016,
            10.774653719309338,
            0.16194695681095794
        ],
        "time_to_first_token": [
            0.06736564636230469,
            2.1293671131134033,
            0.04889631271362305
        ],
        "max_kv_cache": 0.15553213909378294,
        "parallel_requests_nb": 10
    },
    "14": {
        "speed_generation": [
            0.10709778420290306,
            10.08852511188553,
            0.15029455826507032
        ],
        "time_to_first_token": [
            0.07860910892486572,
            2.945129156112671,
            0.0952138900756836
        ],
        "max_kv_cache": 0.2181945907973305,
        "parallel_requests_nb": 14
    },
    "18": {
        "speed_generation": [
            0.05808136110558948,
            9.420924496332704,
            0.07556487576993831
        ],
        "time_to_first_token": [
            0.3805122375488281,
            3.853610038757324,
            0.16726303100585938
        ],
        "max_kv_cache": 0.27924130663856694,
        "parallel_requests_nb": 18
    },
    "22": {
        "speed_generation": [
            0.05912600606780316,
            8.81932451714498,
            0.051456885061336166
        ],
        "time_to_first_token": [
            0.11300897598266602,
            4.79654598236084,
            0.11081409454345703
        ],
        "max_kv_cache": 0.3402880224798033,
        "parallel_requests_nb": 22
    },
    "26": {
        "speed_generation": [
            0.04314014210238426,
            8.335366238869513,
            0.0469850562495715
        ],
        "time_to_first_token": [
            1.2906605005264282,
            5.600944995880127,
            0.09626591205596924
        ],
        "max_kv_cache": 0.40330172110994034,
        "parallel_requests_nb": 26
    },
    "30": {
        "speed_generation": [
            0.06846405586735038,
            7.9239969442325995,
            0.04350705665356447
        ],
        "time_to_first_token": [
            0.1502518653869629,
            6.472257852554321,
            0.0794529914855957
        ],
        "max_kv_cache": 0.4646294344924482,
        "parallel_requests_nb": 30
    },
    "34": {
        "speed_generation": [
            0.12738833179856535,
            7.50075049291221,
            0.0793689016728516
        ],
        "time_to_first_token": [
            0.20961201190948486,
            7.295368909835815,
            0.19717764854431152
        ],
        "max_kv_cache": 0.5260976466455918,
        "parallel_requests_nb": 34
    },
    "38": {
        "speed_generation": [
            0.09318771926024993,
            7.087875806822595,
            0.05875249110441416
        ],
        "time_to_first_token": [
            0.12519407272338867,
            8.241276025772095,
            0.14689898490905762
        ],
        "max_kv_cache": 0.5877063575693713,
        "parallel_requests_nb": 38
    }
}