{
    "1": {
        "speed_generation": [
            0.2544790468325715,
            92.08493383339874,
            0.11407928450120153
        ],
        "time_to_first_token": [
            0.0006522536277770996,
            0.042722105979919434,
            0.0008147954940795898
        ],
        "max_kv_cache": 0.004776958201615722,
        "parallel_requests_nb": 1
    },
    "2": {
        "speed_generation": [
            0.19117424551124884,
            92.22243367754858,
            0.13675906525567427
        ],
        "time_to_first_token": [
            0.0037102103233337402,
            0.055805087089538574,
            0.003032088279724121
        ],
        "max_kv_cache": 0.009553916403231444,
        "parallel_requests_nb": 2
    },
    "3": {
        "speed_generation": [
            0.27108967094433467,
            91.34689666069147,
            0.18715163252865352
        ],
        "time_to_first_token": [
            0.003047943115234375,
            0.05854296684265137,
            0.003007173538208008
        ],
        "max_kv_cache": 0.01426062521952931,
        "parallel_requests_nb": 3
    },
    "4": {
        "speed_generation": [
            0.4085485878089372,
            90.25385241888681,
            0.3270038219992841
        ],
        "time_to_first_token": [
            0.004262685775756836,
            0.051277875900268555,
            0.006133079528808594
        ],
        "max_kv_cache": 0.018826835265191466,
        "parallel_requests_nb": 4
    },
    "6": {
        "speed_generation": [
            0.3365612845647803,
            88.54604931629869,
            0.14081796636587285
        ],
        "time_to_first_token": [
            0.005797624588012695,
            0.0674750804901123,
            0.005552411079406738
        ],
        "max_kv_cache": 0.02838075166842291,
        "parallel_requests_nb": 6
    },
    "8": {
        "speed_generation": [
            0.21165712953548166,
            87.24098135171738,
            0.21027455561412012
        ],
        "time_to_first_token": [
            0.005194902420043945,
            0.07490801811218262,
            0.005579948425292969
        ],
        "max_kv_cache": 0.03779416930101864,
        "parallel_requests_nb": 8
    },
    "10": {
        "speed_generation": [
            0.3027946195846454,
            83.90136086308688,
            0.498063801599713
        ],
        "time_to_first_token": [
            0.007021903991699219,
            0.06726288795471191,
            0.007536172866821289
        ],
        "max_kv_cache": 0.047207586933614376,
        "parallel_requests_nb": 10
    },
    "14": {
        "speed_generation": [
            0.394529393499667,
            82.19842118883592,
            0.17365048096134217
        ],
        "time_to_first_token": [
            0.007113337516784668,
            0.09836888313293457,
            0.006282448768615723
        ],
        "max_kv_cache": 0.06617492096944155,
        "parallel_requests_nb": 14
    },
    "18": {
        "speed_generation": [
            0.2967116118796582,
            77.71440846598804,
            0.5307603089419786
        ],
        "time_to_first_token": [
            0.010236263275146484,
            0.11620903015136719,
            0.007658958435058594
        ],
        "max_kv_cache": 0.08521250439058659,
        "parallel_requests_nb": 18
    },
    "22": {
        "speed_generation": [
            0.8866411902821341,
            75.5010579681374,
            0.24127653543754946
        ],
        "time_to_first_token": [
            0.01474905014038086,
            0.0999150276184082,
            0.026422500610351562
        ],
        "max_kv_cache": 0.10375834211450652,
        "parallel_requests_nb": 22
    },
    "26": {
        "speed_generation": [
            0.946626188531809,
            75.22730415674567,
            0.31152564776357394
        ],
        "time_to_first_token": [
            0.012341856956481934,
            0.15132594108581543,
            0.010210990905761719
        ],
        "max_kv_cache": 0.1228661749209694,
        "parallel_requests_nb": 26
    },
    "30": {
        "speed_generation": [
            3.1648569889653118,
            73.4812171511223,
            0.283630595413328
        ],
        "time_to_first_token": [
            0.018856167793273926,
            0.16907906532287598,
            0.011608362197875977
        ],
        "max_kv_cache": 0.14169301018616087,
        "parallel_requests_nb": 30
    },
    "34": {
        "speed_generation": [
            1.8626161581394598,
            55.55217707794177,
            0.38987386209242914
        ],
        "time_to_first_token": [
            0.02148723602294922,
            0.22390103340148926,
            0.033930063247680664
        ],
        "max_kv_cache": 0.16051984545135234,
        "parallel_requests_nb": 34
    },
    "38": {
        "speed_generation": [
            0.5373152288616865,
            40.51557653245982,
            0.4813246509326845
        ],
        "time_to_first_token": [
            0.04579353332519531,
            0.2632560729980469,
            0.04776489734649658
        ],
        "max_kv_cache": 0.17927643133122584,
        "parallel_requests_nb": 38
    }
}