{
    "1": {
        "speed_generation": [
            1.5475854259513255,
            67.59739034245615,
            0.4101421943816774
        ],
        "time_to_first_token": [
            0.005774140357971191,
            0.07020401954650879,
            0.0040073394775390625
        ],
        "max_kv_cache": 0.004214963119072657,
        "parallel_requests_nb": 1
    },
    "2": {
        "speed_generation": [
            0.6578780596840659,
            54.31508219981595,
            1.1064021885519537
        ],
        "time_to_first_token": [
            0.01566535234451294,
            0.11056435108184814,
            0.010839879512786865
        ],
        "max_kv_cache": 0.008078679311556036,
        "parallel_requests_nb": 2
    },
    "3": {
        "speed_generation": [
            0.7918370191004271,
            46.617686969017946,
            0.8188611021660037
        ],
        "time_to_first_token": [
            0.05299651622772217,
            0.16009843349456787,
            0.007637500762939453
        ],
        "max_kv_cache": 0.011942395504039305,
        "parallel_requests_nb": 3
    },
    "4": {
        "speed_generation": [
            0.6309115369112703,
            40.09789770034864,
            0.767241261052348
        ],
        "time_to_first_token": [
            0.05360954999923706,
            0.2121950387954712,
            0.008473396301269531
        ],
        "max_kv_cache": 0.01601685985247625,
        "parallel_requests_nb": 4
    },
    "6": {
        "speed_generation": [
            0.4507550874950148,
            31.59420883127621,
            0.45724630546257927
        ],
        "time_to_first_token": [
            0.019201815128326416,
            0.3158680200576782,
            0.008131206035614014
        ],
        "max_kv_cache": 0.023674042852125043,
        "parallel_requests_nb": 6
    },
    "8": {
        "speed_generation": [
            0.42991257819289075,
            26.160842492531934,
            0.4029625172817006
        ],
        "time_to_first_token": [
            0.01315462589263916,
            0.4247760772705078,
            0.008736193180084229
        ],
        "max_kv_cache": 0.03161222339304526,
        "parallel_requests_nb": 8
    },
    "10": {
        "speed_generation": [
            0.2678155416256338,
            22.284124654989924,
            0.26023804765539893
        ],
        "time_to_first_token": [
            0.01290208101272583,
            0.5231045484542847,
            0.010500311851501465
        ],
        "max_kv_cache": 0.03912890762205834,
        "parallel_requests_nb": 10
    },
    "14": {
        "speed_generation": [
            0.19574364772513064,
            17.463950943128662,
            0.18583170204515298
        ],
        "time_to_first_token": [
            0.012547671794891357,
            0.7154743671417236,
            0.009371817111968994
        ],
        "max_kv_cache": 0.05486476993326306,
        "parallel_requests_nb": 14
    },
    "18": {
        "speed_generation": [
            0.11540346262956724,
            13.921396408960142,
            0.11337375023505025
        ],
        "time_to_first_token": [
            0.012003064155578613,
            0.9312340021133423,
            0.010367810726165771
        ],
        "max_kv_cache": 0.07046013347383207,
        "parallel_requests_nb": 18
    },
    "22": {
        "speed_generation": [
            0.13495475636585041,
            11.582427691081726,
            0.13030512984280307
        ],
        "time_to_first_token": [
            0.02059251070022583,
            1.1579445600509644,
            0.014787673950195312
        ],
        "max_kv_cache": 0.08563400070249383,
        "parallel_requests_nb": 22
    },
    "26": {
        "speed_generation": [
            0.10522622943699211,
            9.996818746642303,
            0.16937412849720346
        ],
        "time_to_first_token": [
            0.02047598361968994,
            1.372907042503357,
            0.0229683518409729
        ],
        "max_kv_cache": 0.10115911485774498,
        "parallel_requests_nb": 26
    },
    "30": {
        "speed_generation": [
            0.08128292450624919,
            8.712010918580079,
            0.10872348212348193
        ],
        "time_to_first_token": [
            0.030981004238128662,
            1.6141055822372437,
            0.020379960536956787
        ],
        "max_kv_cache": 0.11661397962767828,
        "parallel_requests_nb": 30
    },
    "34": {
        "speed_generation": [
            0.07341963958347364,
            7.7673977444055105,
            0.09471457006368755
        ],
        "time_to_first_token": [
            0.026916921138763428,
            1.8088324069976807,
            0.026887178421020508
        ],
        "max_kv_cache": 0.13206884439761157,
        "parallel_requests_nb": 34
    },
    "38": {
        "speed_generation": [
            0.027721898527809152,
            5.024594537520838,
            0.12426675571009937
        ],
        "time_to_first_token": [
            0.051453590393066406,
            2.058832049369812,
            0.02193284034729004
        ],
        "max_kv_cache": 0.14724271162627323,
        "parallel_requests_nb": 38
    }
}