{
    "1": {
        "speed_generation": [
            0.2533606344421173,
            87.97393314813033,
            0.19352776776399594
        ],
        "time_to_first_token": [
            0.007878541946411133,
            0.0739588737487793,
            0.0008976459503173828
        ],
        "max_kv_cache": 0.004566210045662156,
        "parallel_requests_nb": 1
    },
    "2": {
        "speed_generation": [
            0.2529410988310872,
            84.98535225242381,
            0.3244280133331756
        ],
        "time_to_first_token": [
            0.01753687858581543,
            0.11243200302124023,
            0.008626937866210938
        ],
        "max_kv_cache": 0.00899192132068849,
        "parallel_requests_nb": 2
    },
    "3": {
        "speed_generation": [
            0.3267597081929523,
            81.01922730120125,
            0.3794305413447461
        ],
        "time_to_first_token": [
            0.057052016258239746,
            0.16339898109436035,
            0.006532549858093262
        ],
        "max_kv_cache": 0.013417632595714823,
        "parallel_requests_nb": 3
    },
    "4": {
        "speed_generation": [
            0.369104126509157,
            77.73004279075963,
            0.40749516854523904
        ],
        "time_to_first_token": [
            0.06289219856262207,
            0.21679210662841797,
            0.00878286361694336
        ],
        "max_kv_cache": 0.017983842641376868,
        "parallel_requests_nb": 4
    },
    "6": {
        "speed_generation": [
            0.34125953710008616,
            71.66624602968824,
            0.30316189840964114
        ],
        "time_to_first_token": [
            0.020622432231903076,
            0.3207845687866211,
            0.00928354263305664
        ],
        "max_kv_cache": 0.026694766420793825,
        "parallel_requests_nb": 6
    },
    "8": {
        "speed_generation": [
            0.45435374196432576,
            66.67701779538194,
            0.4863955515964449
        ],
        "time_to_first_token": [
            0.034632086753845215,
            0.333219051361084,
            0.08935987949371338
        ],
        "max_kv_cache": 0.03554618897084649,
        "parallel_requests_nb": 8
    },
    "10": {
        "speed_generation": [
            0.2931356850086573,
            61.716404710325286,
            0.2963123417557014
        ],
        "time_to_first_token": [
            0.012208342552185059,
            0.5186969041824341,
            0.00942373275756836
        ],
        "max_kv_cache": 0.04439761152089916,
        "parallel_requests_nb": 10
    },
    "14": {
        "speed_generation": [
            0.2479204060660578,
            54.91431635939894,
            0.25102249758654693
        ],
        "time_to_first_token": [
            0.011057496070861816,
            0.72804856300354,
            0.009394228458404541
        ],
        "max_kv_cache": 0.0616087109237794,
        "parallel_requests_nb": 14
    },
    "18": {
        "speed_generation": [
            0.1816008335874173,
            48.402608186441405,
            0.23742423716669236
        ],
        "time_to_first_token": [
            0.012546837329864502,
            0.9410315752029419,
            0.009122133255004883
        ],
        "max_kv_cache": 0.07889005971197749,
        "parallel_requests_nb": 18
    },
    "22": {
        "speed_generation": [
            0.22109634106382714,
            43.969310723098914,
            0.1916387897689944
        ],
        "time_to_first_token": [
            0.02345198392868042,
            1.1609724760055542,
            0.010892033576965332
        ],
        "max_kv_cache": 0.09666315419740079,
        "parallel_requests_nb": 22
    },
    "26": {
        "speed_generation": [
            0.24850582307098534,
            40.71920365786714,
            0.19334201727294698
        ],
        "time_to_first_token": [
            0.025512516498565674,
            1.3752034902572632,
            0.017057716846466064
        ],
        "max_kv_cache": 0.11415525114155256,
        "parallel_requests_nb": 26
    },
    "30": {
        "speed_generation": [
            0.18717568826253483,
            37.4345943895962,
            0.2475708401276009
        ],
        "time_to_first_token": [
            0.03294461965560913,
            1.5980368852615356,
            0.02532404661178589
        ],
        "max_kv_cache": 0.13171759747102207,
        "parallel_requests_nb": 30
    },
    "34": {
        "speed_generation": [
            0.19183556063616436,
            33.835590152164656,
            0.30218714028414695
        ],
        "time_to_first_token": [
            0.06626886129379272,
            1.802351474761963,
            0.03056091070175171
        ],
        "max_kv_cache": 0.1487881981032666,
        "parallel_requests_nb": 34
    },
    "38": {
        "speed_generation": [
            0.16190794266624664,
            10.942021793784786,
            0.10923984456117175
        ],
        "time_to_first_token": [
            0.10294532775878906,
            2.00034499168396,
            0.06668835878372192
        ],
        "max_kv_cache": 0.16585879873551101,
        "parallel_requests_nb": 38
    }
}