{
    "1": {
        "speed_generation": [
            0.3079056047257751,
            91.17285560611003,
            0.4104347690634711
        ],
        "time_to_first_token": [
            0.0008677840232849121,
            0.07422900199890137,
            0.0008339881896972656
        ],
        "max_kv_cache": 0.008640674394099102,
        "parallel_requests_nb": 1
    },
    "2": {
        "speed_generation": [
            0.144696052246573,
            90.5744465259024,
            0.1742619046133882
        ],
        "time_to_first_token": [
            0.0025423765182495117,
            0.07308852672576904,
            0.004684925079345703
        ],
        "max_kv_cache": 0.016719353705655027,
        "parallel_requests_nb": 2
    },
    "3": {
        "speed_generation": [
            0.11866314047509263,
            88.36144300444022,
            0.16213861382966854
        ],
        "time_to_first_token": [
            0.05608576536178589,
            0.1634129285812378,
            0.00898975133895874
        ],
        "max_kv_cache": 0.025079030558482596,
        "parallel_requests_nb": 3
    },
    "4": {
        "speed_generation": [
            0.3152377520839309,
            87.05122337694392,
            0.10964891460267268
        ],
        "time_to_first_token": [
            0.06542587280273438,
            0.21573495864868164,
            0.01046609878540039
        ],
        "max_kv_cache": 0.033579206181945875,
        "parallel_requests_nb": 4
    },
    "6": {
        "speed_generation": [
            0.5128321739123294,
            83.34644433016699,
            0.17866039594306926
        ],
        "time_to_first_token": [
            0.06288790702819824,
            0.31499791145324707,
            0.011321067810058594
        ],
        "max_kv_cache": 0.05029855988760101,
        "parallel_requests_nb": 6
    },
    "8": {
        "speed_generation": [
            0.4545017387792001,
            81.28920889931888,
            0.44244855500662084
        ],
        "time_to_first_token": [
            0.16299009323120117,
            0.4043459892272949,
            0.025820016860961914
        ],
        "max_kv_cache": 0.06680716543730247,
        "parallel_requests_nb": 8
    },
    "10": {
        "speed_generation": [
            0.5041292809589493,
            76.37856935821756,
            0.1964507707361065
        ],
        "time_to_first_token": [
            0.02954888343811035,
            0.2784709930419922,
            0.013222932815551758
        ],
        "max_kv_cache": 0.08310502283105026,
        "parallel_requests_nb": 10
    },
    "14": {
        "speed_generation": [
            0.6658328012681523,
            73.17979707658542,
            0.13972851811929843
        ],
        "time_to_first_token": [
            0.09555089473724365,
            0.7212209701538086,
            0.013698577880859375
        ],
        "max_kv_cache": 0.11654373024236042,
        "parallel_requests_nb": 14
    },
    "18": {
        "speed_generation": [
            0.510587784399064,
            67.68591284682893,
            0.12602480621328027
        ],
        "time_to_first_token": [
            0.1449449062347412,
            0.9343879222869873,
            0.01803004741668701
        ],
        "max_kv_cache": 0.14984193888303476,
        "parallel_requests_nb": 18
    },
    "22": {
        "speed_generation": [
            0.2780479544428758,
            64.21894235784954,
            0.349502413550411
        ],
        "time_to_first_token": [
            0.3475008010864258,
            1.1481938362121582,
            0.01277613639831543
        ],
        "max_kv_cache": 0.18285914998243769,
        "parallel_requests_nb": 22
    },
    "26": {
        "speed_generation": [
            0.6149394251552636,
            61.76550151164846,
            0.2578379368667143
        ],
        "time_to_first_token": [
            0.018662333488464355,
            1.365264892578125,
            0.020464181900024414
        ],
        "max_kv_cache": 0.2167193537056551,
        "parallel_requests_nb": 26
    },
    "30": {
        "speed_generation": [
            2.497061026392956,
            59.784469652664065,
            0.14538824367706837
        ],
        "time_to_first_token": [
            0.02728271484375,
            1.5681347846984863,
            0.027428150177001953
        ],
        "max_kv_cache": 0.2495960660344222,
        "parallel_requests_nb": 30
    },
    "34": {
        "speed_generation": [
            0.4487577669307967,
            44.640181454001336,
            1.167344978662797
        ],
        "time_to_first_token": [
            0.6402373313903809,
            1.786686897277832,
            0.05506753921508789
        ],
        "max_kv_cache": 0.2824727783631893,
        "parallel_requests_nb": 34
    },
    "38": {
        "speed_generation": [
            0.1573989593844587,
            12.540078508496523,
            0.00883991757774183
        ],
        "time_to_first_token": [
            0.04094278812408447,
            1.9157049655914307,
            0.0841444730758667
        ],
        "max_kv_cache": 0.31492799438004915,
        "parallel_requests_nb": 38
    }
}