{
    "1": {
        "speed_generation": [
            0.6038991390694193,
            39.79297577752083,
            0.34972674368284373
        ],
        "time_to_first_token": [
            0.002223372459411621,
            0.2277388572692871,
            0.0024765729904174805
        ],
        "max_kv_cache": 0.015665612925886863,
        "parallel_requests_nb": 1
    },
    "2": {
        "speed_generation": [
            0.3836019098777932,
            25.62628672981891,
            0.3819875371333552
        ],
        "time_to_first_token": [
            0.1686241626739502,
            0.4268190860748291,
            0.017505884170532227
        ],
        "max_kv_cache": 0.030909729539866482,
        "parallel_requests_nb": 2
    },
    "3": {
        "speed_generation": [
            0.1652317606345406,
            19.197678505201445,
            0.20370427857789508
        ],
        "time_to_first_token": [
            0.18029993772506714,
            0.635311484336853,
            0.012560546398162842
        ],
        "max_kv_cache": 0.04587284861257468,
        "parallel_requests_nb": 3
    },
    "4": {
        "speed_generation": [
            0.13732735395793938,
            15.378878058618778,
            0.1337988177588656
        ],
        "time_to_first_token": [
            0.35128313302993774,
            0.8331215381622314,
            0.011938095092773438
        ],
        "max_kv_cache": 0.06076571829996491,
        "parallel_requests_nb": 4
    },
    "6": {
        "speed_generation": [
            0.09436309064165549,
            10.67932527359221,
            0.07809273061952737
        ],
        "time_to_first_token": [
            0.20113402605056763,
            1.2854520082473755,
            0.014981508255004883
        ],
        "max_kv_cache": 0.09111345275728833,
        "parallel_requests_nb": 6
    },
    "8": {
        "speed_generation": [
            0.06464057247352706,
            8.298033927506129,
            0.053539022838386074
        ],
        "time_to_first_token": [
            0.139087975025177,
            1.712064504623413,
            0.014711618423461914
        ],
        "max_kv_cache": 0.12103969090270461,
        "parallel_requests_nb": 8
    },
    "10": {
        "speed_generation": [
            0.03259665203353901,
            4.873122325719026,
            0.09785640033926146
        ],
        "time_to_first_token": [
            0.06939506530761719,
            2.1531260013580322,
            0.055088043212890625
        ],
        "max_kv_cache": 0.15096592904812078,
        "parallel_requests_nb": 10
    },
    "14": {
        "speed_generation": [
            0.04701284774619108,
            3.8490850953560445,
            0.06708052321725555
        ],
        "time_to_first_token": [
            0.06113201379776001,
            3.006018042564392,
            0.056005001068115234
        ],
        "max_kv_cache": 0.21046715841236385,
        "parallel_requests_nb": 14
    },
    "18": {
        "speed_generation": [
            0.05539993891316897,
            3.14328350859585,
            0.06440747137888625
        ],
        "time_to_first_token": [
            0.15540331602096558,
            3.961957573890686,
            0.0830841064453125
        ],
        "max_kv_cache": 0.2708113804004215,
        "parallel_requests_nb": 18
    },
    "22": {
        "speed_generation": [
            0.04087810900508204,
            2.711003783116573,
            0.015561858690598118
        ],
        "time_to_first_token": [
            0.7160320281982422,
            4.7568279504776,
            0.07004404067993164
        ],
        "max_kv_cache": 0.33122585177379693,
        "parallel_requests_nb": 22
    },
    "26": {
        "speed_generation": [
            0.04548378660137242,
            2.351032341779919,
            0.010778788931038896
        ],
        "time_to_first_token": [
            0.5995568633079529,
            5.66374409198761,
            0.07057827711105347
        ],
        "max_kv_cache": 0.38981383912890766,
        "parallel_requests_nb": 26
    },
    "30": {
        "speed_generation": [
            0.041888141794486966,
            2.079295465394112,
            0.011331687271705526
        ],
        "time_to_first_token": [
            1.7540856003761292,
            6.553915500640869,
            0.19964879751205444
        ],
        "max_kv_cache": 0.44994731296101154,
        "parallel_requests_nb": 30
    },
    "34": {
        "speed_generation": [
            0.04218991727252508,
            1.8411747671989342,
            0.021381401150484702
        ],
        "time_to_first_token": [
            0.18098944425582886,
            7.534478425979614,
            0.1742948293685913
        ],
        "max_kv_cache": 0.5105725324903407,
        "parallel_requests_nb": 34
    },
    "38": {
        "speed_generation": [
            0.04559277756367486,
            1.6658255028877695,
            0.008036026227459248
        ],
        "time_to_first_token": [
            0.2001304030418396,
            8.42678189277649,
            0.3105617165565491
        ],
        "max_kv_cache": 0.5705655075518089,
        "parallel_requests_nb": 38
    }
}