{
    "1": {
        "speed_generation": [
            0.7475386953364875,
            72.23443924381053,
            1.4281079145656008
        ],
        "time_to_first_token": [
            0.001830756664276123,
            0.05789804458618164,
            0.003036022186279297
        ],
        "max_kv_cache": 0.008131892614459124,
        "parallel_requests_nb": 1
    },
    "2": {
        "speed_generation": [
            0.8559197044355997,
            57.32703703442118,
            0.7387235347151488
        ],
        "time_to_first_token": [
            0.04295241832733154,
            0.10342991352081299,
            0.0032903552055358887
        ],
        "max_kv_cache": 0.015818202071961718,
        "parallel_requests_nb": 2
    },
    "3": {
        "speed_generation": [
            0.6949842366189003,
            47.14387913224782,
            1.0025240460381113
        ],
        "time_to_first_token": [
            0.040104806423187256,
            0.14779341220855713,
            0.0078810453414917
        ],
        "max_kv_cache": 0.023393115740225068,
        "parallel_requests_nb": 3
    },
    "4": {
        "speed_generation": [
            0.6205540486649141,
            40.43493083877435,
            0.8829185255828023
        ],
        "time_to_first_token": [
            0.041427016258239746,
            0.19681894779205322,
            0.008980154991149902
        ],
        "max_kv_cache": 0.030968029408488307,
        "parallel_requests_nb": 4
    },
    "6": {
        "speed_generation": [
            0.4320872462772485,
            30.853394716291504,
            0.5745738024624139
        ],
        "time_to_first_token": [
            0.08357620239257812,
            0.29564547538757324,
            0.009864985942840576
        ],
        "max_kv_cache": 0.046452044112732516,
        "parallel_requests_nb": 6
    },
    "8": {
        "speed_generation": [
            0.30296259061208985,
            25.25920253748552,
            0.37367655045584414
        ],
        "time_to_first_token": [
            0.017772018909454346,
            0.39931201934814453,
            0.011238038539886475
        ],
        "max_kv_cache": 0.06149047566002008,
        "parallel_requests_nb": 8
    },
    "10": {
        "speed_generation": [
            0.23182256002034762,
            21.224942518461418,
            0.29861470701774095
        ],
        "time_to_first_token": [
            0.011558949947357178,
            0.500685453414917,
            0.011242032051086426
        ],
        "max_kv_cache": 0.07686309457502505,
        "parallel_requests_nb": 10
    },
    "14": {
        "speed_generation": [
            0.17535664202721435,
            16.34665531597742,
            0.16721807513513554
        ],
        "time_to_first_token": [
            0.013627409934997559,
            0.6996339559555054,
            0.011532008647918701
        ],
        "max_kv_cache": 0.1070513534588392,
        "parallel_requests_nb": 14
    },
    "18": {
        "speed_generation": [
            0.08832230814731368,
            13.110111366560096,
            0.12892174491135755
        ],
        "time_to_first_token": [
            0.013142704963684082,
            0.9079639911651611,
            0.007117569446563721
        ],
        "max_kv_cache": 0.13779659128884925,
        "parallel_requests_nb": 18
    },
    "22": {
        "speed_generation": [
            0.07081513474052237,
            11.108248926876735,
            0.07016628957779503
        ],
        "time_to_first_token": [
            0.012164413928985596,
            1.1105854511260986,
            0.00879359245300293
        ],
        "max_kv_cache": 0.16776205859418514,
        "parallel_requests_nb": 22
    },
    "26": {
        "speed_generation": [
            0.10496051351196911,
            9.652299850184257,
            0.11329306790735671
        ],
        "time_to_first_token": [
            0.030369043350219727,
            1.3070266246795654,
            0.017624974250793457
        ],
        "max_kv_cache": 0.19761613011028178,
        "parallel_requests_nb": 26
    },
    "30": {
        "speed_generation": [
            0.047488039986761876,
            8.326111169413258,
            0.06852470497894281
        ],
        "time_to_first_token": [
            0.01577746868133545,
            1.5169594287872314,
            0.008884549140930176
        ],
        "max_kv_cache": 0.22813857636181356,
        "parallel_requests_nb": 30
    },
    "34": {
        "speed_generation": [
            0.05098039360365547,
            7.46620710870382,
            0.06026766737982925
        ],
        "time_to_first_token": [
            0.01960897445678711,
            1.7146666049957275,
            0.012820899486541748
        ],
        "max_kv_cache": 0.25843823103486685,
        "parallel_requests_nb": 34
    },
    "38": {
        "speed_generation": [
            0.04347064760029529,
            6.735304911191649,
            0.048312381521325776
        ],
        "time_to_first_token": [
            0.018713831901550293,
            1.923490047454834,
            0.007231652736663818
        ],
        "max_kv_cache": 0.28840369834020274,
        "parallel_requests_nb": 38
    }
}