{
    "1": {
        "speed_generation": [
            0.16151600549615353,
            93.11485620678351,
            0.09777578361884309
        ],
        "time_to_first_token": [
            0.000523686408996582,
            0.03203260898590088,
            0.0010991692543029785
        ],
        "max_kv_cache": 0.007686309457502483,
        "parallel_requests_nb": 1
    },
    "2": {
        "speed_generation": [
            0.3561880259231316,
            91.73070977914941,
            0.12381000862141889
        ],
        "time_to_first_token": [
            0.005028665065765381,
            0.03647291660308838,
            0.012388944625854492
        ],
        "max_kv_cache": 0.015372618915004965,
        "parallel_requests_nb": 2
    },
    "3": {
        "speed_generation": [
            0.8466458672302508,
            87.79169384353568,
            0.1992852023495857
        ],
        "time_to_first_token": [
            0.0037851929664611816,
            0.03738045692443848,
            0.006272256374359131
        ],
        "max_kv_cache": 0.022947532583268315,
        "parallel_requests_nb": 3
    },
    "4": {
        "speed_generation": [
            0.5550453764496552,
            85.93532360257946,
            0.1522286458972104
        ],
        "time_to_first_token": [
            0.009252309799194336,
            0.04926609992980957,
            0.0039010047912597656
        ],
        "max_kv_cache": 0.03063384204077091,
        "parallel_requests_nb": 4
    },
    "6": {
        "speed_generation": [
            1.1186250011231493,
            77.85356602500339,
            0.19765897513063635
        ],
        "time_to_first_token": [
            0.008326053619384766,
            0.05237412452697754,
            0.004495859146118164
        ],
        "max_kv_cache": 0.045672273588058365,
        "parallel_requests_nb": 6
    },
    "8": {
        "speed_generation": [
            1.75343667814397,
            73.88843882449153,
            0.24182355376002818
        ],
        "time_to_first_token": [
            0.010497093200683594,
            0.060549020767211914,
            0.008805036544799805
        ],
        "max_kv_cache": 0.06071070513534593,
        "parallel_requests_nb": 8
    },
    "10": {
        "speed_generation": [
            0.7296224279175902,
            68.39831000901351,
            0.3417207591597986
        ],
        "time_to_first_token": [
            0.009723424911499023,
            0.05948495864868164,
            0.012457132339477539
        ],
        "max_kv_cache": 0.07574913668263339,
        "parallel_requests_nb": 10
    },
    "14": {
        "speed_generation": [
            1.50074342349005,
            61.91928400175601,
            0.9731880883438322
        ],
        "time_to_first_token": [
            0.023903846740722656,
            0.0809938907623291,
            0.008321046829223633
        ],
        "max_kv_cache": 0.10593739556644755,
        "parallel_requests_nb": 14
    },
    "18": {
        "speed_generation": [
            1.3322497179382466,
            58.459447964658594,
            0.3768641548879472
        ],
        "time_to_first_token": [
            0.019657135009765625,
            0.09260416030883789,
            0.012671947479248047
        ],
        "max_kv_cache": 0.13601425866102257,
        "parallel_requests_nb": 18
    },
    "22": {
        "speed_generation": [
            1.8350314710673459,
            53.92332998269581,
            0.8346126780266374
        ],
        "time_to_first_token": [
            0.02731335163116455,
            0.10814094543457031,
            0.014487624168395996
        ],
        "max_kv_cache": 0.16631391333407597,
        "parallel_requests_nb": 22
    },
    "26": {
        "speed_generation": [
            0.5297223497702177,
            50.57059068277282,
            1.3601075810201877
        ],
        "time_to_first_token": [
            0.03964829444885254,
            0.12969517707824707,
            0.008104801177978516
        ],
        "max_kv_cache": 0.196390776428651,
        "parallel_requests_nb": 26
    },
    "30": {
        "speed_generation": [
            1.260317825004833,
            47.50525493969375,
            0.34395777461884336
        ],
        "time_to_first_token": [
            0.04533100128173828,
            0.13782906532287598,
            0.009221434593200684
        ],
        "max_kv_cache": 0.22657903531246515,
        "parallel_requests_nb": 30
    },
    "34": {
        "speed_generation": [
            0.7106179499327752,
            43.986292189819494,
            0.6071799904738171
        ],
        "time_to_first_token": [
            0.046916961669921875,
            0.14808988571166992,
            0.012663125991821289
        ],
        "max_kv_cache": 0.25721287735323606,
        "parallel_requests_nb": 34
    },
    "38": {
        "speed_generation": [
            0.708475616818582,
            41.62413772567759,
            0.31666638711877937
        ],
        "time_to_first_token": [
            0.022258996963500977,
            0.1497480869293213,
            0.029875993728637695
        ],
        "max_kv_cache": 0.2869555530800936,
        "parallel_requests_nb": 38
    }
}