{
    "1": {
        "speed_generation": [
            0.511042241959828,
            83.03831076609059,
            0.6125274129707634
        ],
        "time_to_first_token": [
            0.0011709928512573242,
            0.03109598159790039,
            0.0016562342643737793
        ],
        "max_kv_cache": 0.0007797705246741504,
        "parallel_requests_nb": 1
    },
    "2": {
        "speed_generation": [
            2.1294857974602195,
            75.75954322153771,
            3.5124391127068577
        ],
        "time_to_first_token": [
            0.002176523208618164,
            0.03233456611633301,
            0.015754520893096924
        ],
        "max_kv_cache": 0.0014481452601091682,
        "parallel_requests_nb": 2
    },
    "3": {
        "speed_generation": [
            1.8361573285068715,
            74.18688651169151,
            2.3216215189864613
        ],
        "time_to_first_token": [
            0.00994199514389038,
            0.04383552074432373,
            0.00622028112411499
        ],
        "max_kv_cache": 0.002116519995544186,
        "parallel_requests_nb": 3
    },
    "4": {
        "speed_generation": [
            1.5476648505345878,
            73.89379210893284,
            2.515387716983909
        ],
        "time_to_first_token": [
            0.011686980724334717,
            0.04753601551055908,
            0.0034418106079101562
        ],
        "max_kv_cache": 0.0025621031525008275,
        "parallel_requests_nb": 4
    },
    "6": {
        "speed_generation": [
            1.5703761352506405,
            68.74964408876238,
            3.0964651509914347
        ],
        "time_to_first_token": [
            0.008356094360351562,
            0.048079490661621094,
            0.00850212574005127
        ],
        "max_kv_cache": 0.0037874568341316195,
        "parallel_requests_nb": 6
    },
    "8": {
        "speed_generation": [
            1.3718211798955053,
            66.11831284798336,
            2.323890836323983
        ],
        "time_to_first_token": [
            0.007859468460083008,
            0.05001652240753174,
            0.009409189224243164
        ],
        "max_kv_cache": 0.0046786231480450136,
        "parallel_requests_nb": 8
    },
    "10": {
        "speed_generation": [
            5.537700664288138,
            60.06616610002414,
            2.2903234315543344
        ],
        "time_to_first_token": [
            0.008442878723144531,
            0.0493168830871582,
            0.012653112411499023
        ],
        "max_kv_cache": 0.0059039768296758055,
        "parallel_requests_nb": 10
    },
    "14": {
        "speed_generation": [
            1.72663345650475,
            58.076137427127975,
            2.834201192574497
        ],
        "time_to_first_token": [
            0.01150500774383545,
            0.06706249713897705,
            0.012745022773742676
        ],
        "max_kv_cache": 0.007797705246741726,
        "parallel_requests_nb": 14
    },
    "18": {
        "speed_generation": [
            2.1790978191779544,
            55.28487311501925,
            2.5823744559131967
        ],
        "time_to_first_token": [
            0.009071648120880127,
            0.08356106281280518,
            0.01656651496887207
        ],
        "max_kv_cache": 0.009914225242285801,
        "parallel_requests_nb": 18
    },
    "22": {
        "speed_generation": [
            1.3855359950381683,
            50.905319563176036,
            2.035602235046838
        ],
        "time_to_first_token": [
            0.013907372951507568,
            0.10256147384643555,
            0.00827699899673462
        ],
        "max_kv_cache": 0.012142141027069231,
        "parallel_requests_nb": 22
    },
    "26": {
        "speed_generation": [
            1.6068797555625451,
            47.51899377335481,
            1.5742555622668561
        ],
        "time_to_first_token": [
            0.012001514434814453,
            0.11809754371643066,
            0.011241436004638672
        ],
        "max_kv_cache": 0.014258661022613306,
        "parallel_requests_nb": 26
    },
    "30": {
        "speed_generation": [
            1.1087055124756375,
            43.976874294190885,
            1.3427393751586791
        ],
        "time_to_first_token": [
            0.012151241302490234,
            0.13219940662384033,
            0.009387850761413574
        ],
        "max_kv_cache": 0.016486576807396736,
        "parallel_requests_nb": 30
    },
    "34": {
        "speed_generation": [
            1.2754407742076808,
            40.63723863470931,
            1.3754027185198723
        ],
        "time_to_first_token": [
            0.012748777866363525,
            0.1479724645614624,
            0.009633898735046387
        ],
        "max_kv_cache": 0.018491701013701678,
        "parallel_requests_nb": 34
    },
    "38": {
        "speed_generation": [
            1.48260484151956,
            38.09200929286057,
            0.859726358058353
        ],
        "time_to_first_token": [
            0.013132750988006592,
            0.16505944728851318,
            0.011798858642578125
        ],
        "max_kv_cache": 0.02083101258772413,
        "parallel_requests_nb": 38
    }
}