{
    "1": {
        "speed_generation": [
            0.019134242186996886,
            25.453221823539046,
            0.016035560562460915
        ],
        "time_to_first_token": [
            0.01086735725402832,
            1.0702331066131592,
            0.0056348443031311035
        ],
        "max_kv_cache": 0.020189470414660682,
        "parallel_requests_nb": 1
    },
    "2": {
        "speed_generation": [
            0.047762197018276,
            24.69054709928284,
            0.048020590235136495
        ],
        "time_to_first_token": [
            0.019941389560699463,
            1.9716850519180298,
            0.06731462478637695
        ],
        "max_kv_cache": 0.03991302997359836,
        "parallel_requests_nb": 2
    },
    "3": {
        "speed_generation": [
            0.0241088184284024,
            22.645037280108475,
            0.02129754911255688
        ],
        "time_to_first_token": [
            0.054070115089416504,
            2.9278169870376587,
            0.033935606479644775
        ],
        "max_kv_cache": 0.05979189315111044,
        "parallel_requests_nb": 3
    },
    "4": {
        "speed_generation": [
            0.029805595771755122,
            22.09583217816357,
            0.018380907847895145
        ],
        "time_to_first_token": [
            0.033173978328704834,
            3.813359498977661,
            0.03544020652770996
        ],
        "max_kv_cache": 0.07920484547289952,
        "parallel_requests_nb": 4
    },
    "6": {
        "speed_generation": [
            0.020708436645819006,
            20.513601345548267,
            0.04296400739335127
        ],
        "time_to_first_token": [
            0.06269115209579468,
            5.592337965965271,
            0.04317206144332886
        ],
        "max_kv_cache": 0.11927317906507218,
        "parallel_requests_nb": 6
    },
    "8": {
        "speed_generation": [
            0.023526522255039595,
            19.641006342535192,
            0.1090713785880908
        ],
        "time_to_first_token": [
            0.2136448621749878,
            7.39748752117157,
            0.05804729461669922
        ],
        "max_kv_cache": 0.15872029818294764,
        "parallel_requests_nb": 8
    }
}