{
    "1": {
        "speed_generation": [
            0.03373737983735303,
            9.749017604936572,
            0.04779037621309712
        ],
        "time_to_first_token": [
            0.007615983486175537,
            1.0715614557266235,
            0.006139576435089111
        ],
        "max_kv_cache": 0.010405342444478993,
        "parallel_requests_nb": 1
    },
    "2": {
        "speed_generation": [
            0.05523043786333037,
            6.0604339618705465,
            0.25385331700098845
        ],
        "time_to_first_token": [
            0.07344675064086914,
            2.0319008827209473,
            0.033782243728637695
        ],
        "max_kv_cache": 0.02050007765180928,
        "parallel_requests_nb": 2
    },
    "3": {
        "speed_generation": [
            0.02126600228113862,
            4.485914218189042,
            0.07636892800304818
        ],
        "time_to_first_token": [
            0.044438719749450684,
            2.9337801933288574,
            0.031043291091918945
        ],
        "max_kv_cache": 0.030594812859139564,
        "parallel_requests_nb": 3
    },
    "4": {
        "speed_generation": [
            0.0509179152509458,
            3.6142884163730735,
            0.017054996187582994
        ],
        "time_to_first_token": [
            0.0310208797454834,
            3.80705189704895,
            0.05006217956542969
        ],
        "max_kv_cache": 0.04068954806646996,
        "parallel_requests_nb": 4
    },
    "6": {
        "speed_generation": [
            0.011732689965497034,
            2.5673632075513204,
            0.018499563154870557
        ],
        "time_to_first_token": [
            0.05364704132080078,
            5.587846040725708,
            0.03604888916015625
        ],
        "max_kv_cache": 0.060413107625407636,
        "parallel_requests_nb": 6
    },
    "8": {
        "speed_generation": [
            0.01467960103086785,
            1.9989682396965234,
            0.008070901578843825
        ],
        "time_to_first_token": [
            0.042887210845947266,
            7.361822128295898,
            0.05463981628417969
        ],
        "max_kv_cache": 0.08060257804006832,
        "parallel_requests_nb": 8
    },
    "10": {
        "speed_generation": [
            0.01421682558507209,
            1.6248278478949443,
            0.012592977649467763
        ],
        "time_to_first_token": [
            0.08707475662231445,
            9.162452936172485,
            0.06986093521118164
        ],
        "max_kv_cache": 0.1006367448361547,
        "parallel_requests_nb": 10
    },
    "14": {
        "speed_generation": [
            0.004757280145190723,
            1.185630096652661,
            0.010001638477092456
        ],
        "time_to_first_token": [
            0.12637686729431152,
            12.7375009059906,
            0.09924697875976562
        ],
        "max_kv_cache": 0.14194750737692186,
        "parallel_requests_nb": 14
    },
    "18": {
        "speed_generation": [
            0.007786358970095941,
            0.9300490906818064,
            0.004178587433286918
        ],
        "time_to_first_token": [
            0.7818515300750732,
            16.322404146194458,
            0.08200931549072266
        ],
        "max_kv_cache": 0.18108401925764872,
        "parallel_requests_nb": 18
    },
    "22": {
        "speed_generation": [
            0.003266174345688655,
            0.7676688245110933,
            0.003428262300063434
        ],
        "time_to_first_token": [
            3.335561990737915,
            19.808815002441406,
            0.19644808769226074
        ],
        "max_kv_cache": 0.22068644199409848,
        "parallel_requests_nb": 22
    },
    "26": {
        "speed_generation": [
            0.0017748575603174777,
            0.6569907292643201,
            0.0020036504819485046
        ],
        "time_to_first_token": [
            5.6019651889801025,
            22.740848064422607,
            0.745919942855835
        ],
        "max_kv_cache": 0.25966765025625094,
        "parallel_requests_nb": 26
    },
    "30": {
        "speed_generation": [
            0.001866113778698164,
            0.5686972385828432,
            0.00034209999892886866
        ],
        "time_to_first_token": [
            7.19908595085144,
            24.39032793045044,
            2.8113691806793213
        ],
        "max_kv_cache": 0.3005125019412952,
        "parallel_requests_nb": 30
    },
    "34": {
        "speed_generation": [
            0.0015649770083252523,
            0.4988218284559338,
            0.001240702773466884
        ],
        "time_to_first_token": [
            7.262673377990723,
            27.17582392692566,
            3.5697134733200073
        ],
        "max_kv_cache": 0.34104674638919086,
        "parallel_requests_nb": 34
    },
    "38": {
        "speed_generation": [
            0.00245747076342534,
            0.44963906323408454,
            0.001184763910510478
        ],
        "time_to_first_token": [
            7.223313331604004,
            28.805450201034546,
            5.441399812698364
        ],
        "max_kv_cache": 0.3792514365584718,
        "parallel_requests_nb": 38
    }
}