{
    "1": {
        "speed_generation": [
            0.03432203486589458,
            26.428664469582632,
            0.01727706383917038
        ],
        "time_to_first_token": [
            0.0012066364288330078,
            0.09874200820922852,
            0.009536445140838623
        ],
        "max_kv_cache": 0.01071594968162759,
        "parallel_requests_nb": 1
    },
    "2": {
        "speed_generation": [
            0.028591345587102523,
            26.12424861007981,
            0.03005384261728139
        ],
        "time_to_first_token": [
            0.020487487316131592,
            0.14434897899627686,
            0.01360410451889038
        ],
        "max_kv_cache": 0.021276595744680882,
        "parallel_requests_nb": 2
    },
    "3": {
        "speed_generation": [
            0.07524232700532352,
            25.322486674822546,
            0.04589299855553364
        ],
        "time_to_first_token": [
            0.015150606632232666,
            0.19136595726013184,
            0.019266247749328613
        ],
        "max_kv_cache": 0.031681938189159764,
        "parallel_requests_nb": 3
    },
    "4": {
        "speed_generation": [
            0.09626084431560855,
            25.212465639509226,
            0.03760950668945284
        ],
        "time_to_first_token": [
            0.020736992359161377,
            0.2502864599227905,
            0.011235952377319336
        ],
        "max_kv_cache": 0.042242584252213056,
        "parallel_requests_nb": 4
    },
    "6": {
        "speed_generation": [
            0.10277448753533136,
            24.61489058072292,
            0.030067001338185406
        ],
        "time_to_first_token": [
            0.03262293338775635,
            0.32473301887512207,
            0.030944526195526123
        ],
        "max_kv_cache": 0.06336387637831964,
        "parallel_requests_nb": 6
    },
    "8": {
        "speed_generation": [
            0.06106884745764063,
            24.401279211720983,
            0.05171813710983386
        ],
        "time_to_first_token": [
            0.03136396408081055,
            0.428865909576416,
            0.012212991714477539
        ],
        "max_kv_cache": 0.08417456126727751,
        "parallel_requests_nb": 8
    },
    "10": {
        "speed_generation": [
            0.11887092337969918,
            23.65635426466067,
            0.04277082926265763
        ],
        "time_to_first_token": [
            0.024341106414794922,
            0.5181169509887695,
            0.02775406837463379
        ],
        "max_kv_cache": 0.1051405497748098,
        "parallel_requests_nb": 10
    }
}