{
    "1": {
        "speed_generation": [
            0.3456425749299754,
            24.4378183384422,
            0.07374828727137839
        ],
        "time_to_first_token": [
            0.0015534758567810059,
            0.09670901298522949,
            0.00945824384689331
        ],
        "max_kv_cache": 0.0009318217114459015,
        "parallel_requests_nb": 1
    },
    "2": {
        "speed_generation": [
            0.2788726608018166,
            22.291200888607214,
            0.2529800819673973
        ],
        "time_to_first_token": [
            0.024527788162231445,
            0.14785385131835938,
            0.01035916805267334
        ],
        "max_kv_cache": 0.001863643422891803,
        "parallel_requests_nb": 2
    },
    "3": {
        "speed_generation": [
            0.30315168241567747,
            20.63705461724127,
            0.23287123716396962
        ],
        "time_to_first_token": [
            0.021499216556549072,
            0.19960200786590576,
            0.011617064476013184
        ],
        "max_kv_cache": 0.002640161515763295,
        "parallel_requests_nb": 3
    },
    "4": {
        "speed_generation": [
            0.2809931125001732,
            19.412246469005808,
            0.30439697664200693
        ],
        "time_to_first_token": [
            0.020573556423187256,
            0.24353456497192383,
            0.015204787254333496
        ],
        "max_kv_cache": 0.0035719832272091967,
        "parallel_requests_nb": 4
    },
    "6": {
        "speed_generation": [
            0.5020238408488353,
            17.508744480485696,
            0.2385192741920683
        ],
        "time_to_first_token": [
            0.015959501266479492,
            0.32586097717285156,
            0.019595563411712646
        ],
        "max_kv_cache": 0.004814412175803695,
        "parallel_requests_nb": 6
    },
    "8": {
        "speed_generation": [
            0.22302553757615762,
            15.832569852184978,
            0.3950962372530782
        ],
        "time_to_first_token": [
            0.031100034713745117,
            0.41782212257385254,
            0.019014596939086914
        ],
        "max_kv_cache": 0.006212144742972492,
        "parallel_requests_nb": 8
    },
    "10": {
        "speed_generation": [
            0.3635670144665415,
            14.414764626687605,
            0.28401137755343164
        ],
        "time_to_first_token": [
            0.016242802143096924,
            0.4962151050567627,
            0.03393310308456421
        ],
        "max_kv_cache": 0.007765180928715587,
        "parallel_requests_nb": 10
    },
    "14": {
        "speed_generation": [
            0.3992347763847235,
            12.588394649419346,
            0.3326931069036174
        ],
        "time_to_first_token": [
            0.025838494300842285,
            0.655665397644043,
            0.03993642330169678
        ],
        "max_kv_cache": 0.011026556918776187,
        "parallel_requests_nb": 14
    },
    "18": {
        "speed_generation": [
            0.3033456586254033,
            10.146415924972374,
            0.36405271080225177
        ],
        "time_to_first_token": [
            0.050555527210235596,
            0.8565385341644287,
            0.051811397075653076
        ],
        "max_kv_cache": 0.013356111197390885,
        "parallel_requests_nb": 18
    },
    "22": {
        "speed_generation": [
            0.24800494660358297,
            8.970339569792088,
            0.21665704939267272
        ],
        "time_to_first_token": [
            0.04086482524871826,
            1.0623526573181152,
            0.04418843984603882
        ],
        "max_kv_cache": 0.01599627271315418,
        "parallel_requests_nb": 22
    },
    "26": {
        "speed_generation": [
            0.09312333230647418,
            8.235104120916066,
            0.19340631253404617
        ],
        "time_to_first_token": [
            0.03253674507141113,
            1.1921625137329102,
            0.03133803606033325
        ],
        "max_kv_cache": 0.018947041466066183,
        "parallel_requests_nb": 26
    },
    "30": {
        "speed_generation": [
            0.12544866142140876,
            7.551758045796591,
            0.15439430675283994
        ],
        "time_to_first_token": [
            0.038979291915893555,
            1.3714629411697388,
            0.02724820375442505
        ],
        "max_kv_cache": 0.02158720298182948,
        "parallel_requests_nb": 30
    },
    "34": {
        "speed_generation": [
            0.07740661122827408,
            6.569136908269217,
            0.10728315468640925
        ],
        "time_to_first_token": [
            0.029684901237487793,
            1.5514215230941772,
            0.034634292125701904
        ],
        "max_kv_cache": 0.02453797173474137,
        "parallel_requests_nb": 34
    },
    "38": {
        "speed_generation": [
            0.12275992449276796,
            6.1296376835079265,
            0.09319116745171563
        ],
        "time_to_first_token": [
            0.06281566619873047,
            1.7358046770095825,
            0.05399376153945923
        ],
        "max_kv_cache": 0.027178133250504777,
        "parallel_requests_nb": 38
    }
}