{
    "1": {
        "speed_generation": [
            0.04455518646756085,
            3.7110893929060333,
            0.011787113165446783
        ],
        "time_to_first_token": [
            0.01326054334640503,
            3.7341309785842896,
            0.05061608552932739
        ],
        "max_kv_cache": 0.03944711911787546,
        "parallel_requests_nb": 1
    },
    "2": {
        "speed_generation": [
            0.01962007115718345,
            2.0050172589465216,
            0.01910211383590754
        ],
        "time_to_first_token": [
            0.07157301902770996,
            7.364387035369873,
            0.08715987205505371
        ],
        "max_kv_cache": 0.07858363099860222,
        "parallel_requests_nb": 2
    },
    "3": {
        "speed_generation": [
            0.005773616548632843,
            1.3714252275313104,
            0.005196985642971219
        ],
        "time_to_first_token": [
            0.04155808687210083,
            10.999212503433228,
            0.06100839376449585
        ],
        "max_kv_cache": 0.11694362478645748,
        "parallel_requests_nb": 3
    },
    "4": {
        "speed_generation": [
            0.004011020244717889,
            1.0453423803476667,
            0.001454686175003106
        ],
        "time_to_first_token": [
            0.03717494010925293,
            14.625405073165894,
            0.05850791931152344
        ],
        "max_kv_cache": 0.15639074390433294,
        "parallel_requests_nb": 4
    },
    "6": {
        "speed_generation": [
            0.0024307293392954454,
            0.7068136227735139,
            0.001634625175691684
        ],
        "time_to_first_token": [
            7.187826991081238,
            21.80704402923584,
            0.10146498680114746
        ],
        "max_kv_cache": 0.23326603509861776,
        "parallel_requests_nb": 6
    },
    "8": {
        "speed_generation": [
            0.0008089628597600651,
            0.5339089049907063,
            0.002214303848332766
        ],
        "time_to_first_token": [
            7.306442737579346,
            25.56621789932251,
            3.6117260456085205
        ],
        "max_kv_cache": 0.3104519335300513,
        "parallel_requests_nb": 8
    },
    "10": {
        "speed_generation": [
            0.00011617542572806006,
            0.4245762777543919,
            0.0010773851565020198
        ],
        "time_to_first_token": [
            7.329805493354797,
            29.153958082199097,
            7.316629886627197
        ],
        "max_kv_cache": 0.390277993477248,
        "parallel_requests_nb": 10
    },
    "14": {
        "speed_generation": [
            0.0005569045688662566,
            0.3059607822669259,
            0.000602617373347103
        ],
        "time_to_first_token": [
            14.440757155418396,
            36.46362519264221,
            14.383724331855774
        ],
        "max_kv_cache": 0.5434073613915205,
        "parallel_requests_nb": 14
    },
    "18": {
        "speed_generation": [
            0.000495723993033298,
            0.23927806898081702,
            0.0006137307295105976
        ],
        "time_to_first_token": [
            14.55722188949585,
            43.70422983169556,
            14.797239065170288
        ],
        "max_kv_cache": 0.700108712533002,
        "parallel_requests_nb": 18
    },
    "22": {
        "speed_generation": [
            0.00014277515409530372,
            0.19621526766871863,
            0.00014004280732723973
        ],
        "time_to_first_token": [
            21.828588128089905,
            51.099210023880005,
            21.73279643058777
        ],
        "max_kv_cache": 0.8532380804472744,
        "parallel_requests_nb": 22
    },
    "26": {
        "speed_generation": [
            0.00032599130880886507,
            0.1731750608929129,
            0.0007445113983126639
        ],
        "time_to_first_token": [
            24.262889564037323,
            60.07849454879761,
            23.331921875476837
        ],
        "max_kv_cache": 0.9687839726665631,
        "parallel_requests_nb": 26
    },
    "30": {
        "speed_generation": [
            0.0001865034032491053,
            0.17316333841861897,
            0.00024511872324189943
        ],
        "time_to_first_token": [
            28.813293874263763,
            72.63550794124603,
            18.418880105018616
        ],
        "max_kv_cache": 0.9701817052337319,
        "parallel_requests_nb": 30
    },
    "34": {
        "speed_generation": [
            0.07773189659581366,
            0.17325120222373885,
            0.00019930929078634807
        ],
        "time_to_first_token": [
            21.925938606262207,
            80.05113554000854,
            26.85174286365509
        ],
        "max_kv_cache": 0.9686286690479888,
        "parallel_requests_nb": 34
    },
    "38": {
        "speed_generation": [
            0.08614401357102712,
            0.17281964660403498,
            0.00025958823302490996
        ],
        "time_to_first_token": [
            18.21887594461441,
            91.1224764585495,
            30.44017732143402
        ],
        "max_kv_cache": 0.9703370088523062,
        "parallel_requests_nb": 38
    }
}