{
    "1": {
        "speed_generation": [
            0.06387204344385822,
            26.45984673866719,
            0.039601865074221365
        ],
        "time_to_first_token": [
            0.0009660124778747559,
            0.09713542461395264,
            0.010548055171966553
        ],
        "max_kv_cache": 0.0020189470414661015,
        "parallel_requests_nb": 1
    },
    "2": {
        "speed_generation": [
            0.09358073953760027,
            26.031047621458097,
            0.05500847306357315
        ],
        "time_to_first_token": [
            0.024380922317504883,
            0.1486070156097412,
            0.010478019714355469
        ],
        "max_kv_cache": 0.004037894082932092,
        "parallel_requests_nb": 2
    },
    "3": {
        "speed_generation": [
            0.11795608419729575,
            25.432292672163236,
            0.06650771146349754
        ],
        "time_to_first_token": [
            0.01903444528579712,
            0.20308959484100342,
            0.01494663953781128
        ],
        "max_kv_cache": 0.005746233887249597,
        "parallel_requests_nb": 3
    },
    "4": {
        "speed_generation": [
            0.07755508495205277,
            25.174114150466174,
            0.07116898374119529
        ],
        "time_to_first_token": [
            0.018037080764770508,
            0.24057793617248535,
            0.01827216148376465
        ],
        "max_kv_cache": 0.00745457369156699,
        "parallel_requests_nb": 4
    },
    "6": {
        "speed_generation": [
            0.12217906543190082,
            24.227167748404312,
            0.11288423848897722
        ],
        "time_to_first_token": [
            0.017655134201049805,
            0.32945704460144043,
            0.024019956588745117
        ],
        "max_kv_cache": 0.011337164155924784,
        "parallel_requests_nb": 6
    },
    "8": {
        "speed_generation": [
            0.09527214585188304,
            23.73278608961471,
            0.12528354532727093
        ],
        "time_to_first_token": [
            0.03487396240234375,
            0.42728304862976074,
            0.0182650089263916
        ],
        "max_kv_cache": 0.01506445100170839,
        "parallel_requests_nb": 8
    },
    "10": {
        "speed_generation": [
            0.1574870192703628,
            22.66066643527813,
            0.11660542689039843
        ],
        "time_to_first_token": [
            0.07838702201843262,
            0.4731559753417969,
            0.03291606903076172
        ],
        "max_kv_cache": 0.018791737847491885,
        "parallel_requests_nb": 10
    },
    "14": {
        "speed_generation": [
            0.11516908413206295,
            21.9946510240132,
            0.08780771570917878
        ],
        "time_to_first_token": [
            0.024303078651428223,
            0.656757116317749,
            0.025021791458129883
        ],
        "max_kv_cache": 0.02593570430191028,
        "parallel_requests_nb": 14
    },
    "18": {
        "speed_generation": [
            0.10952195148553301,
            18.48706754567352,
            0.10801731557994287
        ],
        "time_to_first_token": [
            0.04685008525848389,
            0.8693881034851074,
            0.04170501232147217
        ],
        "max_kv_cache": 0.03292436713775426,
        "parallel_requests_nb": 18
    },
    "22": {
        "speed_generation": [
            0.10599442003427129,
            17.91597974733863,
            0.11769961483888736
        ],
        "time_to_first_token": [
            0.025778532028198242,
            1.0567951202392578,
            0.046196937561035156
        ],
        "max_kv_cache": 0.040378940829321364,
        "parallel_requests_nb": 22
    },
    "26": {
        "speed_generation": [
            0.11766748439257313,
            17.15847819989511,
            0.11538304375270059
        ],
        "time_to_first_token": [
            0.04422628879547119,
            1.2024035453796387,
            0.041142940521240234
        ],
        "max_kv_cache": 0.04705699642801675,
        "parallel_requests_nb": 26
    },
    "30": {
        "speed_generation": [
            0.1270304580947652,
            16.669012750084043,
            0.11636343484054024
        ],
        "time_to_first_token": [
            0.051689743995666504,
            1.3708299398422241,
            0.0541568398475647
        ],
        "max_kv_cache": 0.05435626650100944,
        "parallel_requests_nb": 30
    },
    "34": {
        "speed_generation": [
            0.06991694941408433,
            14.314117955245028,
            0.07393662712401117
        ],
        "time_to_first_token": [
            0.03646671772003174,
            1.5548529624938965,
            0.04131132364273071
        ],
        "max_kv_cache": 0.061655536574002134,
        "parallel_requests_nb": 34
    },
    "38": {
        "speed_generation": [
            0.05463110203678667,
            13.962071456560388,
            0.07748123590021372
        ],
        "time_to_first_token": [
            0.03613424301147461,
            1.7263190746307373,
            0.036798179149627686
        ],
        "max_kv_cache": 0.06879950302842053,
        "parallel_requests_nb": 38
    }
}