{
    "1": {
        "speed_generation": [
            0.13906023935405543,
            30.522814549273466,
            0.3506724119953546
        ],
        "time_to_first_token": [
            0.002412855625152588,
            0.0773695707321167,
            0.007642626762390137
        ],
        "max_kv_cache": 0.001058387722702392,
        "parallel_requests_nb": 1
    },
    "2": {
        "speed_generation": [
            1.5139763615598838,
            30.184892455522643,
            0.46926547145361397
        ],
        "time_to_first_token": [
            0.007692694664001465,
            0.07929801940917969,
            0.027632176876068115
        ],
        "max_kv_cache": 0.002116775445404784,
        "parallel_requests_nb": 2
    },
    "3": {
        "speed_generation": [
            0.9890370698188491,
            28.907868070909146,
            0.6197303679754178
        ],
        "time_to_first_token": [
            0.009697318077087402,
            0.09569406509399414,
            0.01694345474243164
        ],
        "max_kv_cache": 0.0031751631681072867,
        "parallel_requests_nb": 3
    },
    "4": {
        "speed_generation": [
            0.9416607071612653,
            28.16995027453067,
            0.6737687987181253
        ],
        "time_to_first_token": [
            0.01239311695098877,
            0.11125850677490234,
            0.012720644474029541
        ],
        "max_kv_cache": 0.0038807549832421406,
        "parallel_requests_nb": 4
    },
    "6": {
        "speed_generation": [
            0.40417524301678753,
            25.62870461545409,
            0.5381631798059345
        ],
        "time_to_first_token": [
            0.0097273588180542,
            0.14492857456207275,
            0.007673680782318115
        ],
        "max_kv_cache": 0.0056447345210796085,
        "parallel_requests_nb": 6
    },
    "8": {
        "speed_generation": [
            0.40522205985815773,
            24.16923868067059,
            0.5142158883323766
        ],
        "time_to_first_token": [
            0.013509571552276611,
            0.1763080358505249,
            0.010693073272705078
        ],
        "max_kv_cache": 0.007585112012700623,
        "parallel_requests_nb": 8
    },
    "10": {
        "speed_generation": [
            0.5746020304496717,
            23.08932720723786,
            0.5305596945857864
        ],
        "time_to_first_token": [
            0.012715518474578857,
            0.20317554473876953,
            0.01240992546081543
        ],
        "max_kv_cache": 0.00934909155053798,
        "parallel_requests_nb": 10
    },
    "14": {
        "speed_generation": [
            0.3380607498031196,
            20.805337431133346,
            0.2953550808356127
        ],
        "time_to_first_token": [
            0.013826847076416016,
            0.28156161308288574,
            0.012028098106384277
        ],
        "max_kv_cache": 0.012347856764861498,
        "parallel_requests_nb": 14
    },
    "18": {
        "speed_generation": [
            0.26641918631629125,
            18.3245601928607,
            0.24446072200825242
        ],
        "time_to_first_token": [
            0.0189477801322937,
            0.3406885862350464,
            0.013665318489074707
        ],
        "max_kv_cache": 0.015170224025401358,
        "parallel_requests_nb": 18
    },
    "22": {
        "speed_generation": [
            0.22322639937240396,
            16.92617485536642,
            0.24555081301697967
        ],
        "time_to_first_token": [
            0.03190118074417114,
            0.40740537643432617,
            0.01640164852142334
        ],
        "max_kv_cache": 0.018521785147292302,
        "parallel_requests_nb": 22
    },
    "26": {
        "speed_generation": [
            0.2272755381796987,
            15.349483115915469,
            0.3112809493368758
        ],
        "time_to_first_token": [
            0.04626131057739258,
            0.4706239700317383,
            0.027185797691345215
        ],
        "max_kv_cache": 0.02152055036161582,
        "parallel_requests_nb": 26
    },
    "30": {
        "speed_generation": [
            0.25787453552728756,
            14.373952279927906,
            0.2482125662963348
        ],
        "time_to_first_token": [
            0.04288041591644287,
            0.5348284244537354,
            0.0283735990524292
        ],
        "max_kv_cache": 0.025048509437290534,
        "parallel_requests_nb": 30
    },
    "34": {
        "speed_generation": [
            0.23763280588747904,
            13.146100392318989,
            0.19880110579335586
        ],
        "time_to_first_token": [
            0.10608559846878052,
            0.6109856367111206,
            0.018459320068359375
        ],
        "max_kv_cache": 0.02822367260539782,
        "parallel_requests_nb": 34
    },
    "38": {
        "speed_generation": [
            0.2897538055323743,
            12.436437586481134,
            0.2088155217218315
        ],
        "time_to_first_token": [
            0.04368948936462402,
            0.6703650951385498,
            0.02084362506866455
        ],
        "max_kv_cache": 0.031222437819721338,
        "parallel_requests_nb": 38
    }
}