{
    "1": {
        "speed_generation": [
            0.06049123771738252,
            24.898659054100218,
            0.03758319754940587
        ],
        "time_to_first_token": [
            0.007292747497558594,
            1.2241759300231934,
            0.003632068634033203
        ],
        "max_kv_cache": 0.046216263891338816,
        "parallel_requests_nb": 1
    },
    "2": {
        "speed_generation": [
            0.04578089101931582,
            19.702370992663194,
            0.05663963564003538
        ],
        "time_to_first_token": [
            0.8604230880737305,
            2.3831369876861572,
            0.02381300926208496
        ],
        "max_kv_cache": 0.09155053801375901,
        "parallel_requests_nb": 2
    },
    "3": {
        "speed_generation": [
            0.06926546473951056,
            15.978707048870968,
            0.04900780292001805
        ],
        "time_to_first_token": [
            0.8912181854248047,
            3.5518959760665894,
            0.04900401830673218
        ],
        "max_kv_cache": 0.1374140059975304,
        "parallel_requests_nb": 3
    },
    "4": {
        "speed_generation": [
            0.037520295023218964,
            13.802217822160936,
            0.07998603310672792
        ],
        "time_to_first_token": [
            1.7232050895690918,
            4.760730028152466,
            0.07744002342224121
        ],
        "max_kv_cache": 0.18257188216616682,
        "parallel_requests_nb": 4
    },
    "6": {
        "speed_generation": [
            0.023052238603836983,
            10.768527006929238,
            0.03698193351888257
        ],
        "time_to_first_token": [
            2.5118213891983032,
            7.257123947143555,
            0.04289853572845459
        ],
        "max_kv_cache": 0.27394602222614217,
        "parallel_requests_nb": 6
    },
    "8": {
        "speed_generation": [
            0.026170911375157146,
            8.912033003632219,
            0.05871141115857803
        ],
        "time_to_first_token": [
            0.1370711326599121,
            9.7274169921875,
            0.054409027099609375
        ],
        "max_kv_cache": 0.36355618274828017,
        "parallel_requests_nb": 8
    },
    "10": {
        "speed_generation": [
            0.00901731746514045,
            7.571546024089032,
            0.010389150356913568
        ],
        "time_to_first_token": [
            0.0492548942565918,
            10.414891958236694,
            1.6896140575408936
        ],
        "max_kv_cache": 0.454577526900688,
        "parallel_requests_nb": 10
    },
    "14": {
        "speed_generation": [
            0.009775405742011856,
            5.855590521945492,
            0.008714153132226343
        ],
        "time_to_first_token": [
            1.7543950080871582,
            13.449105024337769,
            3.560834527015686
        ],
        "max_kv_cache": 0.6346798377138825,
        "parallel_requests_nb": 14
    },
    "18": {
        "speed_generation": [
            0.005276317411158082,
            4.712763342662108,
            0.006192779831947881
        ],
        "time_to_first_token": [
            3.6450852155685425,
            15.617003202438354,
            5.286316752433777
        ],
        "max_kv_cache": 0.8170753219262656,
        "parallel_requests_nb": 18
    },
    "22": {
        "speed_generation": [
            0.018443082435334546,
            3.9869987834650433,
            0.006088306028960044
        ],
        "time_to_first_token": [
            8.212099432945251,
            20.15414309501648,
            5.8125975131988525
        ],
        "max_kv_cache": 0.9994708061386488,
        "parallel_requests_nb": 22
    },
    "26": {
        "speed_generation": [
            0.0077136622264726284,
            3.9780323066030645,
            0.015655673142284776
        ],
        "time_to_first_token": [
            6.6451849937438965,
            23.20070195198059,
            3.5225765705108643
        ],
        "max_kv_cache": 0.9982360204621626,
        "parallel_requests_nb": 26
    },
    "30": {
        "speed_generation": [
            1.962192616750353,
            3.953655987061234,
            0.019984410857876167
        ],
        "time_to_first_token": [
            6.624444842338562,
            25.986308813095093,
            17.00572109222412
        ],
        "max_kv_cache": 0.9962956429705415,
        "parallel_requests_nb": 30
    },
    "34": {
        "speed_generation": [
            1.1927570755849937,
            3.1859603445666607,
            0.8030251940157975
        ],
        "time_to_first_token": [
            9.998623728752136,
            35.79741716384888,
            7.301585912704468
        ],
        "max_kv_cache": 0.996648438878109,
        "parallel_requests_nb": 34
    },
    "38": {
        "speed_generation": [
            0.010269531393172437,
            1.9937385419275258,
            1.9554277192281126
        ],
        "time_to_first_token": [
            16.946473002433777,
            43.053926944732666,
            8.314223051071167
        ],
        "max_kv_cache": 0.9977068266008114,
        "parallel_requests_nb": 38
    }
}