{
    "1": {
        "speed_generation": [
            0.03333801390420632,
            26.500546378172672,
            0.02594924088917594
        ],
        "time_to_first_token": [
            0.0011119842529296875,
            0.09564399719238281,
            0.005866050720214844
        ],
        "max_kv_cache": 0.002025868786037055,
        "parallel_requests_nb": 1
    },
    "2": {
        "speed_generation": [
            0.04613591030007669,
            26.19799555200396,
            0.047693023709850735
        ],
        "time_to_first_token": [
            0.008904695510864258,
            0.1417381763458252,
            0.008277297019958496
        ],
        "max_kv_cache": 0.004051737572074221,
        "parallel_requests_nb": 2
    },
    "3": {
        "speed_generation": [
            0.06197150421891351,
            25.70091258262592,
            0.11180837866509918
        ],
        "time_to_first_token": [
            0.023914217948913574,
            0.18505215644836426,
            0.00921785831451416
        ],
        "max_kv_cache": 0.0059217702976468445,
        "parallel_requests_nb": 3
    },
    "4": {
        "speed_generation": [
            0.15130010423169438,
            25.52935442802802,
            0.061943696908610235
        ],
        "time_to_first_token": [
            0.009883880615234375,
            0.2112560272216797,
            0.03270983695983887
        ],
        "max_kv_cache": 0.007480130902290827,
        "parallel_requests_nb": 4
    },
    "6": {
        "speed_generation": [
            0.08478094482062559,
            24.596255806306797,
            0.07391610779660951
        ],
        "time_to_first_token": [
            0.012872099876403809,
            0.3034050464630127,
            0.012897968292236328
        ],
        "max_kv_cache": 0.011376032413900616,
        "parallel_requests_nb": 6
    },
    "8": {
        "speed_generation": [
            0.07225981628502254,
            24.104334997022153,
            0.103098553151316
        ],
        "time_to_first_token": [
            0.012825250625610352,
            0.38649415969848633,
            0.025368928909301758
        ],
        "max_kv_cache": 0.014804425744117222,
        "parallel_requests_nb": 8
    },
    "10": {
        "speed_generation": [
            0.07182509544823645,
            23.044349319412287,
            0.0715639775797392
        ],
        "time_to_first_token": [
            0.017583489418029785,
            0.49878597259521484,
            0.010665535926818848
        ],
        "max_kv_cache": 0.01854449119526258,
        "parallel_requests_nb": 10
    },
    "14": {
        "speed_generation": [
            0.0680663139731088,
            22.186523351620195,
            0.27622573156840247
        ],
        "time_to_first_token": [
            0.09162402153015137,
            0.6747169494628906,
            0.013695001602172852
        ],
        "max_kv_cache": 0.025712949976624544,
        "parallel_requests_nb": 14
    },
    "18": {
        "speed_generation": [
            0.08355930133840417,
            18.710685244443482,
            0.2720620615023961
        ],
        "time_to_first_token": [
            0.10191750526428223,
            0.8570840358734131,
            0.026806950569152832
        ],
        "max_kv_cache": 0.03319308087891537,
        "parallel_requests_nb": 18
    },
    "22": {
        "speed_generation": [
            0.12104433549003701,
            18.22259647680322,
            0.12071091973589532
        ],
        "time_to_first_token": [
            0.18455100059509277,
            0.9193630218505859,
            0.09044313430786133
        ],
        "max_kv_cache": 0.040361539660277335,
        "parallel_requests_nb": 22
    },
    "26": {
        "speed_generation": [
            0.08139301096116824,
            17.340996731537096,
            0.12913847028808334
        ],
        "time_to_first_token": [
            0.3142319917678833,
            1.1190634965896606,
            0.07820338010787964
        ],
        "max_kv_cache": 0.04768583450210384,
        "parallel_requests_nb": 26
    },
    "30": {
        "speed_generation": [
            0.11141082686221182,
            16.88883510292215,
            0.1067159700474889
        ],
        "time_to_first_token": [
            0.24007034301757812,
            1.32738196849823,
            0.06080716848373413
        ],
        "max_kv_cache": 0.05469845722300137,
        "parallel_requests_nb": 30
    },
    "34": {
        "speed_generation": [
            0.08069444495058242,
            14.485634563880364,
            0.12216979208425016
        ],
        "time_to_first_token": [
            0.465307354927063,
            1.4793140888214111,
            0.08632165193557739
        ],
        "max_kv_cache": 0.06202275206482777,
        "parallel_requests_nb": 34
    },
    "38": {
        "speed_generation": [
            0.09383870432297847,
            14.189240999264833,
            0.06392815482431047
        ],
        "time_to_first_token": [
            0.1512945294380188,
            1.680860996246338,
            0.0433160662651062
        ],
        "max_kv_cache": 0.06887953872526098,
        "parallel_requests_nb": 38
    }
}