{
    "1": {
        "speed_generation": [
            0.02657396486715946,
            14.84165173185518,
            0.1090708483427747
        ],
        "time_to_first_token": [
            0.06111347675323486,
            3.753993034362793,
            0.012708187103271484
        ],
        "max_kv_cache": 0.0406732117812062,
        "parallel_requests_nb": 1
    },
    "2": {
        "speed_generation": [
            0.02221494452201256,
            10.398445352303774,
            0.016078482121825388
        ],
        "time_to_first_token": [
            0.036179184913635254,
            7.304410457611084,
            0.02473682165145874
        ],
        "max_kv_cache": 0.08103475144148353,
        "parallel_requests_nb": 2
    },
    "3": {
        "speed_generation": [
            0.029087734205115012,
            7.9228904707226695,
            0.014538325655904849
        ],
        "time_to_first_token": [
            0.16579723358154297,
            9.319446086883545,
            1.6409778594970703
        ],
        "max_kv_cache": 0.12108461898083211,
        "parallel_requests_nb": 3
    },
    "4": {
        "speed_generation": [
            0.023730300748360023,
            6.430618734141555,
            0.021546409037391356
        ],
        "time_to_first_token": [
            0.4949312210083008,
            12.874438047409058,
            1.6833100318908691
        ],
        "max_kv_cache": 0.16035530621785876,
        "parallel_requests_nb": 4
    },
    "6": {
        "speed_generation": [
            0.024813149470005236,
            4.653409005266802,
            0.017975014259023148
        ],
        "time_to_first_token": [
            7.145746231079102,
            19.606829166412354,
            0.8195798397064209
        ],
        "max_kv_cache": 0.2413900576593424,
        "parallel_requests_nb": 6
    },
    "8": {
        "speed_generation": [
            0.005783265719645048,
            3.6611145505676004,
            0.007331419041808562
        ],
        "time_to_first_token": [
            7.298490762710571,
            23.32073187828064,
            4.065583229064941
        ],
        "max_kv_cache": 0.32086644849618207,
        "parallel_requests_nb": 8
    },
    "10": {
        "speed_generation": [
            0.005493798267402816,
            2.79455529087767,
            0.012357854623944675
        ],
        "time_to_first_token": [
            10.898310899734497,
            26.95258402824402,
            7.3411478996276855
        ],
        "max_kv_cache": 0.40003116721209286,
        "parallel_requests_nb": 10
    },
    "14": {
        "speed_generation": [
            0.0011534193270752446,
            2.1166237896037816,
            0.006207369201070012
        ],
        "time_to_first_token": [
            14.428375959396362,
            34.181577920913696,
            14.353317022323608
        ],
        "max_kv_cache": 0.5617889979741313,
        "parallel_requests_nb": 14
    },
    "18": {
        "speed_generation": [
            0.0002047665650994901,
            1.698031945826272,
            0.0055356064557448015
        ],
        "time_to_first_token": [
            17.959308981895447,
            41.35273098945618,
            17.970150589942932
        ],
        "max_kv_cache": 0.7188717469222379,
        "parallel_requests_nb": 18
    },
    "22": {
        "speed_generation": [
            0.005079538880661261,
            1.4225298833442688,
            0.001217007873953957
        ],
        "time_to_first_token": [
            20.035608530044556,
            48.75030708312988,
            18.37582552433014
        ],
        "max_kv_cache": 0.8806295776842762,
        "parallel_requests_nb": 22
    },
    "26": {
        "speed_generation": [
            0.004689278836147448,
            1.2216664788594964,
            0.041703840446240203
        ],
        "time_to_first_token": [
            21.85094463825226,
            56.03488802909851,
            22.007165551185608
        ],
        "max_kv_cache": 1.0,
        "parallel_requests_nb": 26
    },
    "30": {
        "speed_generation": [
            0.04195583690176896,
            1.260768428726987,
            0.008792499153814859
        ],
        "time_to_first_token": [
            21.95418095588684,
            63.48131799697876,
            25.493359565734863
        ],
        "max_kv_cache": 0.9995324918186068,
        "parallel_requests_nb": 30
    },
    "34": {
        "speed_generation": [
            0.5657695625768965,
            1.2637034949659542,
            0.006976852376886278
        ],
        "time_to_first_token": [
            21.910502910614014,
            77.82737684249878,
            37.66345775127411
        ],
        "max_kv_cache": 0.9998441639395356,
        "parallel_requests_nb": 34
    },
    "38": {
        "speed_generation": [
            0.6313642896235582,
            1.2646136974350526,
            0.0027369642587373733
        ],
        "time_to_first_token": [
            18.62944996356964,
            89.22271800041199,
            38.8082469701767
        ],
        "max_kv_cache": 0.9995324918186068,
        "parallel_requests_nb": 38
    }
}