{
    "1": {
        "speed_generation": [
            0.018903459466525163,
            25.833966350183918,
            0.018672953348861654
        ],
        "time_to_first_token": [
            0.0050765275955200195,
            1.0425935983657837,
            0.008239209651947021
        ],
        "max_kv_cache": 0.02010285179990645,
        "parallel_requests_nb": 1
    },
    "2": {
        "speed_generation": [
            0.018034685417596563,
            24.99301802664308,
            0.043762615146057726
        ],
        "time_to_first_token": [
            0.05548858642578125,
            1.921155571937561,
            0.015324771404266357
        ],
        "max_kv_cache": 0.03989403147888426,
        "parallel_requests_nb": 2
    },
    "3": {
        "speed_generation": [
            0.03926818788781361,
            24.070306841059057,
            0.045239298809757855
        ],
        "time_to_first_token": [
            0.022163689136505127,
            2.7790485620498657,
            0.05858480930328369
        ],
        "max_kv_cache": 0.05984104721832628,
        "parallel_requests_nb": 3
    },
    "4": {
        "speed_generation": [
            0.038773616017383716,
            23.419560962549337,
            0.01616680875804377
        ],
        "time_to_first_token": [
            0.017447292804718018,
            3.6799914836883545,
            0.06468021869659424
        ],
        "max_kv_cache": 0.07978806295776841,
        "parallel_requests_nb": 4
    },
    "6": {
        "speed_generation": [
            0.037022876495584,
            21.685335792111708,
            0.03634505449202052
        ],
        "time_to_first_token": [
            0.12842726707458496,
            5.459198951721191,
            0.06287002563476562
        ],
        "max_kv_cache": 0.11952625837618824,
        "parallel_requests_nb": 6
    },
    "8": {
        "speed_generation": [
            0.03665844830770837,
            20.664544259876823,
            0.02644253215881065
        ],
        "time_to_first_token": [
            0.7664761543273926,
            7.272037029266357,
            0.014037132263183594
        ],
        "max_kv_cache": 0.15926445379460807,
        "parallel_requests_nb": 8
    }
}