{
    "1": {
        "speed_generation": [
            0.03761169537334652,
            21.989881735838768,
            0.035257475382714176
        ],
        "time_to_first_token": [
            0.00839853286743164,
            1.0430463552474976,
            0.008693397045135498
        ],
        "max_kv_cache": 0.011376032413900616,
        "parallel_requests_nb": 1
    },
    "2": {
        "speed_generation": [
            0.029446638642749434,
            18.9873171713002,
            0.041482771195610724
        ],
        "time_to_first_token": [
            0.011785030364990234,
            1.924299955368042,
            0.012897968292236328
        ],
        "max_kv_cache": 0.0225962287673368,
        "parallel_requests_nb": 2
    },
    "3": {
        "speed_generation": [
            0.05249544833768027,
            16.61219666787508,
            0.11260172336697138
        ],
        "time_to_first_token": [
            0.05524182319641113,
            2.8211379051208496,
            0.018444299697875977
        ],
        "max_kv_cache": 0.03397226118123731,
        "parallel_requests_nb": 3
    },
    "4": {
        "speed_generation": [
            0.053543462410274856,
            14.897270746496094,
            0.030340928390657496
        ],
        "time_to_first_token": [
            0.014442682266235352,
            3.6768548488616943,
            0.0238950252532959
        ],
        "max_kv_cache": 0.04488078541374474,
        "parallel_requests_nb": 4
    },
    "6": {
        "speed_generation": [
            0.03469668009567606,
            12.10166481179652,
            0.0425719300908316
        ],
        "time_to_first_token": [
            0.018551111221313477,
            5.454894065856934,
            0.050401926040649414
        ],
        "max_kv_cache": 0.06747701418108154,
        "parallel_requests_nb": 6
    },
    "8": {
        "speed_generation": [
            0.042483836457202884,
            10.2382563516433,
            0.04155781126154068
        ],
        "time_to_first_token": [
            1.3103547096252441,
            7.283706903457642,
            0.06574821472167969
        ],
        "max_kv_cache": 0.08991740688795391,
        "parallel_requests_nb": 8
    },
    "10": {
        "speed_generation": [
            0.05760253327823328,
            8.82597447637797,
            0.01779279174961701
        ],
        "time_to_first_token": [
            0.5904359817504883,
            7.895884037017822,
            1.2063519954681396
        ],
        "max_kv_cache": 0.11220196353436185,
        "parallel_requests_nb": 10
    },
    "14": {
        "speed_generation": [
            0.04970614810886165,
            7.038832098383373,
            0.008296225658334322
        ],
        "time_to_first_token": [
            0.5350720882415771,
            11.054728031158447,
            0.8382689952850342
        ],
        "max_kv_cache": 0.15614773258532022,
        "parallel_requests_nb": 14
    },
    "18": {
        "speed_generation": [
            0.009216171369962112,
            5.585590447521486,
            0.026004058789171225
        ],
        "time_to_first_token": [
            1.1916530132293701,
            14.358367919921875,
            1.179490566253662
        ],
        "max_kv_cache": 0.20087268193860064,
        "parallel_requests_nb": 18
    },
    "22": {
        "speed_generation": [
            0.014772470792335568,
            4.814757672197089,
            0.006783696887099566
        ],
        "time_to_first_token": [
            3.7298535108566284,
            17.764400959014893,
            0.9855506420135498
        ],
        "max_kv_cache": 0.24513012311048776,
        "parallel_requests_nb": 22
    },
    "26": {
        "speed_generation": [
            0.018680440568527246,
            4.2051224660042585,
            0.007304995779686685
        ],
        "time_to_first_token": [
            6.4673662185668945,
            20.55817413330078,
            1.9136934280395508
        ],
        "max_kv_cache": 0.28907589216144614,
        "parallel_requests_nb": 26
    },
    "30": {
        "speed_generation": [
            0.004445141219082682,
            3.7264857272479595,
            0.003324362610736209
        ],
        "time_to_first_token": [
            6.964691877365112,
            21.132983922958374,
            4.189716100692749
        ],
        "max_kv_cache": 0.33317749727286894,
        "parallel_requests_nb": 30
    },
    "34": {
        "speed_generation": [
            0.0075752482269551,
            3.1525514883474055,
            0.0009530847412002608
        ],
        "time_to_first_token": [
            7.591543912887573,
            22.13902497291565,
            7.083328485488892
        ],
        "max_kv_cache": 0.3780582826866137,
        "parallel_requests_nb": 34
    },
    "38": {
        "speed_generation": [
            0.008245095441803407,
            2.8796798768191896,
            0.010994079758693598
        ],
        "time_to_first_token": [
            10.71033787727356,
            27.467079877853394,
            4.868919134140015
        ],
        "max_kv_cache": 0.42138070749571455,
        "parallel_requests_nb": 38
    }
}