{
    "1": {
        "speed_generation": [
            0.04547486376202592,
            3.734081077600009,
            0.01368476812255448
        ],
        "time_to_first_token": [
            0.016318440437316895,
            3.709127426147461,
            0.051635563373565674
        ],
        "max_kv_cache": 0.0395823593579554,
        "parallel_requests_nb": 1
    },
    "2": {
        "speed_generation": [
            0.003876236705648406,
            2.0243419857143166,
            0.007416435599135074
        ],
        "time_to_first_token": [
            0.0607602596282959,
            7.3074631690979,
            0.014712333679199219
        ],
        "max_kv_cache": 0.0785413744740533,
        "parallel_requests_nb": 2
    },
    "3": {
        "speed_generation": [
            0.004854964686385799,
            1.377140099335628,
            0.006299077307833523
        ],
        "time_to_first_token": [
            0.14277386665344238,
            9.292608499526978,
            1.6839374899864197
        ],
        "max_kv_cache": 0.11781206171107994,
        "parallel_requests_nb": 3
    },
    "4": {
        "speed_generation": [
            0.005197462916602058,
            1.050665922269289,
            0.00421853401785266
        ],
        "time_to_first_token": [
            0.47568392753601074,
            12.84603500366211,
            1.6966350078582764
        ],
        "max_kv_cache": 0.1566152407667134,
        "parallel_requests_nb": 4
    },
    "6": {
        "speed_generation": [
            0.005209529875457197,
            0.709001660059718,
            0.003882354023126311
        ],
        "time_to_first_token": [
            5.349445462226868,
            19.581333875656128,
            0.854728102684021
        ],
        "max_kv_cache": 0.23546828736169545,
        "parallel_requests_nb": 6
    },
    "8": {
        "speed_generation": [
            0.001979575734746608,
            0.5363299910242526,
            0.0025059738365279527
        ],
        "time_to_first_token": [
            7.23909592628479,
            23.23524284362793,
            4.0350141525268555
        ],
        "max_kv_cache": 0.31229546517064044,
        "parallel_requests_nb": 8
    },
    "10": {
        "speed_generation": [
            0.0004542654306859961,
            0.4260820386060226,
            0.0009055018154255356
        ],
        "time_to_first_token": [
            10.864863395690918,
            26.979256868362427,
            7.448817133903503
        ],
        "max_kv_cache": 0.3900576593423718,
        "parallel_requests_nb": 10
    },
    "14": {
        "speed_generation": [
            7.142140027655008e-05,
            0.3060452014569914,
            0.0015193376104603584
        ],
        "time_to_first_token": [
            11.2270005941391,
            34.45062208175659,
            10.858052372932434
        ],
        "max_kv_cache": 0.5444911952625837,
        "parallel_requests_nb": 14
    },
    "18": {
        "speed_generation": [
            0.0005065265848040457,
            0.2394057633609094,
            0.00024871581034616175
        ],
        "time_to_first_token": [
            17.951961994171143,
            41.42203116416931,
            18.342520713806152
        ],
        "max_kv_cache": 0.7029764687548699,
        "parallel_requests_nb": 18
    },
    "22": {
        "speed_generation": [
            0.00028045016222150165,
            0.19681770099560503,
            0.0003329679652702977
        ],
        "time_to_first_token": [
            18.498271584510803,
            48.985337018966675,
            18.041812539100647
        ],
        "max_kv_cache": 0.8546049555867228,
        "parallel_requests_nb": 22
    },
    "26": {
        "speed_generation": [
            0.0007073762823551766,
            0.1734090782920954,
            0.00014368988309354513
        ],
        "time_to_first_token": [
            22.208841562271118,
            56.27258360385895,
            25.15501779317856
        ],
        "max_kv_cache": 0.9744428860838398,
        "parallel_requests_nb": 26
    },
    "30": {
        "speed_generation": [
            0.00017118339223129442,
            0.1731698296047315,
            0.0005028122054742956
        ],
        "time_to_first_token": [
            28.834221720695496,
            70.47825407981873,
            18.853769779205322
        ],
        "max_kv_cache": 0.9727286894187315,
        "parallel_requests_nb": 30
    },
    "34": {
        "speed_generation": [
            0.07815233377807006,
            0.1733667592911,
            0.0007386857313078921
        ],
        "time_to_first_token": [
            21.909092903137207,
            78.14676892757416,
            26.670633673667908
        ],
        "max_kv_cache": 0.9713261648745519,
        "parallel_requests_nb": 34
    },
    "38": {
        "speed_generation": [
            0.08590478779291497,
            0.1727908777399178,
            0.0008424137470702808
        ],
        "time_to_first_token": [
            18.812223255634308,
            89.4447900056839,
            29.74905616044998
        ],
        "max_kv_cache": 0.9725728533582672,
        "parallel_requests_nb": 38
    }
}