{
    "1": {
        "speed_generation": [
            0.03955753306258991,
            9.939708154801393,
            0.04449835142296088
        ],
        "time_to_first_token": [
            0.00668787956237793,
            1.0414609909057617,
            0.006638050079345703
        ],
        "max_kv_cache": 0.010441016051114249,
        "parallel_requests_nb": 1
    },
    "2": {
        "speed_generation": [
            0.02284678696171749,
            6.412645787199756,
            0.03640279145815395
        ],
        "time_to_first_token": [
            0.015224933624267578,
            1.9247498512268066,
            0.009182214736938477
        ],
        "max_kv_cache": 0.020570359981299635,
        "parallel_requests_nb": 2
    },
    "3": {
        "speed_generation": [
            0.024300325304848158,
            4.703429686005185,
            0.08464836189947711
        ],
        "time_to_first_token": [
            0.05965542793273926,
            2.8209869861602783,
            0.01850759983062744
        ],
        "max_kv_cache": 0.030699703911485132,
        "parallel_requests_nb": 3
    },
    "4": {
        "speed_generation": [
            0.049666097770078466,
            3.7555572667541766,
            0.012387318649802026
        ],
        "time_to_first_token": [
            0.015114068984985352,
            3.677659034729004,
            0.05556201934814453
        ],
        "max_kv_cache": 0.04082904784167052,
        "parallel_requests_nb": 4
    },
    "6": {
        "speed_generation": [
            0.007029280553090711,
            2.6272767621599344,
            0.021514699883940835
        ],
        "time_to_first_token": [
            0.05265319347381592,
            5.483655214309692,
            0.01642131805419922
        ],
        "max_kv_cache": 0.06062022752064833,
        "parallel_requests_nb": 6
    },
    "8": {
        "speed_generation": [
            0.014575560479165528,
            2.014117186628929,
            0.016155474740847886
        ],
        "time_to_first_token": [
            0.4601461887359619,
            6.436470031738281,
            0.8878130912780762
        ],
        "max_kv_cache": 0.08072307932055478,
        "parallel_requests_nb": 8
    },
    "10": {
        "speed_generation": [
            0.010918549167772795,
            1.638625871134483,
            0.01755408599463104
        ],
        "time_to_first_token": [
            1.1045939922332764,
            8.36055612564087,
            0.7339928150177002
        ],
        "max_kv_cache": 0.10082593112046123,
        "parallel_requests_nb": 10
    },
    "14": {
        "speed_generation": [
            0.008268280443337828,
            1.1921799417436767,
            0.0048688006551536045
        ],
        "time_to_first_token": [
            0.6062378883361816,
            11.281712055206299,
            1.2379999160766602
        ],
        "max_kv_cache": 0.1413433068412031,
        "parallel_requests_nb": 14
    },
    "18": {
        "speed_generation": [
            0.003936022950906226,
            0.9318038938787501,
            0.004972838385220113
        ],
        "time_to_first_token": [
            1.0945837497711182,
            14.4233558177948,
            1.2451571226119995
        ],
        "max_kv_cache": 0.1803023219573009,
        "parallel_requests_nb": 18
    },
    "22": {
        "speed_generation": [
            0.006373556789971979,
            0.7710637565853332,
            0.002824223614607768
        ],
        "time_to_first_token": [
            2.9602859020233154,
            16.975512981414795,
            2.0110530853271484
        ],
        "max_kv_cache": 0.22144304191990027,
        "parallel_requests_nb": 22
    },
    "26": {
        "speed_generation": [
            0.003095765179997323,
            0.6561477938526877,
            0.001769693329370492
        ],
        "time_to_first_token": [
            6.9899022579193115,
            20.434344053268433,
            2.0412228107452393
        ],
        "max_kv_cache": 0.2610254012778557,
        "parallel_requests_nb": 26
    },
    "30": {
        "speed_generation": [
            0.0011881282186151365,
            0.5713189004719919,
            0.003085374393845375
        ],
        "time_to_first_token": [
            7.05452299118042,
            21.210793018341064,
            4.227137088775635
        ],
        "max_kv_cache": 0.3013869409381331,
        "parallel_requests_nb": 30
    },
    "34": {
        "speed_generation": [
            0.0018656372821682088,
            0.49865686939552784,
            0.0033915933237968487
        ],
        "time_to_first_token": [
            8.118403673171997,
            23.285012006759644,
            6.063601493835449
        ],
        "max_kv_cache": 0.3419043166588749,
        "parallel_requests_nb": 34
    },
    "38": {
        "speed_generation": [
            0.0011612949796053762,
            0.4482877529440165,
            0.001115227757813364
        ],
        "time_to_first_token": [
            9.832052946090698,
            26.840919017791748,
            5.611958026885986
        ],
        "max_kv_cache": 0.3810191678354371,
        "parallel_requests_nb": 38
    }
}