{
    "1": {
        "speed_generation": [
            0.29221569254794133,
            24.425584031808548,
            0.11046626531456027
        ],
        "time_to_first_token": [
            0.0015082359313964844,
            0.09495246410369873,
            0.00833672285079956
        ],
        "max_kv_cache": 0.0009350163627863672,
        "parallel_requests_nb": 1
    },
    "2": {
        "speed_generation": [
            0.26924941048228135,
            22.857304788296425,
            0.257204732692383
        ],
        "time_to_first_token": [
            0.007399559020996094,
            0.13850712776184082,
            0.00866389274597168
        ],
        "max_kv_cache": 0.0018700327255727345,
        "parallel_requests_nb": 2
    },
    "3": {
        "speed_generation": [
            0.22855476128532004,
            21.219724464605317,
            0.45631096787199255
        ],
        "time_to_first_token": [
            0.020355701446533203,
            0.1857684850692749,
            0.008231520652770996
        ],
        "max_kv_cache": 0.00264921302789467,
        "parallel_requests_nb": 3
    },
    "4": {
        "speed_generation": [
            0.666760321638975,
            20.378753280142476,
            0.3483312537664105
        ],
        "time_to_first_token": [
            0.012758314609527588,
            0.2157435417175293,
            0.027049899101257324
        ],
        "max_kv_cache": 0.0035842293906810374,
        "parallel_requests_nb": 4
    },
    "6": {
        "speed_generation": [
            0.529840697849675,
            17.5577295720918,
            0.3589802185678366
        ],
        "time_to_first_token": [
            0.05553621053695679,
            0.20528948307037354,
            0.036832332611083984
        ],
        "max_kv_cache": 0.004675081813931725,
        "parallel_requests_nb": 6
    },
    "8": {
        "speed_generation": [
            0.31730246310366184,
            16.38652652873626,
            0.3665273792680601
        ],
        "time_to_first_token": [
            0.020282328128814697,
            0.3926830291748047,
            0.02062171697616577
        ],
        "max_kv_cache": 0.006389278479040028,
        "parallel_requests_nb": 8
    },
    "10": {
        "speed_generation": [
            0.14340117050345036,
            14.621774532953602,
            0.18324046886888468
        ],
        "time_to_first_token": [
            0.012712538242340088,
            0.49674510955810547,
            0.011248588562011719
        ],
        "max_kv_cache": 0.007635966962755147,
        "parallel_requests_nb": 10
    },
    "14": {
        "speed_generation": [
            0.13188193120820735,
            12.538963332503279,
            0.8692532123930778
        ],
        "time_to_first_token": [
            0.08615273237228394,
            0.674992561340332,
            0.014760196208953857
        ],
        "max_kv_cache": 0.010908524232507433,
        "parallel_requests_nb": 14
    },
    "18": {
        "speed_generation": [
            0.11918815232450441,
            10.243183020384734,
            0.6123222992833703
        ],
        "time_to_first_token": [
            0.09075075387954712,
            0.8552390336990356,
            0.01747041940689087
        ],
        "max_kv_cache": 0.013557737260402103,
        "parallel_requests_nb": 18
    },
    "22": {
        "speed_generation": [
            0.17710172963264448,
            9.128749939329767,
            0.3383243886836258
        ],
        "time_to_first_token": [
            0.2262732982635498,
            0.9351009130477905,
            0.10545051097869873
        ],
        "max_kv_cache": 0.016362786348761094,
        "parallel_requests_nb": 22
    },
    "26": {
        "speed_generation": [
            0.16003595451325126,
            8.280564747116669,
            0.22042124039611188
        ],
        "time_to_first_token": [
            0.3362259268760681,
            1.1676570177078247,
            0.052524685859680176
        ],
        "max_kv_cache": 0.019011999376655764,
        "parallel_requests_nb": 26
    },
    "30": {
        "speed_generation": [
            0.10464612437143117,
            7.604674866953607,
            0.1639421476723335
        ],
        "time_to_first_token": [
            0.05900609493255615,
            1.3379266262054443,
            0.054676830768585205
        ],
        "max_kv_cache": 0.021661212404550434,
        "parallel_requests_nb": 30
    },
    "34": {
        "speed_generation": [
            0.08182313348157244,
            6.67724610182181,
            0.15252249754922875
        ],
        "time_to_first_token": [
            0.10733246803283691,
            1.5094425678253174,
            0.049653589725494385
        ],
        "max_kv_cache": 0.024777933613838288,
        "parallel_requests_nb": 34
    },
    "38": {
        "speed_generation": [
            0.1304881883814346,
            6.318076196285702,
            0.07910995040000479
        ],
        "time_to_first_token": [
            0.038015007972717285,
            1.654083013534546,
            0.060880422592163086
        ],
        "max_kv_cache": 0.027271310581268526,
        "parallel_requests_nb": 38
    }
}