{
    "1": {
        "speed_generation": [
            0.030018451033768656,
            23.74561378732985,
            0.018904080595884665
        ],
        "time_to_first_token": [
            0.012200653553009033,
            3.704635977745056,
            0.05392354726791382
        ],
        "max_kv_cache": 0.049400031167212144,
        "parallel_requests_nb": 1
    },
    "2": {
        "speed_generation": [
            0.03009171515069653,
            21.393789616749864,
            0.020473426239565384
        ],
        "time_to_first_token": [
            0.0192146897315979,
            7.305361986160278,
            0.01682722568511963
        ],
        "max_kv_cache": 0.098332554153031,
        "parallel_requests_nb": 2
    },
    "3": {
        "speed_generation": [
            0.011783643770584717,
            19.250667652931256,
            0.027756427387192417
        ],
        "time_to_first_token": [
            0.05031430721282959,
            9.219091892242432,
            1.7653405666351318
        ],
        "max_kv_cache": 0.14679756895745677,
        "parallel_requests_nb": 3
    },
    "4": {
        "speed_generation": [
            0.054808883867366376,
            17.818651883786444,
            0.014294740947939033
        ],
        "time_to_first_token": [
            0.5881437659263611,
            12.92910087108612,
            1.6043227910995483
        ],
        "max_kv_cache": 0.19635343618513323,
        "parallel_requests_nb": 4
    }
}