{
    "1": {
        "speed_generation": [
            0.5392839419451434,
            119.8560458632434,
            1.1716593175444245
        ],
        "time_to_first_token": [
            0.0022100210189819336,
            0.13088393211364746,
            0.002972126007080078
        ],
        "max_kv_cache": 0.0325685397627844,
        "parallel_requests_nb": 1
    },
    "2": {
        "speed_generation": [
            0.41738931670290924,
            106.67121111838898,
            0.45537696599723176
        ],
        "time_to_first_token": [
            0.02360367774963379,
            0.1916811466217041,
            0.055977821350097656
        ],
        "max_kv_cache": 0.06503986000388873,
        "parallel_requests_nb": 2
    },
    "3": {
        "speed_generation": [
            0.7331838890377469,
            94.40118169851594,
            0.3769207233320202
        ],
        "time_to_first_token": [
            0.16420572996139526,
            0.3431814908981323,
            0.015426933765411377
        ],
        "max_kv_cache": 0.09653898502819369,
        "parallel_requests_nb": 3
    },
    "4": {
        "speed_generation": [
            0.15896772088586886,
            89.03299188687865,
            0.20034241027774158
        ],
        "time_to_first_token": [
            0.2567739486694336,
            0.4537980556488037,
            0.011149168014526367
        ],
        "max_kv_cache": 0.1286214271825783,
        "parallel_requests_nb": 4
    },
    "6": {
        "speed_generation": [
            0.5809136954602963,
            82.127920514584,
            0.4598875802105056
        ],
        "time_to_first_token": [
            0.10285663604736328,
            0.6681680679321289,
            0.012999892234802246
        ],
        "max_kv_cache": 0.19220299436126775,
        "parallel_requests_nb": 6
    },
    "8": {
        "speed_generation": [
            0.30048793852087385,
            73.19887880049396,
            0.15581658476885707
        ],
        "time_to_first_token": [
            0.0498960018157959,
            0.8800110816955566,
            0.018869876861572266
        ],
        "max_kv_cache": 0.25549290297491734,
        "parallel_requests_nb": 8
    },
    "10": {
        "speed_generation": [
            0.23765236991198435,
            65.2179332065489,
            0.3021147477327446
        ],
        "time_to_first_token": [
            0.17702043056488037,
            1.1156508922576904,
            0.027994155883789062
        ],
        "max_kv_cache": 0.31897725063192695,
        "parallel_requests_nb": 10
    },
    "14": {
        "speed_generation": [
            0.2944039902630138,
            55.26587647811566,
            0.16740822972515446
        ],
        "time_to_first_token": [
            0.5776560306549072,
            1.5600669384002686,
            0.056333065032958984
        ],
        "max_kv_cache": 0.44662648259770565,
        "parallel_requests_nb": 14
    },
    "18": {
        "speed_generation": [
            0.24167220330647865,
            43.90821385710026,
            0.15010794851782094
        ],
        "time_to_first_token": [
            0.3043019771575928,
            2.0138700008392334,
            0.08707213401794434
        ],
        "max_kv_cache": 0.5738868364767645,
        "parallel_requests_nb": 18
    },
    "22": {
        "speed_generation": [
            0.3767405266398143,
            39.28890689117828,
            0.1570144372375566
        ],
        "time_to_first_token": [
            0.5325675010681152,
            2.5277700424194336,
            0.07533442974090576
        ],
        "max_kv_cache": 0.702216605094303,
        "parallel_requests_nb": 22
    },
    "26": {
        "speed_generation": [
            0.31440285677210156,
            29.685444235112843,
            0.12142566365965735
        ],
        "time_to_first_token": [
            0.40932393074035645,
            2.754621982574463,
            0.20478606224060059
        ],
        "max_kv_cache": 0.8286019832782423,
        "parallel_requests_nb": 26
    },
    "30": {
        "speed_generation": [
            0.40971965526295406,
            28.52494908008763,
            0.07744073897935166
        ],
        "time_to_first_token": [
            0.37822389602661133,
            2.846436023712158,
            0.6571938991546631
        ],
        "max_kv_cache": 0.9548901419405017,
        "parallel_requests_nb": 30
    },
    "34": {
        "speed_generation": [
            0.16069174595832791,
            26.659098419338452,
            0.15997871280910303
        ],
        "time_to_first_token": [
            0.8161991834640503,
            3.4642090797424316,
            0.5135443210601807
        ],
        "max_kv_cache": 1.0,
        "parallel_requests_nb": 34
    },
    "38": {
        "speed_generation": [
            0.29177111261090616,
            25.812355767241826,
            0.3714047826398357
        ],
        "time_to_first_token": [
            1.2489518523216248,
            4.171536922454834,
            0.13733690977096558
        ],
        "max_kv_cache": 1.0,
        "parallel_requests_nb": 38
    }
}