{
    "1": {
        "speed_generation": [
            0.5400711727108387,
            62.07708196785069,
            0.3838167188470365
        ],
        "time_to_first_token": [
            0.0012955069541931152,
            0.12966907024383545,
            0.003776848316192627
        ],
        "max_kv_cache": 0.02663814894030725,
        "parallel_requests_nb": 1
    },
    "2": {
        "speed_generation": [
            0.5376197631802739,
            41.58474845774691,
            0.4251924730415624
        ],
        "time_to_first_token": [
            0.06534314155578613,
            0.22948312759399414,
            0.012308120727539062
        ],
        "max_kv_cache": 0.05249854170717483,
        "parallel_requests_nb": 2
    },
    "3": {
        "speed_generation": [
            0.46746646935965686,
            31.654168933291636,
            0.3660694077347699
        ],
        "time_to_first_token": [
            0.1697520613670349,
            0.34420764446258545,
            0.007766246795654297
        ],
        "max_kv_cache": 0.07874781256076224,
        "parallel_requests_nb": 3
    },
    "4": {
        "speed_generation": [
            0.3905316796313727,
            25.486128965982303,
            0.32148112839104215
        ],
        "time_to_first_token": [
            0.1604297161102295,
            0.4538379907608032,
            0.009576857089996338
        ],
        "max_kv_cache": 0.10431654676258995,
        "parallel_requests_nb": 4
    },
    "6": {
        "speed_generation": [
            0.4432277870303061,
            18.672645955716558,
            0.2961393212750174
        ],
        "time_to_first_token": [
            0.1352793574333191,
            0.6682840585708618,
            0.01617586612701416
        ],
        "max_kv_cache": 0.15564845420960527,
        "parallel_requests_nb": 6
    },
    "8": {
        "speed_generation": [
            0.2506903698627543,
            14.312498311555217,
            0.3612633423142473
        ],
        "time_to_first_token": [
            0.13399124145507812,
            0.8837285041809082,
            0.027186334133148193
        ],
        "max_kv_cache": 0.20756367878670035,
        "parallel_requests_nb": 8
    },
    "10": {
        "speed_generation": [
            0.1783088188111588,
            11.596487920748512,
            0.21017064215332582
        ],
        "time_to_first_token": [
            0.05367863178253174,
            1.1376209259033203,
            0.03523993492126465
        ],
        "max_kv_cache": 0.2590900252770756,
        "parallel_requests_nb": 10
    },
    "14": {
        "speed_generation": [
            0.0539335339769913,
            8.45950766243977,
            0.1457019366510437
        ],
        "time_to_first_token": [
            0.04654783010482788,
            1.6358139514923096,
            0.017212629318237305
        ],
        "max_kv_cache": 0.3621427182578262,
        "parallel_requests_nb": 14
    },
    "18": {
        "speed_generation": [
            0.040009001469830885,
            6.656998337754566,
            0.026112219679726323
        ],
        "time_to_first_token": [
            0.009723842144012451,
            2.105149030685425,
            0.011215269565582275
        ],
        "max_kv_cache": 0.4655842893252965,
        "parallel_requests_nb": 18
    },
    "22": {
        "speed_generation": [
            0.019680521235291515,
            5.441376526968545,
            0.023182711486452234
        ],
        "time_to_first_token": [
            0.01547330617904663,
            2.6129690408706665,
            0.01356428861618042
        ],
        "max_kv_cache": 0.5664981528290881,
        "parallel_requests_nb": 22
    },
    "26": {
        "speed_generation": [
            0.020947512173229654,
            4.587403321414021,
            0.02033330301544023
        ],
        "time_to_first_token": [
            0.01522153615951538,
            2.7604081630706787,
            0.021778583526611328
        ],
        "max_kv_cache": 0.6718841143301575,
        "parallel_requests_nb": 26
    },
    "30": {
        "speed_generation": [
            0.009612271369332959,
            4.019826809081014,
            0.00989733809689941
        ],
        "time_to_first_token": [
            0.014331936836242676,
            2.839765429496765,
            0.02028059959411621
        ],
        "max_kv_cache": 0.7713396850087497,
        "parallel_requests_nb": 30
    },
    "34": {
        "speed_generation": [
            0.01123691583424602,
            3.580065934562783,
            0.016036004702052242
        ],
        "time_to_first_token": [
            0.015668392181396484,
            2.921114444732666,
            1.049988865852356
        ],
        "max_kv_cache": 0.8767256465098192,
        "parallel_requests_nb": 34
    },
    "38": {
        "speed_generation": [
            0.00953387669177097,
            3.2199080144402394,
            0.008786526884985157
        ],
        "time_to_first_token": [
            0.03045511245727539,
            3.0081664323806763,
            1.45098078250885
        ],
        "max_kv_cache": 0.9785144857087303,
        "parallel_requests_nb": 38
    }
}