{
    "1": {
        "speed_generation": [
            1.4287779113736576,
            124.84286612395604,
            1.1011822177727595
        ],
        "time_to_first_token": [
            0.0014797449111938477,
            0.04195749759674072,
            0.0007498264312744141
        ],
        "max_kv_cache": 0.006708146995916819,
        "parallel_requests_nb": 1
    },
    "2": {
        "speed_generation": [
            0.6276483937895847,
            118.25457229791218,
            0.6726679973396443
        ],
        "time_to_first_token": [
            0.0026459693908691406,
            0.04166698455810547,
            0.001806020736694336
        ],
        "max_kv_cache": 0.013416293991833528,
        "parallel_requests_nb": 2
    },
    "3": {
        "speed_generation": [
            0.845619657400249,
            115.37999640633745,
            0.7784072634701715
        ],
        "time_to_first_token": [
            0.0036022067070007324,
            0.06508147716522217,
            0.001991450786590576
        ],
        "max_kv_cache": 0.02002722146607039,
        "parallel_requests_nb": 3
    },
    "4": {
        "speed_generation": [
            0.9765848078772734,
            113.44506584478634,
            0.5135954899748612
        ],
        "time_to_first_token": [
            0.004438877105712891,
            0.06745100021362305,
            0.0022699832916259766
        ],
        "max_kv_cache": 0.026735368461987208,
        "parallel_requests_nb": 4
    },
    "6": {
        "speed_generation": [
            2.9598856555601287,
            103.77431456638382,
            1.8369903474810059
        ],
        "time_to_first_token": [
            0.005366802215576172,
            0.07219886779785156,
            0.0042951107025146484
        ],
        "max_kv_cache": 0.03995722341046082,
        "parallel_requests_nb": 6
    },
    "8": {
        "speed_generation": [
            2.425513283068227,
            98.8007337128054,
            1.048580457284089
        ],
        "time_to_first_token": [
            0.004103899002075195,
            0.07463693618774414,
            0.0043408870697021484
        ],
        "max_kv_cache": 0.05298463931557462,
        "parallel_requests_nb": 8
    },
    "10": {
        "speed_generation": [
            0.8683655542892552,
            93.90681565412888,
            0.5564820377675517
        ],
        "time_to_first_token": [
            0.0055844783782958984,
            0.07826900482177734,
            0.004525899887084961
        ],
        "max_kv_cache": 0.06640093330740815,
        "parallel_requests_nb": 10
    },
    "14": {
        "speed_generation": [
            0.7292702389791259,
            91.73123235125578,
            0.30573784692182926
        ],
        "time_to_first_token": [
            0.005610942840576172,
            0.08557295799255371,
            0.004682064056396484
        ],
        "max_kv_cache": 0.0925529846393156,
        "parallel_requests_nb": 14
    },
    "18": {
        "speed_generation": [
            1.1988647018870466,
            91.54259401487357,
            0.31034724305689565
        ],
        "time_to_first_token": [
            0.006108760833740234,
            0.09405183792114258,
            0.005872249603271484
        ],
        "max_kv_cache": 0.11889947501458298,
        "parallel_requests_nb": 18
    },
    "22": {
        "speed_generation": [
            3.3227750498277686,
            90.76172414984647,
            0.40494965909989844
        ],
        "time_to_first_token": [
            0.007136821746826172,
            0.09897994995117188,
            0.004958152770996094
        ],
        "max_kv_cache": 0.14563484347657008,
        "parallel_requests_nb": 22
    },
    "26": {
        "speed_generation": [
            2.6500498748688415,
            84.7222788460909,
            0.4490719772910552
        ],
        "time_to_first_token": [
            0.007727146148681641,
            0.10848307609558105,
            0.006048917770385742
        ],
        "max_kv_cache": 0.1718841143301575,
        "parallel_requests_nb": 26
    },
    "30": {
        "speed_generation": [
            1.3330324167143885,
            81.79813387628468,
            1.7758737397426358
        ],
        "time_to_first_token": [
            0.015989065170288086,
            0.11135506629943848,
            0.009227991104125977
        ],
        "max_kv_cache": 0.19803616566206494,
        "parallel_requests_nb": 30
    },
    "34": {
        "speed_generation": [
            1.4479702031549664,
            79.4976264034189,
            1.524760847176168
        ],
        "time_to_first_token": [
            0.007971525192260742,
            0.12868213653564453,
            0.006758332252502441
        ],
        "max_kv_cache": 0.22457709508069224,
        "parallel_requests_nb": 34
    },
    "38": {
        "speed_generation": [
            0.622414360672181,
            76.50332965404397,
            2.194325689162355
        ],
        "time_to_first_token": [
            0.007980823516845703,
            0.13672590255737305,
            0.0071642398834228516
        ],
        "max_kv_cache": 0.2509235854559596,
        "parallel_requests_nb": 38
    }
}