{
    "1": {
        "speed_generation": [
            1.136572147677839,
            132.16928580340294,
            1.2993080065966467
        ],
        "time_to_first_token": [
            0.001970231533050537,
            0.03908705711364746,
            0.0017266273498535156
        ],
        "max_kv_cache": 0.0013610733035193112,
        "parallel_requests_nb": 1
    },
    "2": {
        "speed_generation": [
            0.9282063938558167,
            120.53440427435079,
            0.9904212327929542
        ],
        "time_to_first_token": [
            0.0023221969604492188,
            0.06301617622375488,
            0.0017719268798828125
        ],
        "max_kv_cache": 0.002527707563678816,
        "parallel_requests_nb": 2
    },
    "3": {
        "speed_generation": [
            1.2053502955649549,
            117.33141944616307,
            1.2828137649216274
        ],
        "time_to_first_token": [
            0.003102898597717285,
            0.06435990333557129,
            0.0024656057357788086
        ],
        "max_kv_cache": 0.003888780867198127,
        "parallel_requests_nb": 3
    },
    "4": {
        "speed_generation": [
            1.1289293094630892,
            115.1280077658606,
            0.973472544674749
        ],
        "time_to_first_token": [
            0.0034627318382263184,
            0.06629598140716553,
            0.0026223063468933105
        ],
        "max_kv_cache": 0.004958195605677673,
        "parallel_requests_nb": 4
    },
    "6": {
        "speed_generation": [
            1.3184340188801116,
            109.8372037501452,
            1.0646267200055917
        ],
        "time_to_first_token": [
            0.00408703088760376,
            0.07016563415527344,
            0.0035020112991333008
        ],
        "max_kv_cache": 0.007194244604316502,
        "parallel_requests_nb": 6
    },
    "8": {
        "speed_generation": [
            1.2688942369454566,
            105.40268547201386,
            1.0674958841187419
        ],
        "time_to_first_token": [
            0.004491925239562988,
            0.0741044282913208,
            0.0033349990844726562
        ],
        "max_kv_cache": 0.009819171689675277,
        "parallel_requests_nb": 8
    },
    "10": {
        "speed_generation": [
            1.7405087328786664,
            96.70011443171643,
            1.3923124052940068
        ],
        "time_to_first_token": [
            0.005082309246063232,
            0.07806003093719482,
            0.004186272621154785
        ],
        "max_kv_cache": 0.012055220688314217,
        "parallel_requests_nb": 10
    },
    "14": {
        "speed_generation": [
            0.8371086846398725,
            89.19913898690783,
            0.8826200219168072
        ],
        "time_to_first_token": [
            0.0055252909660339355,
            0.08613109588623047,
            0.004818439483642578
        ],
        "max_kv_cache": 0.016624538207272055,
        "parallel_requests_nb": 14
    },
    "18": {
        "speed_generation": [
            0.7643729197620388,
            88.40117342252844,
            0.615308950402266
        ],
        "time_to_first_token": [
            0.005346834659576416,
            0.09136652946472168,
            0.004770755767822266
        ],
        "max_kv_cache": 0.020902197161190017,
        "parallel_requests_nb": 18
    },
    "22": {
        "speed_generation": [
            0.6104865703013047,
            87.07868400050108,
            0.5777741928257569
        ],
        "time_to_first_token": [
            0.006184875965118408,
            0.09763336181640625,
            0.004198133945465088
        ],
        "max_kv_cache": 0.025665953723507662,
        "parallel_requests_nb": 22
    },
    "26": {
        "speed_generation": [
            0.7809467290022525,
            86.58151898115489,
            0.6260910876123233
        ],
        "time_to_first_token": [
            0.006163477897644043,
            0.10885000228881836,
            0.004913032054901123
        ],
        "max_kv_cache": 0.0302352712424655,
        "parallel_requests_nb": 26
    },
    "30": {
        "speed_generation": [
            0.6687760179064384,
            87.23746678530479,
            0.7187817443092115
        ],
        "time_to_first_token": [
            0.006808340549468994,
            0.12165212631225586,
            0.007111787796020508
        ],
        "max_kv_cache": 0.03470736923974338,
        "parallel_requests_nb": 30
    },
    "34": {
        "speed_generation": [
            0.8782273889244294,
            85.83812098266033,
            0.7023552030033784
        ],
        "time_to_first_token": [
            0.008163750171661377,
            0.13118457794189453,
            0.0064885616302490234
        ],
        "max_kv_cache": 0.03917946723702115,
        "parallel_requests_nb": 34
    },
    "38": {
        "speed_generation": [
            0.8289011548959024,
            84.05076583247754,
            0.9786374829280362
        ],
        "time_to_first_token": [
            0.009547591209411621,
            0.1418670415878296,
            0.007450997829437256
        ],
        "max_kv_cache": 0.04413766284269882,
        "parallel_requests_nb": 38
    }
}