{
    "1": {
        "speed_generation": [
            0.1753903131931196,
            76.16560618021049,
            0.24419085164478815
        ],
        "time_to_first_token": [
            0.00045680999755859375,
            0.02214193344116211,
            0.00044208765029907227
        ],
        "max_kv_cache": 0.0025197195442594467,
        "parallel_requests_nb": 1
    },
    "2": {
        "speed_generation": [
            0.8058559335237874,
            74.7074231332586,
            0.201490826343246
        ],
        "time_to_first_token": [
            0.0032798051834106445,
            0.026860952377319336,
            0.0056702494621276855
        ],
        "max_kv_cache": 0.005039439088518893,
        "parallel_requests_nb": 2
    },
    "3": {
        "speed_generation": [
            1.2987757557486361,
            73.43935865445198,
            0.14180454500305473
        ],
        "time_to_first_token": [
            0.002867579460144043,
            0.030167102813720703,
            0.0042917728424072266
        ],
        "max_kv_cache": 0.0075226409582237475,
        "parallel_requests_nb": 3
    },
    "4": {
        "speed_generation": [
            0.9118143039255244,
            72.31809576366125,
            0.137549968416522
        ],
        "time_to_first_token": [
            0.005380153656005859,
            0.03351712226867676,
            0.005448818206787109
        ],
        "max_kv_cache": 0.010005842827928713,
        "parallel_requests_nb": 4
    },
    "6": {
        "speed_generation": [
            0.7359232887233134,
            69.79418660536821,
            0.1935827310472007
        ],
        "time_to_first_token": [
            0.007615804672241211,
            0.04230690002441406,
            0.010726213455200195
        ],
        "max_kv_cache": 0.015008764241893124,
        "parallel_requests_nb": 6
    },
    "8": {
        "speed_generation": [
            0.953763020426436,
            67.03920921413886,
            0.2063292413488398
        ],
        "time_to_first_token": [
            0.014049291610717773,
            0.05155014991760254,
            0.010273933410644531
        ],
        "max_kv_cache": 0.019975167981302944,
        "parallel_requests_nb": 8
    },
    "10": {
        "speed_generation": [
            2.16171260419069,
            64.21813291062777,
            0.14420701436847594
        ],
        "time_to_first_token": [
            0.02014899253845215,
            0.060591936111450195,
            0.012818098068237305
        ],
        "max_kv_cache": 0.02483201869704932,
        "parallel_requests_nb": 10
    },
    "14": {
        "speed_generation": [
            1.348304843415356,
            59.27937559723218,
            0.6826731895018909
        ],
        "time_to_first_token": [
            0.029744982719421387,
            0.0841059684753418,
            0.009977102279663086
        ],
        "max_kv_cache": 0.03483786152497814,
        "parallel_requests_nb": 14
    },
    "18": {
        "speed_generation": [
            2.118437296784613,
            54.755470355366604,
            0.1573645532056176
        ],
        "time_to_first_token": [
            0.03369700908660889,
            0.11040091514587402,
            0.00999903678894043
        ],
        "max_kv_cache": 0.04477066900379789,
        "parallel_requests_nb": 18
    },
    "22": {
        "speed_generation": [
            1.1369343113924515,
            51.774298791644966,
            0.4278240679259895
        ],
        "time_to_first_token": [
            0.06036055088043213,
            0.1340169906616211,
            0.008719921112060547
        ],
        "max_kv_cache": 0.05463044113350857,
        "parallel_requests_nb": 22
    },
    "26": {
        "speed_generation": [
            1.280122107081219,
            48.529600615181494,
            0.27970959468911616
        ],
        "time_to_first_token": [
            0.01581716537475586,
            0.14570903778076172,
            0.02188873291015625
        ],
        "max_kv_cache": 0.0645997662868828,
        "parallel_requests_nb": 26
    },
    "30": {
        "speed_generation": [
            0.894661488219576,
            45.33825978357746,
            0.08642435480319932
        ],
        "time_to_first_token": [
            0.05793285369873047,
            0.16698193550109863,
            0.02128422260284424
        ],
        "max_kv_cache": 0.07449605609114807,
        "parallel_requests_nb": 30
    },
    "34": {
        "speed_generation": [
            1.0252845616460746,
            43.257471934121966,
            0.13519897280034598
        ],
        "time_to_first_token": [
            0.05765390396118164,
            0.19073891639709473,
            0.018476247787475586
        ],
        "max_kv_cache": 0.0844653812445223,
        "parallel_requests_nb": 34
    },
    "38": {
        "speed_generation": [
            0.34151524418687274,
            40.98168921320807,
            0.449123926820846
        ],
        "time_to_first_token": [
            0.05635964870452881,
            0.21644115447998047,
            0.022725820541381836
        ],
        "max_kv_cache": 0.0942886356996786,
        "parallel_requests_nb": 38
    }
}