{
    "1": {
        "speed_generation": [
            0.2856916451559286,
            53.52514551971555,
            0.39893123903827643
        ],
        "time_to_first_token": [
            0.0010905265808105469,
            0.09599590301513672,
            0.0009925365447998047
        ],
        "max_kv_cache": 0.0027753432661408173,
        "parallel_requests_nb": 1
    },
    "2": {
        "speed_generation": [
            0.45605190153085573,
            40.66027195223252,
            0.49995203780430586
        ],
        "time_to_first_token": [
            0.08201640844345093,
            0.17953956127166748,
            0.0058296918869018555
        ],
        "max_kv_cache": 0.0054046158340637085,
        "parallel_requests_nb": 2
    },
    "3": {
        "speed_generation": [
            0.5047944115813863,
            32.841958551221936,
            0.5801594826089698
        ],
        "time_to_first_token": [
            0.07532227039337158,
            0.26099860668182373,
            0.009189724922180176
        ],
        "max_kv_cache": 0.0080338884019866,
        "parallel_requests_nb": 3
    },
    "4": {
        "speed_generation": [
            0.3602171147195392,
            28.05850701346771,
            0.4766028187205755
        ],
        "time_to_first_token": [
            0.1466071605682373,
            0.3385186195373535,
            0.011953175067901611
        ],
        "max_kv_cache": 0.010663160969909491,
        "parallel_requests_nb": 4
    },
    "6": {
        "speed_generation": [
            0.28568250437738385,
            21.2294814235797,
            0.2674435802973676
        ],
        "time_to_first_token": [
            0.15202659368515015,
            0.5106185674667358,
            0.012341856956481934
        ],
        "max_kv_cache": 0.01588518843120068,
        "parallel_requests_nb": 6
    },
    "8": {
        "speed_generation": [
            0.15367707872090364,
            17.047718543095982,
            0.16965000916834327
        ],
        "time_to_first_token": [
            0.09522616863250732,
            0.684906005859375,
            0.009987890720367432
        ],
        "max_kv_cache": 0.02103418054338302,
        "parallel_requests_nb": 8
    },
    "10": {
        "speed_generation": [
            0.157384935131331,
            14.333866851423885,
            0.13263630404425264
        ],
        "time_to_first_token": [
            0.013990163803100586,
            0.8566524982452393,
            0.010548710823059082
        ],
        "max_kv_cache": 0.02625620800467421,
        "parallel_requests_nb": 10
    },
    "14": {
        "speed_generation": [
            0.07117521756104672,
            10.642270383306037,
            0.07463099217999059
        ],
        "time_to_first_token": [
            0.013311207294464111,
            1.2199894189834595,
            0.01010197401046753
        ],
        "max_kv_cache": 0.03662722757814785,
        "parallel_requests_nb": 14
    },
    "18": {
        "speed_generation": [
            0.05464821882310922,
            8.45050105421077,
            0.05525999433181639
        ],
        "time_to_first_token": [
            0.010715186595916748,
            1.5700039863586426,
            0.009856164455413818
        ],
        "max_kv_cache": 0.047217353198948264,
        "parallel_requests_nb": 18
    },
    "22": {
        "speed_generation": [
            0.03924316639669634,
            7.108591479278074,
            0.036841763997654375
        ],
        "time_to_first_token": [
            0.02946871519088745,
            1.9157764911651611,
            0.013100028038024902
        ],
        "max_kv_cache": 0.057405784399649384,
        "parallel_requests_nb": 22
    },
    "26": {
        "speed_generation": [
            0.14486149753795452,
            6.074525488415599,
            0.05247646643728032
        ],
        "time_to_first_token": [
            0.03235107660293579,
            2.2770029306411743,
            0.06455814838409424
        ],
        "max_kv_cache": 0.06795939234589543,
        "parallel_requests_nb": 26
    },
    "30": {
        "speed_generation": [
            0.03226758766003002,
            5.175938137992961,
            0.11087746891601391
        ],
        "time_to_first_token": [
            0.017531633377075195,
            2.6248730421066284,
            0.06911170482635498
        ],
        "max_kv_cache": 0.07818434122115103,
        "parallel_requests_nb": 30
    },
    "34": {
        "speed_generation": [
            0.02055948838018473,
            4.61242128692003,
            0.03473102994909194
        ],
        "time_to_first_token": [
            0.08890783786773682,
            2.7148579359054565,
            0.2521144151687622
        ],
        "max_kv_cache": 0.08862839614373352,
        "parallel_requests_nb": 34
    },
    "38": {
        "speed_generation": [
            0.01598105459983845,
            4.170289129481921,
            0.025119378959013616
        ],
        "time_to_first_token": [
            0.0541873574256897,
            2.7053639888763428,
            0.20481353998184204
        ],
        "max_kv_cache": 0.09885334501898924,
        "parallel_requests_nb": 38
    }
}