{
    "1": {
        "speed_generation": [
            0.24937992553621768,
            78.39698085247616,
            0.18044508622008948
        ],
        "time_to_first_token": [
            0.00037735700607299805,
            0.02158653736114502,
            0.0006154775619506836
        ],
        "max_kv_cache": 0.0004747297692082597,
        "parallel_requests_nb": 1
    },
    "2": {
        "speed_generation": [
            0.29335569771930636,
            76.74896581991392,
            0.36885645818867374
        ],
        "time_to_first_token": [
            0.0029320716857910156,
            0.025042057037353516,
            0.004997968673706055
        ],
        "max_kv_cache": 0.0009494595384166304,
        "parallel_requests_nb": 2
    },
    "3": {
        "speed_generation": [
            0.298912234536175,
            75.49876320214415,
            0.3323895690919869
        ],
        "time_to_first_token": [
            0.0027379393577575684,
            0.028186917304992676,
            0.004608571529388428
        ],
        "max_kv_cache": 0.0014607069821793717,
        "parallel_requests_nb": 3
    },
    "4": {
        "speed_generation": [
            0.4196509108274853,
            73.6507541414503,
            0.38202558220450555
        ],
        "time_to_first_token": [
            0.002897977828979492,
            0.0284268856048584,
            0.002749204635620117
        ],
        "max_kv_cache": 0.0018258837277241868,
        "parallel_requests_nb": 4
    },
    "6": {
        "speed_generation": [
            0.3364365036637338,
            72.1595256816791,
            0.3871638494348133
        ],
        "time_to_first_token": [
            0.006646096706390381,
            0.03944706916809082,
            0.00888890027999878
        ],
        "max_kv_cache": 0.0027388255915863358,
        "parallel_requests_nb": 6
    },
    "8": {
        "speed_generation": [
            0.3644232699207208,
            70.14213429842243,
            0.3584673829267331
        ],
        "time_to_first_token": [
            0.011299610137939453,
            0.04953145980834961,
            0.010284066200256348
        ],
        "max_kv_cache": 0.0036517674554484847,
        "parallel_requests_nb": 8
    },
    "10": {
        "speed_generation": [
            0.37114674113715296,
            67.12104647235154,
            0.3513418880659174
        ],
        "time_to_first_token": [
            0.013356268405914307,
            0.06328451633453369,
            0.008468866348266602
        ],
        "max_kv_cache": 0.0044916739702015596,
        "parallel_requests_nb": 10
    },
    "14": {
        "speed_generation": [
            0.2940660541290967,
            63.782411899805666,
            0.3931803483466325
        ],
        "time_to_first_token": [
            0.01315397024154663,
            0.08845746517181396,
            0.008156180381774902
        ],
        "max_kv_cache": 0.00617148699970782,
        "parallel_requests_nb": 14
    },
    "18": {
        "speed_generation": [
            0.34365748133134844,
            59.44342285660393,
            0.42185146004592866
        ],
        "time_to_first_token": [
            0.010744750499725342,
            0.11330592632293701,
            0.008018314838409424
        ],
        "max_kv_cache": 0.007924335378323155,
        "parallel_requests_nb": 18
    },
    "22": {
        "speed_generation": [
            0.38245236798209703,
            57.24241777046325,
            0.3643363568829514
        ],
        "time_to_first_token": [
            0.007986843585968018,
            0.13247442245483398,
            0.007092535495758057
        ],
        "max_kv_cache": 0.009677183756938379,
        "parallel_requests_nb": 22
    },
    "26": {
        "speed_generation": [
            0.3139889197548271,
            52.95744354812274,
            0.31276566092891755
        ],
        "time_to_first_token": [
            0.012956082820892334,
            0.1558619737625122,
            0.007607161998748779
        ],
        "max_kv_cache": 0.011503067484662566,
        "parallel_requests_nb": 26
    },
    "30": {
        "speed_generation": [
            0.26484740477396684,
            50.81970616509757,
            0.23915079941497908
        ],
        "time_to_first_token": [
            0.012034475803375244,
            0.17643940448760986,
            0.007390141487121582
        ],
        "max_kv_cache": 0.013146362839614345,
        "parallel_requests_nb": 30
    },
    "34": {
        "speed_generation": [
            0.5776041614589502,
            48.4362089760631,
            0.3120554088294014
        ],
        "time_to_first_token": [
            0.013771474361419678,
            0.20137548446655273,
            0.011805713176727295
        ],
        "max_kv_cache": 0.014972246567338643,
        "parallel_requests_nb": 34
    },
    "38": {
        "speed_generation": [
            0.759951310222462,
            46.39513531099631,
            0.25695178488055603
        ],
        "time_to_first_token": [
            0.012457132339477539,
            0.22288155555725098,
            0.008263468742370605
        ],
        "max_kv_cache": 0.016652059596844904,
        "parallel_requests_nb": 38
    }
}