{
    "1": {
        "speed_generation": [
            0.5527033779746517,
            75.87543606062563,
            0.6763599297117935
        ],
        "time_to_first_token": [
            0.000446319580078125,
            0.020906448364257812,
            0.0005600452423095703
        ],
        "max_kv_cache": 0.0002556237218813706,
        "parallel_requests_nb": 1
    },
    "2": {
        "speed_generation": [
            1.4206723198634563,
            70.79020260212158,
            2.2985288963602812
        ],
        "time_to_first_token": [
            0.002726733684539795,
            0.02366650104522705,
            0.006407499313354492
        ],
        "max_kv_cache": 0.0004747297692082597,
        "parallel_requests_nb": 2
    },
    "3": {
        "speed_generation": [
            1.4465000821778204,
            68.98203671908422,
            1.8583071703626786
        ],
        "time_to_first_token": [
            0.0033568739891052246,
            0.02790200710296631,
            0.004645228385925293
        ],
        "max_kv_cache": 0.0006938358165351488,
        "parallel_requests_nb": 3
    },
    "4": {
        "speed_generation": [
            1.1302573141202714,
            66.85861224374636,
            1.930335902920831
        ],
        "time_to_first_token": [
            0.0046176910400390625,
            0.031618475914001465,
            0.0070667266845703125
        ],
        "max_kv_cache": 0.0008399065147531859,
        "parallel_requests_nb": 4
    },
    "6": {
        "speed_generation": [
            1.497867701449671,
            63.10118190769314,
            1.7965675882423753
        ],
        "time_to_first_token": [
            0.007036268711090088,
            0.03935885429382324,
            0.009000539779663086
        ],
        "max_kv_cache": 0.001205083260298001,
        "parallel_requests_nb": 6
    },
    "8": {
        "speed_generation": [
            1.2822223432732045,
            59.4752459331814,
            1.6313745626113842
        ],
        "time_to_first_token": [
            0.008799076080322266,
            0.04999208450317383,
            0.00821983814239502
        ],
        "max_kv_cache": 0.0016067776803972977,
        "parallel_requests_nb": 8
    },
    "10": {
        "speed_generation": [
            1.2832425314564446,
            54.723131505964034,
            1.4165450540181723
        ],
        "time_to_first_token": [
            0.01066601276397705,
            0.061746835708618164,
            0.009645819664001465
        ],
        "max_kv_cache": 0.0019354367513876314,
        "parallel_requests_nb": 10
    },
    "14": {
        "speed_generation": [
            1.102490122640603,
            50.032926412963306,
            1.2914178203686717
        ],
        "time_to_first_token": [
            0.011336266994476318,
            0.08559143543243408,
            0.008802533149719238
        ],
        "max_kv_cache": 0.002629272567922891,
        "parallel_requests_nb": 14
    },
    "18": {
        "speed_generation": [
            1.0402980576605074,
            44.61857917293426,
            1.069436228978276
        ],
        "time_to_first_token": [
            0.009094655513763428,
            0.11229801177978516,
            0.006968796253204346
        ],
        "max_kv_cache": 0.0034326614081214846,
        "parallel_requests_nb": 18
    },
    "22": {
        "speed_generation": [
            0.7418036510109189,
            41.490610846007975,
            0.8281608540136816
        ],
        "time_to_first_token": [
            0.007908523082733154,
            0.13280892372131348,
            0.007357895374298096
        ],
        "max_kv_cache": 0.0040169442009933,
        "parallel_requests_nb": 22
    },
    "26": {
        "speed_generation": [
            0.8462243935519709,
            37.395230705763154,
            0.7943970820354167
        ],
        "time_to_first_token": [
            0.0091933012008667,
            0.15588653087615967,
            0.0062825679779052734
        ],
        "max_kv_cache": 0.004710780017528449,
        "parallel_requests_nb": 26
    },
    "30": {
        "speed_generation": [
            0.7073920717166047,
            34.94181422058178,
            0.7061988538322552
        ],
        "time_to_first_token": [
            0.009900987148284912,
            0.17655158042907715,
            0.006982386112213135
        ],
        "max_kv_cache": 0.0055506865322816346,
        "parallel_requests_nb": 30
    },
    "34": {
        "speed_generation": [
            0.7562498273302651,
            31.876069573079512,
            0.6869092718958356
        ],
        "time_to_first_token": [
            0.008716702461242676,
            0.2049565315246582,
            0.008526325225830078
        ],
        "max_kv_cache": 0.006244522348816783,
        "parallel_requests_nb": 34
    },
    "38": {
        "speed_generation": [
            0.46659639698070876,
            29.985960297156936,
            0.6117534311851927
        ],
        "time_to_first_token": [
            0.015432178974151611,
            0.22925400733947754,
            0.0062451958656311035
        ],
        "max_kv_cache": 0.006901840490797562,
        "parallel_requests_nb": 38
    }
}