{
    "1": {
        "speed_generation": [
            0.164689124115597,
            71.84654171105741,
            0.16580500459120628
        ],
        "time_to_first_token": [
            0.0011749267578125,
            0.09628582000732422,
            0.0015401840209960938
        ],
        "max_kv_cache": 0.0029944493134677064,
        "parallel_requests_nb": 1
    },
    "2": {
        "speed_generation": [
            0.18942505925812725,
            67.03374431028229,
            0.19859187512220444
        ],
        "time_to_first_token": [
            0.08157706260681152,
            0.1804211139678955,
            0.005768775939941406
        ],
        "max_kv_cache": 0.00591586327782645,
        "parallel_requests_nb": 2
    },
    "3": {
        "speed_generation": [
            0.27047569250687786,
            62.800292904551014,
            0.26461290419375416
        ],
        "time_to_first_token": [
            0.0768134593963623,
            0.26046085357666016,
            0.007784605026245117
        ],
        "max_kv_cache": 0.00876424189307623,
        "parallel_requests_nb": 3
    },
    "4": {
        "speed_generation": [
            0.2984625267303187,
            59.34363117366375,
            0.3221569614142865
        ],
        "time_to_first_token": [
            0.14701485633850098,
            0.33847904205322266,
            0.014540910720825195
        ],
        "max_kv_cache": 0.011649138182880492,
        "parallel_requests_nb": 4
    },
    "6": {
        "speed_generation": [
            0.20989113202084297,
            52.454330506176056,
            0.2507594598986955
        ],
        "time_to_first_token": [
            0.15275204181671143,
            0.5128509998321533,
            0.012636065483093262
        ],
        "max_kv_cache": 0.01730937773882557,
        "parallel_requests_nb": 6
    },
    "8": {
        "speed_generation": [
            0.19708804891506304,
            46.90938414139249,
            0.19749750363489227
        ],
        "time_to_first_token": [
            0.06209111213684082,
            0.6828961372375488,
            0.01203775405883789
        ],
        "max_kv_cache": 0.023115687992988576,
        "parallel_requests_nb": 8
    },
    "10": {
        "speed_generation": [
            0.2435579921610369,
            42.825622549181226,
            0.22440432883082195
        ],
        "time_to_first_token": [
            0.01549220085144043,
            0.8588249683380127,
            0.011411428451538086
        ],
        "max_kv_cache": 0.0288854805725971,
        "parallel_requests_nb": 10
    },
    "14": {
        "speed_generation": [
            0.14847152550983367,
            36.01043843012927,
            0.18116915690897883
        ],
        "time_to_first_token": [
            0.02453160285949707,
            1.2157044410705566,
            0.012257754802703857
        ],
        "max_kv_cache": 0.04020595968448726,
        "parallel_requests_nb": 14
    },
    "18": {
        "speed_generation": [
            0.14786615877838472,
            30.116261687874534,
            0.11461596503078653
        ],
        "time_to_first_token": [
            0.012778937816619873,
            1.5633814334869385,
            0.009720087051391602
        ],
        "max_kv_cache": 0.05167250949459534,
        "parallel_requests_nb": 18
    },
    "22": {
        "speed_generation": [
            0.26279518200260554,
            27.49203106536236,
            0.17226260457760034
        ],
        "time_to_first_token": [
            0.037168145179748535,
            1.894478440284729,
            0.025397062301635742
        ],
        "max_kv_cache": 0.06302950628103998,
        "parallel_requests_nb": 22
    },
    "26": {
        "speed_generation": [
            0.363894102930729,
            24.48998405070391,
            0.14726254860646293
        ],
        "time_to_first_token": [
            0.04341810941696167,
            2.229625105857849,
            0.02038395404815674
        ],
        "max_kv_cache": 0.0746421267893661,
        "parallel_requests_nb": 26
    },
    "30": {
        "speed_generation": [
            0.3452041512653601,
            21.447137503703342,
            0.1623052758466912
        ],
        "time_to_first_token": [
            0.24197185039520264,
            2.6117409467697144,
            0.0321202278137207
        ],
        "max_kv_cache": 0.08574349985392926,
        "parallel_requests_nb": 30
    },
    "34": {
        "speed_generation": [
            0.46043816361936507,
            19.785731363910237,
            0.11280847295999052
        ],
        "time_to_first_token": [
            0.33976489305496216,
            2.8964669704437256,
            0.08972698450088501
        ],
        "max_kv_cache": 0.09721004966403735,
        "parallel_requests_nb": 34
    },
    "38": {
        "speed_generation": [
            0.13103969862025622,
            18.25003022474801,
            0.07859742999774966
        ],
        "time_to_first_token": [
            0.627102255821228,
            3.063507080078125,
            0.2700721025466919
        ],
        "max_kv_cache": 0.10860356412503647,
        "parallel_requests_nb": 38
    }
}