{
    "1": {
        "speed_generation": [
            0.22523564003719088,
            60.07731384410239,
            0.19842155146861984
        ],
        "time_to_first_token": [
            0.009840786457061768,
            0.3832310438156128,
            0.0036066770553588867
        ],
        "max_kv_cache": 0.009348524685948045,
        "parallel_requests_nb": 1
    },
    "2": {
        "speed_generation": [
            0.1907249090688765,
            48.076074816837156,
            0.1839714844825764
        ],
        "time_to_first_token": [
            0.342136025428772,
            0.736314058303833,
            0.01070547103881836
        ],
        "max_kv_cache": 0.01869704937189598,
        "parallel_requests_nb": 2
    },
    "3": {
        "speed_generation": [
            0.2502829289245696,
            40.72736629791319,
            0.2646274227718237
        ],
        "time_to_first_token": [
            0.34772181510925293,
            1.090601921081543,
            0.020371198654174805
        ],
        "max_kv_cache": 0.028045574057844025,
        "parallel_requests_nb": 3
    },
    "4": {
        "speed_generation": [
            0.2395811425315557,
            34.801285947692826,
            0.22437942432188152
        ],
        "time_to_first_token": [
            0.6902482509613037,
            1.454935073852539,
            0.020978927612304688
        ],
        "max_kv_cache": 0.03739409874379196,
        "parallel_requests_nb": 4
    },
    "6": {
        "speed_generation": [
            0.2697566705020371,
            27.301162220914524,
            0.2092748895529617
        ],
        "time_to_first_token": [
            0.6706993579864502,
            2.1530959606170654,
            0.03792452812194824
        ],
        "max_kv_cache": 0.05609114811568794,
        "parallel_requests_nb": 6
    },
    "8": {
        "speed_generation": [
            0.23677622383920394,
            22.598691082264452,
            0.13452723933947652
        ],
        "time_to_first_token": [
            1.0236890316009521,
            2.869112968444824,
            0.05904698371887207
        ],
        "max_kv_cache": 0.07478819748758403,
        "parallel_requests_nb": 8
    },
    "10": {
        "speed_generation": [
            0.13812048809620237,
            18.98450124457945,
            0.12304207768948316
        ],
        "time_to_first_token": [
            0.72593092918396,
            2.991917848587036,
            0.6649823188781738
        ],
        "max_kv_cache": 0.09348524685948001,
        "parallel_requests_nb": 10
    },
    "14": {
        "speed_generation": [
            0.15678267886736563,
            14.610302658380968,
            0.15151836107794736
        ],
        "time_to_first_token": [
            1.358788013458252,
            4.018923044204712,
            1.095012903213501
        ],
        "max_kv_cache": 0.13087934560327197,
        "parallel_requests_nb": 14
    },
    "18": {
        "speed_generation": [
            0.08261021860633733,
            11.492407589475723,
            0.0613320361555143
        ],
        "time_to_first_token": [
            2.1161930561065674,
            4.834208011627197,
            1.4040489196777344
        ],
        "max_kv_cache": 0.16827344434706393,
        "parallel_requests_nb": 18
    },
    "22": {
        "speed_generation": [
            0.07204195593156903,
            9.748278901585984,
            0.0849796694130287
        ],
        "time_to_first_token": [
            2.389739990234375,
            5.282099008560181,
            2.450946092605591
        ],
        "max_kv_cache": 0.205667543090856,
        "parallel_requests_nb": 22
    },
    "26": {
        "speed_generation": [
            0.038576340944576515,
            8.421527355674236,
            0.06159689751168962
        ],
        "time_to_first_token": [
            2.5295127630233765,
            5.388084173202515,
            2.5113298892974854
        ],
        "max_kv_cache": 0.24306164183464796,
        "parallel_requests_nb": 26
    },
    "30": {
        "speed_generation": [
            0.02723493555828327,
            7.230387578391129,
            0.05493206946935647
        ],
        "time_to_first_token": [
            2.597710132598877,
            7.790529012680054,
            2.5812859535217285
        ],
        "max_kv_cache": 0.2804557405784399,
        "parallel_requests_nb": 30
    },
    "34": {
        "speed_generation": [
            0.019145093465954055,
            6.468574333193195,
            0.10254352745174078
        ],
        "time_to_first_token": [
            2.6003113985061646,
            7.829843997955322,
            2.7596819400787354
        ],
        "max_kv_cache": 0.317849839322232,
        "parallel_requests_nb": 34
    },
    "38": {
        "speed_generation": [
            0.03982741320330874,
            5.813990438288604,
            0.05319883429174421
        ],
        "time_to_first_token": [
            2.7136058807373047,
            7.977648973464966,
            4.885934472084045
        ],
        "max_kv_cache": 0.35524393806602395,
        "parallel_requests_nb": 38
    }
}