{
    "1": {
        "speed_generation": [
            0.8041299199554146,
            69.87863357543571,
            0.22406547123264886
        ],
        "time_to_first_token": [
            0.004151761531829834,
            0.38772690296173096,
            0.008342564105987549
        ],
        "max_kv_cache": 0.009348524685948045,
        "parallel_requests_nb": 1
    },
    "2": {
        "speed_generation": [
            1.6996374006677115,
            62.254936027456296,
            0.27086956254237293
        ],
        "time_to_first_token": [
            0.02604532241821289,
            0.7447224855422974,
            0.012616753578186035
        ],
        "max_kv_cache": 0.01869704937189598,
        "parallel_requests_nb": 2
    },
    "3": {
        "speed_generation": [
            1.6870776244032442,
            58.179013247945264,
            0.20563528089820693
        ],
        "time_to_first_token": [
            0.34912824630737305,
            1.0996370315551758,
            0.014729619026184082
        ],
        "max_kv_cache": 0.028045574057844025,
        "parallel_requests_nb": 3
    },
    "4": {
        "speed_generation": [
            0.9257142971493266,
            52.53129566290126,
            0.6004006178294148
        ],
        "time_to_first_token": [
            0.3337719440460205,
            1.4381239414215088,
            0.03252100944519043
        ],
        "max_kv_cache": 0.03739409874379196,
        "parallel_requests_nb": 4
    },
    "6": {
        "speed_generation": [
            1.193106449079771,
            45.737070223475264,
            0.3271517120646479
        ],
        "time_to_first_token": [
            0.3197171688079834,
            2.1257472038269043,
            0.07183969020843506
        ],
        "max_kv_cache": 0.05609114811568794,
        "parallel_requests_nb": 6
    },
    "8": {
        "speed_generation": [
            0.24381285846759937,
            40.97426590442313,
            0.22141445341323873
        ],
        "time_to_first_token": [
            1.0460851192474365,
            2.875185966491699,
            0.06662988662719727
        ],
        "max_kv_cache": 0.07478819748758403,
        "parallel_requests_nb": 8
    },
    "10": {
        "speed_generation": [
            0.3387450375534158,
            35.60956103183646,
            0.4513962700277432
        ],
        "time_to_first_token": [
            0.2851686477661133,
            2.9092447757720947,
            0.7017402648925781
        ],
        "max_kv_cache": 0.09348524685948001,
        "parallel_requests_nb": 10
    },
    "14": {
        "speed_generation": [
            0.4685352319334619,
            29.022824899078525,
            0.1642763779576022
        ],
        "time_to_first_token": [
            1.3415858745574951,
            4.021826982498169,
            1.0711989402770996
        ],
        "max_kv_cache": 0.13087934560327197,
        "parallel_requests_nb": 14
    },
    "18": {
        "speed_generation": [
            0.25228036762805317,
            23.779897308375283,
            0.020856271890725253
        ],
        "time_to_first_token": [
            2.4071543216705322,
            5.129609107971191,
            0.41826391220092773
        ],
        "max_kv_cache": 0.16827344434706393,
        "parallel_requests_nb": 18
    },
    "22": {
        "speed_generation": [
            0.026623826277223372,
            20.98944752988143,
            0.09637771980744603
        ],
        "time_to_first_token": [
            2.294661045074463,
            5.2415430545806885,
            2.528306007385254
        ],
        "max_kv_cache": 0.205667543090856,
        "parallel_requests_nb": 22
    },
    "26": {
        "speed_generation": [
            0.02112184456402133,
            18.53504002634611,
            0.08313097849168827
        ],
        "time_to_first_token": [
            2.5006295442581177,
            5.4529030323028564,
            2.405489921569824
        ],
        "max_kv_cache": 0.24306164183464796,
        "parallel_requests_nb": 26
    },
    "30": {
        "speed_generation": [
            0.07910861516075762,
            16.021018303677188,
            0.029206584481322295
        ],
        "time_to_first_token": [
            2.4890148639678955,
            7.721890926361084,
            2.5877060890197754
        ],
        "max_kv_cache": 0.2804557405784399,
        "parallel_requests_nb": 30
    },
    "34": {
        "speed_generation": [
            0.033620787716873934,
            14.675974820523592,
            0.009436454662708371
        ],
        "time_to_first_token": [
            2.5865938663482666,
            7.763459920883179,
            2.6290979385375977
        ],
        "max_kv_cache": 0.317849839322232,
        "parallel_requests_nb": 34
    },
    "38": {
        "speed_generation": [
            0.06766835304175345,
            13.287434594000072,
            0.07296722125427557
        ],
        "time_to_first_token": [
            2.819161295890808,
            8.063273191452026,
            4.790484189987183
        ],
        "max_kv_cache": 0.35524393806602395,
        "parallel_requests_nb": 38
    }
}