{
    "1": {
        "speed_generation": [
            1.0113102540155126,
            74.34190503307019,
            0.15020034379416813
        ],
        "time_to_first_token": [
            0.0010869503021240234,
            0.09670150279998779,
            0.0009427070617675781
        ],
        "max_kv_cache": 0.005002921413964412,
        "parallel_requests_nb": 1
    },
    "2": {
        "speed_generation": [
            0.6821659294335518,
            72.07176521109176,
            0.11671962785334244
        ],
        "time_to_first_token": [
            0.07582557201385498,
            0.1804739236831665,
            0.006178915500640869
        ],
        "max_kv_cache": 0.009969325153374231,
        "parallel_requests_nb": 2
    },
    "3": {
        "speed_generation": [
            0.7049102860168404,
            69.50305191923985,
            0.1190362008693171
        ],
        "time_to_first_token": [
            0.0747830867767334,
            0.25971198081970215,
            0.00592195987701416
        ],
        "max_kv_cache": 0.014862693543675087,
        "parallel_requests_nb": 3
    },
    "4": {
        "speed_generation": [
            1.8707213868534183,
            66.69973926337613,
            0.17199651667692706
        ],
        "time_to_first_token": [
            0.14706087112426758,
            0.33874988555908203,
            0.01183319091796875
        ],
        "max_kv_cache": 0.019756061933976055,
        "parallel_requests_nb": 4
    },
    "6": {
        "speed_generation": [
            1.3388521257844062,
            60.69805579467128,
            0.31056394791573183
        ],
        "time_to_first_token": [
            0.21325159072875977,
            0.5122649669647217,
            0.014690637588500977
        ],
        "max_kv_cache": 0.029542798714577878,
        "parallel_requests_nb": 6
    },
    "8": {
        "speed_generation": [
            1.189475469115024,
            56.15478001690985,
            0.4791434129943113
        ],
        "time_to_first_token": [
            0.23563718795776367,
            0.6892220973968506,
            0.010392904281616211
        ],
        "max_kv_cache": 0.03951212386795211,
        "parallel_requests_nb": 8
    },
    "10": {
        "speed_generation": [
            0.7219632814779544,
            51.825930060501534,
            0.6439716042766435
        ],
        "time_to_first_token": [
            0.1653534173965454,
            0.8572189807891846,
            0.016620993614196777
        ],
        "max_kv_cache": 0.04918930762489049,
        "parallel_requests_nb": 10
    },
    "14": {
        "speed_generation": [
            1.3488572333438782,
            45.875367650612674,
            0.23829612833705482
        ],
        "time_to_first_token": [
            0.45507121086120605,
            1.175347089767456,
            0.06424450874328613
        ],
        "max_kv_cache": 0.06872626351153954,
        "parallel_requests_nb": 14
    },
    "18": {
        "speed_generation": [
            0.49567337234864794,
            39.88564198820899,
            0.5351039714734469
        ],
        "time_to_first_token": [
            0.741277813911438,
            1.5510129928588867,
            0.017893075942993164
        ],
        "max_kv_cache": 0.08826321939818871,
        "parallel_requests_nb": 18
    },
    "22": {
        "speed_generation": [
            0.16289798581546222,
            37.482134835636884,
            0.5440287280167624
        ],
        "time_to_first_token": [
            0.022719264030456543,
            1.8883287906646729,
            0.024375319480895996
        ],
        "max_kv_cache": 0.10787321063394684,
        "parallel_requests_nb": 22
    },
    "26": {
        "speed_generation": [
            0.22765686628473958,
            33.523361343960616,
            0.39740980348910426
        ],
        "time_to_first_token": [
            1.1895570755004883,
            2.240929126739502,
            0.010672807693481445
        ],
        "max_kv_cache": 0.12733713117148704,
        "parallel_requests_nb": 26
    },
    "30": {
        "speed_generation": [
            0.3196207325003009,
            29.8863730649235,
            0.12703318367627148
        ],
        "time_to_first_token": [
            1.1669740676879883,
            2.575808048248291,
            0.010256052017211914
        ],
        "max_kv_cache": 0.14680105170902713,
        "parallel_requests_nb": 30
    },
    "34": {
        "speed_generation": [
            0.4836876066959377,
            28.00866547102991,
            0.1239848037770841
        ],
        "time_to_first_token": [
            0.749457836151123,
            2.901904821395874,
            0.031841278076171875
        ],
        "max_kv_cache": 0.16659363131755767,
        "parallel_requests_nb": 34
    },
    "38": {
        "speed_generation": [
            0.27898489151687045,
            25.921459816962198,
            0.19962045551093865
        ],
        "time_to_first_token": [
            0.4506784677505493,
            3.065048933029175,
            0.24438202381134033
        ],
        "max_kv_cache": 0.1861671048787613,
        "parallel_requests_nb": 38
    }
}