{
    "1": {
        "speed_generation": [
            0.09491152863896346,
            30.58551951735734,
            0.06738692154277715
        ],
        "time_to_first_token": [
            0.010598421096801758,
            0.10678446292877197,
            0.009428322315216064
        ],
        "max_kv_cache": 0.000499116946940048,
        "parallel_requests_nb": 1
    },
    "2": {
        "speed_generation": [
            0.11386696393008222,
            30.280355332065014,
            0.0836182056754815
        ],
        "time_to_first_token": [
            0.0069580078125,
            0.0932309627532959,
            0.014733076095581055
        ],
        "max_kv_cache": 0.000998233893880096,
        "parallel_requests_nb": 2
    },
    "3": {
        "speed_generation": [
            0.12994551448493752,
            29.318500539300686,
            0.11850099312104945
        ],
        "time_to_first_token": [
            0.013968110084533691,
            0.1091001033782959,
            0.03187394142150879
        ],
        "max_kv_cache": 0.0013821700069108767,
        "parallel_requests_nb": 3
    },
    "4": {
        "speed_generation": [
            0.12282245932354385,
            28.947022999437472,
            0.14050779700861682
        ],
        "time_to_first_token": [
            0.05524110794067383,
            0.15766000747680664,
            0.03885293006896973
        ],
        "max_kv_cache": 0.0018812869538509247,
        "parallel_requests_nb": 4
    },
    "6": {
        "speed_generation": [
            0.12512451323992124,
            26.884758590681585,
            0.10629039290883924
        ],
        "time_to_first_token": [
            0.021184921264648438,
            0.26432085037231445,
            0.01733112335205078
        ],
        "max_kv_cache": 0.0028027336251247315,
        "parallel_requests_nb": 6
    },
    "8": {
        "speed_generation": [
            0.13934047885068424,
            26.329885087291803,
            0.11254341565418358
        ],
        "time_to_first_token": [
            0.04235410690307617,
            0.2626152038574219,
            0.03279471397399902
        ],
        "max_kv_cache": 0.00368578668509556,
        "parallel_requests_nb": 8
    },
    "10": {
        "speed_generation": [
            0.10150834029321132,
            24.374002167855583,
            0.07376493653589122
        ],
        "time_to_first_token": [
            0.018568038940429688,
            0.3520090579986572,
            0.016648054122924805
        ],
        "max_kv_cache": 0.004684020578975656,
        "parallel_requests_nb": 10
    },
    "14": {
        "speed_generation": [
            0.11455682802028022,
            23.6161402564177,
            0.1917341114045925
        ],
        "time_to_first_token": [
            0.05864155292510986,
            0.4294300079345703,
            0.021137475967407227
        ],
        "max_kv_cache": 0.006411733087614224,
        "parallel_requests_nb": 14
    },
    "18": {
        "speed_generation": [
            0.0711588139918824,
            19.404467505370132,
            0.05286607432211454
        ],
        "time_to_first_token": [
            0.01831531524658203,
            0.4829518795013428,
            0.015828609466552734
        ],
        "max_kv_cache": 0.008177839207555881,
        "parallel_requests_nb": 18
    },
    "22": {
        "speed_generation": [
            0.04511960719779751,
            19.095805083059144,
            0.061270300855309046
        ],
        "time_to_first_token": [
            0.04214632511138916,
            0.5587414503097534,
            0.027367353439331055
        ],
        "max_kv_cache": 0.00990555171619445,
        "parallel_requests_nb": 22
    },
    "26": {
        "speed_generation": [
            0.09863809508469856,
            17.450972132029086,
            0.21927191188908068
        ],
        "time_to_first_token": [
            0.11988681554794312,
            0.6043599843978882,
            0.04151296615600586
        ],
        "max_kv_cache": 0.011633264224833018,
        "parallel_requests_nb": 26
    },
    "30": {
        "speed_generation": [
            0.0906160551936992,
            17.496974267561697,
            0.0588276969495638
        ],
        "time_to_first_token": [
            0.04145723581314087,
            0.695454478263855,
            0.02795720100402832
        ],
        "max_kv_cache": 0.01359133840129001,
        "parallel_requests_nb": 30
    },
    "34": {
        "speed_generation": [
            0.03928361080297371,
            14.294245479740056,
            0.05087991765967814
        ],
        "time_to_first_token": [
            0.07541912794113159,
            0.7296439409255981,
            0.03842729330062866
        ],
        "max_kv_cache": 0.0152422636873224,
        "parallel_requests_nb": 34
    },
    "38": {
        "speed_generation": [
            0.21754524595592706,
            13.999313425418027,
            0.11300251276600726
        ],
        "time_to_first_token": [
            0.20996302366256714,
            0.755286455154419,
            0.05347341299057007
        ],
        "max_kv_cache": 0.016778008139445633,
        "parallel_requests_nb": 38
    }
}