{
    "1": {
        "speed_generation": [
            0.08570270733923735,
            27.767166238965004,
            0.050323949158723735
        ],
        "time_to_first_token": [
            0.005084514617919922,
            0.5196950435638428,
            0.0041779279708862305
        ],
        "max_kv_cache": 0.0028027336251247315,
        "parallel_requests_nb": 1
    },
    "2": {
        "speed_generation": [
            0.10768426371316409,
            24.871997107668737,
            0.08960007475862852
        ],
        "time_to_first_token": [
            0.03611183166503906,
            0.7556149959564209,
            0.02344799041748047
        ],
        "max_kv_cache": 0.005567073638946485,
        "parallel_requests_nb": 2
    },
    "3": {
        "speed_generation": [
            0.09294053863393614,
            22.505510543725958,
            0.08338892107827789
        ],
        "time_to_first_token": [
            0.13850104808807373,
            1.0714290142059326,
            0.027693510055541992
        ],
        "max_kv_cache": 0.008331413652768127,
        "parallel_requests_nb": 3
    },
    "4": {
        "speed_generation": [
            0.15734334742280254,
            20.81864042840716,
            0.0966004166860337
        ],
        "time_to_first_token": [
            0.2244281768798828,
            1.1436541080474854,
            0.14512300491333008
        ],
        "max_kv_cache": 0.01113414727789297,
        "parallel_requests_nb": 4
    },
    "6": {
        "speed_generation": [
            0.20259321780015327,
            17.75462003947434,
            0.07920792788539188
        ],
        "time_to_first_token": [
            0.25004708766937256,
            1.2926371097564697,
            0.18442845344543457
        ],
        "max_kv_cache": 0.016547646471627098,
        "parallel_requests_nb": 6
    },
    "8": {
        "speed_generation": [
            0.12811377412818636,
            15.983748270876482,
            0.15994287543038865
        ],
        "time_to_first_token": [
            0.22435808181762695,
            1.4946720600128174,
            0.17357182502746582
        ],
        "max_kv_cache": 0.022037932887967404,
        "parallel_requests_nb": 8
    },
    "10": {
        "speed_generation": [
            0.16846839566275662,
            13.846834347239927,
            0.10480799160637844
        ],
        "time_to_first_token": [
            0.22836673259735107,
            1.460099458694458,
            0.08233356475830078
        ],
        "max_kv_cache": 0.027643400138216978,
        "parallel_requests_nb": 10
    },
    "14": {
        "speed_generation": [
            0.1266952859606203,
            11.519355303415317,
            0.09316153526787652
        ],
        "time_to_first_token": [
            0.27165913581848145,
            1.3909571170806885,
            0.1587679386138916
        ],
        "max_kv_cache": 0.038508792136988435,
        "parallel_requests_nb": 14
    },
    "18": {
        "speed_generation": [
            0.27216686154308256,
            9.130904759775568,
            0.16836809953543863
        ],
        "time_to_first_token": [
            0.24749493598937988,
            1.495008945465088,
            0.18315792083740234
        ],
        "max_kv_cache": 0.049259003301850623,
        "parallel_requests_nb": 18
    },
    "22": {
        "speed_generation": [
            0.13539487193850164,
            8.3386216115855,
            0.14874136556523077
        ],
        "time_to_first_token": [
            0.30327486991882324,
            1.6649470329284668,
            0.026417016983032227
        ],
        "max_kv_cache": 0.05997082085540961,
        "parallel_requests_nb": 22
    },
    "26": {
        "speed_generation": [
            0.06788857653006275,
            7.312689633963293,
            0.07891016553860641
        ],
        "time_to_first_token": [
            0.19182366132736206,
            1.5482414960861206,
            0.13710367679595947
        ],
        "max_kv_cache": 0.07098978729939343,
        "parallel_requests_nb": 26
    },
    "30": {
        "speed_generation": [
            0.09761931339659302,
            6.696009206744455,
            0.07689383243612014
        ],
        "time_to_first_token": [
            0.2967129945755005,
            1.6629729270935059,
            0.13431262969970703
        ],
        "max_kv_cache": 0.08166321124164944,
        "parallel_requests_nb": 30
    },
    "34": {
        "speed_generation": [
            0.10049525325942454,
            5.793210438392068,
            0.07506054097442583
        ],
        "time_to_first_token": [
            0.1860189437866211,
            1.6802029609680176,
            0.7967760562896729
        ],
        "max_kv_cache": 0.09275896490823932,
        "parallel_requests_nb": 34
    },
    "38": {
        "speed_generation": [
            0.07249596897117705,
            5.340459985022209,
            0.10470227100097595
        ],
        "time_to_first_token": [
            0.18944567441940308,
            1.6920980215072632,
            0.8317551612854004
        ],
        "max_kv_cache": 0.10335560162788915,
        "parallel_requests_nb": 38
    }
}