{
    "1": {
        "speed_generation": [
            0.02826031593124867,
            31.012776662201517,
            0.049334276549558354
        ],
        "time_to_first_token": [
            0.00920182466506958,
            0.10535860061645508,
            0.012423574924468994
        ],
        "max_kv_cache": 0.002649159179912486,
        "parallel_requests_nb": 1
    },
    "2": {
        "speed_generation": [
            0.04508434378069737,
            30.562005128445627,
            0.06772900775643009
        ],
        "time_to_first_token": [
            0.014538109302520752,
            0.10479092597961426,
            0.03058677911758423
        ],
        "max_kv_cache": 0.005221531137218793,
        "parallel_requests_nb": 2
    },
    "3": {
        "speed_generation": [
            0.06602311365959679,
            29.696004425514964,
            0.06400142725461322
        ],
        "time_to_first_token": [
            0.01759934425354004,
            0.19622838497161865,
            0.01480191946029663
        ],
        "max_kv_cache": 0.00783229670582819,
        "parallel_requests_nb": 3
    },
    "4": {
        "speed_generation": [
            0.04213178482818947,
            29.5748564540334,
            0.05900391517109682
        ],
        "time_to_first_token": [
            0.04175084829330444,
            0.1778554916381836,
            0.013264715671539307
        ],
        "max_kv_cache": 0.010443062274437587,
        "parallel_requests_nb": 4
    },
    "6": {
        "speed_generation": [
            0.030074241052702178,
            27.83936219567967,
            0.016786803202922584
        ],
        "time_to_first_token": [
            0.022403240203857422,
            0.25656819343566895,
            0.04483771324157715
        ],
        "max_kv_cache": 0.01562619980035318,
        "parallel_requests_nb": 6
    },
    "8": {
        "speed_generation": [
            0.0353178170293198,
            27.63719195935239,
            0.07357383320103139
        ],
        "time_to_first_token": [
            0.03273510932922363,
            0.3275480270385742,
            0.01694512367248535
        ],
        "max_kv_cache": 0.020886124548875062,
        "parallel_requests_nb": 8
    },
    "10": {
        "speed_generation": [
            0.10686440849609369,
            25.467475503244707,
            0.022897707449484273
        ],
        "time_to_first_token": [
            0.01569998264312744,
            0.3642609119415283,
            0.0145341157913208
        ],
        "max_kv_cache": 0.02599247485218459,
        "parallel_requests_nb": 10
    },
    "14": {
        "speed_generation": [
            0.02870580865148753,
            25.10901147770008,
            0.09628248832155606
        ],
        "time_to_first_token": [
            0.015755176544189453,
            0.43471407890319824,
            0.016392827033996582
        ],
        "max_kv_cache": 0.036358749904016,
        "parallel_requests_nb": 14
    }
}