{
    "1": {
        "speed_generation": [
            0.02623177732795856,
            7.293766272949505,
            0.031083546372508764
        ],
        "time_to_first_token": [
            0.0086745023727417,
            1.700577974319458,
            0.006698489189147949
        ],
        "max_kv_cache": 0.009790370882285182,
        "parallel_requests_nb": 1
    },
    "2": {
        "speed_generation": [
            0.01901574187879973,
            4.18169580235636,
            0.022069964109402207
        ],
        "time_to_first_token": [
            0.014377236366271973,
            2.1013123989105225,
            0.02905219793319702
        ],
        "max_kv_cache": 0.019427167319358007,
        "parallel_requests_nb": 2
    },
    "3": {
        "speed_generation": [
            0.011597950686962566,
            2.924129430407766,
            0.01170314616993906
        ],
        "time_to_first_token": [
            0.017158031463623047,
            2.1096980571746826,
            0.3788270950317383
        ],
        "max_kv_cache": 0.029102357367734033,
        "parallel_requests_nb": 3
    },
    "4": {
        "speed_generation": [
            0.011363448131914478,
            2.265864978294631,
            0.010270856386112026
        ],
        "time_to_first_token": [
            0.381203293800354,
            2.4838368892669678,
            0.023068547248840332
        ],
        "max_kv_cache": 0.03866236658220068,
        "parallel_requests_nb": 4
    },
    "6": {
        "speed_generation": [
            0.0067469893703702155,
            1.5558986633071732,
            0.0051846510831277115
        ],
        "time_to_first_token": [
            0.35401833057403564,
            2.497105836868286,
            0.02366816997528076
        ],
        "max_kv_cache": 0.05770559778852802,
        "parallel_requests_nb": 6
    },
    "8": {
        "speed_generation": [
            0.002605306064873414,
            1.1855657100735537,
            0.0023940546185858835
        ],
        "time_to_first_token": [
            0.027840018272399902,
            2.4995689392089844,
            0.015432357788085938
        ],
        "max_kv_cache": 0.07694079705137069,
        "parallel_requests_nb": 8
    },
    "10": {
        "speed_generation": [
            0.047340122062353385,
            0.9799166409690302,
            0.0018617929189661542
        ],
        "time_to_first_token": [
            0.014980673789978027,
            3.4361990690231323,
            0.8442592620849609
        ],
        "max_kv_cache": 0.09609920909160719,
        "parallel_requests_nb": 10
    },
    "14": {
        "speed_generation": [
            0.0007164322401592704,
            0.6905693741647068,
            0.00038222968355128284
        ],
        "time_to_first_token": [
            0.010194838047027588,
            10.293269991874695,
            0.06003594398498535
        ],
        "max_kv_cache": 0.09598402825769792,
        "parallel_requests_nb": 14
    },
    "18": {
        "speed_generation": [
            0.00028178631648501096,
            0.5325749304364604,
            0.0004386656536188305
        ],
        "time_to_first_token": [
            0.012502074241638184,
            17.160436511039734,
            0.013178586959838867
        ],
        "max_kv_cache": 0.0960608154803041,
        "parallel_requests_nb": 18
    },
    "22": {
        "speed_generation": [
            0.0001571202742565725,
            0.43366040094816743,
            0.010093939101078309
        ],
        "time_to_first_token": [
            0.8343788385391235,
            24.019277095794678,
            0.0122641921043396
        ],
        "max_kv_cache": 0.09590724103509174,
        "parallel_requests_nb": 22
    },
    "26": {
        "speed_generation": [
            0.00709181370734302,
            0.37274122135395416,
            0.00023814380709807903
        ],
        "time_to_first_token": [
            0.022225797176361084,
            30.04659593105316,
            0.839173436164856
        ],
        "max_kv_cache": 0.09609920909160719,
        "parallel_requests_nb": 26
    },
    "30": {
        "speed_generation": [
            0.005170973432422343,
            0.3214135385182175,
            0.00018202726688876236
        ],
        "time_to_first_token": [
            0.01751232147216797,
            36.903831005096436,
            0.825348436832428
        ],
        "max_kv_cache": 0.09613760270291027,
        "parallel_requests_nb": 30
    },
    "34": {
        "speed_generation": [
            0.0001223784583178622,
            0.2824843222443798,
            0.00015875449932400976
        ],
        "time_to_first_token": [
            0.017534971237182617,
            43.76391339302063,
            0.021189570426940918
        ],
        "max_kv_cache": 0.09598402825769792,
        "parallel_requests_nb": 34
    },
    "38": {
        "speed_generation": [
            0.0001362877629276782,
            0.25196237559815204,
            0.0032713211494382888
        ],
        "time_to_first_token": [
            0.0758325457572937,
            50.62462759017944,
            0.02930593490600586
        ],
        "max_kv_cache": 0.09586884742378865,
        "parallel_requests_nb": 38
    }
}