{
    "1": {
        "speed_generation": [
            0.7606813533652783,
            27.468497883645192,
            0.22258024204484528
        ],
        "time_to_first_token": [
            0.002159416675567627,
            0.09754645824432373,
            0.018869876861572266
        ],
        "max_kv_cache": 0.00023036166781842393,
        "parallel_requests_nb": 1
    },
    "2": {
        "speed_generation": [
            0.6009779106255237,
            25.569012166405045,
            0.5581705086382911
        ],
        "time_to_first_token": [
            0.011197268962860107,
            0.0983426570892334,
            0.012061834335327148
        ],
        "max_kv_cache": 0.0004607233356369589,
        "parallel_requests_nb": 2
    },
    "3": {
        "speed_generation": [
            0.6483442775401151,
            23.552651395130788,
            0.47970673539374786
        ],
        "time_to_first_token": [
            0.01212453842163086,
            0.10045254230499268,
            0.011845588684082031
        ],
        "max_kv_cache": 0.0006526913921522937,
        "parallel_requests_nb": 3
    },
    "4": {
        "speed_generation": [
            0.5185962117113121,
            22.019536577997663,
            0.5094454977476843
        ],
        "time_to_first_token": [
            0.012978971004486084,
            0.10323715209960938,
            0.014125943183898926
        ],
        "max_kv_cache": 0.0008830530599708286,
        "parallel_requests_nb": 4
    },
    "6": {
        "speed_generation": [
            0.45693891402594744,
            18.881288378923003,
            0.37230564883801875
        ],
        "time_to_first_token": [
            0.07071834802627563,
            0.18198645114898682,
            0.04153209924697876
        ],
        "max_kv_cache": 0.0011902019503954309,
        "parallel_requests_nb": 6
    },
    "8": {
        "speed_generation": [
            0.32694164318706953,
            17.226657345269977,
            0.3204924970278995
        ],
        "time_to_first_token": [
            0.03982710838317871,
            0.29447340965270996,
            0.022117316722869873
        ],
        "max_kv_cache": 0.0015357444521231223,
        "parallel_requests_nb": 8
    },
    "10": {
        "speed_generation": [
            0.28520696797668244,
            14.98316048482705,
            0.3385224604487185
        ],
        "time_to_first_token": [
            0.039943158626556396,
            0.32527148723602295,
            0.01798391342163086
        ],
        "max_kv_cache": 0.0018812869538509247,
        "parallel_requests_nb": 10
    },
    "14": {
        "speed_generation": [
            0.18847875244367174,
            14.831302733786607,
            0.2045214368646242
        ],
        "time_to_first_token": [
            0.024504482746124268,
            0.43209242820739746,
            0.015180766582489014
        ],
        "max_kv_cache": 0.0026107655686093967,
        "parallel_requests_nb": 14
    },
    "18": {
        "speed_generation": [
            0.12676846690646926,
            12.165990721750962,
            0.1678735869588781
        ],
        "time_to_first_token": [
            0.02338242530822754,
            0.4831894636154175,
            0.02143913507461548
        ],
        "max_kv_cache": 0.0033018505720647795,
        "parallel_requests_nb": 18
    },
    "22": {
        "speed_generation": [
            0.15440779368507407,
            11.61667407839275,
            0.11608119182098697
        ],
        "time_to_first_token": [
            0.05320394039154053,
            0.539376974105835,
            0.021499812602996826
        ],
        "max_kv_cache": 0.0040313291868233625,
        "parallel_requests_nb": 22
    },
    "26": {
        "speed_generation": [
            0.12958631116096697,
            10.701509966792887,
            0.10975570508148991
        ],
        "time_to_first_token": [
            0.038118720054626465,
            0.6007243394851685,
            0.017498373985290527
        ],
        "max_kv_cache": 0.004684020578975656,
        "parallel_requests_nb": 26
    },
    "30": {
        "speed_generation": [
            0.11269386825100902,
            9.909415249065326,
            0.14419427658441109
        ],
        "time_to_first_token": [
            0.044495582580566406,
            0.6692041158676147,
            0.02126288414001465
        ],
        "max_kv_cache": 0.005413499193734128,
        "parallel_requests_nb": 30
    },
    "34": {
        "speed_generation": [
            0.0916577166212722,
            8.63581911738465,
            0.11566736022389534
        ],
        "time_to_first_token": [
            0.034850478172302246,
            0.7392605543136597,
            0.02195441722869873
        ],
        "max_kv_cache": 0.006066190585886533,
        "parallel_requests_nb": 34
    },
    "38": {
        "speed_generation": [
            0.12411349404042937,
            8.27266912748382,
            0.10891433507532255
        ],
        "time_to_first_token": [
            0.04771125316619873,
            0.7623260021209717,
            0.07978498935699463
        ],
        "max_kv_cache": 0.006757275589341916,
        "parallel_requests_nb": 38
    }
}