{
    "1": {
        "speed_generation": [
            0.03200166266823956,
            28.76449812529266,
            0.054301405342151554
        ],
        "time_to_first_token": [
            0.006944000720977783,
            1.6996289491653442,
            0.009027183055877686
        ],
        "max_kv_cache": 0.012170774783076044,
        "parallel_requests_nb": 1
    },
    "2": {
        "speed_generation": [
            0.07876049323961354,
            25.93645536866012,
            0.051149377243216776
        ],
        "time_to_first_token": [
            0.02541184425354004,
            2.1194801330566406,
            0.043529629707336426
        ],
        "max_kv_cache": 0.02430315595484911,
        "parallel_requests_nb": 2
    },
    "3": {
        "speed_generation": [
            0.06745667134974553,
            23.027417522484463,
            0.10499042600595487
        ],
        "time_to_first_token": [
            0.050074219703674316,
            2.1489529609680176,
            0.3647995591163635
        ],
        "max_kv_cache": 0.03624356907010673,
        "parallel_requests_nb": 3
    },
    "4": {
        "speed_generation": [
            0.10319243409660572,
            22.128629614077276,
            0.048882116587002145
        ],
        "time_to_first_token": [
            0.3789462447166443,
            2.477638840675354,
            0.03747236728668213
        ],
        "max_kv_cache": 0.04818398218536435,
        "parallel_requests_nb": 4
    },
    "6": {
        "speed_generation": [
            0.1763662145448741,
            19.646821999009603,
            0.014171255859515952
        ],
        "time_to_first_token": [
            0.3650515079498291,
            2.5082550048828125,
            0.10523641109466553
        ],
        "max_kv_cache": 0.07210320202718268,
        "parallel_requests_nb": 6
    },
    "8": {
        "speed_generation": [
            0.024958230025699635,
            18.36132898291489,
            0.01931160486190464
        ],
        "time_to_first_token": [
            0.15585803985595703,
            2.5040730237960815,
            0.009922623634338379
        ],
        "max_kv_cache": 0.09598402825769792,
        "parallel_requests_nb": 8
    }
}