{
    "1": {
        "speed_generation": [
            0.059172180098123306,
            21.800937971908738,
            0.04539661951366014
        ],
        "time_to_first_token": [
            0.005164086818695068,
            1.7020235061645508,
            0.008474946022033691
        ],
        "max_kv_cache": 0.010059126161406695,
        "parallel_requests_nb": 1
    },
    "2": {
        "speed_generation": [
            0.07506585459480775,
            16.528620384227352,
            0.05189884360793329
        ],
        "time_to_first_token": [
            0.012985706329345703,
            2.1053178310394287,
            0.04613208770751953
        ],
        "max_kv_cache": 0.020003071488904234,
        "parallel_requests_nb": 2
    },
    "3": {
        "speed_generation": [
            0.09829835285000499,
            13.136801421484309,
            0.045836351910640616
        ],
        "time_to_first_token": [
            0.0200040340423584,
            2.120388984680176,
            0.39273691177368164
        ],
        "max_kv_cache": 0.029870229593795594,
        "parallel_requests_nb": 3
    },
    "4": {
        "speed_generation": [
            0.06373563324858367,
            11.275371277569938,
            0.041667288238203426
        ],
        "time_to_first_token": [
            0.37923216819763184,
            2.483931064605713,
            0.024646401405334473
        ],
        "max_kv_cache": 0.03985256853259622,
        "parallel_requests_nb": 4
    },
    "6": {
        "speed_generation": [
            0.02693811233373644,
            8.617969882183127,
            0.025699289335301856
        ],
        "time_to_first_token": [
            0.3582730293273926,
            2.506648063659668,
            0.032299041748046875
        ],
        "max_kv_cache": 0.059510097519772764,
        "parallel_requests_nb": 6
    },
    "8": {
        "speed_generation": [
            0.01247935736363015,
            7.080635271143825,
            0.013082825885483373
        ],
        "time_to_first_token": [
            0.019958198070526123,
            2.5098499059677124,
            0.017477989196777344
        ],
        "max_kv_cache": 0.07889887122782768,
        "parallel_requests_nb": 8
    },
    "10": {
        "speed_generation": [
            0.009209107898320745,
            5.931887174541873,
            0.00847479972158105
        ],
        "time_to_first_token": [
            0.01726400852203369,
            2.508749008178711,
            0.014976978302001953
        ],
        "max_kv_cache": 0.09847961299239805,
        "parallel_requests_nb": 10
    },
    "14": {
        "speed_generation": [
            0.009787834601041823,
            4.567051858404228,
            0.008771648298995238
        ],
        "time_to_first_token": [
            0.016260623931884766,
            2.5080111026763916,
            0.01408398151397705
        ],
        "max_kv_cache": 0.13798663902326658,
        "parallel_requests_nb": 14
    },
    "18": {
        "speed_generation": [
            0.006697073894158745,
            3.6276255808827935,
            0.006993143739540297
        ],
        "time_to_first_token": [
            0.014078617095947266,
            2.510909914970398,
            0.02323812246322632
        ],
        "max_kv_cache": 0.17672579282807344,
        "parallel_requests_nb": 18
    },
    "22": {
        "speed_generation": [
            0.008040940669468366,
            3.064724077475558,
            0.004262092467613332
        ],
        "time_to_first_token": [
            0.015411913394927979,
            2.5200709104537964,
            0.019643545150756836
        ],
        "max_kv_cache": 0.2164247869154573,
        "parallel_requests_nb": 22
    },
    "26": {
        "speed_generation": [
            0.045806524232339996,
            2.6367293998664385,
            0.006398444948491733
        ],
        "time_to_first_token": [
            0.01825881004333496,
            2.537329912185669,
            1.426051139831543
        ],
        "max_kv_cache": 0.2544728557168088,
        "parallel_requests_nb": 26
    },
    "30": {
        "speed_generation": [
            0.023550845338025983,
            2.3250183073173116,
            0.010459932513331882
        ],
        "time_to_first_token": [
            0.034094810485839844,
            2.5576248168945312,
            0.8638951778411865
        ],
        "max_kv_cache": 0.2936343392459495,
        "parallel_requests_nb": 30
    },
    "34": {
        "speed_generation": [
            0.01053278167541416,
            2.0331064390098774,
            0.02803945173284461
        ],
        "time_to_first_token": [
            0.036041975021362305,
            2.568593978881836,
            0.8676841259002686
        ],
        "max_kv_cache": 0.33202795054902867,
        "parallel_requests_nb": 34
    },
    "38": {
        "speed_generation": [
            0.020377764944614185,
            1.8529040813541138,
            0.011169934828411776
        ],
        "time_to_first_token": [
            0.5777983069419861,
            3.1311089992523193,
            0.32768023014068604
        ],
        "max_kv_cache": 0.3705751362973201,
        "parallel_requests_nb": 38
    }
}