{
    "1": {
        "speed_generation": [
            0.09616870422023283,
            35.96110899110596,
            0.06229024269934769
        ],
        "time_to_first_token": [
            0.001455545425415039,
            0.08018994331359863,
            0.002115488052368164
        ],
        "max_kv_cache": 0.0014047979252215237,
        "parallel_requests_nb": 1
    },
    "2": {
        "speed_generation": [
            0.11251272656693345,
            35.45042485697399,
            0.08376099443820806
        ],
        "time_to_first_token": [
            0.008903026580810547,
            0.12327408790588379,
            0.007266044616699219
        ],
        "max_kv_cache": 0.0028095958504430474,
        "parallel_requests_nb": 2
    },
    "3": {
        "speed_generation": [
            0.12403145637855317,
            34.66141580283358,
            0.08269141537339664
        ],
        "time_to_first_token": [
            0.007098078727722168,
            0.11058592796325684,
            0.009550094604492188
        ],
        "max_kv_cache": 0.00410633239680136,
        "parallel_requests_nb": 3
    },
    "4": {
        "speed_generation": [
            0.11448266283828445,
            34.3994479899773,
            0.11281137216508341
        ],
        "time_to_first_token": [
            0.012350797653198242,
            0.1848587989807129,
            0.008756160736083984
        ],
        "max_kv_cache": 0.005403068943159672,
        "parallel_requests_nb": 4
    },
    "6": {
        "speed_generation": [
            0.11677081466619654,
            33.04779688089209,
            0.11516605406114166
        ],
        "time_to_first_token": [
            0.052730441093444824,
            0.18691492080688477,
            0.019361495971679688
        ],
        "max_kv_cache": 0.007780419278149986,
        "parallel_requests_nb": 6
    },
    "8": {
        "speed_generation": [
            0.143052164600185,
            32.38627133770088,
            0.07982802132347899
        ],
        "time_to_first_token": [
            0.033061981201171875,
            0.2303931713104248,
            0.01587986946105957
        ],
        "max_kv_cache": 0.010590015128593033,
        "parallel_requests_nb": 8
    },
    "10": {
        "speed_generation": [
            0.15047063684402318,
            30.942270088033194,
            0.18373438730433023
        ],
        "time_to_first_token": [
            0.022583961486816406,
            0.3574831485748291,
            0.02096390724182129
        ],
        "max_kv_cache": 0.012967365463583347,
        "parallel_requests_nb": 10
    },
    "14": {
        "speed_generation": [
            0.17611397083218705,
            29.954525239128902,
            0.19442291258218702
        ],
        "time_to_first_token": [
            0.09267795085906982,
            0.4282190799713135,
            0.05738937854766846
        ],
        "max_kv_cache": 0.018046250270153497,
        "parallel_requests_nb": 14
    },
    "18": {
        "speed_generation": [
            0.11197085691447484,
            25.154452419370017,
            0.1101746370283756
        ],
        "time_to_first_token": [
            0.11895763874053955,
            0.5431386232376099,
            0.048843324184417725
        ],
        "max_kv_cache": 0.023017073697860435,
        "parallel_requests_nb": 18
    },
    "22": {
        "speed_generation": [
            0.10354796876463723,
            24.35956318473013,
            0.12564993720758721
        ],
        "time_to_first_token": [
            0.12988758087158203,
            0.5777020454406738,
            0.07785999774932861
        ],
        "max_kv_cache": 0.027987897125567374,
        "parallel_requests_nb": 22
    },
    "26": {
        "speed_generation": [
            0.15748380693912623,
            23.652797440920097,
            0.15264440603965213
        ],
        "time_to_first_token": [
            0.10258525609970093,
            0.5742595195770264,
            0.10504251718521118
        ],
        "max_kv_cache": 0.03306678193213741,
        "parallel_requests_nb": 26
    },
    "30": {
        "speed_generation": [
            0.16544040906702406,
            22.961781275541455,
            0.16196343012375536
        ],
        "time_to_first_token": [
            0.12106305360794067,
            0.6288149356842041,
            0.10923045873641968
        ],
        "max_kv_cache": 0.03728117570780198,
        "parallel_requests_nb": 30
    },
    "34": {
        "speed_generation": [
            0.14000696948588143,
            19.740407558130983,
            0.12833016942113318
        ],
        "time_to_first_token": [
            0.10607409477233887,
            0.6543024778366089,
            0.06545126438140869
        ],
        "max_kv_cache": 0.04236006051437213,
        "parallel_requests_nb": 34
    },
    "38": {
        "speed_generation": [
            0.1592998412719986,
            19.368604562578554,
            0.13991734216210006
        ],
        "time_to_first_token": [
            0.07937175035476685,
            0.722885012626648,
            0.14921271800994873
        ],
        "max_kv_cache": 0.047763129457531917,
        "parallel_requests_nb": 38
    }
}