{
    "1": {
        "speed_generation": [
            0.2610487299467579,
            49.280507103606844,
            0.2650510704042972
        ],
        "time_to_first_token": [
            0.0003199577331542969,
            0.046469926834106445,
            0.0007410049438476562
        ],
        "max_kv_cache": 0.0006420251306979985,
        "parallel_requests_nb": 1
    },
    "2": {
        "speed_generation": [
            0.5185509082130793,
            45.84552579800662,
            0.8365225944258299
        ],
        "time_to_first_token": [
            0.0027959346771240234,
            0.05768394470214844,
            0.008189022541046143
        ],
        "max_kv_cache": 0.001192332385581918,
        "parallel_requests_nb": 2
    },
    "3": {
        "speed_generation": [
            0.5895123830902733,
            45.481470012758976,
            0.6971690959806622
        ],
        "time_to_first_token": [
            0.004899263381958008,
            0.06229448318481445,
            0.006543517112731934
        ],
        "max_kv_cache": 0.0016509217646519803,
        "parallel_requests_nb": 3
    },
    "4": {
        "speed_generation": [
            0.6219105287003543,
            44.70735142392171,
            0.6676786127143544
        ],
        "time_to_first_token": [
            0.005337417125701904,
            0.06743502616882324,
            0.006348550319671631
        ],
        "max_kv_cache": 0.0022012290195358997,
        "parallel_requests_nb": 4
    },
    "6": {
        "speed_generation": [
            0.7154249786490041,
            42.71045354826126,
            0.6900359604603779
        ],
        "time_to_first_token": [
            0.006322264671325684,
            0.08019399642944336,
            0.0054808855056762695
        ],
        "max_kv_cache": 0.0033018435293038495,
        "parallel_requests_nb": 6
    },
    "8": {
        "speed_generation": [
            0.6468602529920844,
            41.12138339143347,
            0.6035786208779044
        ],
        "time_to_first_token": [
            0.006280720233917236,
            0.09361207485198975,
            0.005465328693389893
        ],
        "max_kv_cache": 0.004127304411629784,
        "parallel_requests_nb": 8
    },
    "10": {
        "speed_generation": [
            1.0353043610476433,
            37.979800381453124,
            1.7383491045524764
        ],
        "time_to_first_token": [
            0.008920073509216309,
            0.10120558738708496,
            0.006526470184326172
        ],
        "max_kv_cache": 0.005044483169769798,
        "parallel_requests_nb": 10
    },
    "14": {
        "speed_generation": [
            0.5792538177227868,
            36.58104725342639,
            0.6982118543190552
        ],
        "time_to_first_token": [
            0.012270331382751465,
            0.13966608047485352,
            0.009574174880981445
        ],
        "max_kv_cache": 0.006787122810235746,
        "parallel_requests_nb": 14
    },
    "18": {
        "speed_generation": [
            0.6107057183435316,
            33.167606503450344,
            0.6539523981899151
        ],
        "time_to_first_token": [
            0.012539207935333252,
            0.16881799697875977,
            0.008742690086364746
        ],
        "max_kv_cache": 0.008621480326515663,
        "parallel_requests_nb": 18
    },
    "22": {
        "speed_generation": [
            0.9819777203399092,
            31.421133423443095,
            0.7209873423783648
        ],
        "time_to_first_token": [
            0.015154123306274414,
            0.18967902660369873,
            0.01560354232788086
        ],
        "max_kv_cache": 0.010272402091167532,
        "parallel_requests_nb": 22
    },
    "26": {
        "speed_generation": [
            0.7027647669994046,
            30.184553051579257,
            0.7246503365772767
        ],
        "time_to_first_token": [
            0.015719950199127197,
            0.2136920690536499,
            0.011940062046051025
        ],
        "max_kv_cache": 0.012381913234889463,
        "parallel_requests_nb": 26
    },
    "30": {
        "speed_generation": [
            0.5666883069049788,
            28.808696249795915,
            0.568799483309931
        ],
        "time_to_first_token": [
            0.011811971664428711,
            0.2343684434890747,
            0.012240231037139893
        ],
        "max_kv_cache": 0.013849399247913396,
        "parallel_requests_nb": 30
    },
    "34": {
        "speed_generation": [
            0.7301079666809116,
            26.647097876698773,
            1.2570481867921721
        ],
        "time_to_first_token": [
            0.019752562046051025,
            0.25565099716186523,
            0.028112471103668213
        ],
        "max_kv_cache": 0.015683756764193313,
        "parallel_requests_nb": 34
    },
    "38": {
        "speed_generation": [
            0.7762607950572864,
            24.45036472658964,
            0.5025601669372719
        ],
        "time_to_first_token": [
            0.02214968204498291,
            0.2700624465942383,
            0.03322798013687134
        ],
        "max_kv_cache": 0.017059524901403278,
        "parallel_requests_nb": 38
    }
}