{
    "1": {
        "speed_generation": [
            0.14967131803273048,
            52.56301547233639,
            0.31318753231937535
        ],
        "time_to_first_token": [
            0.0005024075508117676,
            0.04784214496612549,
            0.0006998777389526367
        ],
        "max_kv_cache": 0.001192332385581918,
        "parallel_requests_nb": 1
    },
    "2": {
        "speed_generation": [
            0.11706059665163338,
            51.789967713683296,
            0.15264637493469735
        ],
        "time_to_first_token": [
            0.0026199817657470703,
            0.05862307548522949,
            0.008433818817138672
        ],
        "max_kv_cache": 0.002476382646977915,
        "parallel_requests_nb": 2
    },
    "3": {
        "speed_generation": [
            0.210265195200094,
            51.56781886180036,
            0.26635110191647016
        ],
        "time_to_first_token": [
            0.005158543586730957,
            0.06315803527832031,
            0.00672149658203125
        ],
        "max_kv_cache": 0.0035769971567458647,
        "parallel_requests_nb": 3
    },
    "4": {
        "speed_generation": [
            0.13250988094067395,
            51.17975410270519,
            0.14360882370139905
        ],
        "time_to_first_token": [
            0.006165027618408203,
            0.06895804405212402,
            0.006288051605224609
        ],
        "max_kv_cache": 0.0045858937906998465,
        "parallel_requests_nb": 4
    },
    "6": {
        "speed_generation": [
            0.1946418842379245,
            49.96221334267178,
            0.17173924871418222
        ],
        "time_to_first_token": [
            0.006119251251220703,
            0.08093905448913574,
            0.0065441131591796875
        ],
        "max_kv_cache": 0.006970558561863682,
        "parallel_requests_nb": 6
    },
    "8": {
        "speed_generation": [
            0.2418384467292043,
            49.43108014281191,
            0.17911011504476448
        ],
        "time_to_first_token": [
            0.006667137145996094,
            0.09389305114746094,
            0.0062139034271240234
        ],
        "max_kv_cache": 0.009080069705585614,
        "parallel_requests_nb": 8
    },
    "10": {
        "speed_generation": [
            0.231757569417681,
            49.74179120350496,
            0.19234634732184475
        ],
        "time_to_first_token": [
            0.006264150142669678,
            0.1031644344329834,
            0.006092488765716553
        ],
        "max_kv_cache": 0.01146473447674956,
        "parallel_requests_nb": 10
    },
    "14": {
        "speed_generation": [
            0.27079119837036103,
            48.435302235738135,
            0.27185366778606124
        ],
        "time_to_first_token": [
            0.010599792003631592,
            0.14001202583312988,
            0.009873509407043457
        ],
        "max_kv_cache": 0.015775474640007392,
        "parallel_requests_nb": 14
    },
    "18": {
        "speed_generation": [
            0.29119130957225536,
            46.44317905397136,
            0.25635060388199804
        ],
        "time_to_first_token": [
            0.020851850509643555,
            0.12775945663452148,
            0.043482065200805664
        ],
        "max_kv_cache": 0.019902779051637176,
        "parallel_requests_nb": 18
    },
    "22": {
        "speed_generation": [
            0.25668224980298504,
            45.649910837634465,
            0.23132535660578668
        ],
        "time_to_first_token": [
            0.010842084884643555,
            0.19010496139526367,
            0.013530611991882324
        ],
        "max_kv_cache": 0.02467210859396496,
        "parallel_requests_nb": 22
    },
    "26": {
        "speed_generation": [
            0.39990838218417935,
            45.1842339476828,
            0.4943235464166307
        ],
        "time_to_first_token": [
            0.02039051055908203,
            0.19529449939727783,
            0.015657007694244385
        ],
        "max_kv_cache": 0.028707695129780775,
        "parallel_requests_nb": 26
    },
    "30": {
        "speed_generation": [
            0.5684121938916178,
            44.23814667175793,
            0.7260114328542429
        ],
        "time_to_first_token": [
            0.05331355333328247,
            0.2177060842514038,
            0.018263399600982666
        ],
        "max_kv_cache": 0.033018435293038606,
        "parallel_requests_nb": 30
    },
    "34": {
        "speed_generation": [
            0.36832846476333714,
            44.050906873282344,
            0.35687702699461
        ],
        "time_to_first_token": [
            0.021738290786743164,
            0.2718515396118164,
            0.01735973358154297
        ],
        "max_kv_cache": 0.03705402182885442,
        "parallel_requests_nb": 34
    },
    "38": {
        "speed_generation": [
            0.5245702392864828,
            43.398340630193175,
            0.44743837085074745
        ],
        "time_to_first_token": [
            0.05659222602844238,
            0.27837157249450684,
            0.020674288272857666
        ],
        "max_kv_cache": 0.0415481977437403,
        "parallel_requests_nb": 38
    }
}