{
    "1": {
        "speed_generation": [
            0.03833760913152062,
            20.841880788231876,
            0.05514158027317961
        ],
        "time_to_first_token": [
            0.013831138610839844,
            2.584397554397583,
            0.008742272853851318
        ],
        "max_kv_cache": 0.028095958504430474,
        "parallel_requests_nb": 1
    },
    "2": {
        "speed_generation": [
            0.0361766085232631,
            14.744913106998968,
            0.04645128777029761
        ],
        "time_to_first_token": [
            0.03721117973327637,
            2.933634042739868,
            0.06642794609069824
        ],
        "max_kv_cache": 0.05608385562999785,
        "parallel_requests_nb": 2
    },
    "3": {
        "speed_generation": [
            0.04268538611151307,
            11.394799249859398,
            0.03128922384469135
        ],
        "time_to_first_token": [
            0.09203791618347168,
            3.019591808319092,
            0.16991114616394043
        ],
        "max_kv_cache": 0.0838556299978388,
        "parallel_requests_nb": 3
    },
    "4": {
        "speed_generation": [
            0.04509492839804352,
            9.362121962047853,
            0.03127939423053405
        ],
        "time_to_first_token": [
            0.20236587524414062,
            3.151787042617798,
            0.07908391952514648
        ],
        "max_kv_cache": 0.11151934298681654,
        "parallel_requests_nb": 4
    },
    "6": {
        "speed_generation": [
            0.018760264572892815,
            6.811455151299636,
            0.02178196615018635
        ],
        "time_to_first_token": [
            0.20073628425598145,
            3.2171669006347656,
            0.0587770938873291
        ],
        "max_kv_cache": 0.16695483034363523,
        "parallel_requests_nb": 6
    },
    "8": {
        "speed_generation": [
            0.03141013569181439,
            5.416518186437624,
            0.019604363692573124
        ],
        "time_to_first_token": [
            0.08115899562835693,
            3.2750200033187866,
            0.09085601568222046
        ],
        "max_kv_cache": 0.22174194942727465,
        "parallel_requests_nb": 8
    },
    "10": {
        "speed_generation": [
            0.11979062875164237,
            4.001882432013389,
            0.10132422461690282
        ],
        "time_to_first_token": [
            1.4588268995285034,
            5.143834948539734,
            1.194476068019867
        ],
        "max_kv_cache": 0.2757726388588718,
        "parallel_requests_nb": 10
    },
    "14": {
        "speed_generation": [
            0.49996176057860664,
            3.1867426034554818,
            0.4519562078000954
        ],
        "time_to_first_token": [
            1.7207356691360474,
            5.75936222076416,
            7.021711230278015
        ],
        "max_kv_cache": 0.38394207910092937,
        "parallel_requests_nb": 14
    },
    "18": {
        "speed_generation": [
            0.003493277935662231,
            2.605221061441453,
            0.015785890328658958
        ],
        "time_to_first_token": [
            0.3211773633956909,
            5.783211946487427,
            0.33499252796173096
        ],
        "max_kv_cache": 0.4907067214177653,
        "parallel_requests_nb": 18
    },
    "22": {
        "speed_generation": [
            0.0010911498067258663,
            2.1299810991526478,
            0.011108279805864818
        ],
        "time_to_first_token": [
            0.3175774812698364,
            16.71150302886963,
            0.016521930694580078
        ],
        "max_kv_cache": 0.4921115193429868,
        "parallel_requests_nb": 22
    },
    "26": {
        "speed_generation": [
            0.008103042404879579,
            1.8096024765790406,
            0.004677913220196395
        ],
        "time_to_first_token": [
            0.3392777442932129,
            27.63947892189026,
            0.014494061470031738
        ],
        "max_kv_cache": 0.49016641452344933,
        "parallel_requests_nb": 26
    },
    "30": {
        "speed_generation": [
            0.0008370469766407762,
            1.5616979723547437,
            0.0074190301926864155
        ],
        "time_to_first_token": [
            0.33213794231414795,
            38.57807803153992,
            0.02118551731109619
        ],
        "max_kv_cache": 0.49059866003890207,
        "parallel_requests_nb": 30
    },
    "34": {
        "speed_generation": [
            0.010260615558147945,
            1.3829937722778487,
            0.005852860360505474
        ],
        "time_to_first_token": [
            0.037840962409973145,
            49.18436789512634,
            0.6614640951156616
        ],
        "max_kv_cache": 0.4900583531445861,
        "parallel_requests_nb": 34
    },
    "38": {
        "speed_generation": [
            0.0008926712054302399,
            1.236939574266982,
            0.004359875054708917
        ],
        "time_to_first_token": [
            0.06816339492797852,
            60.11258888244629,
            0.3252986669540405
        ],
        "max_kv_cache": 0.4899502917657229,
        "parallel_requests_nb": 38
    }
}