{
    "1": {
        "speed_generation": [
            0.16671247343564488,
            52.54374048563348,
            0.02809281388304896
        ],
        "time_to_first_token": [
            0.0006538033485412598,
            0.05028188228607178,
            0.0005658864974975586
        ],
        "max_kv_cache": 0.006328533431165684,
        "parallel_requests_nb": 1
    },
    "2": {
        "speed_generation": [
            0.13496794162058023,
            51.64558367222807,
            0.06534079542298343
        ],
        "time_to_first_token": [
            0.0026220083236694336,
            0.05908095836639404,
            0.007667124271392822
        ],
        "max_kv_cache": 0.012657066862331479,
        "parallel_requests_nb": 2
    },
    "3": {
        "speed_generation": [
            0.16031895822627007,
            51.134178965108234,
            0.12037379395215453
        ],
        "time_to_first_token": [
            0.003226339817047119,
            0.06422603130340576,
            0.006002902984619141
        ],
        "max_kv_cache": 0.01907731816931124,
        "parallel_requests_nb": 3
    },
    "4": {
        "speed_generation": [
            0.17862497110403552,
            50.61095185266306,
            0.5858617001509572
        ],
        "time_to_first_token": [
            0.0030889511108398438,
            0.06474995613098145,
            0.005793094635009766
        ],
        "max_kv_cache": 0.02522241584884899,
        "parallel_requests_nb": 4
    },
    "6": {
        "speed_generation": [
            0.19744195547873744,
            49.643926038470994,
            0.04276599062043118
        ],
        "time_to_first_token": [
            0.006018161773681641,
            0.0766141414642334,
            0.006639003753662109
        ],
        "max_kv_cache": 0.03769604695955242,
        "parallel_requests_nb": 6
    },
    "8": {
        "speed_generation": [
            0.08533535704054884,
            49.31668481235943,
            0.15047377160950504
        ],
        "time_to_first_token": [
            0.0067479610443115234,
            0.09143900871276855,
            0.007921934127807617
        ],
        "max_kv_cache": 0.049986242318627916,
        "parallel_requests_nb": 8
    },
    "10": {
        "speed_generation": [
            0.12689891900390649,
            49.47373991642341,
            0.10347628541416043
        ],
        "time_to_first_token": [
            0.006535053253173828,
            0.10146307945251465,
            0.007326841354370117
        ],
        "max_kv_cache": 0.06245987342933135,
        "parallel_requests_nb": 10
    },
    "14": {
        "speed_generation": [
            0.30703520701759146,
            48.90235684853233,
            0.10466205976325682
        ],
        "time_to_first_token": [
            0.014777898788452148,
            0.13925790786743164,
            0.009603023529052734
        ],
        "max_kv_cache": 0.08740713565073832,
        "parallel_requests_nb": 14
    },
    "18": {
        "speed_generation": [
            0.2991792404598428,
            46.23744173984152,
            0.05468552569062268
        ],
        "time_to_first_token": [
            0.018517017364501953,
            0.1592550277709961,
            0.013933539390563965
        ],
        "max_kv_cache": 0.11226267999633133,
        "parallel_requests_nb": 18
    },
    "22": {
        "speed_generation": [
            0.3019170232249735,
            45.519843013743056,
            0.12124278625147866
        ],
        "time_to_first_token": [
            0.011862397193908691,
            0.1916189193725586,
            0.010492205619812012
        ],
        "max_kv_cache": 0.1374850958451802,
        "parallel_requests_nb": 22
    },
    "26": {
        "speed_generation": [
            0.18922764988893448,
            45.25392784431215,
            0.11456998016753772
        ],
        "time_to_first_token": [
            0.04300510883331299,
            0.1603701114654541,
            0.023013949394226074
        ],
        "max_kv_cache": 0.1616986150600752,
        "parallel_requests_nb": 26
    },
    "30": {
        "speed_generation": [
            0.3159960394789536,
            44.847867003540934,
            0.13132701485053389
        ],
        "time_to_first_token": [
            0.015707969665527344,
            0.23771095275878906,
            0.01898205280303955
        ],
        "max_kv_cache": 0.1871961845363661,
        "parallel_requests_nb": 30
    },
    "34": {
        "speed_generation": [
            0.060299353589321925,
            38.11995643730038,
            0.24035811393911644
        ],
        "time_to_first_token": [
            0.031180500984191895,
            0.2763090133666992,
            0.016957402229309082
        ],
        "max_kv_cache": 0.2117765752545171,
        "parallel_requests_nb": 34
    },
    "38": {
        "speed_generation": [
            0.03038780743967706,
            31.73480607007895,
            0.14690279422979913
        ],
        "time_to_first_token": [
            0.02200496196746826,
            0.30420494079589844,
            0.02303612232208252
        ],
        "max_kv_cache": 0.23681555535173804,
        "parallel_requests_nb": 38
    }
}