{
    "1": {
        "speed_generation": [
            0.10917539554446165,
            49.625405591123844,
            0.09961122719642646
        ],
        "time_to_first_token": [
            0.0013010501861572266,
            0.1680440902709961,
            0.0014452934265136719
        ],
        "max_kv_cache": 0.007520865816747713,
        "parallel_requests_nb": 1
    },
    "2": {
        "speed_generation": [
            0.18528548207750362,
            45.89448722548476,
            0.1908426487860524
        ],
        "time_to_first_token": [
            0.005948662757873535,
            0.2949380874633789,
            0.006052374839782715
        ],
        "max_kv_cache": 0.014858295881867378,
        "parallel_requests_nb": 2
    },
    "3": {
        "speed_generation": [
            0.1185914835586459,
            42.89818827036544,
            0.185687582753836
        ],
        "time_to_first_token": [
            0.008740425109863281,
            0.4271810054779053,
            0.007139086723327637
        ],
        "max_kv_cache": 0.02192057231954503,
        "parallel_requests_nb": 3
    },
    "4": {
        "speed_generation": [
            0.1786676902949793,
            40.24645689797477,
            0.15874532224167837
        ],
        "time_to_first_token": [
            0.009965896606445312,
            0.5614378452301025,
            0.00802922248840332
        ],
        "max_kv_cache": 0.029349720260478773,
        "parallel_requests_nb": 4
    },
    "6": {
        "speed_generation": [
            0.140701932884852,
            36.42044070103344,
            0.15133789168914547
        ],
        "time_to_first_token": [
            0.010877132415771484,
            0.8442981243133545,
            0.010066866874694824
        ],
        "max_kv_cache": 0.04365770888746212,
        "parallel_requests_nb": 6
    },
    "8": {
        "speed_generation": [
            0.1321399668991674,
            33.466993205190214,
            0.13977082767721782
        ],
        "time_to_first_token": [
            0.011484861373901367,
            1.1190659999847412,
            0.016878843307495117
        ],
        "max_kv_cache": 0.058149133266073516,
        "parallel_requests_nb": 8
    },
    "10": {
        "speed_generation": [
            0.14651295639376727,
            31.29067852695623,
            0.21027613319687433
        ],
        "time_to_first_token": [
            0.021270155906677246,
            1.3870761394500732,
            0.019521355628967285
        ],
        "max_kv_cache": 0.072365404017243,
        "parallel_requests_nb": 10
    },
    "14": {
        "speed_generation": [
            0.17763566905426842,
            27.36351951133823,
            0.39244800895641774
        ],
        "time_to_first_token": [
            0.05736684799194336,
            1.9310829639434814,
            0.03740191459655762
        ],
        "max_kv_cache": 0.10116481702283775,
        "parallel_requests_nb": 14
    },
    "18": {
        "speed_generation": [
            0.1865928080507686,
            23.452948192660365,
            0.17044902329857337
        ],
        "time_to_first_token": [
            0.03235483169555664,
            2.514266014099121,
            0.035014808177948
        ],
        "max_kv_cache": 0.13005594790424657,
        "parallel_requests_nb": 18
    },
    "22": {
        "speed_generation": [
            0.297685527157288,
            21.36257317314156,
            0.3237610159559381
        ],
        "time_to_first_token": [
            0.07410955429077148,
            2.9921330213546753,
            0.09427046775817871
        ],
        "max_kv_cache": 0.15867192515821338,
        "parallel_requests_nb": 22
    },
    "26": {
        "speed_generation": [
            0.3785040683749905,
            19.523550891723374,
            0.3437038279971354
        ],
        "time_to_first_token": [
            0.13164842128753662,
            3.5748050212860107,
            0.08681869506835938
        ],
        "max_kv_cache": 0.18701274878473817,
        "parallel_requests_nb": 26
    },
    "30": {
        "speed_generation": [
            0.12117195259986957,
            9.260278763464159,
            0.15240850666953776
        ],
        "time_to_first_token": [
            0.1468268632888794,
            3.987626791000366,
            0.04249167442321777
        ],
        "max_kv_cache": 0.21517013665963491,
        "parallel_requests_nb": 30
    },
    "34": {
        "speed_generation": [
            0.10677002088557153,
            8.902118498972753,
            0.1232203906886955
        ],
        "time_to_first_token": [
            0.0848701000213623,
            4.390732049942017,
            0.04601097106933594
        ],
        "max_kv_cache": 0.24433642116848575,
        "parallel_requests_nb": 34
    },
    "38": {
        "speed_generation": [
            0.10018108414402249,
            8.725746437523854,
            0.063694830036928
        ],
        "time_to_first_token": [
            0.06908392906188965,
            4.872154951095581,
            0.19165325164794922
        ],
        "max_kv_cache": 0.2727689626708245,
        "parallel_requests_nb": 38
    }
}