{
    "1": {
        "speed_generation": [
            0.1716121011513998,
            18.28742841322058,
            0.7335389373924315
        ],
        "time_to_first_token": [
            0.030920743942260742,
            0.580697774887085,
            0.009053230285644531
        ],
        "max_kv_cache": 0.02632303035861694,
        "parallel_requests_nb": 1
    },
    "2": {
        "speed_generation": [
            0.2102986728145524,
            11.047694053207623,
            0.11013976900080458
        ],
        "time_to_first_token": [
            0.021788835525512695,
            1.1448729038238525,
            0.021169543266296387
        ],
        "max_kv_cache": 0.052187471338163816,
        "parallel_requests_nb": 2
    },
    "3": {
        "speed_generation": [
            0.09659454775419452,
            7.901367279389799,
            0.08875104778041099
        ],
        "time_to_first_token": [
            0.022681713104248047,
            1.689774513244629,
            0.03044790029525757
        ],
        "max_kv_cache": 0.07777675869026879,
        "parallel_requests_nb": 3
    },
    "4": {
        "speed_generation": [
            0.07665115335545103,
            6.167188878617725,
            0.05449521171698368
        ],
        "time_to_first_token": [
            0.019200801849365234,
            2.2591779232025146,
            0.0319371223449707
        ],
        "max_kv_cache": 0.10263230303586168,
        "parallel_requests_nb": 4
    },
    "6": {
        "speed_generation": [
            0.07445273021690735,
            4.249395823325988,
            0.07484206611622835
        ],
        "time_to_first_token": [
            0.06174445152282715,
            3.4036989212036133,
            0.07169651985168457
        ],
        "max_kv_cache": 0.1541777492433275,
        "parallel_requests_nb": 6
    },
    "8": {
        "speed_generation": [
            0.016192341638877394,
            2.868901834529406,
            0.09599375528715592
        ],
        "time_to_first_token": [
            0.15227794647216797,
            4.494700908660889,
            0.07202816009521484
        ],
        "max_kv_cache": 0.20443914518939743,
        "parallel_requests_nb": 8
    },
    "10": {
        "speed_generation": [
            0.0653780409516771,
            2.424679967356773,
            0.03596699087584421
        ],
        "time_to_first_token": [
            0.0877300500869751,
            5.530534029006958,
            0.14326691627502441
        ],
        "max_kv_cache": 0.25635146290011923,
        "parallel_requests_nb": 10
    },
    "14": {
        "speed_generation": [
            0.019193500557555865,
            1.7807882834831545,
            0.03875643330141765
        ],
        "time_to_first_token": [
            0.21900427341461182,
            7.844627857208252,
            0.101096510887146
        ],
        "max_kv_cache": 0.35696597266807306,
        "parallel_requests_nb": 14
    },
    "18": {
        "speed_generation": [
            0.01365503360731446,
            1.4293130031646049,
            0.015580576608747343
        ],
        "time_to_first_token": [
            1.9880099296569824,
            9.896475076675415,
            0.20389580726623535
        ],
        "max_kv_cache": 0.45767220031184075,
        "parallel_requests_nb": 18
    },
    "22": {
        "speed_generation": [
            0.00916466024054352,
            1.176598626345627,
            0.017421592134058805
        ],
        "time_to_first_token": [
            3.671052932739258,
            11.860975980758667,
            0.5186078548431396
        ],
        "max_kv_cache": 0.5610382463542145,
        "parallel_requests_nb": 22
    },
    "26": {
        "speed_generation": [
            0.007066348565534453,
            1.0134065491060942,
            0.016019741343251237
        ],
        "time_to_first_token": [
            4.006120204925537,
            12.266731023788452,
            2.3307509422302246
        ],
        "max_kv_cache": 0.6628450885077501,
        "parallel_requests_nb": 26
    },
    "30": {
        "speed_generation": [
            0.009325258054532437,
            0.8845596620811536,
            0.014915558759768022
        ],
        "time_to_first_token": [
            4.948072195053101,
            15.204936027526855,
            1.3838889598846436
        ],
        "max_kv_cache": 0.76245070164175,
        "parallel_requests_nb": 30
    },
    "34": {
        "speed_generation": [
            0.006327577482600488,
            0.7925492355484627,
            0.008010991929488842
        ],
        "time_to_first_token": [
            4.287824869155884,
            15.733218908309937,
            3.2604410648345947
        ],
        "max_kv_cache": 0.8637989544162157,
        "parallel_requests_nb": 34
    },
    "38": {
        "speed_generation": [
            0.009189032524557494,
            0.7116951769517746,
            0.009463894344002965
        ],
        "time_to_first_token": [
            4.138186097145081,
            15.87733006477356,
            4.9326770305633545
        ],
        "max_kv_cache": 0.9644134641841695,
        "parallel_requests_nb": 38
    }
}