{
    "1": {
        "speed_generation": [
            0.10080277081603128,
            42.17016919016714,
            0.47986510092014356
        ],
        "time_to_first_token": [
            0.03611302375793457,
            0.5912210941314697,
            0.005508899688720703
        ],
        "max_kv_cache": 0.026598183986058843,
        "parallel_requests_nb": 1
    },
    "2": {
        "speed_generation": [
            0.24320290632936548,
            34.75941041116609,
            0.12363392561864117
        ],
        "time_to_first_token": [
            0.022490859031677246,
            1.1436898708343506,
            0.0128401517868042
        ],
        "max_kv_cache": 0.05292121434467578,
        "parallel_requests_nb": 2
    },
    "3": {
        "speed_generation": [
            0.1204754852136034,
            29.21446604174396,
            0.26141177411757255
        ],
        "time_to_first_token": [
            0.023621439933776855,
            1.696009874343872,
            0.024355649948120117
        ],
        "max_kv_cache": 0.07951939833073463,
        "parallel_requests_nb": 3
    },
    "4": {
        "speed_generation": [
            0.20781608694414544,
            25.72994212629979,
            0.13948252753274915
        ],
        "time_to_first_token": [
            0.021823883056640625,
            2.25521183013916,
            0.03821134567260742
        ],
        "max_kv_cache": 0.10584242868935156,
        "parallel_requests_nb": 4
    },
    "6": {
        "speed_generation": [
            0.25410865861429954,
            20.133076458009594,
            0.24374830960870142
        ],
        "time_to_first_token": [
            0.07943999767303467,
            3.418642044067383,
            0.06685233116149902
        ],
        "max_kv_cache": 0.15747959277263135,
        "parallel_requests_nb": 6
    },
    "8": {
        "speed_generation": [
            0.06262711018659317,
            9.559287656490849,
            0.14029134379639707
        ],
        "time_to_first_token": [
            0.09352898597717285,
            4.395735025405884,
            0.06053495407104492
        ],
        "max_kv_cache": 0.21012565348986523,
        "parallel_requests_nb": 8
    },
    "10": {
        "speed_generation": [
            0.11198164185898563,
            8.774031890668038,
            0.06805045365524265
        ],
        "time_to_first_token": [
            0.140578031539917,
            5.474797964096069,
            0.10989499092102051
        ],
        "max_kv_cache": 0.261854535448959,
        "parallel_requests_nb": 10
    },
    "14": {
        "speed_generation": [
            0.07625899785335388,
            7.52942010689046,
            0.00698895041439318
        ],
        "time_to_first_token": [
            0.09422385692596436,
            7.662880897521973,
            0.13596343994140625
        ],
        "max_kv_cache": 0.36668806750435656,
        "parallel_requests_nb": 14
    },
    "18": {
        "speed_generation": [
            0.035739481990120225,
            6.563857870803147,
            0.07664624143877496
        ],
        "time_to_first_token": [
            1.6125975847244263,
            9.671895027160645,
            0.38755643367767334
        ],
        "max_kv_cache": 0.4684949096578923,
        "parallel_requests_nb": 18
    },
    "22": {
        "speed_generation": [
            0.03663906649791482,
            5.8747417501310375,
            0.02906348026213923
        ],
        "time_to_first_token": [
            3.754030466079712,
            11.687988996505737,
            0.4329270124435425
        ],
        "max_kv_cache": 0.5733284417132899,
        "parallel_requests_nb": 22
    },
    "26": {
        "speed_generation": [
            0.05245787206461916,
            5.300063074069072,
            0.036566922625199005
        ],
        "time_to_first_token": [
            3.5107030868530273,
            12.031275987625122,
            2.4868030548095703
        ],
        "max_kv_cache": 0.6782536916445014,
        "parallel_requests_nb": 26
    },
    "30": {
        "speed_generation": [
            0.05329390923239341,
            4.902517279958327,
            0.004807405933855868
        ],
        "time_to_first_token": [
            3.925915002822876,
            15.260832071304321,
            1.122300386428833
        ],
        "max_kv_cache": 0.7806108410529212,
        "parallel_requests_nb": 30
    },
    "34": {
        "speed_generation": [
            0.04122952052255524,
            4.486253500693611,
            0.03628401163463657
        ],
        "time_to_first_token": [
            4.051832914352417,
            15.548496961593628,
            3.1837680339813232
        ],
        "max_kv_cache": 0.8836100155920389,
        "parallel_requests_nb": 34
    },
    "38": {
        "speed_generation": [
            0.026446107153037524,
            4.1580968196952695,
            0.04270511531840082
        ],
        "time_to_first_token": [
            4.195071578025818,
            15.619640111923218,
            4.802934288978577
        ],
        "max_kv_cache": 0.9891772906539484,
        "parallel_requests_nb": 38
    }
}