{
    "1": {
        "speed_generation": [
            0.08405574075874256,
            50.25302947178041,
            0.07978515961738708
        ],
        "time_to_first_token": [
            0.03363943099975586,
            0.5941430330276489,
            0.004366278648376465
        ],
        "max_kv_cache": 0.03219297441071267,
        "parallel_requests_nb": 1
    },
    "2": {
        "speed_generation": [
            0.057460901452934365,
            47.34282735652645,
            0.06957348377255812
        ],
        "time_to_first_token": [
            0.020774781703948975,
            1.1398334503173828,
            0.014333009719848633
        ],
        "max_kv_cache": 0.06346877006328533,
        "parallel_requests_nb": 2
    },
    "3": {
        "speed_generation": [
            0.07630824895697685,
            43.93581142491146,
            0.11249711182055933
        ],
        "time_to_first_token": [
            0.02057105302810669,
            1.7028950452804565,
            0.014150440692901611
        ],
        "max_kv_cache": 0.09483628359167207,
        "parallel_requests_nb": 3
    },
    "4": {
        "speed_generation": [
            0.041968121135944614,
            42.219579690596916,
            0.13291804990922174
        ],
        "time_to_first_token": [
            0.026246726512908936,
            2.2682114839553833,
            0.01660609245300293
        ],
        "max_kv_cache": 0.12537833623773276,
        "parallel_requests_nb": 4
    },
    "6": {
        "speed_generation": [
            0.04969689860650561,
            37.46499119391543,
            0.1869335814369677
        ],
        "time_to_first_token": [
            0.09123611450195312,
            3.4729690551757812,
            0.04961085319519043
        ],
        "max_kv_cache": 0.1882050811703201,
        "parallel_requests_nb": 6
    },
    "8": {
        "speed_generation": [
            0.033450087213109825,
            13.386666039131958,
            0.0075309435875432484
        ],
        "time_to_first_token": [
            0.09437799453735352,
            4.420688509941101,
            0.08868056535720825
        ],
        "max_kv_cache": 0.2502063652205815,
        "parallel_requests_nb": 8
    },
    "10": {
        "speed_generation": [
            0.012071396625440656,
            13.009903888909705,
            0.003644660292632551
        ],
        "time_to_first_token": [
            0.20900321006774902,
            5.542213439941406,
            0.12420707941055298
        ],
        "max_kv_cache": 0.310189856002935,
        "parallel_requests_nb": 10
    },
    "14": {
        "speed_generation": [
            0.021055462923724733,
            12.267850676275488,
            0.012714265275734604
        ],
        "time_to_first_token": [
            0.4246673583984375,
            7.845331907272339,
            0.0675891637802124
        ],
        "max_kv_cache": 0.4364853709988077,
        "parallel_requests_nb": 14
    },
    "18": {
        "speed_generation": [
            0.058108006279864455,
            11.282067346280288,
            0.291507661751071
        ],
        "time_to_first_token": [
            1.9732435941696167,
            9.731635093688965,
            0.12939953804016113
        ],
        "max_kv_cache": 0.5606713748509584,
        "parallel_requests_nb": 18
    },
    "22": {
        "speed_generation": [
            0.047059562257066645,
            11.192965849925583,
            0.18670018789654996
        ],
        "time_to_first_token": [
            3.6151314973831177,
            11.668010950088501,
            0.45420050621032715
        ],
        "max_kv_cache": 0.6870586077226452,
        "parallel_requests_nb": 22
    },
    "26": {
        "speed_generation": [
            0.02779612982900126,
            11.085912090128124,
            0.006550545423133158
        ],
        "time_to_first_token": [
            3.6494054794311523,
            13.102275848388672,
            1.0859951972961426
        ],
        "max_kv_cache": 0.8084930753003761,
        "parallel_requests_nb": 26
    }
}