{
    "1": {
        "speed_generation": [
            0.34739695848805496,
            48.260264470940015,
            0.28799965427501206
        ],
        "time_to_first_token": [
            0.004908263683319092,
            0.15781152248382568,
            0.002635776996612549
        ],
        "max_kv_cache": 0.04167962674961123,
        "parallel_requests_nb": 1
    },
    "2": {
        "speed_generation": [
            0.032329616683902884,
            46.60981851620764,
            0.026999020462767476
        ],
        "time_to_first_token": [
            0.10942274332046509,
            0.27631354331970215,
            0.00827854871749878
        ],
        "max_kv_cache": 0.08242612752721612,
        "parallel_requests_nb": 2
    },
    "3": {
        "speed_generation": [
            0.06553067655016065,
            45.429608511716886,
            0.08778065041862959
        ],
        "time_to_first_token": [
            0.11820852756500244,
            0.3952779769897461,
            0.01880425214767456
        ],
        "max_kv_cache": 0.12379471228615868,
        "parallel_requests_nb": 3
    },
    "4": {
        "speed_generation": [
            0.459247498837442,
            42.462951368857745,
            0.1652109653129301
        ],
        "time_to_first_token": [
            0.21698123216629028,
            0.528286337852478,
            0.007921397686004639
        ],
        "max_kv_cache": 0.16391912908242612,
        "parallel_requests_nb": 4
    },
    "6": {
        "speed_generation": [
            0.09340840771545089,
            37.366634429905226,
            0.05092691968113172
        ],
        "time_to_first_token": [
            0.11937999725341797,
            0.7840588092803955,
            0.016508102416992188
        ],
        "max_kv_cache": 0.24541213063763612,
        "parallel_requests_nb": 6
    },
    "8": {
        "speed_generation": [
            0.5197368915990523,
            33.64490578015109,
            0.2894400443112133
        ],
        "time_to_first_token": [
            0.4828641414642334,
            1.0398170948028564,
            0.010922908782958984
        ],
        "max_kv_cache": 0.32752721617418357,
        "parallel_requests_nb": 8
    },
    "10": {
        "speed_generation": [
            0.8156755802789029,
            30.92941130144954,
            0.04796831645010968
        ],
        "time_to_first_token": [
            0.10516035556793213,
            1.2999818325042725,
            0.013207674026489258
        ],
        "max_kv_cache": 0.408398133748056,
        "parallel_requests_nb": 10
    },
    "14": {
        "speed_generation": [
            0.26268752914806726,
            26.569579031848637,
            0.3545340318230643
        ],
        "time_to_first_token": [
            0.48132455348968506,
            1.7942090034484863,
            0.032044053077697754
        ],
        "max_kv_cache": 0.5726283048211509,
        "parallel_requests_nb": 14
    },
    "18": {
        "speed_generation": [
            0.21763722004717678,
            22.843594266466287,
            0.21451024251730288
        ],
        "time_to_first_token": [
            1.095635175704956,
            2.3040671348571777,
            0.02399277687072754
        ],
        "max_kv_cache": 0.7362363919129082,
        "parallel_requests_nb": 18
    },
    "22": {
        "speed_generation": [
            0.0656740221701142,
            19.985011620383958,
            0.11909585211728668
        ],
        "time_to_first_token": [
            1.35537588596344,
            2.824420928955078,
            0.01843106746673584
        ],
        "max_kv_cache": 0.8973561430793157,
        "parallel_requests_nb": 22
    },
    "26": {
        "speed_generation": [
            0.25915722014742215,
            17.847231682787367,
            0.252154235432954
        ],
        "time_to_first_token": [
            0.016685962677001953,
            3.4733115434646606,
            0.01685553789138794
        ],
        "max_kv_cache": 1.0,
        "parallel_requests_nb": 26
    },
    "30": {
        "speed_generation": [
            0.24821558872288207,
            15.97887816557659,
            0.4349427009037239
        ],
        "time_to_first_token": [
            0.7698068618774414,
            4.12573504447937,
            0.14292693138122559
        ],
        "max_kv_cache": 1.0,
        "parallel_requests_nb": 30
    },
    "34": {
        "speed_generation": [
            1.318989694642939,
            14.773136302382337,
            0.3209012679756089
        ],
        "time_to_first_token": [
            0.3659604787826538,
            4.77391791343689,
            0.1016690731048584
        ],
        "max_kv_cache": 1.0,
        "parallel_requests_nb": 34
    }
}