{
    "1": {
        "speed_generation": [
            0.37236818401308724,
            17.17300218127177,
            0.13491345759732098
        ],
        "time_to_first_token": [
            0.004646897315979004,
            0.6100468635559082,
            0.023200154304504395
        ],
        "max_kv_cache": 0.08460342146189737,
        "parallel_requests_nb": 1
    },
    "2": {
        "speed_generation": [
            0.14746191116772245,
            10.087165649365328,
            0.0782888220031559
        ],
        "time_to_first_token": [
            0.5551028251647949,
            1.196347951889038,
            0.01978302001953125
        ],
        "max_kv_cache": 0.16858475894245728,
        "parallel_requests_nb": 2
    },
    "3": {
        "speed_generation": [
            0.052960952071337,
            7.208272328004177,
            0.04790098405007637
        ],
        "time_to_first_token": [
            0.5766220092773438,
            1.7803990840911865,
            0.0291748046875
        ],
        "max_kv_cache": 0.25038880248833595,
        "parallel_requests_nb": 3
    },
    "4": {
        "speed_generation": [
            0.029896710204252663,
            5.59457602883252,
            0.036381656292018505
        ],
        "time_to_first_token": [
            0.5740740299224854,
            2.3674890995025635,
            0.032109975814819336
        ],
        "max_kv_cache": 0.33343701399688963,
        "parallel_requests_nb": 4
    },
    "6": {
        "speed_generation": [
            0.019207807541068433,
            3.8817718717340446,
            0.018650195833847416
        ],
        "time_to_first_token": [
            1.1189110279083252,
            3.5376720428466797,
            0.053015947341918945
        ],
        "max_kv_cache": 0.49735614307931575,
        "parallel_requests_nb": 6
    },
    "8": {
        "speed_generation": [
            0.013861765203113219,
            2.96863023507517,
            0.013996547597834752
        ],
        "time_to_first_token": [
            0.5214118957519531,
            4.10063099861145,
            0.656857967376709
        ],
        "max_kv_cache": 0.6618973561430793,
        "parallel_requests_nb": 8
    },
    "10": {
        "speed_generation": [
            0.010832990378276453,
            2.4079653152397866,
            0.010893161447601774
        ],
        "time_to_first_token": [
            0.5646363496780396,
            4.178532838821411,
            1.7405576705932617
        ],
        "max_kv_cache": 0.8261275272161742,
        "parallel_requests_nb": 10
    },
    "14": {
        "speed_generation": [
            0.009040329738691177,
            2.0392281699147343,
            0.0076114254477213095
        ],
        "time_to_first_token": [
            0.0511479377746582,
            4.759160995483398,
            2.3170459270477295
        ],
        "max_kv_cache": 0.9888024883359253,
        "parallel_requests_nb": 14
    },
    "18": {
        "speed_generation": [
            0.944196432822086,
            1.9662247210519783,
            0.07698457419450944
        ],
        "time_to_first_token": [
            0.29851412773132324,
            7.358566045761108,
            3.9932777881622314
        ],
        "max_kv_cache": 0.9906687402799378,
        "parallel_requests_nb": 18
    },
    "22": {
        "speed_generation": [
            0.002298009402704748,
            1.0221254929247507,
            0.0052206846833837695
        ],
        "time_to_first_token": [
            0.07089513540267944,
            11.386318564414978,
            3.469578444957733
        ],
        "max_kv_cache": 0.9928460342146189,
        "parallel_requests_nb": 22
    },
    "26": {
        "speed_generation": [
            0.0041897108145168005,
            1.018313087486957,
            0.0036687261065875276
        ],
        "time_to_first_token": [
            3.480355978012085,
            14.891319036483765,
            0.07878994941711426
        ],
        "max_kv_cache": 0.990357698289269,
        "parallel_requests_nb": 26
    },
    "30": {
        "speed_generation": [
            0.3206010058291183,
            0.9997179558864415,
            0.019732519256767445
        ],
        "time_to_first_token": [
            0.324779748916626,
            15.235623836517334,
            3.995043992996216
        ],
        "max_kv_cache": 0.9922239502332815,
        "parallel_requests_nb": 30
    },
    "34": {
        "speed_generation": [
            0.0021906939434843675,
            0.6806773900409238,
            0.0023385177003951707
        ],
        "time_to_first_token": [
            0.0936439037322998,
            19.245951890945435,
            3.454423189163208
        ],
        "max_kv_cache": 0.9912908242612752,
        "parallel_requests_nb": 34
    },
    "38": {
        "speed_generation": [
            0.006159806938453083,
            0.6785341477053808,
            0.0024136079944746536
        ],
        "time_to_first_token": [
            3.434870958328247,
            22.727733850479126,
            0.16388225555419922
        ],
        "max_kv_cache": 0.9931570762052877,
        "parallel_requests_nb": 38
    }
}