{
    "1": {
        "speed_generation": [
            0.03806186453809346,
            45.42238902238181,
            0.5081233698536636
        ],
        "time_to_first_token": [
            0.006243348121643066,
            0.6086771488189697,
            0.011996626853942871
        ],
        "max_kv_cache": 0.10388802488335924,
        "parallel_requests_nb": 1
    },
    "2": {
        "speed_generation": [
            0.39830548673731414,
            39.86781182464287,
            0.34778635597952245
        ],
        "time_to_first_token": [
            0.546474039554596,
            1.1926190853118896,
            0.02759462594985962
        ],
        "max_kv_cache": 0.20590979782270602,
        "parallel_requests_nb": 2
    },
    "3": {
        "speed_generation": [
            0.20643618755279647,
            34.28428400802825,
            0.15672722195598254
        ],
        "time_to_first_token": [
            1.1238690614700317,
            1.7880789041519165,
            0.023858845233917236
        ],
        "max_kv_cache": 0.30886469673405914,
        "parallel_requests_nb": 3
    },
    "4": {
        "speed_generation": [
            0.4028437984978517,
            30.443297806255927,
            0.21219648501502064
        ],
        "time_to_first_token": [
            0.7136053442955017,
            2.3645609617233276,
            0.020500481128692627
        ],
        "max_kv_cache": 0.41150855365474337,
        "parallel_requests_nb": 4
    },
    "6": {
        "speed_generation": [
            0.09857107419344757,
            25.59583738923122,
            0.09737806775566327
        ],
        "time_to_first_token": [
            1.071777105331421,
            3.4700194597244263,
            0.10879272222518921
        ],
        "max_kv_cache": 0.6139968895800934,
        "parallel_requests_nb": 6
    },
    "8": {
        "speed_generation": [
            0.15111699847328453,
            21.730095896427596,
            0.39283436986028875
        ],
        "time_to_first_token": [
            1.2020270824432373,
            4.186290979385376,
            0.5834610462188721
        ],
        "max_kv_cache": 0.8186625194401245,
        "parallel_requests_nb": 8
    },
    "10": {
        "speed_generation": [
            0.3743643063959752,
            18.29314210629635,
            0.1236608316935417
        ],
        "time_to_first_token": [
            0.0699164867401123,
            4.291871905326843,
            1.6552069783210754
        ],
        "max_kv_cache": 1.0,
        "parallel_requests_nb": 10
    },
    "14": {
        "speed_generation": [
            6.6522854022328275,
            17.010042114573288,
            0.5482697765648368
        ],
        "time_to_first_token": [
            0.7816449999809265,
            6.690063953399658,
            23.027319610118866
        ],
        "max_kv_cache": 1.0,
        "parallel_requests_nb": 14
    },
    "18": {
        "speed_generation": [
            0.4151025508772417,
            9.205398444695524,
            5.9744866933780205
        ],
        "time_to_first_token": [
            51.573072493076324,
            58.614452958106995,
            3.2510951161384583
        ],
        "max_kv_cache": 0.9996889580093312,
        "parallel_requests_nb": 18
    },
    "22": {
        "speed_generation": [
            0.07595718111772776,
            8.703634080630614,
            0.08125891535690499
        ],
        "time_to_first_token": [
            2.1398959159851074,
            64.22081589698792,
            1.1316249370574951
        ],
        "max_kv_cache": 1.0,
        "parallel_requests_nb": 22
    },
    "26": {
        "speed_generation": [
            2.3325311872059658,
            8.3042672155002,
            0.4837464181744693
        ],
        "time_to_first_token": [
            1.444709062576294,
            65.69108510017395,
            51.29721826314926
        ],
        "max_kv_cache": 1.0,
        "parallel_requests_nb": 26
    }
}