{
    "1": {
        "speed_generation": [
            0.2031274382727446,
            38.41102157539291,
            0.5643493720813098
        ],
        "time_to_first_token": [
            0.006398022174835205,
            0.610358476638794,
            0.023550987243652344
        ],
        "max_kv_cache": 0.0867807153965785,
        "parallel_requests_nb": 1
    },
    "2": {
        "speed_generation": [
            0.23980707119067546,
            30.329361265426005,
            0.25989404192984367
        ],
        "time_to_first_token": [
            0.5671250820159912,
            1.1979870796203613,
            0.026512980461120605
        ],
        "max_kv_cache": 0.17138413685847587,
        "parallel_requests_nb": 2
    },
    "3": {
        "speed_generation": [
            0.1887812816636938,
            24.73012081620338,
            0.2897698446283883
        ],
        "time_to_first_token": [
            0.5692025423049927,
            1.778167963027954,
            0.02498072385787964
        ],
        "max_kv_cache": 0.2578538102643857,
        "parallel_requests_nb": 3
    },
    "4": {
        "speed_generation": [
            0.15585643505109203,
            20.960299689572427,
            0.09167421146695531
        ],
        "time_to_first_token": [
            0.5695698261260986,
            2.365557909011841,
            0.02523517608642578
        ],
        "max_kv_cache": 0.3418351477449456,
        "parallel_requests_nb": 4
    },
    "6": {
        "speed_generation": [
            0.08544648348339479,
            16.41413683209929,
            0.1008688740228223
        ],
        "time_to_first_token": [
            1.0997631549835205,
            3.532827138900757,
            0.040144920349121094
        ],
        "max_kv_cache": 0.5097978227060653,
        "parallel_requests_nb": 6
    },
    "8": {
        "speed_generation": [
            0.0845097159849253,
            13.029590592402569,
            0.027532979745254593
        ],
        "time_to_first_token": [
            1.765017032623291,
            4.207309007644653,
            0.5491139888763428
        ],
        "max_kv_cache": 0.677760497667185,
        "parallel_requests_nb": 8
    },
    "10": {
        "speed_generation": [
            0.04531794170718406,
            10.910046154698408,
            0.035459501419049744
        ],
        "time_to_first_token": [
            1.7851901054382324,
            4.80728006362915,
            1.1413969993591309
        ],
        "max_kv_cache": 0.846656298600311,
        "parallel_requests_nb": 10
    },
    "14": {
        "speed_generation": [
            1.5188719305573581,
            9.141987941628216,
            0.30673719630970275
        ],
        "time_to_first_token": [
            0.0475621223449707,
            5.343991041183472,
            1.7454638481140137
        ],
        "max_kv_cache": 0.9996889580093312,
        "parallel_requests_nb": 14
    },
    "18": {
        "speed_generation": [
            0.7358244925078328,
            5.4793957637127955,
            4.047807140319775
        ],
        "time_to_first_token": [
            4.294741153717041,
            11.377351999282837,
            5.6024041175842285
        ],
        "max_kv_cache": 1.0,
        "parallel_requests_nb": 18
    },
    "22": {
        "speed_generation": [
            0.09933747659763359,
            4.761243721307144,
            0.12312749958914981
        ],
        "time_to_first_token": [
            0.9990522861480713,
            17.559988975524902,
            2.8718517422676086
        ],
        "max_kv_cache": 1.0,
        "parallel_requests_nb": 22
    },
    "26": {
        "speed_generation": [
            0.643944573201952,
            4.730568136981016,
            0.05372075961382272
        ],
        "time_to_first_token": [
            2.9307574033737183,
            20.467313170433044,
            0.6063739061355591
        ],
        "max_kv_cache": 1.0,
        "parallel_requests_nb": 26
    },
    "30": {
        "speed_generation": [
            0.33059851285218267,
            3.479412966019109,
            1.2137935942764901
        ],
        "time_to_first_token": [
            5.171919822692871,
            25.6955509185791,
            4.820689916610718
        ],
        "max_kv_cache": 0.9996889580093312,
        "parallel_requests_nb": 30
    },
    "34": {
        "speed_generation": [
            0.029800258071969843,
            3.163191433357939,
            0.10633177248515668
        ],
        "time_to_first_token": [
            1.1929557919502258,
            30.97300398349762,
            2.8931846618652344
        ],
        "max_kv_cache": 1.0,
        "parallel_requests_nb": 34
    },
    "38": {
        "speed_generation": [
            0.3895553690029865,
            3.105374513389531,
            0.03677367768063666
        ],
        "time_to_first_token": [
            2.816180944442749,
            34.396827936172485,
            0.7599711418151855
        ],
        "max_kv_cache": 1.0,
        "parallel_requests_nb": 38
    }
}