{
    "1": {
        "speed_generation": [
            0.40884520961394344,
            50.012008749082426,
            0.7000302554908799
        ],
        "time_to_first_token": [
            0.0012958049774169922,
            0.0423588752746582,
            0.0012972354888916016
        ],
        "max_kv_cache": 0.002177293934681135,
        "parallel_requests_nb": 1
    },
    "2": {
        "speed_generation": [
            1.4878082019580816,
            41.19708945119628,
            1.5382036054682615
        ],
        "time_to_first_token": [
            0.006599366664886475,
            0.05480504035949707,
            0.01687026023864746
        ],
        "max_kv_cache": 0.0037325038880249295,
        "parallel_requests_nb": 2
    },
    "3": {
        "speed_generation": [
            0.9433912592996592,
            40.4502123070658,
            2.1192038785924296
        ],
        "time_to_first_token": [
            0.008683919906616211,
            0.05672347545623779,
            0.016171693801879883
        ],
        "max_kv_cache": 0.005287713841368613,
        "parallel_requests_nb": 3
    },
    "4": {
        "speed_generation": [
            0.6962642657867306,
            39.55182334281227,
            0.9895188957796108
        ],
        "time_to_first_token": [
            0.016035079956054688,
            0.06908702850341797,
            0.011043071746826172
        ],
        "max_kv_cache": 0.006842923794712297,
        "parallel_requests_nb": 4
    },
    "6": {
        "speed_generation": [
            0.7319300684750445,
            38.4711619051389,
            1.1948154851599426
        ],
        "time_to_first_token": [
            0.012471199035644531,
            0.07376599311828613,
            0.013020634651184082
        ],
        "max_kv_cache": 0.010886469673405896,
        "parallel_requests_nb": 6
    },
    "8": {
        "speed_generation": [
            1.0805142023926138,
            38.38353124027559,
            1.017721675877695
        ],
        "time_to_first_token": [
            0.01659715175628662,
            0.0868990421295166,
            0.013657987117767334
        ],
        "max_kv_cache": 0.013374805598755812,
        "parallel_requests_nb": 8
    },
    "10": {
        "speed_generation": [
            0.920873497641935,
            34.74847652472479,
            1.004685685326642
        ],
        "time_to_first_token": [
            0.016993403434753418,
            0.10200703144073486,
            0.01618105173110962
        ],
        "max_kv_cache": 0.01679626749611196,
        "parallel_requests_nb": 10
    },
    "14": {
        "speed_generation": [
            0.6735710196409634,
            32.02726015051735,
            0.9125439328912961
        ],
        "time_to_first_token": [
            0.013043820858001709,
            0.12625694274902344,
            0.01610386371612549
        ],
        "max_kv_cache": 0.022706065318818025,
        "parallel_requests_nb": 14
    },
    "18": {
        "speed_generation": [
            0.7885944205134621,
            28.622100031084592,
            0.7172666417633309
        ],
        "time_to_first_token": [
            0.013486385345458984,
            0.16625499725341797,
            0.016944527626037598
        ],
        "max_kv_cache": 0.027993779160186638,
        "parallel_requests_nb": 18
    },
    "22": {
        "speed_generation": [
            0.6302800734926741,
            26.9614913960774,
            0.5557845153730163
        ],
        "time_to_first_token": [
            0.008814752101898193,
            0.1922670602798462,
            0.016517221927642822
        ],
        "max_kv_cache": 0.034214618973561484,
        "parallel_requests_nb": 22
    },
    "26": {
        "speed_generation": [
            0.4147210057149877,
            24.200183911734804,
            0.5019122696479492
        ],
        "time_to_first_token": [
            0.010719776153564453,
            0.2133864164352417,
            0.007649123668670654
        ],
        "max_kv_cache": 0.038880248833592534,
        "parallel_requests_nb": 26
    },
    "30": {
        "speed_generation": [
            0.5871279414893884,
            23.199049238341352,
            0.4006078595251239
        ],
        "time_to_first_token": [
            0.009507477283477783,
            0.2528195381164551,
            0.012967705726623535
        ],
        "max_kv_cache": 0.04634525660964228,
        "parallel_requests_nb": 30
    },
    "34": {
        "speed_generation": [
            0.22724314052539185,
            19.029157430027983,
            0.2881672570623586
        ],
        "time_to_first_token": [
            0.011520862579345703,
            0.29336750507354736,
            0.009029269218444824
        ],
        "max_kv_cache": 0.051321928460342114,
        "parallel_requests_nb": 34
    },
    "38": {
        "speed_generation": [
            0.31601796538995686,
            17.895959541026276,
            0.4034269173123697
        ],
        "time_to_first_token": [
            0.01925438642501831,
            0.32567453384399414,
            0.011735975742340088
        ],
        "max_kv_cache": 0.059720062208398095,
        "parallel_requests_nb": 38
    }
}