{
    "1": {
        "speed_generation": [
            0.18777500249509416,
            34.1688650749531,
            0.19378087781180398
        ],
        "time_to_first_token": [
            0.0009281635284423828,
            0.15105342864990234,
            0.0012954473495483398
        ],
        "max_kv_cache": 0.022706065318818025,
        "parallel_requests_nb": 1
    },
    "2": {
        "speed_generation": [
            0.5529390280745972,
            26.443664505350096,
            0.5660230849553898
        ],
        "time_to_first_token": [
            0.1107187271118164,
            0.27219080924987793,
            0.010901212692260742
        ],
        "max_kv_cache": 0.043856920684292366,
        "parallel_requests_nb": 2
    },
    "3": {
        "speed_generation": [
            0.32186950736124587,
            21.570350176525416,
            0.3069463555708509
        ],
        "time_to_first_token": [
            0.11711204051971436,
            0.39918601512908936,
            0.009879827499389648
        ],
        "max_kv_cache": 0.06562986003110416,
        "parallel_requests_nb": 3
    },
    "4": {
        "speed_generation": [
            0.150578381669348,
            17.88020089271336,
            0.19440099450542547
        ],
        "time_to_first_token": [
            0.12616389989852905,
            0.5327035188674927,
            0.012505292892456055
        ],
        "max_kv_cache": 0.08709175738724728,
        "parallel_requests_nb": 4
    },
    "6": {
        "speed_generation": [
            0.143048137569604,
            13.533756523645437,
            0.15184734778976505
        ],
        "time_to_first_token": [
            0.12140566110610962,
            0.7877434492111206,
            0.014053642749786377
        ],
        "max_kv_cache": 0.12939346811819596,
        "parallel_requests_nb": 6
    },
    "8": {
        "speed_generation": [
            0.08059038468132229,
            10.88185881080813,
            0.08572693875257542
        ],
        "time_to_first_token": [
            0.01971656084060669,
            1.0513159036636353,
            0.009748995304107666
        ],
        "max_kv_cache": 0.17200622083981343,
        "parallel_requests_nb": 8
    },
    "10": {
        "speed_generation": [
            0.05815106585390062,
            9.078650097669005,
            0.06289809160733384
        ],
        "time_to_first_token": [
            0.018091022968292236,
            1.3089264631271362,
            0.012405753135681152
        ],
        "max_kv_cache": 0.21368584758942455,
        "parallel_requests_nb": 10
    },
    "14": {
        "speed_generation": [
            0.040352616567349564,
            6.908751670006503,
            0.045763929575809215
        ],
        "time_to_first_token": [
            0.04066336154937744,
            1.8184754848480225,
            0.015467286109924316
        ],
        "max_kv_cache": 0.29953343701399693,
        "parallel_requests_nb": 14
    },
    "18": {
        "speed_generation": [
            0.027276102898806442,
            5.518129925076028,
            0.030534133542759356
        ],
        "time_to_first_token": [
            0.014087200164794922,
            2.3409619331359863,
            0.01398247480392456
        ],
        "max_kv_cache": 0.3838258164852255,
        "parallel_requests_nb": 18
    },
    "22": {
        "speed_generation": [
            0.013139306320873345,
            4.60343232127021,
            0.030647449716056485
        ],
        "time_to_first_token": [
            0.027929961681365967,
            2.860103964805603,
            0.012955784797668457
        ],
        "max_kv_cache": 0.4681181959564541,
        "parallel_requests_nb": 22
    },
    "26": {
        "speed_generation": [
            0.023405296129201947,
            3.9212678361536044,
            0.022201277431405764
        ],
        "time_to_first_token": [
            0.020092010498046875,
            3.297827124595642,
            0.08360326290130615
        ],
        "max_kv_cache": 0.5524105754276827,
        "parallel_requests_nb": 26
    },
    "30": {
        "speed_generation": [
            0.019195065462906058,
            3.450524649829507,
            0.02504357942492197
        ],
        "time_to_first_token": [
            0.045341312885284424,
            3.332262873649597,
            0.5271673798561096
        ],
        "max_kv_cache": 0.63701399688958,
        "parallel_requests_nb": 30
    },
    "34": {
        "speed_generation": [
            0.01866553309432728,
            3.061437792217209,
            0.013856549301704213
        ],
        "time_to_first_token": [
            1.4102078080177307,
            4.12981104850769,
            0.23214566707611084
        ],
        "max_kv_cache": 0.7216174183514774,
        "parallel_requests_nb": 34
    },
    "38": {
        "speed_generation": [
            0.011489235382021512,
            2.757797011008499,
            0.012969184996927563
        ],
        "time_to_first_token": [
            0.908576250076294,
            4.2615755796432495,
            0.5150359272956848
        ],
        "max_kv_cache": 0.8059097978227061,
        "parallel_requests_nb": 38
    }
}