{
    "1": {
        "speed_generation": [
            0.6613220786996123,
            73.22917541393116,
            0.35940199409473905
        ],
        "time_to_first_token": [
            0.0009913444519042969,
            0.019077420234680176,
            0.0010143518447875977
        ],
        "max_kv_cache": 0.00021509231044991584,
        "parallel_requests_nb": 1
    },
    "2": {
        "speed_generation": [
            1.049660097274014,
            67.8213272500999,
            1.8473206696102835
        ],
        "time_to_first_token": [
            0.0021411776542663574,
            0.022223591804504395,
            0.006697714328765869
        ],
        "max_kv_cache": 0.00043018462089983167,
        "parallel_requests_nb": 2
    },
    "3": {
        "speed_generation": [
            1.1059987571119478,
            65.60519310963723,
            1.6572817978228755
        ],
        "time_to_first_token": [
            0.003934085369110107,
            0.02661442756652832,
            0.006094694137573242
        ],
        "max_kv_cache": 0.0006452769313497475,
        "parallel_requests_nb": 3
    },
    "4": {
        "speed_generation": [
            1.3744794779918479,
            63.85467036170671,
            1.7833161061280407
        ],
        "time_to_first_token": [
            0.004651308059692383,
            0.02973949909210205,
            0.005933046340942383
        ],
        "max_kv_cache": 0.0008603692417995523,
        "parallel_requests_nb": 4
    },
    "6": {
        "speed_generation": [
            1.2490268750425102,
            61.195260153176434,
            1.7579083201199097
        ],
        "time_to_first_token": [
            0.006446480751037598,
            0.038330912590026855,
            0.006786525249481201
        ],
        "max_kv_cache": 0.001111310270657806,
        "parallel_requests_nb": 6
    },
    "8": {
        "speed_generation": [
            1.2898284297051248,
            57.977320602663006,
            1.3467305533404286
        ],
        "time_to_first_token": [
            0.006529092788696289,
            0.04682183265686035,
            0.007624506950378418
        ],
        "max_kv_cache": 0.0014339487363326242,
        "parallel_requests_nb": 8
    },
    "10": {
        "speed_generation": [
            1.0728880681603954,
            54.154225678667515,
            1.2838782696689037
        ],
        "time_to_first_token": [
            0.008167088031768799,
            0.05978953838348389,
            0.007657468318939209
        ],
        "max_kv_cache": 0.0017565872020075535,
        "parallel_requests_nb": 10
    },
    "14": {
        "speed_generation": [
            1.0131807274047802,
            49.866295740406116,
            0.9433150931094971
        ],
        "time_to_first_token": [
            0.0071176886558532715,
            0.08089900016784668,
            0.006397664546966553
        ],
        "max_kv_cache": 0.0024377128517655278,
        "parallel_requests_nb": 14
    },
    "18": {
        "speed_generation": [
            0.7179339653632653,
            43.33547672200711,
            0.7673764815495971
        ],
        "time_to_first_token": [
            0.00949007272720337,
            0.10476243495941162,
            0.005897581577301025
        ],
        "max_kv_cache": 0.0031905359383401777,
        "parallel_requests_nb": 18
    },
    "22": {
        "speed_generation": [
            0.6497437605009466,
            40.27197940859468,
            0.7618158067264531
        ],
        "time_to_first_token": [
            0.008741617202758789,
            0.1244058609008789,
            0.006819188594818115
        ],
        "max_kv_cache": 0.003871661588098263,
        "parallel_requests_nb": 22
    },
    "26": {
        "speed_generation": [
            0.6719853357723196,
            37.41128273407135,
            0.5313311655089876
        ],
        "time_to_first_token": [
            0.009265601634979248,
            0.1421360969543457,
            0.0077904462814331055
        ],
        "max_kv_cache": 0.0043376949274063215,
        "parallel_requests_nb": 26
    },
    "30": {
        "speed_generation": [
            0.6788504226904806,
            34.94003135549575,
            0.6169288546454652
        ],
        "time_to_first_token": [
            0.007823526859283447,
            0.16407251358032227,
            0.008730828762054443
        ],
        "max_kv_cache": 0.005018820577164407,
        "parallel_requests_nb": 30
    },
    "34": {
        "speed_generation": [
            0.5366420529607439,
            33.37188777487544,
            0.5283178528770307
        ],
        "time_to_first_token": [
            0.00808948278427124,
            0.18355906009674072,
            0.006848394870758057
        ],
        "max_kv_cache": 0.005592400071697479,
        "parallel_requests_nb": 34
    },
    "38": {
        "speed_generation": [
            0.4216108617836447,
            30.619722962978273,
            0.7210881096895747
        ],
        "time_to_first_token": [
            0.019094347953796387,
            0.21262848377227783,
            0.0070792436599731445
        ],
        "max_kv_cache": 0.006345223158272129,
        "parallel_requests_nb": 38
    }
}