{
    "1": {
        "speed_generation": [
            0.11295648207624254,
            71.83690407681277,
            0.036951778100046795
        ],
        "time_to_first_token": [
            0.0008764863014221191,
            0.08173739910125732,
            0.0009505152702331543
        ],
        "max_kv_cache": 0.004624484674672913,
        "parallel_requests_nb": 1
    },
    "2": {
        "speed_generation": [
            0.18444773978340834,
            69.83017205374836,
            0.19900483379097977
        ],
        "time_to_first_token": [
            0.04886353015899658,
            0.13377034664154053,
            0.022090494632720947
        ],
        "max_kv_cache": 0.00917727191252915,
        "parallel_requests_nb": 2
    },
    "3": {
        "speed_generation": [
            0.24579353548481464,
            62.88773598546382,
            0.07586706591488479
        ],
        "time_to_first_token": [
            0.019045114517211914,
            0.17488312721252441,
            0.05351591110229492
        ],
        "max_kv_cache": 0.013801756587201952,
        "parallel_requests_nb": 3
    },
    "4": {
        "speed_generation": [
            1.7457094938634512,
            61.728409429735244,
            0.060247499204713506
        ],
        "time_to_first_token": [
            0.1232912540435791,
            0.29503512382507324,
            0.00639796257019043
        ],
        "max_kv_cache": 0.018390392543466527,
        "parallel_requests_nb": 4
    },
    "6": {
        "speed_generation": [
            1.587668331221117,
            58.12373786793063,
            0.09582725666581382
        ],
        "time_to_first_token": [
            0.20058798789978027,
            0.434406042098999,
            0.009048938751220703
        ],
        "max_kv_cache": 0.027460118300770775,
        "parallel_requests_nb": 6
    },
    "8": {
        "speed_generation": [
            1.1814294641240224,
            55.791415780372034,
            0.1489330931305446
        ],
        "time_to_first_token": [
            0.015439033508300781,
            0.5794060230255127,
            0.006701946258544922
        ],
        "max_kv_cache": 0.03667323893170815,
        "parallel_requests_nb": 8
    },
    "10": {
        "speed_generation": [
            0.8739733266149585,
            52.95146495874063,
            0.2250835424213733
        ],
        "time_to_first_token": [
            0.0767589807510376,
            0.7194600105285645,
            0.013579010963439941
        ],
        "max_kv_cache": 0.0457429646890124,
        "parallel_requests_nb": 10
    },
    "14": {
        "speed_generation": [
            0.933339448179666,
            48.8321444614774,
            0.10970527284096931
        ],
        "time_to_first_token": [
            0.09520602226257324,
            0.7483780384063721,
            0.2697570323944092
        ],
        "max_kv_cache": 0.06406165979566225,
        "parallel_requests_nb": 14
    },
    "18": {
        "speed_generation": [
            0.35484026939464286,
            43.33765986055056,
            0.6163674586358567
        ],
        "time_to_first_token": [
            0.17037701606750488,
            0.890125036239624,
            0.4129490852355957
        ],
        "max_kv_cache": 0.08238035490231221,
        "parallel_requests_nb": 18
    },
    "22": {
        "speed_generation": [
            0.36753753553582413,
            40.67373160085592,
            0.5172167912284067
        ],
        "time_to_first_token": [
            0.347383975982666,
            1.0462110042572021,
            0.4620128870010376
        ],
        "max_kv_cache": 0.1006273525721455,
        "parallel_requests_nb": 22
    },
    "26": {
        "speed_generation": [
            0.06706943701635737,
            37.31141128034626,
            0.4782437566906097
        ],
        "time_to_first_token": [
            0.39900708198547363,
            1.232280969619751,
            0.42026591300964355
        ],
        "max_kv_cache": 0.11891019896038713,
        "parallel_requests_nb": 26
    },
    "30": {
        "speed_generation": [
            0.1811185927761514,
            33.323124736380656,
            0.27238578057863094
        ],
        "time_to_first_token": [
            0.48584187030792236,
            1.2954390048980713,
            0.5707659721374512
        ],
        "max_kv_cache": 0.13708549919340385,
        "parallel_requests_nb": 30
    },
    "34": {
        "speed_generation": [
            0.9890251960348309,
            32.04596890836878,
            0.14094051332290292
        ],
        "time_to_first_token": [
            0.6438579559326172,
            1.4856719970703125,
            0.767611026763916
        ],
        "max_kv_cache": 0.15515325327119556,
        "parallel_requests_nb": 34
    },
    "38": {
        "speed_generation": [
            0.21337480334549142,
            29.85154782427092,
            0.15267799049549424
        ],
        "time_to_first_token": [
            0.7120819091796875,
            1.781559944152832,
            0.5971982479095459
        ],
        "max_kv_cache": 0.17343609965943718,
        "parallel_requests_nb": 38
    }
}