{
    "1": {
        "speed_generation": [
            0.3059386382140019,
            74.59552761691037,
            0.2146463799409588
        ],
        "time_to_first_token": [
            0.0011494159698486328,
            0.01959693431854248,
            0.0011789202690124512
        ],
        "max_kv_cache": 0.0004660333393081695,
        "parallel_requests_nb": 1
    },
    "2": {
        "speed_generation": [
            0.20939653814636472,
            73.07137891216423,
            0.2853010270102345
        ],
        "time_to_first_token": [
            0.0026128292083740234,
            0.022745847702026367,
            0.006139039993286133
        ],
        "max_kv_cache": 0.0009320666786162279,
        "parallel_requests_nb": 2
    },
    "3": {
        "speed_generation": [
            0.24240384707691476,
            71.51401085862356,
            0.2321338475609167
        ],
        "time_to_first_token": [
            0.004264950752258301,
            0.02754497528076172,
            0.0063059329986572266
        ],
        "max_kv_cache": 0.0013264025811077218,
        "parallel_requests_nb": 3
    },
    "4": {
        "speed_generation": [
            0.353054013161028,
            70.10405996187093,
            0.26984535919054053
        ],
        "time_to_first_token": [
            0.003860950469970703,
            0.029140949249267578,
            0.0040280818939208984
        ],
        "max_kv_cache": 0.0017207384835992157,
        "parallel_requests_nb": 4
    },
    "6": {
        "speed_generation": [
            0.281000934455264,
            68.62482937133106,
            0.30154559434190276
        ],
        "time_to_first_token": [
            0.006704092025756836,
            0.03940296173095703,
            0.0066759586334228516
        ],
        "max_kv_cache": 0.0026528051622154436,
        "parallel_requests_nb": 6
    },
    "8": {
        "speed_generation": [
            0.3127262741061685,
            66.87252813841357,
            0.25774622388215107
        ],
        "time_to_first_token": [
            0.009312808513641357,
            0.05159294605255127,
            0.006199836730957031
        ],
        "max_kv_cache": 0.0034414769671984313,
        "parallel_requests_nb": 8
    },
    "10": {
        "speed_generation": [
            0.2882653762985399,
            64.37763866670298,
            0.2533110780733807
        ],
        "time_to_first_token": [
            0.008115410804748535,
            0.059096574783325195,
            0.0068811774253845215
        ],
        "max_kv_cache": 0.004301846208997984,
        "parallel_requests_nb": 10
    },
    "14": {
        "speed_generation": [
            0.29090697146834543,
            61.645436974319395,
            0.341965819458558
        ],
        "time_to_first_token": [
            0.007947146892547607,
            0.08150362968444824,
            0.0067942142486572266
        ],
        "max_kv_cache": 0.005915038537372297,
        "parallel_requests_nb": 14
    },
    "18": {
        "speed_generation": [
            0.23177092201943594,
            55.46049888912462,
            0.29345552779932405
        ],
        "time_to_first_token": [
            0.007563114166259766,
            0.10712754726409912,
            0.0069103240966796875
        ],
        "max_kv_cache": 0.007599928302563175,
        "parallel_requests_nb": 18
    },
    "22": {
        "speed_generation": [
            0.587012714155378,
            53.54976283532875,
            0.3015709072293191
        ],
        "time_to_first_token": [
            0.008304595947265625,
            0.12472105026245117,
            0.0059844255447387695
        ],
        "max_kv_cache": 0.00932066678616239,
        "parallel_requests_nb": 22
    },
    "26": {
        "speed_generation": [
            0.5329819227894532,
            51.119199983165586,
            0.30811951482181144
        ],
        "time_to_first_token": [
            0.009990155696868896,
            0.14542996883392334,
            0.006591975688934326
        ],
        "max_kv_cache": 0.01082631295931169,
        "parallel_requests_nb": 26
    },
    "30": {
        "speed_generation": [
            0.3731941549084823,
            48.76223028658471,
            0.30106821787776283
        ],
        "time_to_first_token": [
            0.013285994529724121,
            0.1614149808883667,
            0.010293066501617432
        ],
        "max_kv_cache": 0.012582900161319244,
        "parallel_requests_nb": 30
    },
    "34": {
        "speed_generation": [
            0.441664492197404,
            48.206953660822876,
            0.28617766273591627
        ],
        "time_to_first_token": [
            0.010469436645507812,
            0.18728160858154297,
            0.007930099964141846
        ],
        "max_kv_cache": 0.014231941208101784,
        "parallel_requests_nb": 34
    },
    "38": {
        "speed_generation": [
            0.3864300736686985,
            45.83912379340423,
            0.8243129063625645
        ],
        "time_to_first_token": [
            0.022483527660369873,
            0.2094275951385498,
            0.007990896701812744
        ],
        "max_kv_cache": 0.015952679691701,
        "parallel_requests_nb": 38
    }
}