{
    "1": {
        "speed_generation": [
            0.13594611764456488,
            60.435031072988735,
            0.14445478253466604
        ],
        "time_to_first_token": [
            0.003557920455932617,
            0.3150498867034912,
            0.004730701446533203
        ],
        "max_kv_cache": 0.009392364222979066,
        "parallel_requests_nb": 1
    },
    "2": {
        "speed_generation": [
            0.17554604305296806,
            50.4019571551703,
            0.21561368451217788
        ],
        "time_to_first_token": [
            0.28705930709838867,
            0.6085391044616699,
            0.012568950653076172
        ],
        "max_kv_cache": 0.01864133357232478,
        "parallel_requests_nb": 2
    },
    "3": {
        "speed_generation": [
            0.20669449633842873,
            42.979356223818044,
            0.170492378918226
        ],
        "time_to_first_token": [
            0.022422969341278076,
            0.6411664485931396,
            0.28134095668792725
        ],
        "max_kv_cache": 0.02796200035848717,
        "parallel_requests_nb": 3
    },
    "4": {
        "speed_generation": [
            0.12275064455913309,
            37.77127098946603,
            0.11387343280325979
        ],
        "time_to_first_token": [
            0.2973511219024658,
            0.9277811050415039,
            0.3002448081970215
        ],
        "max_kv_cache": 0.037067574834199646,
        "parallel_requests_nb": 4
    },
    "6": {
        "speed_generation": [
            0.09252421289283674,
            29.291523133700434,
            0.07029537945094688
        ],
        "time_to_first_token": [
            0.5891838073730469,
            1.2449588775634766,
            0.5834590196609497
        ],
        "max_kv_cache": 0.05563721096970786,
        "parallel_requests_nb": 6
    },
    "8": {
        "speed_generation": [
            0.08658957089134134,
            24.90465125707808,
            0.07167423933990946
        ],
        "time_to_first_token": [
            0.5961639881134033,
            1.5219299793243408,
            0.6040079593658447
        ],
        "max_kv_cache": 0.07384835992113281,
        "parallel_requests_nb": 8
    },
    "10": {
        "speed_generation": [
            0.09453818249589574,
            22.09639571755317,
            0.07721917922869537
        ],
        "time_to_first_token": [
            0.61266028881073,
            1.849543809890747,
            0.6179347038269043
        ],
        "max_kv_cache": 0.09252554221186593,
        "parallel_requests_nb": 10
    },
    "14": {
        "speed_generation": [
            0.08358726343691814,
            17.005657245188935,
            0.04431976197832199
        ],
        "time_to_first_token": [
            1.1764544248580933,
            2.4618279933929443,
            1.1859139204025269
        ],
        "max_kv_cache": 0.1290195375515325,
        "parallel_requests_nb": 14
    },
    "18": {
        "speed_generation": [
            0.11354291374897585,
            13.881565652399898,
            0.03768860227050652
        ],
        "time_to_first_token": [
            1.2175278663635254,
            3.072354793548584,
            1.2514231204986572
        ],
        "max_kv_cache": 0.1659437175120989,
        "parallel_requests_nb": 18
    },
    "22": {
        "speed_generation": [
            0.07313355795156795,
            11.892214855521253,
            0.029484890089218396
        ],
        "time_to_first_token": [
            1.7100675106048584,
            3.71014404296875,
            1.7634638547897339
        ],
        "max_kv_cache": 0.20272450259903207,
        "parallel_requests_nb": 22
    },
    "26": {
        "speed_generation": [
            0.21797859439770484,
            10.249917016803634,
            0.07508293580495362
        ],
        "time_to_first_token": [
            1.8450958728790283,
            4.343134880065918,
            1.8765796422958374
        ],
        "max_kv_cache": 0.23968453127800682,
        "parallel_requests_nb": 26
    },
    "30": {
        "speed_generation": [
            0.22504222827834752,
            8.789388745358021,
            0.025222965392055485
        ],
        "time_to_first_token": [
            2.391446828842163,
            4.912117958068848,
            2.367110013961792
        ],
        "max_kv_cache": 0.2762860727728984,
        "parallel_requests_nb": 30
    },
    "34": {
        "speed_generation": [
            0.10421587256797338,
            8.02778466774834,
            0.026047065914939438
        ],
        "time_to_first_token": [
            2.4351119995117188,
            5.5361549854278564,
            2.5068440437316895
        ],
        "max_kv_cache": 0.31306685785983146,
        "parallel_requests_nb": 34
    },
    "38": {
        "speed_generation": [
            0.1094886363135048,
            7.199581192060447,
            0.02815794234525093
        ],
        "time_to_first_token": [
            2.9298341274261475,
            6.179926156997681,
            2.9619288444519043
        ],
        "max_kv_cache": 0.3498117942283563,
        "parallel_requests_nb": 38
    }
}