{
    "1": {
        "speed_generation": [
            0.0367781079404601,
            15.958976425191079,
            0.028530327494836527
        ],
        "time_to_first_token": [
            0.007726728916168213,
            1.1337999105453491,
            0.004944324493408203
        ],
        "max_kv_cache": 0.011365405573719456,
        "parallel_requests_nb": 1
    },
    "2": {
        "speed_generation": [
            0.06703151297430665,
            13.917690739985304,
            0.7664129089749867
        ],
        "time_to_first_token": [
            0.595181941986084,
            1.7359108924865723,
            0.4412226676940918
        ],
        "max_kv_cache": 0.02257512066012768,
        "parallel_requests_nb": 2
    },
    "3": {
        "speed_generation": [
            0.03729871095423043,
            12.47972849177901,
            0.06332561299048756
        ],
        "time_to_first_token": [
            0.6770389080047607,
            2.415924549102783,
            0.43493783473968506
        ],
        "max_kv_cache": 0.0337848357465359,
        "parallel_requests_nb": 3
    },
    "4": {
        "speed_generation": [
            0.06533077688940381,
            11.680790920072148,
            0.042077935121680454
        ],
        "time_to_first_token": [
            1.686845064163208,
            3.429744005203247,
            0.09308981895446777
        ],
        "max_kv_cache": 0.04468316985832166,
        "parallel_requests_nb": 4
    },
    "6": {
        "speed_generation": [
            0.03834762183316265,
            10.11367131616831,
            0.026323615350264618
        ],
        "time_to_first_token": [
            2.40114688873291,
            4.8178699016571045,
            0.03324615955352783
        ],
        "max_kv_cache": 0.0671026000311381,
        "parallel_requests_nb": 6
    },
    "8": {
        "speed_generation": [
            0.054374243075150375,
            9.045280526295704,
            0.027794283121377106
        ],
        "time_to_first_token": [
            2.9975638389587402,
            6.1367738246917725,
            0.13100838661193848
        ],
        "max_kv_cache": 0.08952203020395455,
        "parallel_requests_nb": 8
    },
    "10": {
        "speed_generation": [
            0.028327868482902474,
            7.909778555600896,
            0.018883778090499348
        ],
        "time_to_first_token": [
            3.1273720264434814,
            7.548348903656006,
            0.024930953979492188
        ],
        "max_kv_cache": 0.11163007940214853,
        "parallel_requests_nb": 10
    },
    "14": {
        "speed_generation": [
            0.01401672032506518,
            6.577807326626179,
            0.01063562033036991
        ],
        "time_to_first_token": [
            0.6704424619674683,
            7.597131013870239,
            2.821710467338562
        ],
        "max_kv_cache": 0.1563132492604702,
        "parallel_requests_nb": 14
    },
    "18": {
        "speed_generation": [
            0.0803805868977907,
            4.802352985270451,
            0.004139872132915556
        ],
        "time_to_first_token": [
            2.0521751642227173,
            8.986322164535522,
            4.3240028619766235
        ],
        "max_kv_cache": 0.20021796668223568,
        "parallel_requests_nb": 18
    },
    "22": {
        "speed_generation": [
            0.0263238217174262,
            4.269574530904686,
            0.016044065842332422
        ],
        "time_to_first_token": [
            4.100152134895325,
            11.030626058578491,
            4.461830973625183
        ],
        "max_kv_cache": 0.24443406507862364,
        "parallel_requests_nb": 22
    },
    "26": {
        "speed_generation": [
            0.00832653411381079,
            3.806320138296938,
            0.017861897216957523
        ],
        "time_to_first_token": [
            3.475008726119995,
            11.773531913757324,
            5.639357089996338
        ],
        "max_kv_cache": 0.28927292542425653,
        "parallel_requests_nb": 26
    },
    "30": {
        "speed_generation": [
            0.01929043633607197,
            3.4668501478185756,
            0.029498343839176044
        ],
        "time_to_first_token": [
            5.305055856704712,
            12.870512008666992,
            5.808984994888306
        ],
        "max_kv_cache": 0.33286626187139967,
        "parallel_requests_nb": 30
    },
    "34": {
        "speed_generation": [
            0.02320422924185772,
            2.823727256948945,
            0.006663672268500065
        ],
        "time_to_first_token": [
            5.885629892349243,
            14.861233949661255,
            8.416356086730957
        ],
        "max_kv_cache": 0.37770512221703256,
        "parallel_requests_nb": 34
    },
    "38": {
        "speed_generation": [
            0.004554195952906959,
            2.6352191724609084,
            0.020577053009402047
        ],
        "time_to_first_token": [
            8.500590801239014,
            17.511546850204468,
            5.912274122238159
        ],
        "max_kv_cache": 0.4214541491514868,
        "parallel_requests_nb": 38
    }
}