{
    "1": {
        "speed_generation": [
            0.6295001773196773,
            16.769644505505763,
            0.09022277888916364
        ],
        "time_to_first_token": [
            0.00475001335144043,
            0.15060210227966309,
            0.037880897521972656
        ],
        "max_kv_cache": 0.0009341429238673982,
        "parallel_requests_nb": 1
    },
    "2": {
        "speed_generation": [
            0.45620178127082767,
            14.111785485453849,
            0.47275433638182207
        ],
        "time_to_first_token": [
            0.11816096305847168,
            0.2720930576324463,
            0.04921293258666992
        ],
        "max_kv_cache": 0.0018682858477346853,
        "parallel_requests_nb": 2
    },
    "3": {
        "speed_generation": [
            0.43545163069812176,
            12.47411665271646,
            0.4079565381240009
        ],
        "time_to_first_token": [
            0.17143917083740234,
            0.4018430709838867,
            0.052987098693847656
        ],
        "max_kv_cache": 0.0026467382842908505,
        "parallel_requests_nb": 3
    },
    "4": {
        "speed_generation": [
            0.36118942932795584,
            11.303514524445127,
            0.37350184383864793
        ],
        "time_to_first_token": [
            0.20705890655517578,
            0.5260589122772217,
            0.0606539249420166
        ],
        "max_kv_cache": 0.0034251907208469046,
        "parallel_requests_nb": 4
    },
    "6": {
        "speed_generation": [
            0.259844316069028,
            9.52127629313232,
            0.22164636693049822
        ],
        "time_to_first_token": [
            0.1839674711227417,
            0.7630554437637329,
            0.05172145366668701
        ],
        "max_kv_cache": 0.004982095593959235,
        "parallel_requests_nb": 6
    },
    "8": {
        "speed_generation": [
            0.506399077631448,
            9.17676164277383,
            0.4140549571125085
        ],
        "time_to_first_token": [
            0.1329118013381958,
            0.7838655710220337,
            0.08449476957321167
        ],
        "max_kv_cache": 0.006227619492448988,
        "parallel_requests_nb": 8
    },
    "10": {
        "speed_generation": [
            0.4413771065367893,
            8.60543324941311,
            0.2159829263316908
        ],
        "time_to_first_token": [
            0.11820578575134277,
            0.8644415140151978,
            0.08214175701141357
        ],
        "max_kv_cache": 0.00840728631480614,
        "parallel_requests_nb": 10
    },
    "14": {
        "speed_generation": [
            0.3190641964383003,
            8.014476224670634,
            0.2458370642997103
        ],
        "time_to_first_token": [
            0.07368463277816772,
            1.0199666023254395,
            0.05919104814529419
        ],
        "max_kv_cache": 0.010431262649852058,
        "parallel_requests_nb": 14
    },
    "18": {
        "speed_generation": [
            0.40075840497245885,
            6.089539064095849,
            0.23060670239083514
        ],
        "time_to_first_token": [
            0.10302412509918213,
            1.1308845281600952,
            0.11395949125289917
        ],
        "max_kv_cache": 0.013078000934142908,
        "parallel_requests_nb": 18
    },
    "22": {
        "speed_generation": [
            0.3205007399133457,
            5.771006448476605,
            0.10595550800197984
        ],
        "time_to_first_token": [
            0.059723496437072754,
            1.282172441482544,
            0.13554006814956665
        ],
        "max_kv_cache": 0.016036120193056225,
        "parallel_requests_nb": 22
    },
    "26": {
        "speed_generation": [
            0.37160321260956586,
            5.335222343829109,
            0.1558460187361561
        ],
        "time_to_first_token": [
            0.07724177837371826,
            1.379773497581482,
            0.23944157361984253
        ],
        "max_kv_cache": 0.01899423945196943,
        "parallel_requests_nb": 26
    },
    "30": {
        "speed_generation": [
            0.20565605436686774,
            4.990140744833852,
            0.17505670662232653
        ],
        "time_to_first_token": [
            0.10192883014678955,
            1.5725175142288208,
            0.1479642391204834
        ],
        "max_kv_cache": 0.021485287248949048,
        "parallel_requests_nb": 30
    },
    "34": {
        "speed_generation": [
            0.23873729424984758,
            4.074093760562026,
            0.08049651257955848
        ],
        "time_to_first_token": [
            0.056489408016204834,
            1.67353093624115,
            0.2288694977760315
        ],
        "max_kv_cache": 0.02428771602055113,
        "parallel_requests_nb": 34
    },
    "38": {
        "speed_generation": [
            0.11004608231665136,
            3.864013777596729,
            0.1461683508408127
        ],
        "time_to_first_token": [
            0.12578070163726807,
            1.8319984674453735,
            0.10806506872177124
        ],
        "max_kv_cache": 0.02677876381753075,
        "parallel_requests_nb": 38
    }
}