{
    "1": {
        "speed_generation": [
            0.020488316011839203,
            8.287896588722663,
            0.11230316347236169
        ],
        "time_to_first_token": [
            0.023234307765960693,
            1.1170074939727783,
            0.0031381845474243164
        ],
        "max_kv_cache": 0.010275572162540825,
        "parallel_requests_nb": 1
    },
    "2": {
        "speed_generation": [
            0.16866655018562682,
            5.409859541191647,
            0.8459492961012485
        ],
        "time_to_first_token": [
            0.562565803527832,
            1.7295827865600586,
            0.13100528717041016
        ],
        "max_kv_cache": 0.02055114432508176,
        "parallel_requests_nb": 2
    },
    "3": {
        "speed_generation": [
            0.018723698444204295,
            4.318447073247728,
            0.046321732846981156
        ],
        "time_to_first_token": [
            0.7068787217140198,
            2.434441566467285,
            0.39451688528060913
        ],
        "max_kv_cache": 0.030671026000311352,
        "parallel_requests_nb": 3
    },
    "4": {
        "speed_generation": [
            0.025336144205737376,
            3.647734724369868,
            0.04729073793046101
        ],
        "time_to_first_token": [
            0.7105128765106201,
            3.128290891647339,
            0.3773932456970215
        ],
        "max_kv_cache": 0.040323836213607356,
        "parallel_requests_nb": 4
    },
    "6": {
        "speed_generation": [
            0.011280185773773876,
            2.7719421668321904,
            0.008383335210283338
        ],
        "time_to_first_token": [
            2.304181933403015,
            4.809038877487183,
            0.037953734397888184
        ],
        "max_kv_cache": 0.06056359956406665,
        "parallel_requests_nb": 6
    },
    "8": {
        "speed_generation": [
            0.011935981001749862,
            2.2372649844367265,
            0.030447251221727534
        ],
        "time_to_first_token": [
            2.306725025177002,
            6.1229472160339355,
            0.11016583442687988
        ],
        "max_kv_cache": 0.08095905340183718,
        "parallel_requests_nb": 8
    },
    "10": {
        "speed_generation": [
            0.01707455964460003,
            1.858632629212328,
            0.009247061823840719
        ],
        "time_to_first_token": [
            2.913539171218872,
            7.472353935241699,
            0.10247611999511719
        ],
        "max_kv_cache": 0.10073174529036277,
        "parallel_requests_nb": 10
    },
    "14": {
        "speed_generation": [
            0.0040983252588486785,
            1.3651625491431747,
            0.003740467892253463
        ],
        "time_to_first_token": [
            2.397649049758911,
            8.256948947906494,
            1.9856915473937988
        ],
        "max_kv_cache": 0.14074420052934766,
        "parallel_requests_nb": 14
    },
    "18": {
        "speed_generation": [
            0.00456685835516657,
            1.0683207882713934,
            0.002527611970032595
        ],
        "time_to_first_token": [
            2.654510021209717,
            9.621839046478271,
            3.7209779024124146
        ],
        "max_kv_cache": 0.18075665576833255,
        "parallel_requests_nb": 18
    },
    "22": {
        "speed_generation": [
            0.013604095563234497,
            0.8938287306989628,
            0.0051371169018715745
        ],
        "time_to_first_token": [
            4.6682209968566895,
            11.674700021743774,
            3.7981948852539062
        ],
        "max_kv_cache": 0.22139187295656237,
        "parallel_requests_nb": 22
    },
    "26": {
        "speed_generation": [
            0.0011769382826107844,
            0.7617792176391596,
            0.0020835845880293746
        ],
        "time_to_first_token": [
            4.178186893463135,
            11.745086908340454,
            5.822012186050415
        ],
        "max_kv_cache": 0.25938035186050135,
        "parallel_requests_nb": 26
    },
    "30": {
        "speed_generation": [
            0.008610610104607619,
            0.6716265994736464,
            0.0026860981116834104
        ],
        "time_to_first_token": [
            3.9558398723602295,
            12.863839864730835,
            5.800827264785767
        ],
        "max_kv_cache": 0.30048264051066476,
        "parallel_requests_nb": 30
    },
    "34": {
        "speed_generation": [
            0.0011755904784046534,
            0.5811391998465372,
            0.001489703597700065
        ],
        "time_to_first_token": [
            5.8371100425720215,
            14.809224128723145,
            5.83533787727356
        ],
        "max_kv_cache": 0.3401837147750273,
        "parallel_requests_nb": 34
    },
    "38": {
        "speed_generation": [
            0.0029201382370928064,
            0.5234101389684073,
            0.004973706859047966
        ],
        "time_to_first_token": [
            7.565443158149719,
            17.532417058944702,
            6.864392876625061
        ],
        "max_kv_cache": 0.38066324147594577,
        "parallel_requests_nb": 38
    }
}