{
    "1": {
        "speed_generation": [
            0.018294658259417673,
            18.407099047054263,
            0.016959516719946777
        ],
        "time_to_first_token": [
            0.0029503703117370605,
            0.14834702014923096,
            0.03797048330307007
        ],
        "max_kv_cache": 0.010742643624474524,
        "parallel_requests_nb": 1
    },
    "2": {
        "speed_generation": [
            0.01616935660773322,
            18.084203929410293,
            0.01547434385477331
        ],
        "time_to_first_token": [
            0.09544497728347778,
            0.26985299587249756,
            0.045345842838287354
        ],
        "max_kv_cache": 0.021329596761637815,
        "parallel_requests_nb": 2
    },
    "3": {
        "speed_generation": [
            0.021565435586467174,
            17.3984044309583,
            0.03168213975839507
        ],
        "time_to_first_token": [
            0.17330032587051392,
            0.38675105571746826,
            0.07093137502670288
        ],
        "max_kv_cache": 0.031916549898801216,
        "parallel_requests_nb": 3
    }
}