{
    "1": {
        "speed_generation": [
            0.1910432501166639,
            79.29137993539742,
            0.14314287445733953
        ],
        "time_to_first_token": [
            0.0010916590690612793,
            0.031180977821350098,
            0.0007104277610778809
        ],
        "max_kv_cache": 0.0004641199571581156,
        "parallel_requests_nb": 1
    },
    "2": {
        "speed_generation": [
            0.32494807187518404,
            78.44079364351147,
            0.24747152553969443
        ],
        "time_to_first_token": [
            0.002330303192138672,
            0.036501169204711914,
            0.00423884391784668
        ],
        "max_kv_cache": 0.0009282399143163422,
        "parallel_requests_nb": 2
    },
    "3": {
        "speed_generation": [
            0.286838412250205,
            77.19506505717871,
            0.21530487592573877
        ],
        "time_to_first_token": [
            0.0033542513847351074,
            0.040614962577819824,
            0.004156589508056641
        ],
        "max_kv_cache": 0.0013566583363084916,
        "parallel_requests_nb": 3
    },
    "4": {
        "speed_generation": [
            0.28197630840971044,
            76.25051975022447,
            0.3007959371862654
        ],
        "time_to_first_token": [
            0.003789186477661133,
            0.04455113410949707,
            0.0043828487396240234
        ],
        "max_kv_cache": 0.001785076758300641,
        "parallel_requests_nb": 4
    },
    "6": {
        "speed_generation": [
            0.6613610628673428,
            74.67637145811062,
            0.4548651304005489
        ],
        "time_to_first_token": [
            0.004860520362854004,
            0.05040538311004639,
            0.0047318339347839355
        ],
        "max_kv_cache": 0.00264191360228494,
        "parallel_requests_nb": 6
    },
    "8": {
        "speed_generation": [
            0.42729970644356285,
            73.58442694302511,
            0.40688713638179763
        ],
        "time_to_first_token": [
            0.005625724792480469,
            0.062255024909973145,
            0.005585134029388428
        ],
        "max_kv_cache": 0.0034273473759371953,
        "parallel_requests_nb": 8
    },
    "10": {
        "speed_generation": [
            0.3615793621329999,
            71.28867974838349,
            0.3623848190542276
        ],
        "time_to_first_token": [
            0.004865169525146484,
            0.07030045986175537,
            0.005472302436828613
        ],
        "max_kv_cache": 0.004284184219921494,
        "parallel_requests_nb": 10
    },
    "14": {
        "speed_generation": [
            1.6702171760228595,
            69.71343641198587,
            0.43543414159353233
        ],
        "time_to_first_token": [
            0.008680582046508789,
            0.08956348896026611,
            0.00748831033706665
        ],
        "max_kv_cache": 0.005890753302391971,
        "parallel_requests_nb": 14
    },
    "18": {
        "speed_generation": [
            0.4346445221909647,
            63.915809906023384,
            0.3842775857486913
        ],
        "time_to_first_token": [
            0.014321744441986084,
            0.10741794109344482,
            0.011294543743133545
        ],
        "max_kv_cache": 0.007640128525526646,
        "parallel_requests_nb": 18
    },
    "22": {
        "speed_generation": [
            0.7585897454222135,
            62.36335564147454,
            0.3454838464352932
        ],
        "time_to_first_token": [
            0.02910083532333374,
            0.1002500057220459,
            0.02652561664581299
        ],
        "max_kv_cache": 0.009139593002499113,
        "parallel_requests_nb": 22
    },
    "26": {
        "speed_generation": [
            0.6298115471487478,
            59.44636172778724,
            0.5058545169154129
        ],
        "time_to_first_token": [
            0.04914063215255737,
            0.11889994144439697,
            0.015502631664276123
        ],
        "max_kv_cache": 0.010817565155301634,
        "parallel_requests_nb": 26
    },
    "30": {
        "speed_generation": [
            1.7506270375284672,
            56.546771767184715,
            1.164581134273746
        ],
        "time_to_first_token": [
            0.030530929565429688,
            0.14432287216186523,
            0.024536073207855225
        ],
        "max_kv_cache": 0.012566940378436309,
        "parallel_requests_nb": 30
    },
    "34": {
        "speed_generation": [
            1.7458138706348691,
            56.08843336224534,
            0.9769150936756077
        ],
        "time_to_first_token": [
            0.05264317989349365,
            0.15294146537780762,
            0.021474123001098633
        ],
        "max_kv_cache": 0.014316315601570873,
        "parallel_requests_nb": 34
    },
    "38": {
        "speed_generation": [
            1.3613696263706672,
            55.163189188861764,
            1.1906605817486025
        ],
        "time_to_first_token": [
            0.04984003305435181,
            0.1382884979248047,
            0.03446775674819946
        ],
        "max_kv_cache": 0.01560157086754732,
        "parallel_requests_nb": 38
    }
}