{
    "1": {
        "speed_generation": [
            0.3103015281512995,
            74.48031155852496,
            0.08161912245235214
        ],
        "time_to_first_token": [
            0.0020731091499328613,
            0.3377039432525635,
            0.004678249359130859
        ],
        "max_kv_cache": 0.011353088182791904,
        "parallel_requests_nb": 1
    },
    "2": {
        "speed_generation": [
            0.22097331990697455,
            69.87588590560932,
            0.09055285395437807
        ],
        "time_to_first_token": [
            0.0038303136825561523,
            0.6380915641784668,
            0.007466435432434082
        ],
        "max_kv_cache": 0.022491967154587678,
        "parallel_requests_nb": 2
    },
    "3": {
        "speed_generation": [
            0.4298089744973197,
            64.02268355111472,
            0.07886912568127968
        ],
        "time_to_first_token": [
            0.008493423461914062,
            0.9426112174987793,
            0.004675865173339844
        ],
        "max_kv_cache": 0.033809353802213504,
        "parallel_requests_nb": 3
    },
    "4": {
        "speed_generation": [
            0.27320504464744033,
            61.8566176304858,
            0.1467317019026666
        ],
        "time_to_first_token": [
            0.019468069076538086,
            1.2382240295410156,
            0.011304855346679688
        ],
        "max_kv_cache": 0.044983934309175244,
        "parallel_requests_nb": 4
    },
    "6": {
        "speed_generation": [
            0.20694704348228754,
            52.9258918379508,
            0.14237960029038277
        ],
        "time_to_first_token": [
            0.5481168031692505,
            1.832434892654419,
            0.02478957176208496
        ],
        "max_kv_cache": 0.06711888611210282,
        "parallel_requests_nb": 6
    },
    "8": {
        "speed_generation": [
            0.1121058773790935,
            49.90842977925165,
            0.15818874032835595
        ],
        "time_to_first_token": [
            0.5991971492767334,
            2.1275880336761475,
            0.3320009708404541
        ],
        "max_kv_cache": 0.08932524098536232,
        "parallel_requests_nb": 8
    },
    "10": {
        "speed_generation": [
            0.632300276706264,
            12.815929179676587,
            0.09451916457188503
        ],
        "time_to_first_token": [
            0.599393367767334,
            2.4408833980560303,
            0.5913118720054626
        ],
        "max_kv_cache": 0.11110317743662979,
        "parallel_requests_nb": 10
    },
    "14": {
        "speed_generation": [
            0.0778818893893245,
            12.171395041682201,
            0.028710090367964014
        ],
        "time_to_first_token": [
            1.1751374006271362,
            3.0921599864959717,
            1.0843886137008667
        ],
        "max_kv_cache": 0.15665833630846127,
        "parallel_requests_nb": 14
    },
    "18": {
        "speed_generation": [
            0.0771659896578516,
            11.95405387806864,
            0.044908945478530526
        ],
        "time_to_first_token": [
            1.193854570388794,
            3.66464900970459,
            1.2507190704345703
        ],
        "max_kv_cache": 0.20099964298464834,
        "parallel_requests_nb": 18
    },
    "22": {
        "speed_generation": [
            0.056159713556901636,
            11.988298661513987,
            0.010894662476855999
        ],
        "time_to_first_token": [
            1.7367299795150757,
            4.320343017578125,
            1.7723838090896606
        ],
        "max_kv_cache": 0.2454837558014995,
        "parallel_requests_nb": 22
    },
    "26": {
        "speed_generation": [
            0.013260429194147605,
            11.679893267969089,
            0.07701642054512448
        ],
        "time_to_first_token": [
            1.8017939329147339,
            4.8865509033203125,
            1.8726905584335327
        ],
        "max_kv_cache": 0.2906818993216709,
        "parallel_requests_nb": 26
    },
    "30": {
        "speed_generation": [
            0.13108566742290328,
            11.40350167642575,
            0.017420526443077122
        ],
        "time_to_first_token": [
            2.3025416135787964,
            5.6813740730285645,
            2.3038409948349
        ],
        "max_kv_cache": 0.33430917529453763,
        "parallel_requests_nb": 30
    },
    "34": {
        "speed_generation": [
            0.045803321563470334,
            11.130199848367429,
            0.0796098909141989
        ],
        "time_to_first_token": [
            2.432676672935486,
            6.143562078475952,
            2.5247154235839844
        ],
        "max_kv_cache": 0.37936451267404503,
        "parallel_requests_nb": 34
    }
}