{
    "1": {
        "speed_generation": [
            0.2593801713199184,
            30.234665705532528,
            0.18095761902380758
        ],
        "time_to_first_token": [
            0.0029299259185791016,
            0.33150601387023926,
            0.004399418830871582
        ],
        "max_kv_cache": 0.009103891467333147,
        "parallel_requests_nb": 1
    },
    "2": {
        "speed_generation": [
            0.1313322861193349,
            18.83476320167767,
            0.1751101458361184
        ],
        "time_to_first_token": [
            0.005939006805419922,
            0.6353700160980225,
            0.0074748992919921875
        ],
        "max_kv_cache": 0.018172081399500217,
        "parallel_requests_nb": 2
    },
    "3": {
        "speed_generation": [
            0.10712078315213702,
            13.652970863897872,
            0.09618727366322943
        ],
        "time_to_first_token": [
            0.007454633712768555,
            0.9412745237350464,
            0.008529067039489746
        ],
        "max_kv_cache": 0.027133166726169278,
        "parallel_requests_nb": 3
    },
    "4": {
        "speed_generation": [
            0.058578872252534,
            10.76318962122907,
            0.06153303793946918
        ],
        "time_to_first_token": [
            0.013767004013061523,
            1.247067928314209,
            0.009171009063720703
        ],
        "max_kv_cache": 0.03598714744734022,
        "parallel_requests_nb": 4
    },
    "6": {
        "speed_generation": [
            0.053557748993620535,
            7.489279413328733,
            0.041595790332003446
        ],
        "time_to_first_token": [
            0.5598361492156982,
            1.843203067779541,
            0.02634882926940918
        ],
        "max_kv_cache": 0.05390931810067834,
        "parallel_requests_nb": 6
    },
    "8": {
        "speed_generation": [
            0.033104490266061326,
            5.799028086833599,
            0.03022109819994334
        ],
        "time_to_first_token": [
            0.6085288524627686,
            2.153017997741699,
            0.3231039047241211
        ],
        "max_kv_cache": 0.07179578721885038,
        "parallel_requests_nb": 8
    },
    "10": {
        "speed_generation": [
            0.018024698596155186,
            3.821949604312458,
            0.01305826269499466
        ],
        "time_to_first_token": [
            0.6250424385070801,
            2.4820189476013184,
            0.5928981304168701
        ],
        "max_kv_cache": 0.08953945019635845,
        "parallel_requests_nb": 10
    },
    "14": {
        "speed_generation": [
            0.020311007411852877,
            2.9364047366222206,
            0.026629472365607754
        ],
        "time_to_first_token": [
            1.1738779544830322,
            3.111701011657715,
            1.1605360507965088
        ],
        "max_kv_cache": 0.12499107461620851,
        "parallel_requests_nb": 14
    },
    "18": {
        "speed_generation": [
            0.017785929824444047,
            2.3741362434111384,
            0.017363656878982336
        ],
        "time_to_first_token": [
            1.2287142276763916,
            3.7426140308380127,
            1.2313921451568604
        ],
        "max_kv_cache": 0.16083541592288464,
        "parallel_requests_nb": 18
    },
    "22": {
        "speed_generation": [
            0.013109436171148126,
            2.001859723666493,
            0.011147806922953585
        ],
        "time_to_first_token": [
            1.7667593955993652,
            4.369508981704712,
            1.7750440835952759
        ],
        "max_kv_cache": 0.19646554801856475,
        "parallel_requests_nb": 22
    },
    "26": {
        "speed_generation": [
            0.016434534082593544,
            1.7406110973759616,
            0.0029529288935574716
        ],
        "time_to_first_token": [
            1.8382971286773682,
            4.970303058624268,
            1.843113899230957
        ],
        "max_kv_cache": 0.23184576936808288,
        "parallel_requests_nb": 26
    },
    "30": {
        "speed_generation": [
            0.010398972643018034,
            1.5352506470078051,
            0.007605216272482007
        ],
        "time_to_first_token": [
            2.382279872894287,
            5.594446897506714,
            2.3808610439300537
        ],
        "max_kv_cache": 0.2675473045340949,
        "parallel_requests_nb": 30
    },
    "34": {
        "speed_generation": [
            0.007567443807557028,
            1.3798290903367458,
            0.0038551468742520356
        ],
        "time_to_first_token": [
            2.4589078426361084,
            6.1792778968811035,
            2.4534780979156494
        ],
        "max_kv_cache": 0.3032131381649411,
        "parallel_requests_nb": 34
    },
    "38": {
        "speed_generation": [
            0.007556021388277934,
            1.2418389757436301,
            0.009527549053090167
        ],
        "time_to_first_token": [
            2.9859585762023926,
            6.829254150390625,
            2.975901484489441
        ],
        "max_kv_cache": 0.3392359871474473,
        "parallel_requests_nb": 38
    }
}