{
    "1": {
        "speed_generation": [
            0.6754046139996746,
            78.25955985098815,
            0.5168850964942493
        ],
        "time_to_first_token": [
            0.0011410117149353027,
            0.032379984855651855,
            0.0004603862762451172
        ],
        "max_kv_cache": 0.002463405926454887,
        "parallel_requests_nb": 1
    },
    "2": {
        "speed_generation": [
            1.7639969523890784,
            76.7386731180811,
            0.8472546887562942
        ],
        "time_to_first_token": [
            0.0021634697914123535,
            0.03811156749725342,
            0.0025938749313354492
        ],
        "max_kv_cache": 0.004926811852909663,
        "parallel_requests_nb": 2
    },
    "3": {
        "speed_generation": [
            1.096990610283683,
            74.6926042781086,
            0.24637995932558
        ],
        "time_to_first_token": [
            0.0036193132400512695,
            0.04098200798034668,
            0.0025171637535095215
        ],
        "max_kv_cache": 0.007318814709032506,
        "parallel_requests_nb": 3
    },
    "4": {
        "speed_generation": [
            1.1717154034002277,
            72.87484645306473,
            0.8328284328968749
        ],
        "time_to_first_token": [
            0.002466917037963867,
            0.0431828498840332,
            0.005042076110839844
        ],
        "max_kv_cache": 0.009746519100321316,
        "parallel_requests_nb": 4
    },
    "6": {
        "speed_generation": [
            0.8199671243188504,
            72.38437769084021,
            0.3108078406509662
        ],
        "time_to_first_token": [
            0.00453639030456543,
            0.05271291732788086,
            0.005033016204833984
        ],
        "max_kv_cache": 0.014566226347732969,
        "parallel_requests_nb": 6
    },
    "8": {
        "speed_generation": [
            1.47202788884276,
            71.81677403815752,
            0.32248686857556663
        ],
        "time_to_first_token": [
            0.005063056945800781,
            0.06160593032836914,
            0.005445957183837891
        ],
        "max_kv_cache": 0.019457336665476666,
        "parallel_requests_nb": 8
    },
    "10": {
        "speed_generation": [
            1.1128705930200624,
            70.17798180859864,
            0.4400975833663523
        ],
        "time_to_first_token": [
            0.007580995559692383,
            0.06887698173522949,
            0.006597042083740234
        ],
        "max_kv_cache": 0.024205640842556275,
        "parallel_requests_nb": 10
    },
    "14": {
        "speed_generation": [
            1.3484205664404527,
            68.17425819579562,
            0.6094675781603058
        ],
        "time_to_first_token": [
            0.00796806812286377,
            0.08573102951049805,
            0.009697914123535156
        ],
        "max_kv_cache": 0.03384505533737947,
        "parallel_requests_nb": 14
    },
    "18": {
        "speed_generation": [
            1.1310899355766182,
            62.2807800067974,
            0.45161345423775856
        ],
        "time_to_first_token": [
            0.013882875442504883,
            0.10219979286193848,
            0.011414289474487305
        ],
        "max_kv_cache": 0.04352017136736874,
        "parallel_requests_nb": 18
    },
    "22": {
        "speed_generation": [
            1.2260818655617882,
            60.863563413761945,
            0.6101713362351973
        ],
        "time_to_first_token": [
            0.01673901081085205,
            0.11833906173706055,
            0.012465357780456543
        ],
        "max_kv_cache": 0.05312388432702608,
        "parallel_requests_nb": 22
    },
    "26": {
        "speed_generation": [
            0.8631318403244279,
            58.80734765403605,
            0.4195741595665652
        ],
        "time_to_first_token": [
            0.016709566116333008,
            0.14220595359802246,
            0.011261582374572754
        ],
        "max_kv_cache": 0.06279900035701536,
        "parallel_requests_nb": 26
    },
    "30": {
        "speed_generation": [
            0.5252981364196074,
            55.926783145206066,
            0.6888475082893919
        ],
        "time_to_first_token": [
            0.024634838104248047,
            0.14494085311889648,
            0.024856090545654297
        ],
        "max_kv_cache": 0.07233131024634054,
        "parallel_requests_nb": 30
    },
    "34": {
        "speed_generation": [
            0.33684569202608117,
            46.50707341698246,
            0.6291164360875925
        ],
        "time_to_first_token": [
            0.031902432441711426,
            0.18831300735473633,
            0.01496744155883789
        ],
        "max_kv_cache": 0.08207782934666186,
        "parallel_requests_nb": 34
    },
    "38": {
        "speed_generation": [
            0.7817728527974737,
            36.23761692725299,
            0.42005918883024407
        ],
        "time_to_first_token": [
            0.03000807762145996,
            0.20236897468566895,
            0.02313399314880371
        ],
        "max_kv_cache": 0.09161013923598715,
        "parallel_requests_nb": 38
    }
}