{
    "1": {
        "speed_generation": [
            0.12092771551027681,
            64.02967693340923,
            0.16641768812942814
        ],
        "time_to_first_token": [
            0.004658102989196777,
            0.3376275300979614,
            0.0030319690704345703
        ],
        "max_kv_cache": 0.009353802213495133,
        "parallel_requests_nb": 1
    },
    "2": {
        "speed_generation": [
            0.27978862830969575,
            53.50036422876875,
            0.209091588633612
        ],
        "time_to_first_token": [
            0.0062351226806640625,
            0.6386380195617676,
            0.00822305679321289
        ],
        "max_kv_cache": 0.01856479828632629,
        "parallel_requests_nb": 2
    },
    "3": {
        "speed_generation": [
            0.247100558325549,
            45.5050760410518,
            0.1995191118168691
        ],
        "time_to_first_token": [
            0.007664203643798828,
            0.9392825365066528,
            0.007235407829284668
        ],
        "max_kv_cache": 0.027811495894323413,
        "parallel_requests_nb": 3
    },
    "4": {
        "speed_generation": [
            0.14340853014056876,
            40.7192947633697,
            0.1274971213352174
        ],
        "time_to_first_token": [
            0.009991884231567383,
            1.2479209899902344,
            0.010020017623901367
        ],
        "max_kv_cache": 0.03709389503748661,
        "parallel_requests_nb": 4
    },
    "6": {
        "speed_generation": [
            0.13880313201756067,
            31.753616908673212,
            0.11335534294384786
        ],
        "time_to_first_token": [
            0.5698590278625488,
            1.8422248363494873,
            0.025416135787963867
        ],
        "max_kv_cache": 0.055301677972152796,
        "parallel_requests_nb": 6
    },
    "8": {
        "speed_generation": [
            0.10323901942438951,
            27.20048119442573,
            0.09381746550868897
        ],
        "time_to_first_token": [
            0.6072311401367188,
            2.152678966522217,
            0.3223130702972412
        ],
        "max_kv_cache": 0.07368796858264903,
        "parallel_requests_nb": 8
    },
    "10": {
        "speed_generation": [
            0.6813963009257371,
            10.127654446609428,
            0.1403567336400986
        ],
        "time_to_first_token": [
            0.6183762550354004,
            2.470517158508301,
            0.590930700302124
        ],
        "max_kv_cache": 0.09182434844698317,
        "parallel_requests_nb": 10
    },
    "14": {
        "speed_generation": [
            0.19505672229595028,
            8.422770493911727,
            0.5968915362115439
        ],
        "time_to_first_token": [
            1.1712939739227295,
            3.1107099056243896,
            1.155677080154419
        ],
        "max_kv_cache": 0.12891824348446979,
        "parallel_requests_nb": 14
    },
    "18": {
        "speed_generation": [
            0.14222178860940726,
            7.84524429615527,
            0.402567499506004
        ],
        "time_to_first_token": [
            1.2294549942016602,
            3.750990867614746,
            1.2268822193145752
        ],
        "max_kv_cache": 0.1651553016779721,
        "parallel_requests_nb": 18
    },
    "22": {
        "speed_generation": [
            0.29600881035195226,
            7.525595412471441,
            0.22193815482741552
        ],
        "time_to_first_token": [
            1.793666958808899,
            4.376340866088867,
            1.7684886455535889
        ],
        "max_kv_cache": 0.20182077829346667,
        "parallel_requests_nb": 22
    },
    "26": {
        "speed_generation": [
            0.3900260173977772,
            7.146157894773972,
            0.040264110292054234
        ],
        "time_to_first_token": [
            1.8240580558776855,
            4.977596998214722,
            1.8970038890838623
        ],
        "max_kv_cache": 0.23873616565512312,
        "parallel_requests_nb": 26
    },
    "30": {
        "speed_generation": [
            0.10053574515306529,
            6.473111535885769,
            0.09678721847535421
        ],
        "time_to_first_token": [
            2.3719550371170044,
            5.596050977706909,
            2.38389253616333
        ],
        "max_kv_cache": 0.2750446269189575,
        "parallel_requests_nb": 30
    },
    "34": {
        "speed_generation": [
            0.05656577531095763,
            6.068784017241752,
            0.05692070231664381
        ],
        "time_to_first_token": [
            2.4354870319366455,
            6.210476875305176,
            2.4901561737060547
        ],
        "max_kv_cache": 0.31171010353445194,
        "parallel_requests_nb": 34
    },
    "38": {
        "speed_generation": [
            0.04419818244465201,
            5.7293910753063875,
            0.035245103867872274
        ],
        "time_to_first_token": [
            2.988308906555176,
            6.885177850723267,
            2.968607187271118
        ],
        "max_kv_cache": 0.3483041770796145,
        "parallel_requests_nb": 38
    }
}