{
    "1": {
        "speed_generation": [
            0.414631208596262,
            76.90592421149367,
            0.08946494066009336
        ],
        "time_to_first_token": [
            0.0012968182563781738,
            0.10052597522735596,
            0.0012816190719604492
        ],
        "max_kv_cache": 0.0046411995715816,
        "parallel_requests_nb": 1
    },
    "2": {
        "speed_generation": [
            0.3966953750851019,
            75.89486507713701,
            0.10491185109205503
        ],
        "time_to_first_token": [
            0.0030446648597717285,
            0.1711510419845581,
            0.00314939022064209
        ],
        "max_kv_cache": 0.009139593002499113,
        "parallel_requests_nb": 2
    },
    "3": {
        "speed_generation": [
            0.39530169790077707,
            68.66451875382174,
            0.23207845726574305
        ],
        "time_to_first_token": [
            0.0037147998809814453,
            0.24376392364501953,
            0.005963563919067383
        ],
        "max_kv_cache": 0.013745091038914636,
        "parallel_requests_nb": 3
    },
    "4": {
        "speed_generation": [
            0.3730562673419513,
            68.23899342730357,
            0.0592177565715275
        ],
        "time_to_first_token": [
            0.003359079360961914,
            0.31702208518981934,
            0.0061528682708740234
        ],
        "max_kv_cache": 0.018314887540164193,
        "parallel_requests_nb": 4
    },
    "6": {
        "speed_generation": [
            0.5156842503240568,
            65.05129755683642,
            0.06686652086951028
        ],
        "time_to_first_token": [
            0.0067408084869384766,
            0.46018099784851074,
            0.00439000129699707
        ],
        "max_kv_cache": 0.027347375937165297,
        "parallel_requests_nb": 6
    },
    "8": {
        "speed_generation": [
            0.25836372242259387,
            63.27807648269397,
            0.287778145364328
        ],
        "time_to_first_token": [
            0.0062329769134521484,
            0.6089460849761963,
            0.008790969848632812
        ],
        "max_kv_cache": 0.03648696893966441,
        "parallel_requests_nb": 8
    },
    "10": {
        "speed_generation": [
            0.28874718033229385,
            61.46930850551645,
            0.21599339477569401
        ],
        "time_to_first_token": [
            0.007110953330993652,
            0.7526109218597412,
            0.004975080490112305
        ],
        "max_kv_cache": 0.045519457336665514,
        "parallel_requests_nb": 10
    },
    "14": {
        "speed_generation": [
            0.37461911215538635,
            57.90314669800444,
            0.35421001298509935
        ],
        "time_to_first_token": [
            0.013940095901489258,
            1.0407350063323975,
            0.01049494743347168
        ],
        "max_kv_cache": 0.06376294180649766,
        "parallel_requests_nb": 14
    },
    "18": {
        "speed_generation": [
            0.9352558073890123,
            52.47400822850028,
            0.1401202685991123
        ],
        "time_to_first_token": [
            0.08908247947692871,
            1.3226020336151123,
            0.02004861831665039
        ],
        "max_kv_cache": 0.0821492324169939,
        "parallel_requests_nb": 18
    },
    "22": {
        "speed_generation": [
            0.8161463472844943,
            49.99795403787541,
            0.2958771267546254
        ],
        "time_to_first_token": [
            0.28705501556396484,
            1.5960581302642822,
            0.03231096267700195
        ],
        "max_kv_cache": 0.10014280614066406,
        "parallel_requests_nb": 22
    },
    "26": {
        "speed_generation": [
            0.6330655327603054,
            46.85618219318787,
            0.3211384566805293
        ],
        "time_to_first_token": [
            0.37471604347229004,
            1.7785561084747314,
            0.13895487785339355
        ],
        "max_kv_cache": 0.1182791860049982,
        "parallel_requests_nb": 26
    },
    "30": {
        "speed_generation": [
            0.5987510042401922,
            42.295132105395034,
            0.38330318055732704
        ],
        "time_to_first_token": [
            0.5530598163604736,
            1.9005038738250732,
            0.2716851234436035
        ],
        "max_kv_cache": 0.1364869689396644,
        "parallel_requests_nb": 30
    },
    "34": {
        "speed_generation": [
            0.02261068879147743,
            12.485039882535432,
            0.08636373449395762
        ],
        "time_to_first_token": [
            0.9621835947036743,
            2.297037124633789,
            0.15808188915252686
        ],
        "max_kv_cache": 0.15433773652267047,
        "parallel_requests_nb": 34
    },
    "38": {
        "speed_generation": [
            0.13816966906919959,
            12.538383681321477,
            0.020979084230456024
        ],
        "time_to_first_token": [
            0.5927420854568481,
            2.350771188735962,
            0.4087291955947876
        ],
        "max_kv_cache": 0.17265262406283466,
        "parallel_requests_nb": 38
    }
}