{
    "1": {
        "speed_generation": [
            0.11246732275029103,
            73.8853005150507,
            0.15411048643530023
        ],
        "time_to_first_token": [
            0.000983119010925293,
            0.09748506546020508,
            0.0017219781875610352
        ],
        "max_kv_cache": 0.00264191360228494,
        "parallel_requests_nb": 1
    },
    "2": {
        "speed_generation": [
            0.24473282735753799,
            70.33064030157485,
            0.23731490773587893
        ],
        "time_to_first_token": [
            0.0032144784927368164,
            0.17032194137573242,
            0.0030695199966430664
        ],
        "max_kv_cache": 0.005212424134237725,
        "parallel_requests_nb": 2
    },
    "3": {
        "speed_generation": [
            0.18490978424783577,
            63.21410844897065,
            0.17411073348808515
        ],
        "time_to_first_token": [
            0.0046277642250061035,
            0.24276947975158691,
            0.003722250461578369
        ],
        "max_kv_cache": 0.007782934666190622,
        "parallel_requests_nb": 3
    },
    "4": {
        "speed_generation": [
            0.19383608580283607,
            60.63011895734035,
            0.204498347935548
        ],
        "time_to_first_token": [
            0.003695964813232422,
            0.31566500663757324,
            0.0045320987701416016
        ],
        "max_kv_cache": 0.010353445198143518,
        "parallel_requests_nb": 4
    },
    "6": {
        "speed_generation": [
            0.2175016615456613,
            55.768656296257824,
            0.21415865412210877
        ],
        "time_to_first_token": [
            0.0058138370513916016,
            0.459338903427124,
            0.005460143089294434
        ],
        "max_kv_cache": 0.015458764726883234,
        "parallel_requests_nb": 6
    },
    "8": {
        "speed_generation": [
            0.1884435036925609,
            52.07824829118993,
            0.1576106061660596
        ],
        "time_to_first_token": [
            0.0065288543701171875,
            0.6063778400421143,
            0.007172346115112305
        ],
        "max_kv_cache": 0.020492681185291017,
        "parallel_requests_nb": 8
    },
    "10": {
        "speed_generation": [
            0.2817279313018233,
            48.076352503333766,
            0.20773592360353632
        ],
        "time_to_first_token": [
            0.007167637348175049,
            0.7522685527801514,
            0.007429063320159912
        ],
        "max_kv_cache": 0.0256337022491967,
        "parallel_requests_nb": 10
    },
    "14": {
        "speed_generation": [
            0.19444462240759464,
            42.45673162734591,
            0.16381271387410123
        ],
        "time_to_first_token": [
            0.015378415584564209,
            1.0373799800872803,
            0.014012336730957031
        ],
        "max_kv_cache": 0.03588004284184221,
        "parallel_requests_nb": 14
    },
    "18": {
        "speed_generation": [
            0.32455503252627693,
            36.5728859995651,
            0.16494884739542215
        ],
        "time_to_first_token": [
            0.08620291948318481,
            1.3214011192321777,
            0.021372318267822266
        ],
        "max_kv_cache": 0.04605498036415567,
        "parallel_requests_nb": 18
    },
    "22": {
        "speed_generation": [
            0.32984122244013747,
            33.035600670097,
            0.18400058854314238
        ],
        "time_to_first_token": [
            0.3599280118942261,
            1.6102805137634277,
            0.03494226932525635
        ],
        "max_kv_cache": 0.056372724027133114,
        "parallel_requests_nb": 22
    },
    "26": {
        "speed_generation": [
            0.2179164696125646,
            30.082620307242834,
            0.1803398037563504
        ],
        "time_to_first_token": [
            0.4881877899169922,
            1.8195109367370605,
            0.09056282043457031
        ],
        "max_kv_cache": 0.06633345233845056,
        "parallel_requests_nb": 26
    },
    "30": {
        "speed_generation": [
            0.24822436236751955,
            27.143947668998,
            0.12172334591245715
        ],
        "time_to_first_token": [
            0.5529539585113525,
            1.9496084451675415,
            0.26043152809143066
        ],
        "max_kv_cache": 0.07657979293109607,
        "parallel_requests_nb": 30
    },
    "34": {
        "speed_generation": [
            0.1366621254089111,
            10.078625838480002,
            0.1464691308516013
        ],
        "time_to_first_token": [
            0.6004575490951538,
            2.1411659717559814,
            0.3203244209289551
        ],
        "max_kv_cache": 0.08671902891824346,
        "parallel_requests_nb": 34
    },
    "38": {
        "speed_generation": [
            0.15755183600861145,
            9.935285604601177,
            0.14371969894651393
        ],
        "time_to_first_token": [
            0.6563104391098022,
            2.3346118927001953,
            0.41150808334350586
        ],
        "max_kv_cache": 0.0972866833273831,
        "parallel_requests_nb": 38
    }
}