{
    "1": {
        "speed_generation": [
            0.38567728236840537,
            79.8002925525155,
            0.2781811457472543
        ],
        "time_to_first_token": [
            0.0010790824890136719,
            0.1280510425567627,
            0.0012629032135009766
        ],
        "max_kv_cache": 0.00276212160800271,
        "parallel_requests_nb": 1
    },
    "2": {
        "speed_generation": [
            0.3886411185812477,
            70.25397645441724,
            0.35560931769441595
        ],
        "time_to_first_token": [
            0.10899186134338379,
            0.2397148609161377,
            0.018324613571166992
        ],
        "max_kv_cache": 0.00544959128065392,
        "parallel_requests_nb": 2
    },
    "3": {
        "speed_generation": [
            0.21282555175499596,
            63.54943624488538,
            0.21679778217444579
        ],
        "time_to_first_token": [
            0.1080179214477539,
            0.37027597427368164,
            0.008515000343322754
        ],
        "max_kv_cache": 0.008099734985629548,
        "parallel_requests_nb": 3
    },
    "4": {
        "speed_generation": [
            0.31762990212367725,
            59.175728810794396,
            0.32309439187861955
        ],
        "time_to_first_token": [
            0.21106600761413574,
            0.48557305335998535,
            0.014018774032592773
        ],
        "max_kv_cache": 0.010787204658280758,
        "parallel_requests_nb": 4
    },
    "6": {
        "speed_generation": [
            0.28407658739642727,
            48.56085663495824,
            0.2888841034470957
        ],
        "time_to_first_token": [
            0.21100711822509766,
            0.7239630222320557,
            0.017457008361816406
        ],
        "max_kv_cache": 0.01616214400358329,
        "parallel_requests_nb": 6
    },
    "8": {
        "speed_generation": [
            0.17607273017338798,
            43.530558664599184,
            0.1965472570021518
        ],
        "time_to_first_token": [
            0.12263894081115723,
            0.9767298698425293,
            0.009636163711547852
        ],
        "max_kv_cache": 0.021499757381210127,
        "parallel_requests_nb": 8
    },
    "10": {
        "speed_generation": [
            0.13698871317534156,
            38.26863241282865,
            0.16552376609898545
        ],
        "time_to_first_token": [
            0.21117091178894043,
            1.1918678283691406,
            0.04024064540863037
        ],
        "max_kv_cache": 0.02680004479116116,
        "parallel_requests_nb": 10
    },
    "14": {
        "speed_generation": [
            0.12071197879319584,
            32.3915070527004,
            0.1257558539559298
        ],
        "time_to_first_token": [
            0.3614124059677124,
            1.3632844686508179,
            0.3332652449607849
        ],
        "max_kv_cache": 0.03762457541711772,
        "parallel_requests_nb": 14
    },
    "18": {
        "speed_generation": [
            0.08208949362200713,
            27.42165860478063,
            0.07098451915134518
        ],
        "time_to_first_token": [
            0.5841991901397705,
            1.608294129371643,
            0.4623522162437439
        ],
        "max_kv_cache": 0.04815049830166851,
        "parallel_requests_nb": 18
    },
    "22": {
        "speed_generation": [
            0.0781648519340763,
            24.390762364886335,
            0.057093524814938235
        ],
        "time_to_first_token": [
            0.9054182171821594,
            1.941832423210144,
            0.5928341150283813
        ],
        "max_kv_cache": 0.058751073121570685,
        "parallel_requests_nb": 22
    },
    "26": {
        "speed_generation": [
            0.0977167753908681,
            21.743345928817654,
            0.062031065391490614
        ],
        "time_to_first_token": [
            0.6050494909286499,
            1.966633915901184,
            0.8129612803459167
        ],
        "max_kv_cache": 0.06938897390914855,
        "parallel_requests_nb": 26
    },
    "30": {
        "speed_generation": [
            0.07139682078697263,
            19.513153055774936,
            0.06443306450450237
        ],
        "time_to_first_token": [
            0.8734350204467773,
            2.3101004362106323,
            0.9321885108947754
        ],
        "max_kv_cache": 0.08006420066440223,
        "parallel_requests_nb": 30
    },
    "34": {
        "speed_generation": [
            0.11509603188219586,
            17.65790889664491,
            0.06640776425730266
        ],
        "time_to_first_token": [
            0.9485347270965576,
            2.5626994371414185,
            1.1819039583206177
        ],
        "max_kv_cache": 0.09062744951662871,
        "parallel_requests_nb": 34
    },
    "38": {
        "speed_generation": [
            0.06690122032214418,
            16.234985043141208,
            0.0653694390334536
        ],
        "time_to_first_token": [
            1.1507968306541443,
            2.903151512145996,
            0.9751865267753601
        ],
        "max_kv_cache": 0.10137732820723377,
        "parallel_requests_nb": 38
    }
}