{
    "1": {
        "speed_generation": [
            0.2053436633260901,
            78.84786811811317,
            0.221179566310596
        ],
        "time_to_first_token": [
            0.0029101967811584473,
            0.5051848888397217,
            0.0024088621139526367
        ],
        "max_kv_cache": 0.011869657720876448,
        "parallel_requests_nb": 1
    },
    "2": {
        "speed_generation": [
            0.14629734291833074,
            70.96438293082315,
            0.13367240967116345
        ],
        "time_to_first_token": [
            0.013077795505523682,
            0.9762455224990845,
            0.009735703468322754
        ],
        "max_kv_cache": 0.023515359635698507,
        "parallel_requests_nb": 2
    },
    "3": {
        "speed_generation": [
            0.06220238411530943,
            63.526374510072216,
            0.14988349996537664
        ],
        "time_to_first_token": [
            0.016650915145874023,
            0.9985148906707764,
            0.4619252681732178
        ],
        "max_kv_cache": 0.03523571348587207,
        "parallel_requests_nb": 3
    },
    "4": {
        "speed_generation": [
            0.08339856200714735,
            59.56720202386345,
            0.10029945238012061
        ],
        "time_to_first_token": [
            0.4699418544769287,
            1.4635188579559326,
            0.4742422103881836
        ],
        "max_kv_cache": 0.04684408943301854,
        "parallel_requests_nb": 4
    },
    "6": {
        "speed_generation": [
            0.0768414213519577,
            49.883783789653805,
            0.0753029080163472
        ],
        "time_to_first_token": [
            0.9471001625061035,
            1.9661130905151367,
            0.8994297981262207
        ],
        "max_kv_cache": 0.07032212310104136,
        "parallel_requests_nb": 6
    },
    "8": {
        "speed_generation": [
            0.16813576187649915,
            45.17560513052368,
            0.11705056777765321
        ],
        "time_to_first_token": [
            0.9407467842102051,
            2.423142910003662,
            0.94700026512146
        ],
        "max_kv_cache": 0.09387480870441567,
        "parallel_requests_nb": 8
    },
    "10": {
        "speed_generation": [
            0.044918728413598785,
            38.172343818776845,
            0.12141848568509772
        ],
        "time_to_first_token": [
            0.9636824131011963,
            2.921550989151001,
            0.9854105710983276
        ],
        "max_kv_cache": 0.11683027882497854,
        "parallel_requests_nb": 10
    },
    "14": {
        "speed_generation": [
            0.3832495957780466,
            32.52526058952548,
            0.13740262498728129
        ],
        "time_to_first_token": [
            1.881944179534912,
            3.9160070419311523,
            1.8510364294052124
        ],
        "max_kv_cache": 0.16423425777313272,
        "parallel_requests_nb": 14
    },
    "18": {
        "speed_generation": [
            0.04923170644738306,
            26.759468353912073,
            0.032169871131486616
        ],
        "time_to_first_token": [
            2.007063627243042,
            4.916169166564941,
            1.9169918298721313
        ],
        "max_kv_cache": 0.21010787204658277,
        "parallel_requests_nb": 18
    },
    "22": {
        "speed_generation": [
            0.08277242706885701,
            23.977903225316606,
            0.0365891608855371
        ],
        "time_to_first_token": [
            2.843958020210266,
            5.833904981613159,
            2.827484965324402
        ],
        "max_kv_cache": 0.25672800567354703,
        "parallel_requests_nb": 22
    },
    "26": {
        "speed_generation": [
            0.061244564757956255,
            21.58824872556108,
            0.020774820585071296
        ],
        "time_to_first_token": [
            2.936814308166504,
            6.851352214813232,
            2.908440589904785
        ],
        "max_kv_cache": 0.3034227912358628,
        "parallel_requests_nb": 26
    },
    "30": {
        "speed_generation": [
            0.15414256592855224,
            18.943102900882863,
            0.061091440905187255
        ],
        "time_to_first_token": [
            3.7804346084594727,
            7.766846179962158,
            3.7336608171463013
        ],
        "max_kv_cache": 0.35015490276585426,
        "parallel_requests_nb": 30
    },
    "34": {
        "speed_generation": [
            0.10345598514944854,
            17.416151039915956,
            0.07523892484217853
        ],
        "time_to_first_token": [
            3.917033076286316,
            8.814291000366211,
            4.214445471763611
        ],
        "max_kv_cache": 0.39744690381098124,
        "parallel_requests_nb": 34
    },
    "38": {
        "speed_generation": [
            0.12916983789332015,
            16.04720663082352,
            0.014148256904995549
        ],
        "time_to_first_token": [
            4.71995997428894,
            9.708184957504272,
            4.773593187332153
        ],
        "max_kv_cache": 0.4431338882460528,
        "parallel_requests_nb": 38
    }
}