{
    "1": {
        "speed_generation": [
            0.22905171258960166,
            62.41765451531734,
            0.22990452465861466
        ],
        "time_to_first_token": [
            0.0025780200958251953,
            0.5031759738922119,
            0.0033979415893554688
        ],
        "max_kv_cache": 0.009742077563360874,
        "parallel_requests_nb": 1
    },
    "2": {
        "speed_generation": [
            0.21309960839831632,
            48.41107767508915,
            0.24022673467028
        ],
        "time_to_first_token": [
            0.4559224843978882,
            0.9733350276947021,
            0.015547871589660645
        ],
        "max_kv_cache": 0.019409503191370248,
        "parallel_requests_nb": 2
    },
    "3": {
        "speed_generation": [
            0.10491096871192696,
            39.11963106339472,
            0.15432123907466178
        ],
        "time_to_first_token": [
            0.02921152114868164,
            1.0083160400390625,
            0.4603772759437561
        ],
        "max_kv_cache": 0.02915158075473112,
        "parallel_requests_nb": 3
    },
    "4": {
        "speed_generation": [
            0.11555947330933236,
            33.52795329888221,
            0.13716540327062887
        ],
        "time_to_first_token": [
            0.4814629554748535,
            1.477881908416748,
            0.46602702140808105
        ],
        "max_kv_cache": 0.03859505057668622,
        "parallel_requests_nb": 4
    },
    "6": {
        "speed_generation": [
            0.06689449725431373,
            25.31192959913189,
            0.08130130841551875
        ],
        "time_to_first_token": [
            0.9421117305755615,
            1.9583911895751953,
            0.9268848896026611
        ],
        "max_kv_cache": 0.057817923929677884,
        "parallel_requests_nb": 6
    },
    "8": {
        "speed_generation": [
            0.06629068587545106,
            20.815031616601782,
            0.09110932747240952
        ],
        "time_to_first_token": [
            0.9464328289031982,
            2.430130958557129,
            0.9558861255645752
        ],
        "max_kv_cache": 0.07700347131499385,
        "parallel_requests_nb": 8
    },
    "10": {
        "speed_generation": [
            0.04454998236057861,
            16.919024389075574,
            0.05742697893696658
        ],
        "time_to_first_token": [
            0.9790494441986084,
            2.9352519512176514,
            0.973599910736084
        ],
        "max_kv_cache": 0.09618901870030983,
        "parallel_requests_nb": 10
    },
    "14": {
        "speed_generation": [
            0.04754766496199103,
            13.18565011134852,
            0.02715783678909922
        ],
        "time_to_first_token": [
            1.8787450790405273,
            3.8782260417938232,
            1.8886711597442627
        ],
        "max_kv_cache": 0.13478406927699604,
        "parallel_requests_nb": 14
    },
    "18": {
        "speed_generation": [
            0.023437972076862934,
            10.513935087180402,
            0.01889452374004108
        ],
        "time_to_first_token": [
            1.9407958984375,
            4.858928918838501,
            1.9241490364074707
        ],
        "max_kv_cache": 0.1728938822738979,
        "parallel_requests_nb": 18
    },
    "22": {
        "speed_generation": [
            0.053599084593599855,
            8.911102266472195,
            0.017486556720443858
        ],
        "time_to_first_token": [
            2.831867218017578,
            5.814969062805176,
            2.8414359092712402
        ],
        "max_kv_cache": 0.21107834720615137,
        "parallel_requests_nb": 22
    },
    "26": {
        "speed_generation": [
            0.02033444892034364,
            7.697243401700669,
            0.011670004633551834
        ],
        "time_to_first_token": [
            2.897731900215149,
            6.819682836532593,
            2.8860992193222046
        ],
        "max_kv_cache": 0.2495240939121347,
        "parallel_requests_nb": 26
    },
    "30": {
        "speed_generation": [
            0.009249560035548221,
            6.734578563203116,
            0.024449351615351667
        ],
        "time_to_first_token": [
            3.7211835384368896,
            7.745919942855835,
            3.7850970029830933
        ],
        "max_kv_cache": 0.288231122391848,
        "parallel_requests_nb": 30
    },
    "34": {
        "speed_generation": [
            0.014064574795446205,
            6.0034087656462605,
            0.027182264407648482
        ],
        "time_to_first_token": [
            3.8637750148773193,
            8.724107027053833,
            3.8809549808502197
        ],
        "max_kv_cache": 0.32563174200291145,
        "parallel_requests_nb": 34
    },
    "38": {
        "speed_generation": [
            0.0561651946837447,
            5.4446943487328765,
            0.00828040813115738
        ],
        "time_to_first_token": [
            4.710334062576294,
            9.672659873962402,
            4.753634214401245
        ],
        "max_kv_cache": 0.36415214064424617,
        "parallel_requests_nb": 38
    }
}