{
    "1": {
        "speed_generation": [
            1.4014494616301363,
            79.47586514710794,
            1.1146909901134023
        ],
        "time_to_first_token": [
            0.00047010183334350586,
            0.021252989768981934,
            0.000774383544921875
        ],
        "max_kv_cache": 0.00022395580605427678,
        "parallel_requests_nb": 1
    },
    "2": {
        "speed_generation": [
            1.4723721430446517,
            70.73077479766255,
            2.436843613600942
        ],
        "time_to_first_token": [
            0.0039517879486083984,
            0.02677154541015625,
            0.008789539337158203
        ],
        "max_kv_cache": 0.00044791161210855357,
        "parallel_requests_nb": 2
    },
    "3": {
        "speed_generation": [
            1.5020179842336177,
            67.84244437579432,
            1.6094666695431812
        ],
        "time_to_first_token": [
            0.009247958660125732,
            0.035875916481018066,
            0.0064463019371032715
        ],
        "max_kv_cache": 0.0006718674181628304,
        "parallel_requests_nb": 3
    },
    "4": {
        "speed_generation": [
            1.644495375458476,
            65.92284626173877,
            1.5565474834350823
        ],
        "time_to_first_token": [
            0.010354697704315186,
            0.041857004165649414,
            0.006063640117645264
        ],
        "max_kv_cache": 0.0007838453211899132,
        "parallel_requests_nb": 4
    },
    "6": {
        "speed_generation": [
            1.3734957386203135,
            60.36017429040552,
            1.4394101604626925
        ],
        "time_to_first_token": [
            0.010383665561676025,
            0.05445456504821777,
            0.005895435810089111
        ],
        "max_kv_cache": 0.0012317569332984668,
        "parallel_requests_nb": 6
    },
    "8": {
        "speed_generation": [
            1.1611662062508188,
            56.62633789767866,
            1.3496447019151603
        ],
        "time_to_first_token": [
            0.010966181755065918,
            0.06698548793792725,
            0.007081747055053711
        ],
        "max_kv_cache": 0.0014930387070284379,
        "parallel_requests_nb": 8
    },
    "10": {
        "speed_generation": [
            1.1298140041095337,
            50.74540063051617,
            1.2017921028409049
        ],
        "time_to_first_token": [
            0.014034867286682129,
            0.08187198638916016,
            0.008509993553161621
        ],
        "max_kv_cache": 0.0019036243514612972,
        "parallel_requests_nb": 10
    },
    "14": {
        "speed_generation": [
            0.9013051199526885,
            45.96947784589905,
            1.0432206299221818
        ],
        "time_to_first_token": [
            0.010462641716003418,
            0.10515987873077393,
            0.008724391460418701
        ],
        "max_kv_cache": 0.0025754917696241275,
        "parallel_requests_nb": 14
    },
    "18": {
        "speed_generation": [
            0.6657548305900676,
            40.50674686229594,
            0.8747590378169434
        ],
        "time_to_first_token": [
            0.009486377239227295,
            0.1365654468536377,
            0.006970226764678955
        ],
        "max_kv_cache": 0.003396663058489846,
        "parallel_requests_nb": 18
    },
    "22": {
        "speed_generation": [
            0.8920692636764613,
            36.52872910582685,
            1.1319239229487295
        ],
        "time_to_first_token": [
            0.013045668601989746,
            0.1704409122467041,
            0.011423945426940918
        ],
        "max_kv_cache": 0.0039565525736254825,
        "parallel_requests_nb": 22
    },
    "26": {
        "speed_generation": [
            0.5609143544318904,
            32.53629804602218,
            0.9021235486166219
        ],
        "time_to_first_token": [
            0.02732175588607788,
            0.20613455772399902,
            0.010416805744171143
        ],
        "max_kv_cache": 0.004591094024112619,
        "parallel_requests_nb": 26
    },
    "30": {
        "speed_generation": [
            0.4986708990831872,
            29.850134752665806,
            0.6889519212220598
        ],
        "time_to_first_token": [
            0.012673676013946533,
            0.24078094959259033,
            0.010588645935058594
        ],
        "max_kv_cache": 0.00544959128065392,
        "parallel_requests_nb": 30
    },
    "34": {
        "speed_generation": [
            0.4335352304787321,
            27.698601484159227,
            0.49365331320042216
        ],
        "time_to_first_token": [
            0.010596990585327148,
            0.2689080238342285,
            0.008616149425506592
        ],
        "max_kv_cache": 0.005822850957411085,
        "parallel_requests_nb": 34
    },
    "38": {
        "speed_generation": [
            0.4450063344764672,
            25.785326156625562,
            0.43685857878305256
        ],
        "time_to_first_token": [
            0.017394721508026123,
            0.299188494682312,
            0.010980844497680664
        ],
        "max_kv_cache": 0.006606696278600999,
        "parallel_requests_nb": 38
    }
}