{
    "1": {
        "speed_generation": [
            0.9017432923774891,
            83.33643180130242,
            0.9560268668409577
        ],
        "time_to_first_token": [
            0.00064849853515625,
            0.02196049690246582,
            0.0012865066528320312
        ],
        "max_kv_cache": 0.00048523757978424786,
        "parallel_requests_nb": 1
    },
    "2": {
        "speed_generation": [
            0.8678773420191135,
            82.21280534202396,
            0.6469018227889052
        ],
        "time_to_first_token": [
            0.003454923629760742,
            0.026705026626586914,
            0.007347822189331055
        ],
        "max_kv_cache": 0.0009704751595684957,
        "parallel_requests_nb": 2
    },
    "3": {
        "speed_generation": [
            0.7261218755067631,
            78.36100477345977,
            0.7174627354808081
        ],
        "time_to_first_token": [
            0.0029878616333007812,
            0.028042078018188477,
            0.004476010799407959
        ],
        "max_kv_cache": 0.001381060804001355,
        "parallel_requests_nb": 3
    },
    "4": {
        "speed_generation": [
            0.5312530351948936,
            77.81249866909201,
            0.5290443137330101
        ],
        "time_to_first_token": [
            0.005124449729919434,
            0.03228437900543213,
            0.006410181522369385
        ],
        "max_kv_cache": 0.0018289724161099086,
        "parallel_requests_nb": 4
    },
    "6": {
        "speed_generation": [
            0.4227992222437109,
            73.86363324618756,
            0.40587170025901287
        ],
        "time_to_first_token": [
            0.012153863906860352,
            0.05404257774353027,
            0.007311642169952393
        ],
        "max_kv_cache": 0.0027247956403270157,
        "parallel_requests_nb": 6
    },
    "8": {
        "speed_generation": [
            0.3977247128833028,
            71.75070888494446,
            0.41145253868842246
        ],
        "time_to_first_token": [
            0.011350810527801514,
            0.06531000137329102,
            0.009328007698059082
        ],
        "max_kv_cache": 0.003620618864544012,
        "parallel_requests_nb": 8
    },
    "10": {
        "speed_generation": [
            0.3432973213461423,
            65.90802392491752,
            0.3400662652430384
        ],
        "time_to_first_token": [
            0.011400878429412842,
            0.08065962791442871,
            0.008769333362579346
        ],
        "max_kv_cache": 0.004516442088761119,
        "parallel_requests_nb": 10
    },
    "14": {
        "speed_generation": [
            0.3219078141472025,
            62.85553967717867,
            0.3219045548425896
        ],
        "time_to_first_token": [
            0.009569227695465088,
            0.10886514186859131,
            0.007430613040924072
        ],
        "max_kv_cache": 0.006233436601843945,
        "parallel_requests_nb": 14
    },
    "18": {
        "speed_generation": [
            0.31705839524662593,
            56.66296798869446,
            0.2897478063647796
        ],
        "time_to_first_token": [
            0.01021575927734375,
            0.13840103149414062,
            0.009071648120880127
        ],
        "max_kv_cache": 0.007913105147250965,
        "parallel_requests_nb": 18
    },
    "22": {
        "speed_generation": [
            0.6468481547405105,
            53.901127202392146,
            0.3935842592149683
        ],
        "time_to_first_token": [
            0.01313716173171997,
            0.17089998722076416,
            0.012094974517822266
        ],
        "max_kv_cache": 0.009704751595685068,
        "parallel_requests_nb": 22
    },
    "26": {
        "speed_generation": [
            0.1864540584528953,
            49.58268145525151,
            0.2815995467606669
        ],
        "time_to_first_token": [
            0.02208048105239868,
            0.20467698574066162,
            0.011220812797546387
        ],
        "max_kv_cache": 0.011459072076443588,
        "parallel_requests_nb": 26
    },
    "30": {
        "speed_generation": [
            0.2234980031748819,
            47.45400944233311,
            0.24046111780218382
        ],
        "time_to_first_token": [
            0.009935081005096436,
            0.23626208305358887,
            0.009005963802337646
        ],
        "max_kv_cache": 0.013250718524877803,
        "parallel_requests_nb": 30
    },
    "34": {
        "speed_generation": [
            0.29843876497240984,
            45.01986461549848,
            0.23142371886407886
        ],
        "time_to_first_token": [
            0.01704305410385132,
            0.26394200325012207,
            0.014286398887634277
        ],
        "max_kv_cache": 0.01474375723190624,
        "parallel_requests_nb": 34
    },
    "38": {
        "speed_generation": [
            0.23273416375663913,
            42.90174827509452,
            0.3101439586421648
        ],
        "time_to_first_token": [
            0.020868539810180664,
            0.29435789585113525,
            0.012012958526611328
        ],
        "max_kv_cache": 0.01657272964801615,
        "parallel_requests_nb": 38
    }
}