{
    "1": {
        "speed_generation": [
            0.14573927256704167,
            84.61902622819608,
            0.22416658911605225
        ],
        "time_to_first_token": [
            0.001426994800567627,
            0.12829458713531494,
            0.0032810568809509277
        ],
        "max_kv_cache": 0.00485237579784259,
        "parallel_requests_nb": 1
    },
    "2": {
        "speed_generation": [
            0.15368220741356708,
            78.48541829640229,
            0.262337205806233
        ],
        "time_to_first_token": [
            0.10305798053741455,
            0.23552954196929932,
            0.023195505142211914
        ],
        "max_kv_cache": 0.009592773692657985,
        "parallel_requests_nb": 2
    },
    "3": {
        "speed_generation": [
            0.09674924399254792,
            74.98232399374095,
            0.3647514191267476
        ],
        "time_to_first_token": [
            0.10703819990158081,
            0.37064599990844727,
            0.010289669036865234
        ],
        "max_kv_cache": 0.014370497555149075,
        "parallel_requests_nb": 3
    },
    "4": {
        "speed_generation": [
            0.2108341098954014,
            72.67270564810647,
            0.20591428129523592
        ],
        "time_to_first_token": [
            0.2145230770111084,
            0.4866621494293213,
            0.010557889938354492
        ],
        "max_kv_cache": 0.019110895449964582,
        "parallel_requests_nb": 4
    },
    "6": {
        "speed_generation": [
            0.16344068839842407,
            61.8888329763735,
            0.1494098832556503
        ],
        "time_to_first_token": [
            0.21025705337524414,
            0.7261359691619873,
            0.011090993881225586
        ],
        "max_kv_cache": 0.028629017207271068,
        "parallel_requests_nb": 6
    },
    "8": {
        "speed_generation": [
            0.20068677549632952,
            59.079787895481324,
            0.07846809042592895
        ],
        "time_to_first_token": [
            0.22846007347106934,
            0.9676821231842041,
            0.0113067626953125
        ],
        "max_kv_cache": 0.03822179089992905,
        "parallel_requests_nb": 8
    },
    "10": {
        "speed_generation": [
            0.11674163165440632,
            53.21021856074765,
            0.11087995465005918
        ],
        "time_to_first_token": [
            0.11422312259674072,
            1.093691110610962,
            0.1216813325881958
        ],
        "max_kv_cache": 0.04759060878653276,
        "parallel_requests_nb": 10
    },
    "14": {
        "speed_generation": [
            0.28183205441906267,
            48.772346915723446,
            0.133112065902516
        ],
        "time_to_first_token": [
            0.2727360725402832,
            1.350640058517456,
            0.23565196990966797
        ],
        "max_kv_cache": 0.06681348213952443,
        "parallel_requests_nb": 14
    },
    "18": {
        "speed_generation": [
            0.674792609172421,
            43.48454019679238,
            0.23641901394983478
        ],
        "time_to_first_token": [
            0.5705299377441406,
            1.576004981994629,
            0.5163259506225586
        ],
        "max_kv_cache": 0.08562576984808334,
        "parallel_requests_nb": 18
    },
    "22": {
        "speed_generation": [
            0.21202495129686838,
            40.65735978693905,
            0.32661341726379334
        ],
        "time_to_first_token": [
            0.6789275407791138,
            1.9390590190887451,
            0.40431344509124756
        ],
        "max_kv_cache": 0.10473666529804782,
        "parallel_requests_nb": 22
    },
    "26": {
        "speed_generation": [
            0.1819321339070541,
            36.749171246401225,
            0.19374211646579198
        ],
        "time_to_first_token": [
            0.9274008274078369,
            1.979184865951538,
            0.9353599548339844
        ],
        "max_kv_cache": 0.1237355828449852,
        "parallel_requests_nb": 26
    },
    "30": {
        "speed_generation": [
            0.6010103960302544,
            34.34948903006525,
            0.0731284497524669
        ],
        "time_to_first_token": [
            0.8317514657974243,
            2.2069668769836426,
            0.7662457227706909
        ],
        "max_kv_cache": 0.1428091523272741,
        "parallel_requests_nb": 30
    },
    "34": {
        "speed_generation": [
            0.40909691126352143,
            31.92953164871098,
            0.14508599575695413
        ],
        "time_to_first_token": [
            0.9496302604675293,
            2.799534797668457,
            0.9497532844543457
        ],
        "max_kv_cache": 0.16192004777723867,
        "parallel_requests_nb": 34
    },
    "38": {
        "speed_generation": [
            0.1339918155193729,
            29.812446603124187,
            0.22406755810560952
        ],
        "time_to_first_token": [
            1.1827492713928223,
            2.917556047439575,
            0.965491771697998
        ],
        "max_kv_cache": 0.18062035758277029,
        "parallel_requests_nb": 38
    }
}