{
    "1": {
        "speed_generation": [
            0.3682811220461417,
            52.66067151928335,
            0.35913362114132497
        ],
        "time_to_first_token": [
            0.0010499954223632812,
            0.12798094749450684,
            0.0013000965118408203
        ],
        "max_kv_cache": 0.002500839834272739,
        "parallel_requests_nb": 1
    },
    "2": {
        "speed_generation": [
            0.48282392931506735,
            36.19971738518234,
            0.6479318150892937
        ],
        "time_to_first_token": [
            0.10973173379898071,
            0.24362599849700928,
            0.016031742095947266
        ],
        "max_kv_cache": 0.004927027733193978,
        "parallel_requests_nb": 2
    },
    "3": {
        "speed_generation": [
            0.254331952819669,
            27.816528841549243,
            0.27430606789818057
        ],
        "time_to_first_token": [
            0.10712456703186035,
            0.3687570095062256,
            0.009053826332092285
        ],
        "max_kv_cache": 0.0073532156321152176,
        "parallel_requests_nb": 3
    },
    "4": {
        "speed_generation": [
            0.29121717726558316,
            22.88070770790579,
            0.2885503788913084
        ],
        "time_to_first_token": [
            0.11036020517349243,
            0.48774003982543945,
            0.011282682418823242
        ],
        "max_kv_cache": 0.009779403531036568,
        "parallel_requests_nb": 4
    },
    "6": {
        "speed_generation": [
            0.15891172848496993,
            16.47343759527942,
            0.19866395025293215
        ],
        "time_to_first_token": [
            0.22739183902740479,
            0.7304805517196655,
            0.015042245388031006
        ],
        "max_kv_cache": 0.014594453361203352,
        "parallel_requests_nb": 6
    },
    "8": {
        "speed_generation": [
            0.0973472780686695,
            13.088250156562424,
            0.13889708466608397
        ],
        "time_to_first_token": [
            0.21878546476364136,
            0.9765509366989136,
            0.013305127620697021
        ],
        "max_kv_cache": 0.019446829159045942,
        "parallel_requests_nb": 8
    },
    "10": {
        "speed_generation": [
            0.06460206146009995,
            10.747650002856698,
            0.07789598400237807
        ],
        "time_to_first_token": [
            0.13547420501708984,
            1.1126794815063477,
            0.12101078033447266
        ],
        "max_kv_cache": 0.02429920495688853,
        "parallel_requests_nb": 10
    },
    "14": {
        "speed_generation": [
            0.04117036574256083,
            8.02922010799324,
            0.04461091875177203
        ],
        "time_to_first_token": [
            0.35792165994644165,
            1.3665541410446167,
            0.3391004204750061
        ],
        "max_kv_cache": 0.03378000074651932,
        "parallel_requests_nb": 14
    },
    "18": {
        "speed_generation": [
            0.026912498947588404,
            6.368939926052233,
            0.028225943390144614
        ],
        "time_to_first_token": [
            0.6962709426879883,
            1.7234699726104736,
            0.29165899753570557
        ],
        "max_kv_cache": 0.04344742637452881,
        "parallel_requests_nb": 18
    },
    "22": {
        "speed_generation": [
            0.016695335615846574,
            5.306147308531301,
            0.016512606318610068
        ],
        "time_to_first_token": [
            0.9245390892028809,
            1.9747370481491089,
            0.5999022126197815
        ],
        "max_kv_cache": 0.05318950393788957,
        "parallel_requests_nb": 22
    },
    "26": {
        "speed_generation": [
            0.017168991944464196,
            4.531668906705736,
            0.01369322573312104
        ],
        "time_to_first_token": [
            0.9429518580436707,
            2.003897547721863,
            0.9362663626670837
        ],
        "max_kv_cache": 0.06252099585681758,
        "parallel_requests_nb": 26
    },
    "30": {
        "speed_generation": [
            0.011256290630590193,
            3.9607768447876044,
            0.01826113904164206
        ],
        "time_to_first_token": [
            0.5222830176353455,
            2.06485652923584,
            0.9199444651603699
        ],
        "max_kv_cache": 0.07226307342017846,
        "parallel_requests_nb": 30
    },
    "34": {
        "speed_generation": [
            0.009852234201100263,
            3.5177008451053227,
            0.011411982267052867
        ],
        "time_to_first_token": [
            1.0947459936141968,
            2.7623339891433716,
            1.0604547262191772
        ],
        "max_kv_cache": 0.08178119517748494,
        "parallel_requests_nb": 34
    },
    "38": {
        "speed_generation": [
            0.01011225193133436,
            3.181285023881611,
            0.022580801135383854
        ],
        "time_to_first_token": [
            0.9750889539718628,
            2.9517760276794434,
            0.9628055095672607
        ],
        "max_kv_cache": 0.09129931693479154,
        "parallel_requests_nb": 38
    }
}