{
    "1": {
        "speed_generation": [
            0.21967095104882617,
            85.98573842033431,
            0.17983003971109213
        ],
        "time_to_first_token": [
            0.000683128833770752,
            0.023187994956970215,
            0.001637279987335205
        ],
        "max_kv_cache": 0.0025754917696241275,
        "parallel_requests_nb": 1
    },
    "2": {
        "speed_generation": [
            0.17383373287822224,
            82.26844930056103,
            0.22865012147497055
        ],
        "time_to_first_token": [
            0.0039594173431396484,
            0.026766061782836914,
            0.00860506296157837
        ],
        "max_kv_cache": 0.005150983539248255,
        "parallel_requests_nb": 2
    },
    "3": {
        "speed_generation": [
            0.09275221350723939,
            78.624507963808,
            0.17019244958021318
        ],
        "time_to_first_token": [
            0.006660938262939453,
            0.034780025482177734,
            0.00816202163696289
        ],
        "max_kv_cache": 0.007689149341196688,
        "parallel_requests_nb": 3
    },
    "4": {
        "speed_generation": [
            0.8129565652218247,
            77.15059359076847,
            0.3851514000051566
        ],
        "time_to_first_token": [
            0.012432098388671875,
            0.044512033462524414,
            0.006144046783447266
        ],
        "max_kv_cache": 0.010189989175469427,
        "parallel_requests_nb": 4
    },
    "6": {
        "speed_generation": [
            0.23807076263655347,
            70.79771826859606,
            0.23650818428821196
        ],
        "time_to_first_token": [
            0.014709234237670898,
            0.056791067123413086,
            0.008044004440307617
        ],
        "max_kv_cache": 0.015303646747041877,
        "parallel_requests_nb": 6
    },
    "8": {
        "speed_generation": [
            0.26842248099671906,
            68.71362123605275,
            0.09508773467985066
        ],
        "time_to_first_token": [
            0.009415149688720703,
            0.06775712966918945,
            0.008157968521118164
        ],
        "max_kv_cache": 0.02026800044791166,
        "parallel_requests_nb": 8
    },
    "10": {
        "speed_generation": [
            0.17121108625393333,
            63.60502798390785,
            0.12029233952902274
        ],
        "time_to_first_token": [
            0.014132022857666016,
            0.08347010612487793,
            0.007403850555419922
        ],
        "max_kv_cache": 0.025269680116457027,
        "parallel_requests_nb": 10
    },
    "14": {
        "speed_generation": [
            0.2827611625464428,
            60.30578447239331,
            0.185844474242856
        ],
        "time_to_first_token": [
            0.0211869478225708,
            0.11109590530395508,
            0.008672595024108887
        ],
        "max_kv_cache": 0.03545966929192634,
        "parallel_requests_nb": 14
    },
    "18": {
        "speed_generation": [
            0.15506691982473342,
            54.71705076545214,
            0.11503059864736542
        ],
        "time_to_first_token": [
            0.02047264575958252,
            0.1390078067779541,
            0.009377598762512207
        ],
        "max_kv_cache": 0.04550035459669288,
        "parallel_requests_nb": 18
    },
    "22": {
        "speed_generation": [
            0.5395501721847609,
            52.238930109374195,
            0.08174071807385985
        ],
        "time_to_first_token": [
            0.039115309715270996,
            0.15419483184814453,
            0.021185755729675293
        ],
        "max_kv_cache": 0.05554103990145942,
        "parallel_requests_nb": 22
    },
    "26": {
        "speed_generation": [
            1.3072239553087854,
            48.11145363540641,
            0.14085381846285827
        ],
        "time_to_first_token": [
            0.04737544059753418,
            0.17820096015930176,
            0.025115013122558594
        ],
        "max_kv_cache": 0.06558172520622596,
        "parallel_requests_nb": 26
    },
    "30": {
        "speed_generation": [
            1.3888584233063028,
            46.060249667543275,
            0.10842224779085541
        ],
        "time_to_first_token": [
            0.07928848266601562,
            0.21930503845214844,
            0.012567996978759766
        ],
        "max_kv_cache": 0.0756224105109925,
        "parallel_requests_nb": 30
    },
    "34": {
        "speed_generation": [
            1.1292705736645061,
            43.39849191769938,
            0.20644020621445236
        ],
        "time_to_first_token": [
            0.10596704483032227,
            0.2607419490814209,
            0.011536836624145508
        ],
        "max_kv_cache": 0.08584972565413762,
        "parallel_requests_nb": 34
    },
    "38": {
        "speed_generation": [
            0.055378550755918354,
            40.52892944928796,
            1.136591934839899
        ],
        "time_to_first_token": [
            0.046094298362731934,
            0.2859838008880615,
            0.01692032814025879
        ],
        "max_kv_cache": 0.09592773692657985,
        "parallel_requests_nb": 38
    }
}