{
    "1": {
        "speed_generation": [
            0.19705778286311926,
            40.329797680531634,
            0.17760918639600476
        ],
        "time_to_first_token": [
            0.0014615058898925781,
            0.23540902137756348,
            0.0011789798736572266
        ],
        "max_kv_cache": 0.03345588235294117,
        "parallel_requests_nb": 1
    },
    "2": {
        "speed_generation": [
            0.2772394109165397,
            25.707185186036444,
            0.2404759054342911
        ],
        "time_to_first_token": [
            0.17051947116851807,
            0.43584704399108887,
            0.008809924125671387
        ],
        "max_kv_cache": 0.06617647058823528,
        "parallel_requests_nb": 2
    },
    "3": {
        "speed_generation": [
            0.20173692232987506,
            18.84330422413326,
            0.18511533439101768
        ],
        "time_to_first_token": [
            0.17526346445083618,
            0.6401749849319458,
            0.011049449443817139
        ],
        "max_kv_cache": 0.09987745098039214,
        "parallel_requests_nb": 3
    },
    "4": {
        "speed_generation": [
            0.14465243674409756,
            14.950203907509193,
            0.14333618708683993
        ],
        "time_to_first_token": [
            0.16666269302368164,
            0.8394088745117188,
            0.016348958015441895
        ],
        "max_kv_cache": 0.13137254901960782,
        "parallel_requests_nb": 4
    },
    "6": {
        "speed_generation": [
            0.07722337564973714,
            10.418416335490999,
            0.08172476058291878
        ],
        "time_to_first_token": [
            0.22696107625961304,
            1.1344870328903198,
            0.13991689682006836
        ],
        "max_kv_cache": 0.19681372549019605,
        "parallel_requests_nb": 6
    },
    "8": {
        "speed_generation": [
            0.046094501439769786,
            8.022611931236977,
            0.03705390478292969
        ],
        "time_to_first_token": [
            0.17228347063064575,
            1.6876190900802612,
            0.015512704849243164
        ],
        "max_kv_cache": 0.26127450980392153,
        "parallel_requests_nb": 8
    },
    "10": {
        "speed_generation": [
            0.02669617377712985,
            6.535300520344079,
            0.026495003289123353
        ],
        "time_to_first_token": [
            0.18126046657562256,
            2.1067179441452026,
            0.01644611358642578
        ],
        "max_kv_cache": 0.3254901960784313,
        "parallel_requests_nb": 10
    },
    "14": {
        "speed_generation": [
            0.02395216937907385,
            4.78009543467034,
            0.020414654249054642
        ],
        "time_to_first_token": [
            0.01721411943435669,
            2.9546399116516113,
            0.018102288246154785
        ],
        "max_kv_cache": 0.4567401960784314,
        "parallel_requests_nb": 14
    },
    "18": {
        "speed_generation": [
            0.009897858759992051,
            3.7263806367221717,
            0.01142993166360462
        ],
        "time_to_first_token": [
            0.010856330394744873,
            3.8048864603042603,
            0.010493755340576172
        ],
        "max_kv_cache": 0.5854166666666667,
        "parallel_requests_nb": 18
    },
    "22": {
        "speed_generation": [
            0.00824478803949491,
            3.094966130624415,
            0.009250597795486204
        ],
        "time_to_first_token": [
            1.3169488906860352,
            4.614915490150452,
            0.024567604064941406
        ],
        "max_kv_cache": 0.7149509803921569,
        "parallel_requests_nb": 22
    },
    "26": {
        "speed_generation": [
            0.007548093833115388,
            2.643482878176304,
            0.008448558205734091
        ],
        "time_to_first_token": [
            1.993215262889862,
            4.915030598640442,
            0.5495160818099976
        ],
        "max_kv_cache": 0.8454656862745098,
        "parallel_requests_nb": 26
    },
    "30": {
        "speed_generation": [
            0.005663665104404636,
            2.282466837774111,
            0.007489522996469766
        ],
        "time_to_first_token": [
            0.5070180296897888,
            5.0678794384002686,
            1.236219346523285
        ],
        "max_kv_cache": 0.9769607843137255,
        "parallel_requests_nb": 30
    },
    "34": {
        "speed_generation": [
            0.011159715102012857,
            2.2813422243272936,
            0.008215593715723113
        ],
        "time_to_first_token": [
            1.3105139136314392,
            6.276573896408081,
            0.04729264974594116
        ],
        "max_kv_cache": 0.9747549019607843,
        "parallel_requests_nb": 34
    },
    "38": {
        "speed_generation": [
            1.1127839919562224,
            2.277264670375134,
            0.01132936628257486
        ],
        "time_to_first_token": [
            1.3269564509391785,
            6.296461582183838,
            2.8898841738700867
        ],
        "max_kv_cache": 0.9743872549019608,
        "parallel_requests_nb": 38
    }
}