{
    "1": {
        "speed_generation": [
            1.671188131936745,
            96.97036743627632,
            1.7027464384246827
        ],
        "time_to_first_token": [
            0.0054340362548828125,
            0.0411529541015625,
            0.0014079809188842773
        ],
        "max_kv_cache": 0.0015931372549019551,
        "parallel_requests_nb": 1
    },
    "2": {
        "speed_generation": [
            1.5196605136849968,
            92.02780902295078,
            1.2167785814296792
        ],
        "time_to_first_token": [
            0.002727985382080078,
            0.059411048889160156,
            0.0025517940521240234
        ],
        "max_kv_cache": 0.0031862745098039102,
        "parallel_requests_nb": 2
    },
    "3": {
        "speed_generation": [
            0.5275488720877348,
            88.86497264171456,
            0.4271763241328017
        ],
        "time_to_first_token": [
            0.002831578254699707,
            0.06467890739440918,
            0.003038346767425537
        ],
        "max_kv_cache": 0.004656862745098023,
        "parallel_requests_nb": 3
    },
    "4": {
        "speed_generation": [
            0.5382233820447908,
            88.69941301289353,
            0.5718617420354235
        ],
        "time_to_first_token": [
            0.003361940383911133,
            0.06469082832336426,
            0.0030531883239746094
        ],
        "max_kv_cache": 0.006127450980392135,
        "parallel_requests_nb": 4
    },
    "6": {
        "speed_generation": [
            0.556110616021968,
            88.55003089638407,
            0.5140568433761672
        ],
        "time_to_first_token": [
            0.004488229751586914,
            0.06638598442077637,
            0.0032706856727600098
        ],
        "max_kv_cache": 0.009191176470588203,
        "parallel_requests_nb": 6
    },
    "8": {
        "speed_generation": [
            0.5849825271091049,
            88.01519058018656,
            0.530997604745167
        ],
        "time_to_first_token": [
            0.00457841157913208,
            0.07171714305877686,
            0.003940284252166748
        ],
        "max_kv_cache": 0.012009803921568585,
        "parallel_requests_nb": 8
    },
    "10": {
        "speed_generation": [
            0.8008406034722526,
            83.92311780165306,
            1.0586278601151378
        ],
        "time_to_first_token": [
            0.005441725254058838,
            0.07747602462768555,
            0.004353642463684082
        ],
        "max_kv_cache": 0.015196078431372495,
        "parallel_requests_nb": 10
    },
    "14": {
        "speed_generation": [
            0.7448785231967037,
            80.33588053341865,
            1.8175480805360138
        ],
        "time_to_first_token": [
            0.004786849021911621,
            0.0891730785369873,
            0.005568206310272217
        ],
        "max_kv_cache": 0.02083333333333337,
        "parallel_requests_nb": 14
    },
    "18": {
        "speed_generation": [
            1.0382479264401354,
            82.5222577659481,
            1.5626145148261799
        ],
        "time_to_first_token": [
            0.005782186985015869,
            0.10281598567962646,
            0.006852328777313232
        ],
        "max_kv_cache": 0.026593137254901977,
        "parallel_requests_nb": 18
    },
    "22": {
        "speed_generation": [
            0.7077275885003189,
            81.72573423598459,
            0.6342127369901362
        ],
        "time_to_first_token": [
            0.007532477378845215,
            0.11203360557556152,
            0.0076711177825927734
        ],
        "max_kv_cache": 0.032352941176470584,
        "parallel_requests_nb": 22
    },
    "26": {
        "speed_generation": [
            0.8606849055287142,
            75.32069316673712,
            0.8077498066955684
        ],
        "time_to_first_token": [
            0.013095557689666748,
            0.13348400592803955,
            0.008273959159851074
        ],
        "max_kv_cache": 0.038235294117647034,
        "parallel_requests_nb": 26
    },
    "30": {
        "speed_generation": [
            0.6696066194817121,
            71.21652643340916,
            0.47236895884590524
        ],
        "time_to_first_token": [
            0.012291312217712402,
            0.1506744623184204,
            0.009247660636901855
        ],
        "max_kv_cache": 0.043749999999999956,
        "parallel_requests_nb": 30
    },
    "34": {
        "speed_generation": [
            0.6107128395681514,
            67.83493572475152,
            0.6007066159908874
        ],
        "time_to_first_token": [
            0.012150287628173828,
            0.16413700580596924,
            0.009211540222167969
        ],
        "max_kv_cache": 0.0498774509803922,
        "parallel_requests_nb": 34
    },
    "38": {
        "speed_generation": [
            0.7789147160054597,
            65.32772807089034,
            0.7937145910856742
        ],
        "time_to_first_token": [
            0.015562951564788818,
            0.1795889139175415,
            0.008398056030273438
        ],
        "max_kv_cache": 0.05526960784313728,
        "parallel_requests_nb": 38
    }
}