{
    "1": {
        "speed_generation": [
            0.08991636820825022,
            84.28118097890001,
            0.0820012396988119
        ],
        "time_to_first_token": [
            0.0008810758590698242,
            0.06295454502105713,
            0.0010560154914855957
        ],
        "max_kv_cache": 0.03258754863813229,
        "parallel_requests_nb": 1
    },
    "2": {
        "speed_generation": [
            0.1154596697102761,
            79.11815088957582,
            0.15478361451140188
        ],
        "time_to_first_token": [
            0.04760473966598511,
            0.11439049243927002,
            0.003624856472015381
        ],
        "max_kv_cache": 0.06420233463035019,
        "parallel_requests_nb": 2
    },
    "3": {
        "speed_generation": [
            0.07584414429049957,
            73.07567694321462,
            0.14719806009431124
        ],
        "time_to_first_token": [
            0.04039156436920166,
            0.15857648849487305,
            0.00952368974685669
        ],
        "max_kv_cache": 0.09581712062256809,
        "parallel_requests_nb": 3
    },
    "4": {
        "speed_generation": [
            0.15622715601317338,
            69.54022608889692,
            0.10342976031154194
        ],
        "time_to_first_token": [
            0.04116702079772949,
            0.21331095695495605,
            0.008781194686889648
        ],
        "max_kv_cache": 0.12816147859922178,
        "parallel_requests_nb": 4
    },
    "6": {
        "speed_generation": [
            0.15108473465818406,
            60.76150370800077,
            0.1543422554297038
        ],
        "time_to_first_token": [
            0.13967430591583252,
            0.31477785110473633,
            0.008573055267333984
        ],
        "max_kv_cache": 0.19260700389105057,
        "parallel_requests_nb": 6
    },
    "8": {
        "speed_generation": [
            0.21436665599699722,
            55.8961758434462,
            0.08358318134169451
        ],
        "time_to_first_token": [
            0.18748712539672852,
            0.4198911190032959,
            0.014712810516357422
        ],
        "max_kv_cache": 0.25583657587548636,
        "parallel_requests_nb": 8
    },
    "10": {
        "speed_generation": [
            0.13915248895949617,
            50.0267158208032,
            0.11269259504676654
        ],
        "time_to_first_token": [
            0.1287858486175537,
            0.5292119979858398,
            0.0066301822662353516
        ],
        "max_kv_cache": 0.32149805447470814,
        "parallel_requests_nb": 10
    },
    "14": {
        "speed_generation": [
            0.4567480167849354,
            43.94540283896217,
            0.07506942958439566
        ],
        "time_to_first_token": [
            0.18849778175354004,
            0.7441389560699463,
            0.007666826248168945
        ],
        "max_kv_cache": 0.44698443579766534,
        "parallel_requests_nb": 14
    },
    "18": {
        "speed_generation": [
            0.31524280022428286,
            38.25385639439276,
            0.040432864946431835
        ],
        "time_to_first_token": [
            0.36261987686157227,
            0.9621880054473877,
            0.014296531677246094
        ],
        "max_kv_cache": 0.5751459143968871,
        "parallel_requests_nb": 18
    },
    "22": {
        "speed_generation": [
            0.16296917398788935,
            34.729945135487114,
            0.1457322860596335
        ],
        "time_to_first_token": [
            0.5892887115478516,
            1.160139799118042,
            0.01774907112121582
        ],
        "max_kv_cache": 0.7020914396887159,
        "parallel_requests_nb": 22
    },
    "26": {
        "speed_generation": [
            0.19620307150136185,
            31.760059596671237,
            0.09587982905210524
        ],
        "time_to_first_token": [
            0.06023585796356201,
            1.370093822479248,
            0.01906716823577881
        ],
        "max_kv_cache": 0.8292801556420233,
        "parallel_requests_nb": 26
    },
    "30": {
        "speed_generation": [
            0.1751795065990116,
            28.06504713274677,
            0.08878798336062843
        ],
        "time_to_first_token": [
            0.07291913032531738,
            1.5903232097625732,
            0.035977840423583984
        ],
        "max_kv_cache": 0.9576848249027238,
        "parallel_requests_nb": 30
    },
    "34": {
        "speed_generation": [
            0.2030537364336169,
            25.459341566502513,
            0.2915690753704716
        ],
        "time_to_first_token": [
            0.022678136825561523,
            1.7944719791412354,
            0.029773950576782227
        ],
        "max_kv_cache": 1.0,
        "parallel_requests_nb": 34
    },
    "38": {
        "speed_generation": [
            0.1395777113822767,
            23.748875434748705,
            0.2731249371632565
        ],
        "time_to_first_token": [
            0.07844305038452148,
            2.08185350894928,
            0.03203690052032471
        ],
        "max_kv_cache": 1.0,
        "parallel_requests_nb": 38
    }
}