{
    "1": {
        "speed_generation": [
            0.253001954240446,
            91.07610441746009,
            0.21058773035970546
        ],
        "time_to_first_token": [
            0.0005210638046264648,
            0.03210854530334473,
            0.0007539987564086914
        ],
        "max_kv_cache": 0.003404669260700377,
        "parallel_requests_nb": 1
    },
    "2": {
        "speed_generation": [
            0.3973795647624172,
            86.3566631740375,
            0.5717482344895615
        ],
        "time_to_first_token": [
            0.0021021366119384766,
            0.0347440242767334,
            0.009088993072509766
        ],
        "max_kv_cache": 0.006322957198443557,
        "parallel_requests_nb": 2
    },
    "3": {
        "speed_generation": [
            0.28231894271974056,
            82.77695928290825,
            0.39222831146432213
        ],
        "time_to_first_token": [
            0.010285139083862305,
            0.04601120948791504,
            0.006611347198486328
        ],
        "max_kv_cache": 0.009241245136186738,
        "parallel_requests_nb": 3
    },
    "4": {
        "speed_generation": [
            0.33426414244665636,
            81.53858416197669,
            0.3790534061537443
        ],
        "time_to_first_token": [
            0.010699033737182617,
            0.04868197441101074,
            0.0040051937103271484
        ],
        "max_kv_cache": 0.012402723735408516,
        "parallel_requests_nb": 4
    },
    "6": {
        "speed_generation": [
            0.32949007822801946,
            76.74680445580785,
            0.31641424075898783
        ],
        "time_to_first_token": [
            0.009682059288024902,
            0.05144298076629639,
            0.0075797438621521
        ],
        "max_kv_cache": 0.018239299610894988,
        "parallel_requests_nb": 6
    },
    "8": {
        "speed_generation": [
            0.2961819342534113,
            74.66114182642713,
            0.38863859182200144
        ],
        "time_to_first_token": [
            0.00866466760635376,
            0.053963422775268555,
            0.009139716625213623
        ],
        "max_kv_cache": 0.02407587548638135,
        "parallel_requests_nb": 8
    },
    "10": {
        "speed_generation": [
            0.3288091761278906,
            70.87388409762079,
            0.34740390363104723
        ],
        "time_to_first_token": [
            0.008490204811096191,
            0.056365013122558594,
            0.012203991413116455
        ],
        "max_kv_cache": 0.02991245136186771,
        "parallel_requests_nb": 10
    },
    "14": {
        "speed_generation": [
            0.37021950181213015,
            67.1165404563452,
            0.4646016864682707
        ],
        "time_to_first_token": [
            0.008387625217437744,
            0.06512606143951416,
            0.014250457286834717
        ],
        "max_kv_cache": 0.040856031128404635,
        "parallel_requests_nb": 14
    },
    "18": {
        "speed_generation": [
            0.36073366856639666,
            66.61436475344848,
            0.47457385396864993
        ],
        "time_to_first_token": [
            0.009154975414276123,
            0.08214807510375977,
            0.015095770359039307
        ],
        "max_kv_cache": 0.053015564202334664,
        "parallel_requests_nb": 18
    },
    "22": {
        "speed_generation": [
            0.37019185488730955,
            63.56856005043325,
            0.48461710976198447
        ],
        "time_to_first_token": [
            0.013185322284698486,
            0.09757697582244873,
            0.012002825736999512
        ],
        "max_kv_cache": 0.06395914396887159,
        "parallel_requests_nb": 22
    },
    "26": {
        "speed_generation": [
            0.3726078208342898,
            60.29787599702334,
            0.47394744889605533
        ],
        "time_to_first_token": [
            0.01145714521408081,
            0.11516857147216797,
            0.013531684875488281
        ],
        "max_kv_cache": 0.07514591439688711,
        "parallel_requests_nb": 26
    },
    "30": {
        "speed_generation": [
            0.5521771973842817,
            57.60903046293821,
            0.28472682239898717
        ],
        "time_to_first_token": [
            0.010578572750091553,
            0.13185501098632812,
            0.009263455867767334
        ],
        "max_kv_cache": 0.08657587548638135,
        "parallel_requests_nb": 30
    },
    "34": {
        "speed_generation": [
            0.2668795826183583,
            54.28577920387431,
            0.2402660934782972
        ],
        "time_to_first_token": [
            0.010541200637817383,
            0.1479724645614624,
            0.005686461925506592
        ],
        "max_kv_cache": 0.09751945525291827,
        "parallel_requests_nb": 34
    },
    "38": {
        "speed_generation": [
            0.5085694661394484,
            51.843913073816424,
            0.37606692681018217
        ],
        "time_to_first_token": [
            0.013407111167907715,
            0.16079795360565186,
            0.010429978370666504
        ],
        "max_kv_cache": 0.1096789883268483,
        "parallel_requests_nb": 38
    }
}