{
    "1": {
        "speed_generation": [
            0.44371873007478513,
            62.09157489291539,
            0.8259221376641079
        ],
        "time_to_first_token": [
            0.004123687744140625,
            0.5221124887466431,
            0.007138729095458984
        ],
        "max_kv_cache": 0.039276631816897445,
        "parallel_requests_nb": 1
    },
    "2": {
        "speed_generation": [
            0.29529611101985154,
            46.2133205041166,
            0.2730706434963608
        ],
        "time_to_first_token": [
            0.01593458652496338,
            1.0063719749450684,
            0.018837571144104004
        ],
        "max_kv_cache": 0.07812941508900817,
        "parallel_requests_nb": 2
    },
    "3": {
        "speed_generation": [
            0.15836094620514274,
            35.51088066631831,
            0.23016927846179414
        ],
        "time_to_first_token": [
            0.47873014211654663,
            1.4954924583435059,
            0.01995110511779785
        ],
        "max_kv_cache": 0.11669963266459449,
        "parallel_requests_nb": 3
    },
    "4": {
        "speed_generation": [
            0.10463664311876641,
            30.436225481325465,
            0.1177454639104738
        ],
        "time_to_first_token": [
            0.48169994354248047,
            1.9703919887542725,
            0.041986942291259766
        ],
        "max_kv_cache": 0.1551285673919186,
        "parallel_requests_nb": 4
    },
    "6": {
        "speed_generation": [
            0.0653150049483493,
            23.28858905754402,
            0.11267913412471131
        ],
        "time_to_first_token": [
            0.9511921405792236,
            2.4715700149536133,
            0.5007638931274414
        ],
        "max_kv_cache": 0.23241028539135344,
        "parallel_requests_nb": 6
    },
    "8": {
        "speed_generation": [
            0.07005989153539716,
            18.63249744001852,
            0.07569322938872602
        ],
        "time_to_first_token": [
            1.4386701583862305,
            2.9826111793518066,
            0.5044898986816406
        ],
        "max_kv_cache": 0.30827917490816614,
        "parallel_requests_nb": 8
    },
    "10": {
        "speed_generation": [
            0.04831673842993034,
            15.688785429053961,
            0.05715557739583055
        ],
        "time_to_first_token": [
            1.4447400569915771,
            3.0077340602874756,
            1.4564831256866455
        ],
        "max_kv_cache": 0.3852783272110766,
        "parallel_requests_nb": 10
    },
    "14": {
        "speed_generation": [
            0.03875846289393614,
            11.397637081738564,
            0.04168832755589236
        ],
        "time_to_first_token": [
            1.498837947845459,
            4.471306085586548,
            1.4863407611846924
        ],
        "max_kv_cache": 0.5387115004238485,
        "parallel_requests_nb": 14
    },
    "18": {
        "speed_generation": [
            0.024778884132301116,
            9.349162420989943,
            0.02264603079203198
        ],
        "time_to_first_token": [
            2.4091553688049316,
            5.438808917999268,
            2.0124666690826416
        ],
        "max_kv_cache": 0.6948290477536028,
        "parallel_requests_nb": 18
    },
    "22": {
        "speed_generation": [
            0.04098471643442991,
            7.941324440619201,
            0.014204101456170015
        ],
        "time_to_first_token": [
            2.8364391326904297,
            5.99347710609436,
            2.915189027786255
        ],
        "max_kv_cache": 0.8433173212771969,
        "parallel_requests_nb": 22
    },
    "26": {
        "speed_generation": [
            0.02688901706359559,
            6.777712784181009,
            0.024461386549319286
        ],
        "time_to_first_token": [
            2.9696154594421387,
            7.464475870132446,
            2.9489126205444336
        ],
        "max_kv_cache": 0.9998587171517378,
        "parallel_requests_nb": 26
    },
    "30": {
        "speed_generation": [
            0.06154913654212457,
            6.833403516660738,
            0.014770976823825777
        ],
        "time_to_first_token": [
            2.9456413984298706,
            8.833451986312866,
            2.9779986143112183
        ],
        "max_kv_cache": 0.9983046058208533,
        "parallel_requests_nb": 30
    },
    "34": {
        "speed_generation": [
            3.379000165822955,
            6.808153553700607,
            0.030397917682376985
        ],
        "time_to_first_token": [
            3.1020359992980957,
            10.474606990814209,
            9.709115982055664
        ],
        "max_kv_cache": 0.9997174343034756,
        "parallel_requests_nb": 34
    },
    "38": {
        "speed_generation": [
            3.3417859158417995,
            6.7570157015676395,
            0.06939355302567041
        ],
        "time_to_first_token": [
            3.5729745626449585,
            12.676411151885986,
            9.165416359901428
        ],
        "max_kv_cache": 0.9966092116417067,
        "parallel_requests_nb": 38
    }
}