{
    "1": {
        "speed_generation": [
            0.7743203735909674,
            84.1862038166062,
            1.3243376868958308
        ],
        "time_to_first_token": [
            0.00038933753967285156,
            0.0207974910736084,
            0.0006426572799682617
        ],
        "max_kv_cache": 0.0009889799378355324,
        "parallel_requests_nb": 1
    },
    "2": {
        "speed_generation": [
            1.612385914238672,
            77.22481248390827,
            2.878585001868373
        ],
        "time_to_first_token": [
            0.003781139850616455,
            0.02600693702697754,
            0.009042203426361084
        ],
        "max_kv_cache": 0.0016953941791466587,
        "parallel_requests_nb": 2
    },
    "3": {
        "speed_generation": [
            1.8396736007925938,
            76.37524312388197,
            2.059499821244003
        ],
        "time_to_first_token": [
            0.008133471012115479,
            0.034026384353637695,
            0.007178843021392822
        ],
        "max_kv_cache": 0.002401808420457785,
        "parallel_requests_nb": 3
    },
    "4": {
        "speed_generation": [
            1.85052276107632,
            74.81637392744193,
            1.978140627727555
        ],
        "time_to_first_token": [
            0.009885191917419434,
            0.03945446014404297,
            0.006466269493103027
        ],
        "max_kv_cache": 0.0033907883582933174,
        "parallel_requests_nb": 4
    },
    "6": {
        "speed_generation": [
            1.8860136831490024,
            66.55618186736638,
            1.7745034507936595
        ],
        "time_to_first_token": [
            0.01008838415145874,
            0.05145096778869629,
            0.007912039756774902
        ],
        "max_kv_cache": 0.004521051144391053,
        "parallel_requests_nb": 6
    },
    "8": {
        "speed_generation": [
            1.610258327574158,
            61.19531700855626,
            1.8360777457139008
        ],
        "time_to_first_token": [
            0.010561347007751465,
            0.06547653675079346,
            0.008896946907043457
        ],
        "max_kv_cache": 0.005792596778751102,
        "parallel_requests_nb": 8
    },
    "10": {
        "speed_generation": [
            1.287159457411363,
            53.99740347838781,
            1.368903532287078
        ],
        "time_to_first_token": [
            0.01658022403717041,
            0.0769643783569336,
            0.010168850421905518
        ],
        "max_kv_cache": 0.007205425261373244,
        "parallel_requests_nb": 10
    },
    "14": {
        "speed_generation": [
            0.9945139707314965,
            48.67859007636135,
            1.2256134609950067
        ],
        "time_to_first_token": [
            0.011341571807861328,
            0.10741293430328369,
            0.008644521236419678
        ],
        "max_kv_cache": 0.010031082226617638,
        "parallel_requests_nb": 14
    },
    "18": {
        "speed_generation": [
            0.7400688641327875,
            41.79106432182371,
            0.7317004903919866
        ],
        "time_to_first_token": [
            0.00805586576461792,
            0.1428920030593872,
            0.006352782249450684
        ],
        "max_kv_cache": 0.01271545634359994,
        "parallel_requests_nb": 18
    },
    "22": {
        "speed_generation": [
            0.6712351807033201,
            37.48969750258387,
            0.6920198652481631
        ],
        "time_to_first_token": [
            0.012216687202453613,
            0.180527925491333,
            0.008391022682189941
        ],
        "max_kv_cache": 0.015682396157106537,
        "parallel_requests_nb": 22
    },
    "26": {
        "speed_generation": [
            0.7402721441960551,
            33.475956074304,
            0.7734130854615628
        ],
        "time_to_first_token": [
            0.011260688304901123,
            0.20894360542297363,
            0.010963201522827148
        ],
        "max_kv_cache": 0.01836677027408873,
        "parallel_requests_nb": 26
    },
    "30": {
        "speed_generation": [
            0.7645663771062736,
            30.861574475321834,
            0.5868839863898678
        ],
        "time_to_first_token": [
            0.009999454021453857,
            0.24330151081085205,
            0.010864019393920898
        ],
        "max_kv_cache": 0.020768578694546513,
        "parallel_requests_nb": 30
    },
    "34": {
        "speed_generation": [
            0.5700763928502219,
            28.25896372762254,
            0.7533573447214259
        ],
        "time_to_first_token": [
            0.018581926822662354,
            0.2712453603744507,
            0.010760664939880371
        ],
        "max_kv_cache": 0.023876801356315314,
        "parallel_requests_nb": 34
    },
    "38": {
        "speed_generation": [
            0.6535047707055597,
            26.088477249538897,
            0.46665046292664414
        ],
        "time_to_first_token": [
            0.030074000358581543,
            0.30382204055786133,
            0.009098410606384277
        ],
        "max_kv_cache": 0.025713478383724175,
        "parallel_requests_nb": 38
    }
}