{
    "1": {
        "speed_generation": [
            0.35918888406729366,
            78.58809709724248,
            0.3380780318176875
        ],
        "time_to_first_token": [
            0.0038635730743408203,
            0.5231469869613647,
            0.00515824556350708
        ],
        "max_kv_cache": 0.04732975416784402,
        "parallel_requests_nb": 1
    },
    "2": {
        "speed_generation": [
            0.22214371153964407,
            66.61917510792608,
            0.2069859257811828
        ],
        "time_to_first_token": [
            0.12308734655380249,
            1.0062594413757324,
            0.018483102321624756
        ],
        "max_kv_cache": 0.0936705283978525,
        "parallel_requests_nb": 2
    },
    "3": {
        "speed_generation": [
            0.1893259230497648,
            55.14917362167854,
            0.1656905771917252
        ],
        "time_to_first_token": [
            0.47163379192352295,
            1.4853601455688477,
            0.02420586347579956
        ],
        "max_kv_cache": 0.1402938683243854,
        "parallel_requests_nb": 3
    },
    "4": {
        "speed_generation": [
            0.3396804158922109,
            51.36039101447721,
            0.17176952193935335
        ],
        "time_to_first_token": [
            0.012448787689208984,
            1.515211820602417,
            0.48717737197875977
        ],
        "max_kv_cache": 0.18550437976829615,
        "parallel_requests_nb": 4
    },
    "6": {
        "speed_generation": [
            0.1701717742138129,
            43.05312229384131,
            0.11057049904443517
        ],
        "time_to_first_token": [
            0.4944760799407959,
            2.018634080886841,
            0.9682168960571289
        ],
        "max_kv_cache": 0.2786097767730997,
        "parallel_requests_nb": 6
    },
    "8": {
        "speed_generation": [
            0.10062425211485504,
            35.84084494179436,
            0.12824880408397377
        ],
        "time_to_first_token": [
            1.009408950805664,
            2.542581081390381,
            1.3988349437713623
        ],
        "max_kv_cache": 0.37213902232269,
        "parallel_requests_nb": 8
    },
    "10": {
        "speed_generation": [
            0.09487514415444664,
            31.830155192271533,
            0.21428812718263401
        ],
        "time_to_first_token": [
            0.9916466474533081,
            3.0174500942230225,
            1.448594331741333
        ],
        "max_kv_cache": 0.4646792879344448,
        "parallel_requests_nb": 10
    },
    "14": {
        "speed_generation": [
            0.027954057249228725,
            23.306715916872783,
            0.13538213489446704
        ],
        "time_to_first_token": [
            1.9683821201324463,
            4.4803221225738525,
            1.4853670597076416
        ],
        "max_kv_cache": 0.6514552133371009,
        "parallel_requests_nb": 14
    },
    "18": {
        "speed_generation": [
            0.07423600711429401,
            20.414684849503438,
            0.03564918874963752
        ],
        "time_to_first_token": [
            2.41556179523468,
            5.462442874908447,
            1.9867656230926514
        ],
        "max_kv_cache": 0.8317321277196948,
        "parallel_requests_nb": 18
    },
    "22": {
        "speed_generation": [
            0.1442723294041457,
            17.973637546271306,
            0.18403444207376296
        ],
        "time_to_first_token": [
            2.9174272418022156,
            6.4534465074539185,
            2.9580039978027344
        ],
        "max_kv_cache": 0.9998587171517378,
        "parallel_requests_nb": 22
    },
    "26": {
        "speed_generation": [
            0.24367127713726333,
            16.19136113605673,
            0.43506142713218665
        ],
        "time_to_first_token": [
            2.9481271505355835,
            8.840569019317627,
            2.9292720556259155
        ],
        "max_kv_cache": 1.0,
        "parallel_requests_nb": 26
    },
    "30": {
        "speed_generation": [
            4.824081905744324,
            16.145608923871933,
            0.4729380965755112
        ],
        "time_to_first_token": [
            2.9428271055221558,
            10.433983087539673,
            2.547865390777588
        ],
        "max_kv_cache": 1.0,
        "parallel_requests_nb": 30
    },
    "34": {
        "speed_generation": [
            7.473254442406109,
            15.99388005066885,
            0.5082341350442547
        ],
        "time_to_first_token": [
            2.910274863243103,
            11.942154884338379,
            53.22076094150543
        ],
        "max_kv_cache": 1.0,
        "parallel_requests_nb": 34
    },
    "38": {
        "speed_generation": [
            2.1744661840196393,
            10.321828448424535,
            5.710142185801738
        ],
        "time_to_first_token": [
            14.390189409255981,
            24.970464944839478,
            41.96081459522247
        ],
        "max_kv_cache": 1.0,
        "parallel_requests_nb": 38
    }
}