{
    "1": {
        "speed_generation": [
            0.40095727650663093,
            90.0250320063893,
            0.5443315530857546
        ],
        "time_to_first_token": [
            0.0015438199043273926,
            0.14465594291687012,
            0.0016925930976867676
        ],
        "max_kv_cache": 0.01893190166713765,
        "parallel_requests_nb": 1
    },
    "2": {
        "speed_generation": [
            0.43326934647322446,
            75.3896831341238,
            0.5332964363151831
        ],
        "time_to_first_token": [
            0.11687654256820679,
            0.2638850212097168,
            0.01168668270111084
        ],
        "max_kv_cache": 0.037581237637750786,
        "parallel_requests_nb": 2
    },
    "3": {
        "speed_generation": [
            0.6773265457671158,
            71.22991644774979,
            0.43039170109160807
        ],
        "time_to_first_token": [
            0.23058247566223145,
            0.387470006942749,
            0.012989044189453125
        ],
        "max_kv_cache": 0.056371856456626124,
        "parallel_requests_nb": 3
    },
    "4": {
        "speed_generation": [
            0.5938481370806841,
            68.65976141902055,
            0.37933762528939496
        ],
        "time_to_first_token": [
            0.11418795585632324,
            0.5107691287994385,
            0.010722875595092773
        ],
        "max_kv_cache": 0.07459734388245265,
        "parallel_requests_nb": 4
    },
    "6": {
        "speed_generation": [
            0.4121203730480616,
            61.60219207368384,
            0.7305927318041014
        ],
        "time_to_first_token": [
            0.1218571662902832,
            0.763092041015625,
            0.010333061218261719
        ],
        "max_kv_cache": 0.11175473297541683,
        "parallel_requests_nb": 6
    },
    "8": {
        "speed_generation": [
            0.18154873273816463,
            58.139987020673615,
            0.3197139777971003
        ],
        "time_to_first_token": [
            0.23926782608032227,
            0.9993679523468018,
            0.01737499237060547
        ],
        "max_kv_cache": 0.1490534049166431,
        "parallel_requests_nb": 8
    },
    "10": {
        "speed_generation": [
            0.699458313505076,
            52.71962220990629,
            0.20791818718650745
        ],
        "time_to_first_token": [
            0.3379373550415039,
            1.243393898010254,
            0.018537044525146484
        ],
        "max_kv_cache": 0.18606951116134496,
        "parallel_requests_nb": 10
    },
    "14": {
        "speed_generation": [
            0.06819947919084512,
            44.05445923452399,
            0.15193657493715307
        ],
        "time_to_first_token": [
            0.5352342128753662,
            1.7296500205993652,
            0.03481793403625488
        ],
        "max_kv_cache": 0.2596778751059622,
        "parallel_requests_nb": 14
    },
    "18": {
        "speed_generation": [
            0.09784615306575972,
            38.76556517889583,
            0.1430700084970269
        ],
        "time_to_first_token": [
            0.6152063608169556,
            2.1050708293914795,
            0.13216924667358398
        ],
        "max_kv_cache": 0.3337100875953659,
        "parallel_requests_nb": 18
    },
    "22": {
        "speed_generation": [
            0.24852985973955555,
            35.67818339229305,
            0.1059334444795752
        ],
        "time_to_first_token": [
            0.49372196197509766,
            2.3642959594726562,
            0.3755950927734375
        ],
        "max_kv_cache": 0.40816614862955636,
        "parallel_requests_nb": 22
    },
    "26": {
        "speed_generation": [
            0.1256704969237319,
            31.650484727732646,
            0.14535371898089622
        ],
        "time_to_first_token": [
            0.42201197147369385,
            2.3889060020446777,
            0.8071655035018921
        ],
        "max_kv_cache": 0.4819157954224357,
        "parallel_requests_nb": 26
    },
    "30": {
        "speed_generation": [
            0.018975337254723,
            28.518392657420105,
            0.046678174884540624
        ],
        "time_to_first_token": [
            0.7745969295501709,
            2.8633759021759033,
            0.8399050235748291
        ],
        "max_kv_cache": 0.5566544221531506,
        "parallel_requests_nb": 30
    },
    "34": {
        "speed_generation": [
            0.04839260125677569,
            26.34750426595107,
            0.01413767475684935
        ],
        "time_to_first_token": [
            1.039394497871399,
            2.9986460208892822,
            0.9317874908447266
        ],
        "max_kv_cache": 0.6305453517942922,
        "parallel_requests_nb": 34
    },
    "38": {
        "speed_generation": [
            0.08376227124152535,
            24.447717841383614,
            0.17547723697972373
        ],
        "time_to_first_token": [
            1.3368535041809082,
            3.475261926651001,
            0.7206821441650391
        ],
        "max_kv_cache": 0.703306018649336,
        "parallel_requests_nb": 38
    }
}