{
    "1": {
        "speed_generation": [
            0.7700654251269157,
            83.98602336780769,
            0.8894131198167372
        ],
        "time_to_first_token": [
            0.0018656253814697266,
            0.1441800594329834,
            0.0017116069793701172
        ],
        "max_kv_cache": 0.011302627860977688,
        "parallel_requests_nb": 1
    },
    "2": {
        "speed_generation": [
            0.6649428444214323,
            68.29033806630055,
            0.5342983093046456
        ],
        "time_to_first_token": [
            0.11795711517333984,
            0.2649400234222412,
            0.008862972259521484
        ],
        "max_kv_cache": 0.021757558632382046,
        "parallel_requests_nb": 2
    },
    "3": {
        "speed_generation": [
            0.40409876809366096,
            61.69114743249267,
            0.566701697632304
        ],
        "time_to_first_token": [
            0.12074470520019531,
            0.38773953914642334,
            0.008556246757507324
        ],
        "max_kv_cache": 0.03263633794857301,
        "parallel_requests_nb": 3
    },
    "4": {
        "speed_generation": [
            0.3852557594850978,
            57.855436550409266,
            0.5780489025215871
        ],
        "time_to_first_token": [
            0.23353099822998047,
            0.5102090835571289,
            0.009222984313964844
        ],
        "max_kv_cache": 0.043232551568239574,
        "parallel_requests_nb": 4
    },
    "6": {
        "speed_generation": [
            0.45412499800583106,
            49.17404938682986,
            0.358928871729141
        ],
        "time_to_first_token": [
            0.23093199729919434,
            0.7607290744781494,
            0.009963035583496094
        ],
        "max_kv_cache": 0.06442497880757281,
        "parallel_requests_nb": 6
    },
    "8": {
        "speed_generation": [
            0.24355342206372654,
            43.520699352058486,
            0.3462848887989338
        ],
        "time_to_first_token": [
            0.23456311225891113,
            1.0079660415649414,
            0.014970064163208008
        ],
        "max_kv_cache": 0.08561740604690593,
        "parallel_requests_nb": 8
    },
    "10": {
        "speed_generation": [
            0.2323145018824917,
            37.911490621605594,
            0.2315409211721544
        ],
        "time_to_first_token": [
            0.04675579071044922,
            1.2558209896087646,
            0.016816139221191406
        ],
        "max_kv_cache": 0.10723368183102566,
        "parallel_requests_nb": 10
    },
    "14": {
        "speed_generation": [
            0.15525043263727767,
            30.924148608272358,
            0.2098228955848107
        ],
        "time_to_first_token": [
            0.022502243518829346,
            1.753780484199524,
            0.014924943447113037
        ],
        "max_kv_cache": 0.14947725346142982,
        "parallel_requests_nb": 14
    },
    "18": {
        "speed_generation": [
            0.07145076151364549,
            25.85087335568535,
            0.07830567860779425
        ],
        "time_to_first_token": [
            0.010911226272583008,
            1.8906891345977783,
            0.3229588270187378
        ],
        "max_kv_cache": 0.19200339078835826,
        "parallel_requests_nb": 18
    },
    "22": {
        "speed_generation": [
            0.13858949218073136,
            23.13319608899223,
            0.11921541435529903
        ],
        "time_to_first_token": [
            0.45673668384552,
            2.2987064123153687,
            0.41903769969940186
        ],
        "max_kv_cache": 0.2339643967222379,
        "parallel_requests_nb": 22
    },
    "26": {
        "speed_generation": [
            0.06754966965016251,
            20.046238113479404,
            0.07338501895299032
        ],
        "time_to_first_token": [
            0.47586125135421753,
            2.376775622367859,
            0.8317943811416626
        ],
        "max_kv_cache": 0.27705566544221527,
        "parallel_requests_nb": 26
    },
    "30": {
        "speed_generation": [
            0.08578024741385093,
            17.934337193991198,
            0.054377417310803366
        ],
        "time_to_first_token": [
            0.6969141364097595,
            2.643743395805359,
            1.0589450001716614
        ],
        "max_kv_cache": 0.3187341056795705,
        "parallel_requests_nb": 30
    },
    "34": {
        "speed_generation": [
            0.10287818460334464,
            16.25970121359949,
            0.05735778810750958
        ],
        "time_to_first_token": [
            1.0335547924041748,
            3.0016300678253174,
            1.0556455254554749
        ],
        "max_kv_cache": 0.36111896015823675,
        "parallel_requests_nb": 34
    },
    "38": {
        "speed_generation": [
            0.08113458953560304,
            14.886787514399469,
            0.053570838328777626
        ],
        "time_to_first_token": [
            1.1038639545440674,
            3.2171459197998047,
            1.242579996585846
        ],
        "max_kv_cache": 0.4037863803334275,
        "parallel_requests_nb": 38
    }
}