{
    "1": {
        "speed_generation": [
            0.791708721217816,
            90.73712337526842,
            1.0859034750776857
        ],
        "time_to_first_token": [
            0.00029534101486206055,
            0.021137118339538574,
            0.0007345080375671387
        ],
        "max_kv_cache": 0.001977959875671065,
        "parallel_requests_nb": 1
    },
    "2": {
        "speed_generation": [
            0.7644120562961518,
            89.46856923357662,
            1.2606792766356705
        ],
        "time_to_first_token": [
            0.003396272659301758,
            0.026357173919677734,
            0.008715629577636719
        ],
        "max_kv_cache": 0.0036733540548177235,
        "parallel_requests_nb": 2
    },
    "3": {
        "speed_generation": [
            1.0412307914847219,
            87.8147471341301,
            1.6589441803170075
        ],
        "time_to_first_token": [
            0.007149219512939453,
            0.03342413902282715,
            0.008059382438659668
        ],
        "max_kv_cache": 0.005510031082226585,
        "parallel_requests_nb": 3
    },
    "4": {
        "speed_generation": [
            1.8650893478784383,
            86.12879307383037,
            1.1523566566262957
        ],
        "time_to_first_token": [
            0.005173981189727783,
            0.03115701675415039,
            0.00672382116317749
        ],
        "max_kv_cache": 0.006922859564848838,
        "parallel_requests_nb": 4
    },
    "6": {
        "speed_generation": [
            0.934325354350932,
            79.33895982451313,
            1.1516279049981222
        ],
        "time_to_first_token": [
            0.011276066303253174,
            0.052115559577941895,
            0.008322954177856445
        ],
        "max_kv_cache": 0.010596213619666561,
        "parallel_requests_nb": 6
    },
    "8": {
        "speed_generation": [
            0.9150850003382942,
            76.49044656477372,
            1.2442416507687568
        ],
        "time_to_first_token": [
            0.011270523071289062,
            0.06732702255249023,
            0.007250785827636719
        ],
        "max_kv_cache": 0.013845719129697676,
        "parallel_requests_nb": 8
    },
    "10": {
        "speed_generation": [
            0.8481332953619329,
            70.20433102048925,
            0.8041031618850383
        ],
        "time_to_first_token": [
            0.010462343692779541,
            0.0806969404220581,
            0.0080375075340271
        ],
        "max_kv_cache": 0.017377790336253196,
        "parallel_requests_nb": 10
    },
    "14": {
        "speed_generation": [
            0.834427726800115,
            66.23243096185071,
            0.5918161256935974
        ],
        "time_to_first_token": [
            0.01278597116470337,
            0.11101245880126953,
            0.008649051189422607
        ],
        "max_kv_cache": 0.024018084204577517,
        "parallel_requests_nb": 14
    },
    "18": {
        "speed_generation": [
            0.36678372495285316,
            58.88681783114285,
            0.49180985091327756
        ],
        "time_to_first_token": [
            0.010982096195220947,
            0.14311397075653076,
            0.008836567401885986
        ],
        "max_kv_cache": 0.031082226617688558,
        "parallel_requests_nb": 18
    },
    "22": {
        "speed_generation": [
            0.6315769303551519,
            56.28673639454843,
            0.58148196854021
        ],
        "time_to_first_token": [
            0.016888856887817383,
            0.18107342720031738,
            0.008577823638916016
        ],
        "max_kv_cache": 0.03701610624470186,
        "parallel_requests_nb": 22
    },
    "26": {
        "speed_generation": [
            0.3957080441560663,
            51.493904034486384,
            0.4053662912593623
        ],
        "time_to_first_token": [
            0.011063098907470703,
            0.21424603462219238,
            0.009117841720581055
        ],
        "max_kv_cache": 0.0437976829612885,
        "parallel_requests_nb": 26
    },
    "30": {
        "speed_generation": [
            0.4323333799676874,
            49.757769871606754,
            0.43738615097306877
        ],
        "time_to_first_token": [
            0.015372872352600098,
            0.240728497505188,
            0.009047746658325195
        ],
        "max_kv_cache": 0.05015541113308841,
        "parallel_requests_nb": 30
    },
    "34": {
        "speed_generation": [
            0.19217760210716506,
            45.844723224555096,
            0.4976318530945534
        ],
        "time_to_first_token": [
            0.017590582370758057,
            0.2751859426498413,
            0.008553266525268555
        ],
        "max_kv_cache": 0.05693698784967505,
        "parallel_requests_nb": 34
    },
    "38": {
        "speed_generation": [
            0.45168757941739557,
            44.23543975758106,
            0.35905388368748703
        ],
        "time_to_first_token": [
            0.023221492767333984,
            0.2996230125427246,
            0.012875914573669434
        ],
        "max_kv_cache": 0.06343599886973716,
        "parallel_requests_nb": 38
    }
}