{
    "1": {
        "speed_generation": [
            0.3816991267695471,
            51.5663131267726,
            0.4866078674529035
        ],
        "time_to_first_token": [
            0.001745462417602539,
            0.14374995231628418,
            0.0017745494842529297
        ],
        "max_kv_cache": 0.010313647923142155,
        "parallel_requests_nb": 1
    },
    "2": {
        "speed_generation": [
            0.5434671841549061,
            34.24199414149162,
            0.5842984165025769
        ],
        "time_to_first_token": [
            0.11916697025299072,
            0.26562559604644775,
            0.007259845733642578
        ],
        "max_kv_cache": 0.019920881604973184,
        "parallel_requests_nb": 2
    },
    "3": {
        "speed_generation": [
            0.298875212227113,
            26.769800199725093,
            0.2882180763382962
        ],
        "time_to_first_token": [
            0.12238204479217529,
            0.38779008388519287,
            0.007871925830841064
        ],
        "max_kv_cache": 0.029669398135066416,
        "parallel_requests_nb": 3
    },
    "4": {
        "speed_generation": [
            0.22138750040474875,
            22.092154953845565,
            0.2257669190822078
        ],
        "time_to_first_token": [
            0.15695780515670776,
            0.5118570327758789,
            0.007824182510375977
        ],
        "max_kv_cache": 0.039700480361684054,
        "parallel_requests_nb": 4
    },
    "6": {
        "speed_generation": [
            0.16895033619867306,
            16.178139494518,
            0.14207182916737082
        ],
        "time_to_first_token": [
            0.23525285720825195,
            0.7602379322052002,
            0.009421586990356445
        ],
        "max_kv_cache": 0.05877366487708391,
        "parallel_requests_nb": 6
    },
    "8": {
        "speed_generation": [
            0.10981101338229848,
            12.830278976817866,
            0.14330451596444505
        ],
        "time_to_first_token": [
            0.22846055030822754,
            1.0062940120697021,
            0.016168951988220215
        ],
        "max_kv_cache": 0.07827069793727037,
        "parallel_requests_nb": 8
    },
    "10": {
        "speed_generation": [
            0.0889400863475398,
            10.529550600352747,
            0.1318903737955548
        ],
        "time_to_first_token": [
            0.02118140459060669,
            1.255323886871338,
            0.017970383167266846
        ],
        "max_kv_cache": 0.09734388245267023,
        "parallel_requests_nb": 10
    },
    "14": {
        "speed_generation": [
            0.07277086260442278,
            7.832893574680878,
            0.06504534464138612
        ],
        "time_to_first_token": [
            0.0345187783241272,
            1.7501895427703857,
            0.019293904304504395
        ],
        "max_kv_cache": 0.13605538287651875,
        "parallel_requests_nb": 14
    },
    "18": {
        "speed_generation": [
            0.03287513146956211,
            6.205680410136774,
            0.03515950262447465
        ],
        "time_to_first_token": [
            0.2362568974494934,
            2.115825057029724,
            0.1357022523880005
        ],
        "max_kv_cache": 0.1750494489968918,
        "parallel_requests_nb": 18
    },
    "22": {
        "speed_generation": [
            0.02051127345980852,
            5.173558958084479,
            0.022744906229073436
        ],
        "time_to_first_token": [
            0.019520044326782227,
            1.9144349098205566,
            0.8174744248390198
        ],
        "max_kv_cache": 0.21305453517942918,
        "parallel_requests_nb": 22
    },
    "26": {
        "speed_generation": [
            0.01961396438109375,
            4.410415025607328,
            0.012944639250767054
        ],
        "time_to_first_token": [
            0.3687422275543213,
            2.2827401161193848,
            0.9575924873352051
        ],
        "max_kv_cache": 0.2514834699067533,
        "parallel_requests_nb": 26
    },
    "30": {
        "speed_generation": [
            0.019878451754957727,
            3.85467309142326,
            0.013201677934205236
        ],
        "time_to_first_token": [
            0.6547409892082214,
            2.586133599281311,
            1.1526145339012146
        ],
        "max_kv_cache": 0.2894885560892908,
        "parallel_requests_nb": 30
    },
    "34": {
        "speed_generation": [
            0.014549474591017297,
            3.406388378191037,
            0.012145488194277299
        ],
        "time_to_first_token": [
            0.9560996890068054,
            2.9134825468063354,
            1.0541967749595642
        ],
        "max_kv_cache": 0.32834133936140153,
        "parallel_requests_nb": 34
    },
    "38": {
        "speed_generation": [
            0.014528349721822043,
            3.1032563008989933,
            0.013813035958050612
        ],
        "time_to_first_token": [
            1.2155324816703796,
            3.241026520729065,
            1.1918269991874695
        ],
        "max_kv_cache": 0.3660638598474145,
        "parallel_requests_nb": 38
    }
}