{
    "1": {
        "speed_generation": [
            0.12488474503203761,
            25.679749619159537,
            0.2648769377473741
        ],
        "time_to_first_token": [
            0.006681919097900391,
            0.4423830509185791,
            0.002597808837890625
        ],
        "max_kv_cache": 0.018327605956471982,
        "parallel_requests_nb": 1
    },
    "2": {
        "speed_generation": [
            0.15421307023255793,
            14.825878366973985,
            0.24671748189335574
        ],
        "time_to_first_token": [
            0.3694624900817871,
            0.822070837020874,
            0.0490802526473999
        ],
        "max_kv_cache": 0.03665521191294385,
        "parallel_requests_nb": 2
    },
    "3": {
        "speed_generation": [
            0.07909993643083979,
            10.826260312570131,
            0.11426974321621586
        ],
        "time_to_first_token": [
            0.4086158275604248,
            1.2333166599273682,
            0.02552342414855957
        ],
        "max_kv_cache": 0.054982817869415834,
        "parallel_requests_nb": 3
    },
    "4": {
        "speed_generation": [
            0.061530496822332026,
            8.454823003202456,
            0.0661627712972841
        ],
        "time_to_first_token": [
            0.7677180767059326,
            1.6254751682281494,
            0.027531862258911133
        ],
        "max_kv_cache": 0.0733104238258877,
        "parallel_requests_nb": 4
    },
    "6": {
        "speed_generation": [
            0.056604633136141835,
            5.873234017899183,
            0.04449788800838128
        ],
        "time_to_first_token": [
            1.1335300207138062,
            2.4067931175231934,
            0.040520310401916504
        ],
        "max_kv_cache": 0.10996563573883167,
        "parallel_requests_nb": 6
    },
    "8": {
        "speed_generation": [
            0.08266514149138349,
            4.499836122997334,
            0.030357375096253136
        ],
        "time_to_first_token": [
            0.8044829368591309,
            2.8880178928375244,
            0.3421289920806885
        ],
        "max_kv_cache": 0.14662084765177552,
        "parallel_requests_nb": 8
    },
    "10": {
        "speed_generation": [
            0.06470808337871992,
            3.6254314355347024,
            0.04195367651231585
        ],
        "time_to_first_token": [
            0.11237692832946777,
            2.923969030380249,
            1.0944594144821167
        ],
        "max_kv_cache": 0.18327605956471937,
        "parallel_requests_nb": 10
    },
    "14": {
        "speed_generation": [
            0.02788516942086794,
            2.61769659162021,
            0.05546117975245668
        ],
        "time_to_first_token": [
            1.2951055765151978,
            4.138137102127075,
            1.398103952407837
        ],
        "max_kv_cache": 0.2565864833906071,
        "parallel_requests_nb": 14
    },
    "18": {
        "speed_generation": [
            0.020948142845678586,
            2.0667976533272756,
            0.013568973555180275
        ],
        "time_to_first_token": [
            1.9468541145324707,
            5.175950050354004,
            1.6238999366760254
        ],
        "max_kv_cache": 0.3298969072164949,
        "parallel_requests_nb": 18
    },
    "22": {
        "speed_generation": [
            0.018880093570148526,
            1.7077535997859152,
            0.008751532514007065
        ],
        "time_to_first_token": [
            2.595486879348755,
            5.8525848388671875,
            2.5040817260742188
        ],
        "max_kv_cache": 0.4032073310423826,
        "parallel_requests_nb": 22
    },
    "26": {
        "speed_generation": [
            0.014115047008226078,
            1.4614279601489222,
            0.011394571000253872
        ],
        "time_to_first_token": [
            2.626927375793457,
            6.2633538246154785,
            2.4676401615142822
        ],
        "max_kv_cache": 0.4765177548682703,
        "parallel_requests_nb": 26
    },
    "30": {
        "speed_generation": [
            0.006468053646165206,
            1.2600102950460461,
            0.005115975361003944
        ],
        "time_to_first_token": [
            3.060873508453369,
            7.850872993469238,
            2.869600534439087
        ],
        "max_kv_cache": 0.5498281786941581,
        "parallel_requests_nb": 30
    },
    "34": {
        "speed_generation": [
            0.006658359396061186,
            1.1148972850886136,
            0.003993612665718738
        ],
        "time_to_first_token": [
            2.8310611248016357,
            8.402644157409668,
            2.940471887588501
        ],
        "max_kv_cache": 0.6231386025200458,
        "parallel_requests_nb": 34
    },
    "38": {
        "speed_generation": [
            0.005618028186003876,
            1.004722139246695,
            0.005387664151542904
        ],
        "time_to_first_token": [
            2.898401975631714,
            8.522794008255005,
            4.418170928955078
        ],
        "max_kv_cache": 0.6964490263459335,
        "parallel_requests_nb": 38
    }
}