{
    "1": {
        "speed_generation": [
            0.1772296451237878,
            89.93930530142734,
            0.10074733936595237
        ],
        "time_to_first_token": [
            0.0016333460807800293,
            0.14123797416687012,
            0.0012645125389099121
        ],
        "max_kv_cache": 0.00980813287514315,
        "parallel_requests_nb": 1
    },
    "2": {
        "speed_generation": [
            0.11574313817664006,
            84.45015679768431,
            0.18378683081775193
        ],
        "time_to_first_token": [
            0.08774405717849731,
            0.23001456260681152,
            0.03820067644119263
        ],
        "max_kv_cache": 0.019473081328751474,
        "parallel_requests_nb": 2
    },
    "3": {
        "speed_generation": [
            0.08782381369287862,
            80.7922345110717,
            0.12011708216407158
        ],
        "time_to_first_token": [
            0.11623179912567139,
            0.3376566171646118,
            0.022154510021209717
        ],
        "max_kv_cache": 0.02899484536082475,
        "parallel_requests_nb": 3
    },
    "4": {
        "speed_generation": [
            0.1421572374628255,
            76.56496087251135,
            0.21105842807220654
        ],
        "time_to_first_token": [
            0.18138790130615234,
            0.4371969699859619,
            0.011226177215576172
        ],
        "max_kv_cache": 0.03887457044673537,
        "parallel_requests_nb": 4
    },
    "6": {
        "speed_generation": [
            0.19081103292620583,
            68.47332881358093,
            0.07200458452493308
        ],
        "time_to_first_token": [
            0.3005409240722656,
            0.6244959831237793,
            0.012585997581481934
        ],
        "max_kv_cache": 0.057774914089347096,
        "parallel_requests_nb": 6
    },
    "8": {
        "speed_generation": [
            0.10156979576400715,
            63.33255828634093,
            0.09567626221673464
        ],
        "time_to_first_token": [
            0.29880404472351074,
            0.8113110065460205,
            0.010087013244628906
        ],
        "max_kv_cache": 0.07710481099656352,
        "parallel_requests_nb": 8
    },
    "10": {
        "speed_generation": [
            0.18689357771655324,
            56.12544869011614,
            0.09070759759036662
        ],
        "time_to_first_token": [
            0.037322998046875,
            1.000093936920166,
            0.009408235549926758
        ],
        "max_kv_cache": 0.09664948453608246,
        "parallel_requests_nb": 10
    },
    "14": {
        "speed_generation": [
            0.42767136340899015,
            49.37265836314539,
            0.07361623290827879
        ],
        "time_to_first_token": [
            0.722567081451416,
            1.3662440776824951,
            0.010231971740722656
        ],
        "max_kv_cache": 0.13473654066437568,
        "parallel_requests_nb": 14
    },
    "18": {
        "speed_generation": [
            0.10280869962053885,
            39.05827726677279,
            0.24986341322499328
        ],
        "time_to_first_token": [
            0.06279659271240234,
            1.732330083847046,
            0.013184428215026855
        ],
        "max_kv_cache": 0.17318155784650635,
        "parallel_requests_nb": 18
    },
    "22": {
        "speed_generation": [
            0.1985541163447877,
            36.430628095868876,
            0.0981738760924884
        ],
        "time_to_first_token": [
            0.8441019058227539,
            2.1029930114746094,
            0.00843191146850586
        ],
        "max_kv_cache": 0.21148339060710197,
        "parallel_requests_nb": 22
    },
    "26": {
        "speed_generation": [
            0.1796503736877355,
            33.16207260625091,
            0.13254009524763433
        ],
        "time_to_first_token": [
            1.2070152759552002,
            2.4735169410705566,
            0.015625476837158203
        ],
        "max_kv_cache": 0.24992840778923253,
        "parallel_requests_nb": 26
    },
    "30": {
        "speed_generation": [
            0.18189306678714345,
            29.839156523227278,
            0.1653065681064234
        ],
        "time_to_first_token": [
            0.03211808204650879,
            2.826266050338745,
            0.025948047637939453
        ],
        "max_kv_cache": 0.288516609392898,
        "parallel_requests_nb": 30
    },
    "34": {
        "speed_generation": [
            0.14104031625701907,
            25.68575705075363,
            0.07300219371769145
        ],
        "time_to_first_token": [
            0.12181591987609863,
            2.875309944152832,
            0.24264061450958252
        ],
        "max_kv_cache": 0.327176403207331,
        "parallel_requests_nb": 34
    },
    "38": {
        "speed_generation": [
            0.02183296624505715,
            24.318152021076905,
            0.05573450995217044
        ],
        "time_to_first_token": [
            0.505142092704773,
            3.3151490688323975,
            0.27323639392852783
        ],
        "max_kv_cache": 0.3646191294387171,
        "parallel_requests_nb": 38
    }
}