{
    "1": {
        "speed_generation": [
            0.2851457750582682,
            83.45606635572021,
            0.20832914402423341
        ],
        "time_to_first_token": [
            0.0008862018585205078,
            0.13881945610046387,
            0.0011830329895019531
        ],
        "max_kv_cache": 0.005870561282932396,
        "parallel_requests_nb": 1
    },
    "2": {
        "speed_generation": [
            0.3977347522056789,
            73.89379197956352,
            1.520716990459249
        ],
        "time_to_first_token": [
            0.0867319107055664,
            0.2300119400024414,
            0.03638601303100586
        ],
        "max_kv_cache": 0.011597938144329856,
        "parallel_requests_nb": 2
    },
    "3": {
        "speed_generation": [
            0.2883389861154626,
            68.3267760088957,
            0.3769901897361194
        ],
        "time_to_first_token": [
            0.08805686235427856,
            0.31965088844299316,
            0.038981080055236816
        ],
        "max_kv_cache": 0.01718213058419249,
        "parallel_requests_nb": 3
    },
    "4": {
        "speed_generation": [
            0.26705496344013113,
            64.17065801736227,
            0.3026112667319012
        ],
        "time_to_first_token": [
            0.19318485260009766,
            0.4327239990234375,
            0.013203144073486328
        ],
        "max_kv_cache": 0.022766323024055013,
        "parallel_requests_nb": 4
    },
    "6": {
        "speed_generation": [
            0.2991709795366688,
            54.856046114680794,
            0.3453859779375108
        ],
        "time_to_first_token": [
            0.1863565444946289,
            0.6111660003662109,
            0.023949503898620605
        ],
        "max_kv_cache": 0.034149484536082464,
        "parallel_requests_nb": 6
    },
    "8": {
        "speed_generation": [
            0.21466506059505974,
            48.545970931785014,
            0.25268557359467536
        ],
        "time_to_first_token": [
            0.2812490463256836,
            0.8064830303192139,
            0.016862154006958008
        ],
        "max_kv_cache": 0.045532646048109915,
        "parallel_requests_nb": 8
    },
    "10": {
        "speed_generation": [
            0.19802540026412174,
            42.63491643145338,
            0.3048365872123071
        ],
        "time_to_first_token": [
            0.28042006492614746,
            0.9887609481811523,
            0.021889984607696533
        ],
        "max_kv_cache": 0.05684421534937001,
        "parallel_requests_nb": 10
    },
    "14": {
        "speed_generation": [
            0.1695474424590202,
            35.7561171481575,
            0.21600753462352884
        ],
        "time_to_first_token": [
            0.03289949893951416,
            1.3622419834136963,
            0.02207648754119873
        ],
        "max_kv_cache": 0.07903780068728528,
        "parallel_requests_nb": 14
    },
    "18": {
        "speed_generation": [
            0.17230073708300608,
            28.672973798710174,
            0.1538709730373995
        ],
        "time_to_first_token": [
            0.06581127643585205,
            1.7221890687942505,
            0.028917789459228516
        ],
        "max_kv_cache": 0.10123138602520043,
        "parallel_requests_nb": 18
    },
    "22": {
        "speed_generation": [
            0.12719695003248077,
            25.556620266256253,
            0.15901907016398198
        ],
        "time_to_first_token": [
            0.8385512828826904,
            2.099694013595581,
            0.024818062782287598
        ],
        "max_kv_cache": 0.12385452462772051,
        "parallel_requests_nb": 22
    },
    "26": {
        "speed_generation": [
            0.09027959796490492,
            22.793498249202138,
            0.08628700453502347
        ],
        "time_to_first_token": [
            0.04254728555679321,
            2.4667890071868896,
            0.010424792766571045
        ],
        "max_kv_cache": 0.14583333333333337,
        "parallel_requests_nb": 26
    },
    "30": {
        "speed_generation": [
            0.0960753775869172,
            20.364983571970452,
            0.06471411207053279
        ],
        "time_to_first_token": [
            0.10111618041992188,
            2.832909107208252,
            0.01606041193008423
        ],
        "max_kv_cache": 0.16881443298969068,
        "parallel_requests_nb": 30
    },
    "34": {
        "speed_generation": [
            0.07295502256094721,
            17.673478699027463,
            0.07483826632497426
        ],
        "time_to_first_token": [
            0.34333986043930054,
            3.10726797580719,
            0.09481006860733032
        ],
        "max_kv_cache": 0.190864833906071,
        "parallel_requests_nb": 34
    },
    "38": {
        "speed_generation": [
            0.13732748782496884,
            16.450518218667174,
            0.04679749213135764
        ],
        "time_to_first_token": [
            0.1447373628616333,
            3.1344183683395386,
            0.2871267795562744
        ],
        "max_kv_cache": 0.21291523482245134,
        "parallel_requests_nb": 38
    }
}