{
    "1": {
        "speed_generation": [
            2.4243515405792238,
            94.30347611353366,
            1.4209152187893324
        ],
        "time_to_first_token": [
            0.0019449591636657715,
            0.025449633598327637,
            0.003402233123779297
        ],
        "max_kv_cache": 0.0010022909507445554,
        "parallel_requests_nb": 1
    },
    "2": {
        "speed_generation": [
            2.713844047732934,
            91.25368897174518,
            1.4614990271613095
        ],
        "time_to_first_token": [
            0.0075168609619140625,
            0.035266876220703125,
            0.006916999816894531
        ],
        "max_kv_cache": 0.0019329896907216426,
        "parallel_requests_nb": 2
    },
    "3": {
        "speed_generation": [
            1.3220796219858073,
            88.90809544699314,
            0.5367586260170754
        ],
        "time_to_first_token": [
            0.015583634376525879,
            0.05068206787109375,
            0.008426427841186523
        ],
        "max_kv_cache": 0.0027920962199312616,
        "parallel_requests_nb": 3
    },
    "4": {
        "speed_generation": [
            2.8313712895726724,
            85.50880426277823,
            1.2723598493191162
        ],
        "time_to_first_token": [
            0.017542660236358643,
            0.06218099594116211,
            0.011448085308074951
        ],
        "max_kv_cache": 0.0035796105383734123,
        "parallel_requests_nb": 4
    },
    "6": {
        "speed_generation": [
            0.4923849779295608,
            80.5166651482273,
            0.44230533501507807
        ],
        "time_to_first_token": [
            0.01840728521347046,
            0.09245312213897705,
            0.00872105360031128
        ],
        "max_kv_cache": 0.005584192439862523,
        "parallel_requests_nb": 6
    },
    "8": {
        "speed_generation": [
            1.2988340291839364,
            77.96731890602908,
            0.6574582118103933
        ],
        "time_to_first_token": [
            0.017619013786315918,
            0.10413849353790283,
            0.010737597942352295
        ],
        "max_kv_cache": 0.007087628865979356,
        "parallel_requests_nb": 8
    },
    "10": {
        "speed_generation": [
            0.830648921680563,
            71.26716507071268,
            0.42264413607431095
        ],
        "time_to_first_token": [
            0.016877830028533936,
            0.11637210845947266,
            0.008589625358581543
        ],
        "max_kv_cache": 0.00894902634593353,
        "parallel_requests_nb": 10
    },
    "14": {
        "speed_generation": [
            1.0154625385709153,
            67.417653725816,
            0.414986667115528
        ],
        "time_to_first_token": [
            0.012422144412994385,
            0.13880300521850586,
            0.01002192497253418
        ],
        "max_kv_cache": 0.012170675830469602,
        "parallel_requests_nb": 14
    },
    "18": {
        "speed_generation": [
            1.3131339991735942,
            54.4707041061712,
            1.0915436087918025
        ],
        "time_to_first_token": [
            0.011014759540557861,
            0.16612303256988525,
            0.0098990797996521
        ],
        "max_kv_cache": 0.01553550973654061,
        "parallel_requests_nb": 18
    },
    "22": {
        "speed_generation": [
            0.35351763033647643,
            53.44320314245939,
            0.2484679577813651
        ],
        "time_to_first_token": [
            0.007821083068847656,
            0.18538498878479004,
            0.00981152057647705
        ],
        "max_kv_cache": 0.01925830469644907,
        "parallel_requests_nb": 22
    },
    "26": {
        "speed_generation": [
            0.31424791853469713,
            49.71027193550872,
            0.22559569168472393
        ],
        "time_to_first_token": [
            0.009227275848388672,
            0.20914757251739502,
            0.007933080196380615
        ],
        "max_kv_cache": 0.02240836197021767,
        "parallel_requests_nb": 26
    },
    "30": {
        "speed_generation": [
            0.5575857503715014,
            47.79816596388143,
            0.2396493349669626
        ],
        "time_to_first_token": [
            0.012672781944274902,
            0.22715115547180176,
            0.011212408542633057
        ],
        "max_kv_cache": 0.025844788087056147,
        "parallel_requests_nb": 30
    },
    "34": {
        "speed_generation": [
            0.4714121059352081,
            40.71408070489553,
            0.25637430793901217
        ],
        "time_to_first_token": [
            0.009953022003173828,
            0.24863958358764648,
            0.014329731464385986
        ],
        "max_kv_cache": 0.02942439862542956,
        "parallel_requests_nb": 34
    },
    "38": {
        "speed_generation": [
            0.4437135139796098,
            39.39451351786848,
            0.17044018559207785
        ],
        "time_to_first_token": [
            0.013202846050262451,
            0.2761385440826416,
            0.009315252304077148
        ],
        "max_kv_cache": 0.03264604810996563,
        "parallel_requests_nb": 38
    }
}