{
    "1": {
        "speed_generation": [
            0.21474616549092218,
            66.94308781092222,
            0.18443363452003325
        ],
        "time_to_first_token": [
            0.008556604385375977,
            0.44342613220214844,
            0.002451300621032715
        ],
        "max_kv_cache": 0.018327605956471982,
        "parallel_requests_nb": 1
    },
    "2": {
        "speed_generation": [
            0.43305091627406256,
            50.95788860224117,
            0.8008979525805984
        ],
        "time_to_first_token": [
            0.35619568824768066,
            0.8174221515655518,
            0.038573384284973145
        ],
        "max_kv_cache": 0.03665521191294385,
        "parallel_requests_nb": 2
    },
    "3": {
        "speed_generation": [
            0.1894733202685046,
            42.48215851262685,
            0.18982993403182746
        ],
        "time_to_first_token": [
            0.39360350370407104,
            1.2190905809402466,
            0.03817266225814819
        ],
        "max_kv_cache": 0.054982817869415834,
        "parallel_requests_nb": 3
    },
    "4": {
        "speed_generation": [
            0.19000175430031163,
            35.831769371060645,
            0.16160518291980708
        ],
        "time_to_first_token": [
            0.7510230541229248,
            1.6040279865264893,
            0.045445919036865234
        ],
        "max_kv_cache": 0.0733104238258877,
        "parallel_requests_nb": 4
    },
    "6": {
        "speed_generation": [
            0.13830133374392872,
            27.479457340117733,
            0.10866406858165334
        ],
        "time_to_first_token": [
            1.093984842300415,
            2.3673319816589355,
            0.06407904624938965
        ],
        "max_kv_cache": 0.10996563573883167,
        "parallel_requests_nb": 6
    },
    "8": {
        "speed_generation": [
            0.10540205748160858,
            22.494352518045897,
            0.09557995547702802
        ],
        "time_to_first_token": [
            1.1694440841674805,
            3.1755800247192383,
            0.022447824478149414
        ],
        "max_kv_cache": 0.14662084765177552,
        "parallel_requests_nb": 8
    },
    "10": {
        "speed_generation": [
            0.11794350754640703,
            18.77615017844954,
            0.10491108414521477
        ],
        "time_to_first_token": [
            1.4926295280456543,
            3.5734119415283203,
            0.3879154920578003
        ],
        "max_kv_cache": 0.18327605956471937,
        "parallel_requests_nb": 10
    },
    "14": {
        "speed_generation": [
            0.03947422494969821,
            14.26696833456979,
            0.03004948932097129
        ],
        "time_to_first_token": [
            0.821725606918335,
            3.9703381061553955,
            1.5392049551010132
        ],
        "max_kv_cache": 0.2565864833906071,
        "parallel_requests_nb": 14
    },
    "18": {
        "speed_generation": [
            0.044837139604064546,
            11.003755785944387,
            0.020730258945571123
        ],
        "time_to_first_token": [
            2.3094441890716553,
            5.1477861404418945,
            1.8809564113616943
        ],
        "max_kv_cache": 0.3298969072164949,
        "parallel_requests_nb": 18
    },
    "22": {
        "speed_generation": [
            0.04969243013928448,
            9.352395601603014,
            0.0564949182028478
        ],
        "time_to_first_token": [
            2.213366150856018,
            5.597988128662109,
            2.6520553827285767
        ],
        "max_kv_cache": 0.4032073310423826,
        "parallel_requests_nb": 22
    },
    "26": {
        "speed_generation": [
            0.015776244086415758,
            8.134920134287851,
            0.01389194986106368
        ],
        "time_to_first_token": [
            2.526094436645508,
            5.676766872406006,
            2.6765745878219604
        ],
        "max_kv_cache": 0.4765177548682703,
        "parallel_requests_nb": 26
    },
    "30": {
        "speed_generation": [
            0.04004790416785742,
            7.050325928133312,
            0.015788996284972434
        ],
        "time_to_first_token": [
            3.5185208320617676,
            7.572726011276245,
            3.3645009994506836
        ],
        "max_kv_cache": 0.5498281786941581,
        "parallel_requests_nb": 30
    },
    "34": {
        "speed_generation": [
            0.031475366085945033,
            6.2484214374156775,
            0.01757030643322821
        ],
        "time_to_first_token": [
            3.1558918952941895,
            8.301563024520874,
            2.8119618892669678
        ],
        "max_kv_cache": 0.6231386025200458,
        "parallel_requests_nb": 34
    },
    "38": {
        "speed_generation": [
            0.050385012594595935,
            5.651434983823167,
            0.026729111132480554
        ],
        "time_to_first_token": [
            3.05200457572937,
            8.66988205909729,
            4.738605380058289
        ],
        "max_kv_cache": 0.6964490263459335,
        "parallel_requests_nb": 38
    }
}