{
    "1": {
        "speed_generation": [
            2.4552496431894184,
            87.27332124525589,
            2.6728247255286703
        ],
        "time_to_first_token": [
            0.001906275749206543,
            0.024115562438964844,
            0.0034397244453430176
        ],
        "max_kv_cache": 0.0005011454753722777,
        "parallel_requests_nb": 1
    },
    "2": {
        "speed_generation": [
            2.000934345293828,
            78.14942520837292,
            2.053893882183786
        ],
        "time_to_first_token": [
            0.006877422332763672,
            0.032647013664245605,
            0.007998883724212646
        ],
        "max_kv_cache": 0.0009306987399770872,
        "parallel_requests_nb": 2
    },
    "3": {
        "speed_generation": [
            2.2906819726927523,
            69.68758363193433,
            2.1957537069535675
        ],
        "time_to_first_token": [
            0.012181222438812256,
            0.04335200786590576,
            0.011380374431610107
        ],
        "max_kv_cache": 0.0012886597938144284,
        "parallel_requests_nb": 3
    },
    "4": {
        "speed_generation": [
            1.910461734179897,
            64.6808120814955,
            2.1400225316719315
        ],
        "time_to_first_token": [
            0.0243380069732666,
            0.06609094142913818,
            0.007853329181671143
        ],
        "max_kv_cache": 0.0017182130584192379,
        "parallel_requests_nb": 4
    },
    "6": {
        "speed_generation": [
            1.5049366367769466,
            56.90606228405542,
            1.5348591935125242
        ],
        "time_to_first_token": [
            0.017716050148010254,
            0.09181344509124756,
            0.008763492107391357
        ],
        "max_kv_cache": 0.002362542955326452,
        "parallel_requests_nb": 6
    },
    "8": {
        "speed_generation": [
            1.9292325897310576,
            54.409364865406346,
            1.5374051938154807
        ],
        "time_to_first_token": [
            0.012836039066314697,
            0.10152149200439453,
            0.008941113948822021
        ],
        "max_kv_cache": 0.003221649484536071,
        "parallel_requests_nb": 8
    },
    "10": {
        "speed_generation": [
            1.859714942519119,
            48.40379756093671,
            1.6624057872218927
        ],
        "time_to_first_token": [
            0.016220808029174805,
            0.10841810703277588,
            0.013596057891845703
        ],
        "max_kv_cache": 0.0038659793814432852,
        "parallel_requests_nb": 10
    },
    "14": {
        "speed_generation": [
            1.1994624738544246,
            45.65298753834967,
            1.0967349299447378
        ],
        "time_to_first_token": [
            0.010308027267456055,
            0.1354614496231079,
            0.007898569107055664
        ],
        "max_kv_cache": 0.005154639175257714,
        "parallel_requests_nb": 14
    },
    "18": {
        "speed_generation": [
            1.0065911202254085,
            38.841733977418684,
            0.8277136638770912
        ],
        "time_to_first_token": [
            0.007777273654937744,
            0.15622544288635254,
            0.009682655334472656
        ],
        "max_kv_cache": 0.006658075601374547,
        "parallel_requests_nb": 18
    },
    "22": {
        "speed_generation": [
            0.7922558885542585,
            36.213596382525154,
            0.6057194864898037
        ],
        "time_to_first_token": [
            0.0079001784324646,
            0.1806640625,
            0.007319152355194092
        ],
        "max_kv_cache": 0.007946735395188975,
        "parallel_requests_nb": 22
    },
    "26": {
        "speed_generation": [
            0.8274102636368355,
            32.901598504286696,
            0.607211251331421
        ],
        "time_to_first_token": [
            0.0090864896774292,
            0.2045304775238037,
            0.011094391345977783
        ],
        "max_kv_cache": 0.00937857961053834,
        "parallel_requests_nb": 26
    },
    "30": {
        "speed_generation": [
            0.5812048108473356,
            30.747979644219075,
            0.4661750633436874
        ],
        "time_to_first_token": [
            0.006693780422210693,
            0.22932946681976318,
            0.007316946983337402
        ],
        "max_kv_cache": 0.0105956471935853,
        "parallel_requests_nb": 30
    },
    "34": {
        "speed_generation": [
            0.37444437014137577,
            27.00600291479013,
            0.5819059412054592
        ],
        "time_to_first_token": [
            0.015753865242004395,
            0.25261592864990234,
            0.006659269332885742
        ],
        "max_kv_cache": 0.012027491408934665,
        "parallel_requests_nb": 34
    },
    "38": {
        "speed_generation": [
            0.39602086550908666,
            25.603384237171916,
            0.3638201911882497
        ],
        "time_to_first_token": [
            0.011392533779144287,
            0.2758680582046509,
            0.008463263511657715
        ],
        "max_kv_cache": 0.013387743413516562,
        "parallel_requests_nb": 38
    }
}