{
    "1": {
        "speed_generation": [
            0.08891532505174382,
            84.01395714512321,
            0.15292462040214616
        ],
        "time_to_first_token": [
            0.007100224494934082,
            0.44110095500946045,
            0.0029315948486328125
        ],
        "max_kv_cache": 0.018327605956471982,
        "parallel_requests_nb": 1
    },
    "2": {
        "speed_generation": [
            0.20200068719611863,
            72.97180827089991,
            0.17397246672373967
        ],
        "time_to_first_token": [
            0.3589053153991699,
            0.8115395307540894,
            0.036831676959991455
        ],
        "max_kv_cache": 0.03665521191294385,
        "parallel_requests_nb": 2
    },
    "3": {
        "speed_generation": [
            0.14020842830807112,
            66.78447439448388,
            0.08603782467204724
        ],
        "time_to_first_token": [
            0.4091247320175171,
            1.2368699312210083,
            0.013596534729003906
        ],
        "max_kv_cache": 0.054982817869415834,
        "parallel_requests_nb": 3
    },
    "4": {
        "speed_generation": [
            0.10710376216175632,
            59.90149463805017,
            0.18158453982463385
        ],
        "time_to_first_token": [
            0.7219460010528564,
            1.6122829914093018,
            0.013586997985839844
        ],
        "max_kv_cache": 0.0733104238258877,
        "parallel_requests_nb": 4
    },
    "6": {
        "speed_generation": [
            0.1183417204180941,
            50.170432370793506,
            0.15953842225010817
        ],
        "time_to_first_token": [
            1.1496472358703613,
            2.387564182281494,
            0.028685808181762695
        ],
        "max_kv_cache": 0.10996563573883167,
        "parallel_requests_nb": 6
    },
    "8": {
        "speed_generation": [
            0.13638341054396363,
            43.773133140641754,
            0.05287369555308885
        ],
        "time_to_first_token": [
            1.1599318981170654,
            3.1664609909057617,
            0.03293895721435547
        ],
        "max_kv_cache": 0.14662084765177552,
        "parallel_requests_nb": 8
    },
    "10": {
        "speed_generation": [
            0.03631465920889809,
            37.81119840120887,
            0.09167695259515796
        ],
        "time_to_first_token": [
            0.7775593996047974,
            3.568464994430542,
            0.3673783540725708
        ],
        "max_kv_cache": 0.18327605956471937,
        "parallel_requests_nb": 10
    },
    "14": {
        "speed_generation": [
            0.20820618415315195,
            30.781211275042157,
            0.08715818913629292
        ],
        "time_to_first_token": [
            1.1383979320526123,
            3.9546730518341064,
            1.530390977859497
        ],
        "max_kv_cache": 0.2565864833906071,
        "parallel_requests_nb": 14
    },
    "18": {
        "speed_generation": [
            0.04270070803165993,
            23.312131666532718,
            0.10127021987354112
        ],
        "time_to_first_token": [
            1.9905569553375244,
            5.165730953216553,
            1.5295441150665283
        ],
        "max_kv_cache": 0.3298969072164949,
        "parallel_requests_nb": 18
    },
    "22": {
        "speed_generation": [
            0.06854391257580872,
            20.835464720581605,
            0.03676836989055232
        ],
        "time_to_first_token": [
            2.245911121368408,
            5.656098127365112,
            2.623971939086914
        ],
        "max_kv_cache": 0.4032073310423826,
        "parallel_requests_nb": 22
    },
    "26": {
        "speed_generation": [
            0.03224170929919268,
            18.598844114824708,
            0.032196001345152325
        ],
        "time_to_first_token": [
            2.6439985036849976,
            6.213793039321899,
            2.6949689388275146
        ],
        "max_kv_cache": 0.4765177548682703,
        "parallel_requests_nb": 26
    },
    "30": {
        "speed_generation": [
            0.04405517854965524,
            16.10874970336421,
            0.018056879290153205
        ],
        "time_to_first_token": [
            2.7352120876312256,
            7.910804033279419,
            2.725011110305786
        ],
        "max_kv_cache": 0.5498281786941581,
        "parallel_requests_nb": 30
    },
    "34": {
        "speed_generation": [
            0.03184573157991366,
            14.193467034123069,
            0.014075858444734024
        ],
        "time_to_first_token": [
            2.7335991859436035,
            8.297140121459961,
            2.7175748348236084
        ],
        "max_kv_cache": 0.6231386025200458,
        "parallel_requests_nb": 34
    },
    "38": {
        "speed_generation": [
            0.04071223546797853,
            13.137605088182113,
            0.012476566409755918
        ],
        "time_to_first_token": [
            2.892072319984436,
            8.453077793121338,
            4.904448747634888
        ],
        "max_kv_cache": 0.6964490263459335,
        "parallel_requests_nb": 38
    }
}