{
    "1": {
        "speed_generation": [
            0.15208466440829227,
            93.06941890418457,
            0.18216038050171335
        ],
        "time_to_first_token": [
            0.0014226436614990234,
            0.02528095245361328,
            0.002098262310028076
        ],
        "max_kv_cache": 0.005011454753722777,
        "parallel_requests_nb": 1
    },
    "2": {
        "speed_generation": [
            0.1030323285364716,
            89.70758807875134,
            0.1628178073164861
        ],
        "time_to_first_token": [
            0.006214439868927002,
            0.03467988967895508,
            0.006999790668487549
        ],
        "max_kv_cache": 0.009879725085910618,
        "parallel_requests_nb": 2
    },
    "3": {
        "speed_generation": [
            0.15866292015323324,
            86.62718235988831,
            0.09699592807379531
        ],
        "time_to_first_token": [
            0.00788658857345581,
            0.035552978515625,
            0.007100880146026611
        ],
        "max_kv_cache": 0.01467640320733099,
        "parallel_requests_nb": 3
    },
    "4": {
        "speed_generation": [
            0.24498828557433683,
            84.89110110348203,
            0.21434883937997995
        ],
        "time_to_first_token": [
            0.016606807708740234,
            0.04893994331359863,
            0.010778188705444336
        ],
        "max_kv_cache": 0.019544673539518942,
        "parallel_requests_nb": 4
    },
    "6": {
        "speed_generation": [
            0.2254132348822253,
            79.70625148035307,
            0.16635525440888443
        ],
        "time_to_first_token": [
            0.030396461486816406,
            0.09330201148986816,
            0.007404446601867676
        ],
        "max_kv_cache": 0.029281214203894623,
        "parallel_requests_nb": 6
    },
    "8": {
        "speed_generation": [
            0.2714770396730444,
            76.3521684634273,
            0.12821039494147612
        ],
        "time_to_first_token": [
            0.010242938995361328,
            0.10445594787597656,
            0.010494232177734375
        ],
        "max_kv_cache": 0.039017754868270305,
        "parallel_requests_nb": 8
    },
    "10": {
        "speed_generation": [
            0.17670741451954086,
            69.57114442326338,
            0.09431569440872067
        ],
        "time_to_first_token": [
            0.018257856369018555,
            0.1177828311920166,
            0.014945268630981445
        ],
        "max_kv_cache": 0.04868270332187863,
        "parallel_requests_nb": 10
    },
    "14": {
        "speed_generation": [
            0.32234909801830014,
            64.25060553851917,
            0.115415142148521
        ],
        "time_to_first_token": [
            0.010886192321777344,
            0.14537715911865234,
            0.007027864456176758
        ],
        "max_kv_cache": 0.06815578465062999,
        "parallel_requests_nb": 14
    },
    "18": {
        "speed_generation": [
            0.5028262415504372,
            51.85111765965331,
            0.11915569894941314
        ],
        "time_to_first_token": [
            0.014562368392944336,
            0.17291688919067383,
            0.0076715946197509766
        ],
        "max_kv_cache": 0.08762886597938147,
        "parallel_requests_nb": 18
    },
    "22": {
        "speed_generation": [
            0.47375268997079445,
            49.613876872529474,
            0.20586471984083232
        ],
        "time_to_first_token": [
            0.02180004119873047,
            0.18497109413146973,
            0.029918909072875977
        ],
        "max_kv_cache": 0.10731672394043523,
        "parallel_requests_nb": 22
    },
    "26": {
        "speed_generation": [
            0.15274841806747474,
            45.79705346658504,
            0.6239969287100635
        ],
        "time_to_first_token": [
            0.024309992790222168,
            0.22380304336547852,
            0.012155532836914062
        ],
        "max_kv_cache": 0.12650343642611683,
        "parallel_requests_nb": 26
    },
    "30": {
        "speed_generation": [
            0.13937278043473356,
            43.25713559581659,
            0.33277286264880956
        ],
        "time_to_first_token": [
            0.0348820686340332,
            0.23787403106689453,
            0.02809906005859375
        ],
        "max_kv_cache": 0.1459765177548683,
        "parallel_requests_nb": 30
    },
    "34": {
        "speed_generation": [
            0.11416540903967132,
            36.59783380586652,
            0.30042348776959926
        ],
        "time_to_first_token": [
            0.013000011444091797,
            0.24735307693481445,
            0.023858070373535156
        ],
        "max_kv_cache": 0.16552119129438714,
        "parallel_requests_nb": 34
    },
    "38": {
        "speed_generation": [
            0.17522066424113092,
            35.21317097732453,
            0.1845401373240918
        ],
        "time_to_first_token": [
            0.05070304870605469,
            0.28150296211242676,
            0.045461177825927734
        ],
        "max_kv_cache": 0.18485108820160367,
        "parallel_requests_nb": 38
    }
}