{
    "1": {
        "speed_generation": [
            0.07855457935106358,
            76.31944795688351,
            0.03833887572658057
        ],
        "time_to_first_token": [
            0.0004680156707763672,
            0.09806585311889648,
            0.0005102157592773438
        ],
        "max_kv_cache": 0.00262476501259179,
        "parallel_requests_nb": 1
    },
    "2": {
        "speed_generation": [
            0.32256314300482813,
            72.87542337634696,
            0.2547904689053837
        ],
        "time_to_first_token": [
            0.00648188591003418,
            0.12211990356445312,
            0.030300617218017578
        ],
        "max_kv_cache": 0.005143120632781217,
        "parallel_requests_nb": 2
    },
    "3": {
        "speed_generation": [
            0.39470286931174314,
            69.27695113429778,
            0.2392817649711958
        ],
        "time_to_first_token": [
            0.012972116470336914,
            0.1189960241317749,
            0.03248023986816406
        ],
        "max_kv_cache": 0.007696946050438025,
        "parallel_requests_nb": 3
    },
    "4": {
        "speed_generation": [
            0.546546110820529,
            66.36910565226168,
            0.30461232734441523
        ],
        "time_to_first_token": [
            0.028451919555664062,
            0.14664006233215332,
            0.024377822875976562
        ],
        "max_kv_cache": 0.010286241265562324,
        "parallel_requests_nb": 4
    },
    "6": {
        "speed_generation": [
            0.6962821403720127,
            60.53028166314522,
            0.3691402544386193
        ],
        "time_to_first_token": [
            0.039663076400756836,
            0.16699600219726562,
            0.014185905456542969
        ],
        "max_kv_cache": 0.015322952505941179,
        "parallel_requests_nb": 6
    },
    "8": {
        "speed_generation": [
            0.49783669201067227,
            56.22099388469353,
            0.3826958294295224
        ],
        "time_to_first_token": [
            0.04207420349121094,
            0.16932141780853271,
            0.022248685359954834
        ],
        "max_kv_cache": 0.02028872415138505,
        "parallel_requests_nb": 8
    },
    "10": {
        "speed_generation": [
            0.5115968703175753,
            51.33502065789993,
            0.3904966833138843
        ],
        "time_to_first_token": [
            0.042254865169525146,
            0.17100048065185547,
            0.0162961483001709
        ],
        "max_kv_cache": 0.025148086404426673,
        "parallel_requests_nb": 10
    },
    "14": {
        "speed_generation": [
            0.3042654168055492,
            45.12968780498974,
            0.3217303029903462
        ],
        "time_to_first_token": [
            0.04327434301376343,
            0.16957545280456543,
            0.019862711429595947
        ],
        "max_kv_cache": 0.03500869010037955,
        "parallel_requests_nb": 14
    },
    "18": {
        "speed_generation": [
            0.37305128701305534,
            39.16648218279271,
            0.25326948766291224
        ],
        "time_to_first_token": [
            0.013923585414886475,
            0.18601346015930176,
            0.041531920433044434
        ],
        "max_kv_cache": 0.045011172986202275,
        "parallel_requests_nb": 18
    },
    "22": {
        "speed_generation": [
            0.20720067206563897,
            35.55052510611334,
            0.21640327689227234
        ],
        "time_to_first_token": [
            0.016867637634277344,
            0.19343054294586182,
            0.038240909576416016
        ],
        "max_kv_cache": 0.05458801830241544,
        "parallel_requests_nb": 22
    },
    "26": {
        "speed_generation": [
            0.1759437994885218,
            32.49419221832133,
            0.127326051754153
        ],
        "time_to_first_token": [
            0.0397072434425354,
            0.22504794597625732,
            0.010012567043304443
        ],
        "max_kv_cache": 0.06430674280849857,
        "parallel_requests_nb": 26
    },
    "30": {
        "speed_generation": [
            0.18620616709394966,
            29.39225775621879,
            0.2277349678258389
        ],
        "time_to_first_token": [
            0.03833264112472534,
            0.23107397556304932,
            0.00922173261642456
        ],
        "max_kv_cache": 0.07434469549178879,
        "parallel_requests_nb": 30
    },
    "34": {
        "speed_generation": [
            0.23104458382973903,
            15.316779721104869,
            0.2278235670647728
        ],
        "time_to_first_token": [
            0.13496088981628418,
            0.7044011354446411,
            0.10499030351638794
        ],
        "max_kv_cache": 0.08374419182066473,
        "parallel_requests_nb": 34
    },
    "38": {
        "speed_generation": [
            0.2667372586960539,
            14.207305272257745,
            0.20031981174681945
        ],
        "time_to_first_token": [
            0.2621244192123413,
            1.0133731365203857,
            0.135048508644104
        ],
        "max_kv_cache": 0.09310821835207317,
        "parallel_requests_nb": 38
    }
}