{
    "1": {
        "speed_generation": [
            0.22054032717825578,
            75.14456027113849,
            0.1691486405330238
        ],
        "time_to_first_token": [
            0.0007748007774353027,
            0.029625654220581055,
            0.013314545154571533
        ],
        "max_kv_cache": 0.00021281878480472471,
        "parallel_requests_nb": 1
    },
    "2": {
        "speed_generation": [
            1.0471685498073384,
            73.32807474706269,
            1.0494850449100142
        ],
        "time_to_first_token": [
            0.013731837272644043,
            0.04214060306549072,
            0.0019074082374572754
        ],
        "max_kv_cache": 0.00042563756960944943,
        "parallel_requests_nb": 2
    },
    "3": {
        "speed_generation": [
            0.9398172738956845,
            70.40412927825483,
            0.8759940818349605
        ],
        "time_to_first_token": [
            0.01338207721710205,
            0.04214143753051758,
            0.002041459083557129
        ],
        "max_kv_cache": 0.000602986556946794,
        "parallel_requests_nb": 3
    },
    "4": {
        "speed_generation": [
            1.091047292636901,
            68.13452714254264,
            0.9766251640043322
        ],
        "time_to_first_token": [
            0.013084113597869873,
            0.04198896884918213,
            0.002067387104034424
        ],
        "max_kv_cache": 0.0007448657468165365,
        "parallel_requests_nb": 4
    },
    "6": {
        "speed_generation": [
            1.2498017795731187,
            64.41184349760218,
            1.2088418118310216
        ],
        "time_to_first_token": [
            0.012268424034118652,
            0.04244697093963623,
            0.0023187994956970215
        ],
        "max_kv_cache": 0.0010640939240237346,
        "parallel_requests_nb": 6
    },
    "8": {
        "speed_generation": [
            1.4682303830731769,
            61.9251413800601,
            1.3557507185662843
        ],
        "time_to_first_token": [
            0.009817719459533691,
            0.042792558670043945,
            0.0022230148315429688
        ],
        "max_kv_cache": 0.0013833221012308217,
        "parallel_requests_nb": 8
    },
    "10": {
        "speed_generation": [
            1.5416743871355223,
            58.87005825021707,
            1.3387284168103264
        ],
        "time_to_first_token": [
            0.008104920387268066,
            0.04319047927856445,
            0.0027154088020324707
        ],
        "max_kv_cache": 0.0017025502784379087,
        "parallel_requests_nb": 10
    },
    "14": {
        "speed_generation": [
            1.4076328261540496,
            56.24504855148283,
            1.4530532834469128
        ],
        "time_to_first_token": [
            0.00513768196105957,
            0.04848361015319824,
            0.00998467206954956
        ],
        "max_kv_cache": 0.0022700670379172116,
        "parallel_requests_nb": 14
    },
    "18": {
        "speed_generation": [
            1.337773870533951,
            51.08605494819791,
            1.181613629859207
        ],
        "time_to_first_token": [
            0.004999518394470215,
            0.04858851432800293,
            0.008534252643585205
        ],
        "max_kv_cache": 0.002943993189798877,
        "parallel_requests_nb": 18
    },
    "22": {
        "speed_generation": [
            1.0974188216576621,
            49.25518896117609,
            0.9822763537709562
        ],
        "time_to_first_token": [
            0.01370614767074585,
            0.05930149555206299,
            0.013740956783294678
        ],
        "max_kv_cache": 0.003582449544213051,
        "parallel_requests_nb": 22
    },
    "26": {
        "speed_generation": [
            1.1390172020472917,
            46.1769147306534,
            1.1363426206885734
        ],
        "time_to_first_token": [
            0.013332784175872803,
            0.06490552425384521,
            0.013987183570861816
        ],
        "max_kv_cache": 0.004149966303692354,
        "parallel_requests_nb": 26
    },
    "30": {
        "speed_generation": [
            1.0147842390078097,
            44.243931977347245,
            0.9665775223503914
        ],
        "time_to_first_token": [
            0.012983620166778564,
            0.06952953338623047,
            0.014334619045257568
        ],
        "max_kv_cache": 0.004717483063171657,
        "parallel_requests_nb": 30
    },
    "34": {
        "speed_generation": [
            0.8201205154138833,
            43.144243144738155,
            0.9315060753361237
        ],
        "time_to_first_token": [
            0.014136850833892822,
            0.0791705846786499,
            0.013064444065093994
        ],
        "max_kv_cache": 0.0054978186074557955,
        "parallel_requests_nb": 34
    },
    "38": {
        "speed_generation": [
            1.2046350026474784,
            40.41833414941834,
            1.1762483093985168
        ],
        "time_to_first_token": [
            0.016991138458251953,
            0.08747446537017822,
            0.0168340802192688
        ],
        "max_kv_cache": 0.0060653353669350984,
        "parallel_requests_nb": 38
    }
}