{
    "1": {
        "speed_generation": [
            0.07784197736697251,
            80.59825067248916,
            0.09643641154393379
        ],
        "time_to_first_token": [
            0.0007145404815673828,
            0.030080080032348633,
            0.013362884521484375
        ],
        "max_kv_cache": 0.00046110736707694056,
        "parallel_requests_nb": 1
    },
    "2": {
        "speed_generation": [
            0.17721227334753564,
            80.39620630344002,
            0.15101516946124605
        ],
        "time_to_first_token": [
            0.013839006423950195,
            0.04259991645812988,
            0.0020411014556884766
        ],
        "max_kv_cache": 0.00088674493668639,
        "parallel_requests_nb": 2
    },
    "3": {
        "speed_generation": [
            0.15910188189842245,
            79.1285734358047,
            0.14287992850910314
        ],
        "time_to_first_token": [
            0.012791097164154053,
            0.04234910011291504,
            0.0020574331283569336
        ],
        "max_kv_cache": 0.0013123825062958394,
        "parallel_requests_nb": 3
    },
    "4": {
        "speed_generation": [
            0.18422278348511156,
            78.50661076392869,
            0.13027294341024742
        ],
        "time_to_first_token": [
            0.013114213943481445,
            0.04222607612609863,
            0.002064943313598633
        ],
        "max_kv_cache": 0.0017380200759053999,
        "parallel_requests_nb": 4
    },
    "6": {
        "speed_generation": [
            0.19422090981100837,
            76.79618976925602,
            0.16568175726732193
        ],
        "time_to_first_token": [
            0.01236027479171753,
            0.042572975158691406,
            0.001958012580871582
        ],
        "max_kv_cache": 0.0025183556201894275,
        "parallel_requests_nb": 6
    },
    "8": {
        "speed_generation": [
            0.22652941800419057,
            75.68225377033596,
            0.21523326795117725
        ],
        "time_to_first_token": [
            0.012149214744567871,
            0.042405009269714355,
            0.0019450187683105469
        ],
        "max_kv_cache": 0.003263221367005964,
        "parallel_requests_nb": 8
    },
    "10": {
        "speed_generation": [
            0.22368494127326244,
            73.68952764857141,
            0.26568466602071794
        ],
        "time_to_first_token": [
            0.009805262088775635,
            0.04305458068847656,
            0.0020754337310791016
        ],
        "max_kv_cache": 0.004079026708757483,
        "parallel_requests_nb": 10
    },
    "14": {
        "speed_generation": [
            0.3602043764563092,
            72.18019972377147,
            0.27427626795849847
        ],
        "time_to_first_token": [
            0.0045279860496521,
            0.04696238040924072,
            0.01131749153137207
        ],
        "max_kv_cache": 0.005604227999858158,
        "parallel_requests_nb": 14
    },
    "18": {
        "speed_generation": [
            0.2971657164455479,
            66.70418638388576,
            0.3046188139389159
        ],
        "time_to_first_token": [
            0.006813645362854004,
            0.05035257339477539,
            0.012571990489959717
        ],
        "max_kv_cache": 0.007235838683361084,
        "parallel_requests_nb": 18
    },
    "22": {
        "speed_generation": [
            0.35348249012375277,
            65.36813907464237,
            0.3154003312821345
        ],
        "time_to_first_token": [
            0.01074230670928955,
            0.056257009506225586,
            0.012079060077667236
        ],
        "max_kv_cache": 0.00883197956939663,
        "parallel_requests_nb": 22
    },
    "26": {
        "speed_generation": [
            0.289514072108382,
            63.372515548045,
            0.23790079122858288
        ],
        "time_to_first_token": [
            0.013323962688446045,
            0.06482493877410889,
            0.011505424976348877
        ],
        "max_kv_cache": 0.010428120455432177,
        "parallel_requests_nb": 26
    },
    "30": {
        "speed_generation": [
            0.31091572923966027,
            61.76561343132944,
            0.2822900530292429
        ],
        "time_to_first_token": [
            0.016556620597839355,
            0.06572651863098145,
            0.01603376865386963
        ],
        "max_kv_cache": 0.01184691235413049,
        "parallel_requests_nb": 30
    },
    "34": {
        "speed_generation": [
            0.3176555488744697,
            62.39107705122635,
            0.2899959518398063
        ],
        "time_to_first_token": [
            0.01509106159210205,
            0.08030295372009277,
            0.015530228614807129
        ],
        "max_kv_cache": 0.013478523037633416,
        "parallel_requests_nb": 34
    },
    "38": {
        "speed_generation": [
            0.3673991377957364,
            61.11280420082576,
            0.2602019388427337
        ],
        "time_to_first_token": [
            0.022247016429901123,
            0.09114253520965576,
            0.016491234302520752
        ],
        "max_kv_cache": 0.014861845138864238,
        "parallel_requests_nb": 38
    }
}