{
    "1": {
        "speed_generation": [
            0.06487199623946083,
            80.70199020522469,
            0.03127940697561371
        ],
        "time_to_first_token": [
            0.0005539059638977051,
            0.03060603141784668,
            0.011936306953430176
        ],
        "max_kv_cache": 0.0024474160252544452,
        "parallel_requests_nb": 1
    },
    "2": {
        "speed_generation": [
            0.4644893175535145,
            80.60836973851976,
            0.039457806240449145
        ],
        "time_to_first_token": [
            0.010198891162872314,
            0.042907118797302246,
            0.002071082592010498
        ],
        "max_kv_cache": 0.00485936225304151,
        "parallel_requests_nb": 2
    },
    "3": {
        "speed_generation": [
            0.6906303778938394,
            79.63895550368298,
            0.03647929237675385
        ],
        "time_to_first_token": [
            0.011387825012207031,
            0.04230356216430664,
            0.002112746238708496
        ],
        "max_kv_cache": 0.0072713084808285755,
        "parallel_requests_nb": 3
    },
    "4": {
        "speed_generation": [
            0.1514435653775621,
            79.14836258850471,
            0.037060368488440076
        ],
        "time_to_first_token": [
            0.012134075164794922,
            0.04245400428771973,
            0.0021820068359375
        ],
        "max_kv_cache": 0.00964778491114815,
        "parallel_requests_nb": 4
    },
    "6": {
        "speed_generation": [
            0.12713726406130377,
            77.25207607317171,
            0.05520281084756107
        ],
        "time_to_first_token": [
            0.008867979049682617,
            0.0428919792175293,
            0.0022869110107421875
        ],
        "max_kv_cache": 0.014436207569254789,
        "parallel_requests_nb": 6
    },
    "8": {
        "speed_generation": [
            0.6004193675792777,
            76.33520706442488,
            0.07379674226687882
        ],
        "time_to_first_token": [
            0.005404949188232422,
            0.04911088943481445,
            0.0076100826263427734
        ],
        "max_kv_cache": 0.019153690632426446,
        "parallel_requests_nb": 8
    },
    "10": {
        "speed_generation": [
            0.571819464228966,
            73.85485915367018,
            0.0649080986956676
        ],
        "time_to_first_token": [
            0.004427075386047363,
            0.04747509956359863,
            0.007562994956970215
        ],
        "max_kv_cache": 0.023906643493065705,
        "parallel_requests_nb": 10
    },
    "14": {
        "speed_generation": [
            0.5479669927128157,
            71.73702046944194,
            0.08056101637630775
        ],
        "time_to_first_token": [
            0.009258031845092773,
            0.05479001998901367,
            0.007992029190063477
        ],
        "max_kv_cache": 0.03348348880927887,
        "parallel_requests_nb": 14
    },
    "18": {
        "speed_generation": [
            0.4086451971776057,
            65.74450626992298,
            0.06915767804487416
        ],
        "time_to_first_token": [
            0.009250164031982422,
            0.06129622459411621,
            0.0072602033615112305
        ],
        "max_kv_cache": 0.04295392473308979,
        "parallel_requests_nb": 18
    },
    "22": {
        "speed_generation": [
            0.4355242305642406,
            64.35642613322939,
            0.17824754414493782
        ],
        "time_to_first_token": [
            0.010998964309692383,
            0.07136702537536621,
            0.010169029235839844
        ],
        "max_kv_cache": 0.052424360656900704,
        "parallel_requests_nb": 22
    },
    "26": {
        "speed_generation": [
            0.31249039049615135,
            62.06465336453747,
            0.3496223872620092
        ],
        "time_to_first_token": [
            0.019176959991455078,
            0.08273005485534668,
            0.012232065200805664
        ],
        "max_kv_cache": 0.06196573617564649,
        "parallel_requests_nb": 26
    },
    "30": {
        "speed_generation": [
            0.3896672247607782,
            59.73198528365128,
            0.30228379607932965
        ],
        "time_to_first_token": [
            0.0165250301361084,
            0.09015798568725586,
            0.010964632034301758
        ],
        "max_kv_cache": 0.07175540027666438,
        "parallel_requests_nb": 30
    },
    "34": {
        "speed_generation": [
            0.17676727199719977,
            50.11852504130201,
            0.20528974240306752
        ],
        "time_to_first_token": [
            0.021004915237426758,
            0.12275290489196777,
            0.02125406265258789
        ],
        "max_kv_cache": 0.08140318518781253,
        "parallel_requests_nb": 34
    },
    "38": {
        "speed_generation": [
            0.15850213766191246,
            38.26181816341803,
            0.15238423449179095
        ],
        "time_to_first_token": [
            0.021117091178894043,
            0.12785005569458008,
            0.022103428840637207
        ],
        "max_kv_cache": 0.0910155003014933,
        "parallel_requests_nb": 38
    }
}