{
    "1": {
        "speed_generation": [
            0.11523398854487255,
            76.3406617665083,
            0.0798292443336095
        ],
        "time_to_first_token": [
            0.005008041858673096,
            0.3817955255508423,
            0.0065765380859375
        ],
        "max_kv_cache": 0.011243925797183696,
        "parallel_requests_nb": 1
    },
    "2": {
        "speed_generation": [
            0.4683746370473898,
            72.64496603826973,
            0.08507604999518037
        ],
        "time_to_first_token": [
            0.005807459354400635,
            0.4382580518722534,
            0.0492396354675293
        ],
        "max_kv_cache": 0.02234597240449754,
        "parallel_requests_nb": 2
    },
    "3": {
        "speed_generation": [
            0.4900912678638747,
            68.15706538204918,
            0.04823209321752131
        ],
        "time_to_first_token": [
            0.01904076337814331,
            0.46165549755096436,
            0.036098361015319824
        ],
        "max_kv_cache": 0.03337707941687651,
        "parallel_requests_nb": 3
    },
    "4": {
        "speed_generation": [
            0.30433267728353997,
            65.71977087480475,
            0.1065303858252662
        ],
        "time_to_first_token": [
            0.04305005073547363,
            0.49570202827453613,
            0.04612302780151367
        ],
        "max_kv_cache": 0.04440818642925548,
        "parallel_requests_nb": 4
    },
    "6": {
        "speed_generation": [
            0.23006186194675848,
            58.70745960841348,
            0.11826004945333324
        ],
        "time_to_first_token": [
            0.04154503345489502,
            0.5020029544830322,
            0.01583993434906006
        ],
        "max_kv_cache": 0.06657680984641579,
        "parallel_requests_nb": 6
    },
    "8": {
        "speed_generation": [
            0.3999909675305844,
            55.05782917468852,
            0.09279978514133802
        ],
        "time_to_first_token": [
            0.04211902618408203,
            0.5148780345916748,
            0.04906672239303589
        ],
        "max_kv_cache": 0.08856808427623875,
        "parallel_requests_nb": 8
    },
    "10": {
        "speed_generation": [
            0.09652965731219076,
            14.16209489439501,
            0.12579967077219578
        ],
        "time_to_first_token": [
            0.09814810752868652,
            0.815467119216919,
            0.20477700233459473
        ],
        "max_kv_cache": 0.10984996275671266,
        "parallel_requests_nb": 10
    },
    "14": {
        "speed_generation": [
            0.03679900207392173,
            13.694418808929093,
            0.0643447574300069
        ],
        "time_to_first_token": [
            0.11340165138244629,
            1.009268045425415,
            0.3122020959854126
        ],
        "max_kv_cache": 0.15390345121129356,
        "parallel_requests_nb": 14
    },
    "18": {
        "speed_generation": [
            0.060911788230660235,
            13.369954657827117,
            0.02201107924080148
        ],
        "time_to_first_token": [
            0.04588603973388672,
            1.0296740531921387,
            0.05791497230529785
        ],
        "max_kv_cache": 0.19742489270386265,
        "parallel_requests_nb": 18
    },
    "22": {
        "speed_generation": [
            0.04733877423976551,
            13.375509004277486,
            0.02790019030620705
        ],
        "time_to_first_token": [
            0.07830548286437988,
            0.9757239818572998,
            0.24445903301239014
        ],
        "max_kv_cache": 0.2396339516901359,
        "parallel_requests_nb": 22
    },
    "26": {
        "speed_generation": [
            0.04236564380704699,
            13.167136630745658,
            0.03084657345728381
        ],
        "time_to_first_token": [
            0.16177117824554443,
            1.0730371475219727,
            0.1405707597732544
        ],
        "max_kv_cache": 0.2821977086510836,
        "parallel_requests_nb": 26
    },
    "30": {
        "speed_generation": [
            0.0532541948683658,
            13.074357420043675,
            0.057004632805780275
        ],
        "time_to_first_token": [
            0.06772541999816895,
            0.977942943572998,
            0.23752963542938232
        ],
        "max_kv_cache": 0.32500975419430356,
        "parallel_requests_nb": 30
    },
    "34": {
        "speed_generation": [
            0.09182864598748708,
            12.944411736910155,
            0.026780818777549342
        ],
        "time_to_first_token": [
            0.10215234756469727,
            1.02992582321167,
            0.4677391052246094
        ],
        "max_kv_cache": 0.3663320682438903,
        "parallel_requests_nb": 34
    },
    "38": {
        "speed_generation": [
            0.03416388032812456,
            12.733835155213617,
            0.05258200447719297
        ],
        "time_to_first_token": [
            0.026005029678344727,
            1.0024080276489258,
            0.6351934671401978
        ],
        "max_kv_cache": 0.4084701876352286,
        "parallel_requests_nb": 38
    }
}