{
    "1": {
        "speed_generation": [
            0.1170113553036316,
            64.06460983743962,
            0.26717948125113367
        ],
        "time_to_first_token": [
            0.007112979888916016,
            0.3817009925842285,
            0.004519939422607422
        ],
        "max_kv_cache": 0.009293086936473571,
        "parallel_requests_nb": 1
    },
    "2": {
        "speed_generation": [
            0.1765962047268843,
            54.569745926410505,
            0.19160138251459102
        ],
        "time_to_first_token": [
            0.007461667060852051,
            0.43557214736938477,
            0.0231478214263916
        ],
        "max_kv_cache": 0.01847976448054478,
        "parallel_requests_nb": 2
    },
    "3": {
        "speed_generation": [
            0.26385301514753934,
            47.35477306229188,
            0.17543973922902723
        ],
        "time_to_first_token": [
            0.01912713050842285,
            0.45694398880004883,
            0.04297018051147461
        ],
        "max_kv_cache": 0.027489093037278756,
        "parallel_requests_nb": 3
    },
    "4": {
        "speed_generation": [
            0.24623882287860255,
            42.35253942435134,
            0.18583172652567725
        ],
        "time_to_first_token": [
            0.04642820358276367,
            0.48932409286499023,
            0.01611804962158203
        ],
        "max_kv_cache": 0.036711240378817456,
        "parallel_requests_nb": 4
    },
    "6": {
        "speed_generation": [
            0.2309251328290003,
            34.29693491827956,
            0.16207848898623212
        ],
        "time_to_first_token": [
            0.02524566650390625,
            0.5005238056182861,
            0.035561323165893555
        ],
        "max_kv_cache": 0.05476536728975279,
        "parallel_requests_nb": 6
    },
    "8": {
        "speed_generation": [
            0.23098066738294776,
            29.104772503439335,
            0.13109438289576048
        ],
        "time_to_first_token": [
            0.0242002010345459,
            0.5099570751190186,
            0.025825023651123047
        ],
        "max_kv_cache": 0.07274855460575325,
        "parallel_requests_nb": 8
    },
    "10": {
        "speed_generation": [
            0.28055592632108883,
            13.786436097921612,
            0.2931536130011878
        ],
        "time_to_first_token": [
            0.05410146713256836,
            0.7607979774475098,
            0.037672996520996094
        ],
        "max_kv_cache": 0.09062533252935123,
        "parallel_requests_nb": 10
    },
    "14": {
        "speed_generation": [
            0.3246071453286117,
            11.964380272807999,
            0.12290501553680677
        ],
        "time_to_first_token": [
            0.09856903553009033,
            0.9879240989685059,
            0.26544189453125
        ],
        "max_kv_cache": 0.12623700918667757,
        "parallel_requests_nb": 14
    },
    "18": {
        "speed_generation": [
            0.07976579035947928,
            11.310932512716429,
            0.03326639487148597
        ],
        "time_to_first_token": [
            0.02120792865753174,
            1.3039309978485107,
            0.06626653671264648
        ],
        "max_kv_cache": 0.16117475969212214,
        "parallel_requests_nb": 18
    },
    "22": {
        "speed_generation": [
            0.036727280647745886,
            9.22120453318983,
            0.05378341413845611
        ],
        "time_to_first_token": [
            0.04600405693054199,
            3.835463047027588,
            0.04767739772796631
        ],
        "max_kv_cache": 0.16103288050225228,
        "parallel_requests_nb": 22
    },
    "26": {
        "speed_generation": [
            0.045808707632235546,
            7.772009550433868,
            0.04693882544295125
        ],
        "time_to_first_token": [
            0.07965588569641113,
            6.386357069015503,
            0.060185909271240234
        ],
        "max_kv_cache": 0.16106835029971978,
        "parallel_requests_nb": 26
    },
    "30": {
        "speed_generation": [
            0.03306720949687669,
            6.735298829401097,
            0.018200144280186237
        ],
        "time_to_first_token": [
            0.03981661796569824,
            8.92424750328064,
            0.05866330862045288
        ],
        "max_kv_cache": 0.16103288050225228,
        "parallel_requests_nb": 30
    },
    "34": {
        "speed_generation": [
            0.028707984110738494,
            5.933985110825801,
            0.0259249787984972
        ],
        "time_to_first_token": [
            0.08910608291625977,
            11.481764078140259,
            0.05682492256164551
        ],
        "max_kv_cache": 0.16121022948958963,
        "parallel_requests_nb": 34
    },
    "38": {
        "speed_generation": [
            0.018572532817177745,
            5.3096979600497205,
            0.023469042983264465
        ],
        "time_to_first_token": [
            0.058813512325286865,
            13.998266577720642,
            0.08169823884963989
        ],
        "max_kv_cache": 0.16124569928705712,
        "parallel_requests_nb": 38
    }
}