{
    "1": {
        "speed_generation": [
            0.24932376574665227,
            79.73702984025027,
            0.04511580180344765
        ],
        "time_to_first_token": [
            0.0007075071334838867,
            0.09885096549987793,
            0.000676274299621582
        ],
        "max_kv_cache": 0.004575603873301914,
        "parallel_requests_nb": 1
    },
    "2": {
        "speed_generation": [
            0.36353282351758764,
            78.4133010586678,
            0.07156509916318043
        ],
        "time_to_first_token": [
            0.02196669578552246,
            0.14323711395263672,
            0.014674365520477295
        ],
        "max_kv_cache": 0.009115737949136338,
        "parallel_requests_nb": 2
    },
    "3": {
        "speed_generation": [
            0.3811926613233396,
            76.553163145533,
            0.10018262090706287
        ],
        "time_to_first_token": [
            0.030922889709472656,
            0.15841102600097656,
            0.015523910522460938
        ],
        "max_kv_cache": 0.013691341822438141,
        "parallel_requests_nb": 3
    },
    "4": {
        "speed_generation": [
            0.3329463394005927,
            75.37166138727592,
            0.17850537845397696
        ],
        "time_to_first_token": [
            0.03682899475097656,
            0.16627717018127441,
            0.01405191421508789
        ],
        "max_kv_cache": 0.018160536303337693,
        "parallel_requests_nb": 4
    },
    "6": {
        "speed_generation": [
            0.4492352791193781,
            71.81932521425983,
            0.08887402028285862
        ],
        "time_to_first_token": [
            0.024040937423706055,
            0.17505788803100586,
            0.030392169952392578
        ],
        "max_kv_cache": 0.02716986486007167,
        "parallel_requests_nb": 6
    },
    "8": {
        "speed_generation": [
            0.4447859935776677,
            69.890411748461,
            0.1602106254769211
        ],
        "time_to_first_token": [
            0.012213945388793945,
            0.18112587928771973,
            0.03800010681152344
        ],
        "max_kv_cache": 0.03610825382187066,
        "parallel_requests_nb": 8
    },
    "10": {
        "speed_generation": [
            0.31469550942210844,
            65.88566371038485,
            0.23224403647660097
        ],
        "time_to_first_token": [
            0.021593332290649414,
            0.17772388458251953,
            0.04242813587188721
        ],
        "max_kv_cache": 0.045082112581137146,
        "parallel_requests_nb": 10
    },
    "14": {
        "speed_generation": [
            0.34763110361414107,
            62.16146954711746,
            0.1514395386134666
        ],
        "time_to_first_token": [
            0.024317026138305664,
            0.18089699745178223,
            0.04271697998046875
        ],
        "max_kv_cache": 0.0627815415173979,
        "parallel_requests_nb": 14
    },
    "18": {
        "speed_generation": [
            0.3589551117038141,
            55.62670037191168,
            0.12320274972504563
        ],
        "time_to_first_token": [
            0.03857827186584473,
            0.22319912910461426,
            0.010866880416870117
        ],
        "max_kv_cache": 0.08087113822580072,
        "parallel_requests_nb": 18
    },
    "22": {
        "speed_generation": [
            0.24628414371771612,
            53.10971359574381,
            0.34789778125556836
        ],
        "time_to_first_token": [
            0.04080331325531006,
            0.23055481910705566,
            0.010346651077270508
        ],
        "max_kv_cache": 0.09839321817472424,
        "parallel_requests_nb": 22
    },
    "26": {
        "speed_generation": [
            0.2924744999370219,
            50.43159376592181,
            0.14327787949324033
        ],
        "time_to_first_token": [
            0.04119086265563965,
            0.23119783401489258,
            0.012362957000732422
        ],
        "max_kv_cache": 0.1160571773135175,
        "parallel_requests_nb": 26
    },
    "30": {
        "speed_generation": [
            0.38012685024859394,
            45.964975342465756,
            0.11226198372575169
        ],
        "time_to_first_token": [
            0.039348721504211426,
            0.2399611473083496,
            0.009712815284729004
        ],
        "max_kv_cache": 0.13368566665484338,
        "parallel_requests_nb": 30
    },
    "34": {
        "speed_generation": [
            0.06772109223066991,
            13.474003511424208,
            0.10333150710373218
        ],
        "time_to_first_token": [
            0.6651499271392822,
            1.155683994293213,
            0.8247765302658081
        ],
        "max_kv_cache": 0.15095945802149469,
        "parallel_requests_nb": 34
    },
    "38": {
        "speed_generation": [
            0.09879803528167663,
            13.205922126645499,
            0.18625325432758721
        ],
        "time_to_first_token": [
            0.41032397747039795,
            1.3081700801849365,
            0.8991403579711914
        ],
        "max_kv_cache": 0.16841059837548322,
        "parallel_requests_nb": 38
    }
}