{
    "1": {
        "speed_generation": [
            0.23236618256171937,
            56.26483066246897,
            0.16525950455579164
        ],
        "time_to_first_token": [
            0.0005635619163513184,
            0.09619343280792236,
            0.0007112026214599609
        ],
        "max_kv_cache": 0.002376476430319574,
        "parallel_requests_nb": 1
    },
    "2": {
        "speed_generation": [
            1.0580770120025846,
            45.21165933900714,
            0.6667832919507077
        ],
        "time_to_first_token": [
            0.005789756774902344,
            0.1189570426940918,
            0.031737446784973145
        ],
        "max_kv_cache": 0.004682013265704277,
        "parallel_requests_nb": 2
    },
    "3": {
        "speed_generation": [
            1.0233022305062605,
            37.83679097661637,
            0.5890701436303374
        ],
        "time_to_first_token": [
            0.014071345329284668,
            0.12833356857299805,
            0.03337198495864868
        ],
        "max_kv_cache": 0.0069875501010888685,
        "parallel_requests_nb": 3
    },
    "4": {
        "speed_generation": [
            0.9745854846565685,
            32.50119817606965,
            0.5669420225789281
        ],
        "time_to_first_token": [
            0.03618508577346802,
            0.15516388416290283,
            0.01677185297012329
        ],
        "max_kv_cache": 0.009293086936473571,
        "parallel_requests_nb": 4
    },
    "6": {
        "speed_generation": [
            0.8623406373038769,
            25.31955677732726,
            0.5224981298117406
        ],
        "time_to_first_token": [
            0.03989607095718384,
            0.1629544496536255,
            0.014801621437072754
        ],
        "max_kv_cache": 0.013868690809775486,
        "parallel_requests_nb": 6
    },
    "8": {
        "speed_generation": [
            0.5557036186828626,
            20.7223280781797,
            0.48439608550868485
        ],
        "time_to_first_token": [
            0.023201584815979004,
            0.1729365587234497,
            0.03004556894302368
        ],
        "max_kv_cache": 0.01840882488560991,
        "parallel_requests_nb": 8
    },
    "10": {
        "speed_generation": [
            0.11157132399584668,
            17.37849453478987,
            0.12418339995822691
        ],
        "time_to_first_token": [
            0.0060384273529052734,
            0.22079741954803467,
            0.005711197853088379
        ],
        "max_kv_cache": 0.022736140176639608,
        "parallel_requests_nb": 10
    },
    "14": {
        "speed_generation": [
            0.06089901408866716,
            12.381672693693632,
            0.056897090344156354
        ],
        "time_to_first_token": [
            0.005661129951477051,
            0.5929129123687744,
            0.005831360816955566
        ],
        "max_kv_cache": 0.022700670379172116,
        "parallel_requests_nb": 14
    },
    "18": {
        "speed_generation": [
            0.041004726742652764,
            9.6148994938331,
            0.04389769304577129
        ],
        "time_to_first_token": [
            0.006928145885467529,
            0.9647045135498047,
            0.006564974784851074
        ],
        "max_kv_cache": 0.022665200581704625,
        "parallel_requests_nb": 18
    },
    "22": {
        "speed_generation": [
            0.02522856339313506,
            7.858336306733801,
            0.03051818486520297
        ],
        "time_to_first_token": [
            0.00751417875289917,
            1.3369780778884888,
            0.006048023700714111
        ],
        "max_kv_cache": 0.022665200581704625,
        "parallel_requests_nb": 22
    },
    "26": {
        "speed_generation": [
            0.021295117911485306,
            6.642256612234265,
            0.05984218342774117
        ],
        "time_to_first_token": [
            0.015860140323638916,
            1.7092524766921997,
            0.007164597511291504
        ],
        "max_kv_cache": 0.022665200581704625,
        "parallel_requests_nb": 26
    },
    "30": {
        "speed_generation": [
            0.014365866421502282,
            5.748944792004693,
            0.07704738713063275
        ],
        "time_to_first_token": [
            0.03550863265991211,
            2.08273184299469,
            0.0068086981773376465
        ],
        "max_kv_cache": 0.022665200581704625,
        "parallel_requests_nb": 30
    },
    "34": {
        "speed_generation": [
            0.01301690991691018,
            5.071172285439053,
            0.058048296794644294
        ],
        "time_to_first_token": [
            0.034410953521728516,
            2.4547290802001953,
            0.007846713066101074
        ],
        "max_kv_cache": 0.022700670379172116,
        "parallel_requests_nb": 34
    },
    "38": {
        "speed_generation": [
            0.013917815848611959,
            4.536827531622451,
            0.04741203034568908
        ],
        "time_to_first_token": [
            0.035965144634246826,
            2.8267730474472046,
            0.009876251220703125
        ],
        "max_kv_cache": 0.022629730784237245,
        "parallel_requests_nb": 38
    }
}