{
    "1": {
        "speed_generation": [
            0.3415520393908622,
            92.0393815305134,
            0.27886302229106263
        ],
        "time_to_first_token": [
            0.0015801787376403809,
            0.025322556495666504,
            0.0015384554862976074
        ],
        "max_kv_cache": 0.0009308320206214971,
        "parallel_requests_nb": 1
    },
    "2": {
        "speed_generation": [
            0.44786025803880136,
            90.53864762773024,
            0.5522992841889192
        ],
        "time_to_first_token": [
            0.008749008178710938,
            0.03828907012939453,
            0.00521397590637207
        ],
        "max_kv_cache": 0.0019332665043677588,
        "parallel_requests_nb": 2
    },
    "3": {
        "speed_generation": [
            0.484916133444969,
            88.99971138593271,
            0.40037007595854845
        ],
        "time_to_first_token": [
            0.012209177017211914,
            0.04958701133728027,
            0.008966922760009766
        ],
        "max_kv_cache": 0.002792496061864491,
        "parallel_requests_nb": 3
    },
    "4": {
        "speed_generation": [
            0.44978239683814536,
            87.08259637308666,
            0.5104057921391103
        ],
        "time_to_first_token": [
            0.017245054244995117,
            0.06337618827819824,
            0.009041786193847656
        ],
        "max_kv_cache": 0.0036517256193613346,
        "parallel_requests_nb": 4
    },
    "6": {
        "speed_generation": [
            0.45537938318599913,
            80.56202175217413,
            0.47901147688610024
        ],
        "time_to_first_token": [
            0.02498084306716919,
            0.09246945381164551,
            0.009532392024993896
        ],
        "max_kv_cache": 0.00537018473435491,
        "parallel_requests_nb": 6
    },
    "8": {
        "speed_generation": [
            0.6947923601790507,
            78.15196647298507,
            0.5152158853618545
        ],
        "time_to_first_token": [
            0.017589032649993896,
            0.10273945331573486,
            0.01185542345046997
        ],
        "max_kv_cache": 0.007088643849348375,
        "parallel_requests_nb": 8
    },
    "10": {
        "speed_generation": [
            0.593585559600939,
            71.37398131280227,
            0.4131562246939495
        ],
        "time_to_first_token": [
            0.02048438787460327,
            0.1162489652633667,
            0.009737610816955566
        ],
        "max_kv_cache": 0.008735500501217297,
        "parallel_requests_nb": 10
    },
    "14": {
        "speed_generation": [
            0.6705598937265336,
            67.85630544620616,
            0.4733750612845995
        ],
        "time_to_first_token": [
            0.013649463653564453,
            0.1339881420135498,
            0.012026071548461914
        ],
        "max_kv_cache": 0.012172418731204337,
        "parallel_requests_nb": 14
    },
    "18": {
        "speed_generation": [
            0.5376518604224003,
            55.95528045990264,
            0.2658930156620656
        ],
        "time_to_first_token": [
            0.01282268762588501,
            0.15843355655670166,
            0.010582566261291504
        ],
        "max_kv_cache": 0.015895746813690437,
        "parallel_requests_nb": 18
    },
    "22": {
        "speed_generation": [
            0.36423352949126553,
            53.64385157384426,
            0.3383590250615214
        ],
        "time_to_first_token": [
            0.01240527629852295,
            0.18021893501281738,
            0.010097503662109375
        ],
        "max_kv_cache": 0.019261062580552823,
        "parallel_requests_nb": 22
    },
    "26": {
        "speed_generation": [
            0.48620967359691747,
            49.84742158518641,
            0.2935228533730765
        ],
        "time_to_first_token": [
            0.009843170642852783,
            0.19992542266845703,
            0.010505974292755127
        ],
        "max_kv_cache": 0.022268366031791498,
        "parallel_requests_nb": 26
    },
    "30": {
        "speed_generation": [
            0.5983762994887911,
            47.82143582751601,
            0.4337912628644318
        ],
        "time_to_first_token": [
            0.012881994247436523,
            0.22402167320251465,
            0.010654628276824951
        ],
        "max_kv_cache": 0.025633681798653885,
        "parallel_requests_nb": 30
    },
    "34": {
        "speed_generation": [
            0.3025512275337263,
            41.032333765631904,
            0.2401691335001317
        ],
        "time_to_first_token": [
            0.013171672821044922,
            0.24795889854431152,
            0.012231707572937012
        ],
        "max_kv_cache": 0.02914220249176569,
        "parallel_requests_nb": 34
    },
    "38": {
        "speed_generation": [
            0.5509288959463916,
            39.494178823632694,
            0.3539700544645683
        ],
        "time_to_first_token": [
            0.013760268688201904,
            0.2671900987625122,
            0.014168500900268555
        ],
        "max_kv_cache": 0.03229271086925389,
        "parallel_requests_nb": 38
    }
}