{
    "1": {
        "speed_generation": [
            0.19030232622451138,
            51.526640975851706,
            0.27995372698678267
        ],
        "time_to_first_token": [
            0.0009016990661621094,
            0.13976383209228516,
            0.0009191036224365234
        ],
        "max_kv_cache": 0.005441787197479564,
        "parallel_requests_nb": 1
    },
    "2": {
        "speed_generation": [
            0.8723745403293179,
            36.18509764949225,
            3.0945146109279733
        ],
        "time_to_first_token": [
            0.08693563938140869,
            0.23105788230895996,
            0.032820820808410645
        ],
        "max_kv_cache": 0.010597164542460291,
        "parallel_requests_nb": 2
    },
    "3": {
        "speed_generation": [
            0.4136070292546705,
            29.341088391434056,
            0.6392054612290643
        ],
        "time_to_first_token": [
            0.08788114786148071,
            0.3192859888076782,
            0.03885835409164429
        ],
        "max_kv_cache": 0.015824144350565672,
        "parallel_requests_nb": 3
    },
    "4": {
        "speed_generation": [
            0.31073210768639825,
            25.093279345207865,
            0.3533433666108934
        ],
        "time_to_first_token": [
            0.19654834270477295,
            0.43448400497436523,
            0.011257767677307129
        ],
        "max_kv_cache": 0.02083631676929687,
        "parallel_requests_nb": 4
    },
    "6": {
        "speed_generation": [
            0.22031328493620705,
            19.050649047398576,
            0.20328330356381485
        ],
        "time_to_first_token": [
            0.20686155557632446,
            0.6211448907852173,
            0.010126948356628418
        ],
        "max_kv_cache": 0.031218673922382978,
        "parallel_requests_nb": 6
    },
    "8": {
        "speed_generation": [
            0.15946287226313238,
            15.381826675409783,
            0.19929029424851663
        ],
        "time_to_first_token": [
            0.19254040718078613,
            0.8037915229797363,
            0.015851497650146484
        ],
        "max_kv_cache": 0.041601031075468975,
        "parallel_requests_nb": 8
    },
    "10": {
        "speed_generation": [
            0.178910134935224,
            12.886044519938384,
            0.20557722124582156
        ],
        "time_to_first_token": [
            0.02524709701538086,
            0.9863814115524292,
            0.019495487213134766
        ],
        "max_kv_cache": 0.05155377344980672,
        "parallel_requests_nb": 10
    },
    "14": {
        "speed_generation": [
            0.14809372419419908,
            9.836414477568743,
            0.08083384830258034
        ],
        "time_to_first_token": [
            0.010545551776885986,
            1.3575375080108643,
            0.022007346153259277
        ],
        "max_kv_cache": 0.07196047544035511,
        "parallel_requests_nb": 14
    },
    "18": {
        "speed_generation": [
            0.06902327670651864,
            7.761798169170252,
            0.0627405468940525
        ],
        "time_to_first_token": [
            0.015912652015686035,
            1.7270945310592651,
            0.02079242467880249
        ],
        "max_kv_cache": 0.09208076757840467,
        "parallel_requests_nb": 18
    },
    "22": {
        "speed_generation": [
            0.04553350630137576,
            6.533440126465962,
            0.039350145825030935
        ],
        "time_to_first_token": [
            0.0166206955909729,
            2.103874087333679,
            0.015949130058288574
        ],
        "max_kv_cache": 0.11277387942145212,
        "parallel_requests_nb": 22
    },
    "26": {
        "speed_generation": [
            0.04684417632904747,
            5.583096915001796,
            0.040867175689762725
        ],
        "time_to_first_token": [
            0.018150627613067627,
            2.4821934700012207,
            0.025825560092926025
        ],
        "max_kv_cache": 0.13310897894887586,
        "parallel_requests_nb": 26
    },
    "30": {
        "speed_generation": [
            0.033941839663976126,
            4.809191609300164,
            0.02659618981739076
        ],
        "time_to_first_token": [
            0.024979472160339355,
            2.8004506826400757,
            0.09740245342254639
        ],
        "max_kv_cache": 0.1534440784762996,
        "parallel_requests_nb": 30
    },
    "34": {
        "speed_generation": [
            0.051035213211175545,
            4.269108520192352,
            0.020122329020630936
        ],
        "time_to_first_token": [
            0.06660199165344238,
            2.838916540145874,
            0.37381041049957275
        ],
        "max_kv_cache": 0.17399398539309752,
        "parallel_requests_nb": 34
    },
    "38": {
        "speed_generation": [
            0.04136305161678511,
            3.873712650927547,
            0.017696636697404067
        ],
        "time_to_first_token": [
            0.1690375804901123,
            2.9479758739471436,
            0.5408113598823547
        ],
        "max_kv_cache": 0.19418587999427184,
        "parallel_requests_nb": 38
    }
}