{
    "1": {
        "speed_generation": [
            3.3750081123385485,
            87.14859672913644,
            0.8375554773437699
        ],
        "time_to_first_token": [
            0.0016097426414489746,
            0.02508401870727539,
            0.003072202205657959
        ],
        "max_kv_cache": 0.0005012172418731309,
        "parallel_requests_nb": 1
    },
    "2": {
        "speed_generation": [
            1.9109186492943877,
            77.51448613297696,
            2.312207222356321
        ],
        "time_to_first_token": [
            0.008421838283538818,
            0.03672647476196289,
            0.005457520484924316
        ],
        "max_kv_cache": 0.0009308320206214971,
        "parallel_requests_nb": 2
    },
    "3": {
        "speed_generation": [
            2.0891826521271213,
            71.12930612928,
            1.4943829484514737
        ],
        "time_to_first_token": [
            0.012646198272705078,
            0.04910695552825928,
            0.008236229419708252
        ],
        "max_kv_cache": 0.0012888443362452096,
        "parallel_requests_nb": 3
    },
    "4": {
        "speed_generation": [
            1.7953104006877396,
            65.65207728329074,
            2.3692244658180925
        ],
        "time_to_first_token": [
            0.015130758285522461,
            0.06277596950531006,
            0.009493589401245117
        ],
        "max_kv_cache": 0.001646856651868811,
        "parallel_requests_nb": 4
    },
    "6": {
        "speed_generation": [
            1.63957865481499,
            57.10347808963445,
            1.7919219394390637
        ],
        "time_to_first_token": [
            0.016399860382080078,
            0.09022057056427002,
            0.009026527404785156
        ],
        "max_kv_cache": 0.0024344837462408897,
        "parallel_requests_nb": 6
    },
    "8": {
        "speed_generation": [
            2.0055671236726127,
            53.99670842189063,
            1.9092339646003893
        ],
        "time_to_first_token": [
            0.01697641611099243,
            0.10154545307159424,
            0.011008858680725098
        ],
        "max_kv_cache": 0.003078905914363439,
        "parallel_requests_nb": 8
    },
    "10": {
        "speed_generation": [
            1.9428041932086515,
            48.83928499573311,
            1.5965508342648889
        ],
        "time_to_first_token": [
            0.018341064453125,
            0.1141895055770874,
            0.01218104362487793
        ],
        "max_kv_cache": 0.003794930545610753,
        "parallel_requests_nb": 10
    },
    "14": {
        "speed_generation": [
            1.2574272836825742,
            45.3564842878902,
            1.2511901537957115
        ],
        "time_to_first_token": [
            0.0163499116897583,
            0.1387629508972168,
            0.007998228073120117
        ],
        "max_kv_cache": 0.00537018473435491,
        "parallel_requests_nb": 14
    },
    "18": {
        "speed_generation": [
            0.8916211149567914,
            38.48961913021475,
            1.0781550536781452
        ],
        "time_to_first_token": [
            0.012934386730194092,
            0.15871191024780273,
            0.00900489091873169
        ],
        "max_kv_cache": 0.006659029070600009,
        "parallel_requests_nb": 18
    },
    "22": {
        "speed_generation": [
            0.741178739433046,
            35.7897716944769,
            0.960847911193035
        ],
        "time_to_first_token": [
            0.013072729110717773,
            0.183477520942688,
            0.009342193603515625
        ],
        "max_kv_cache": 0.007876270943720454,
        "parallel_requests_nb": 22
    },
    "26": {
        "speed_generation": [
            0.6359952544794041,
            32.94939873420689,
            0.7457908823051866
        ],
        "time_to_first_token": [
            0.010241568088531494,
            0.20327305793762207,
            0.009865045547485352
        ],
        "max_kv_cache": 0.009523127595589265,
        "parallel_requests_nb": 26
    },
    "30": {
        "speed_generation": [
            0.7091878505538531,
            31.167152772733402,
            0.5997443054163618
        ],
        "time_to_first_token": [
            0.014201104640960693,
            0.22246789932250977,
            0.01044321060180664
        ],
        "max_kv_cache": 0.011098381784333422,
        "parallel_requests_nb": 30
    },
    "34": {
        "speed_generation": [
            0.7069672712545199,
            26.997061691603133,
            0.5929765506074212
        ],
        "time_to_first_token": [
            0.009141087532043457,
            0.24863147735595703,
            0.01367098093032837
        ],
        "max_kv_cache": 0.012244021194329102,
        "parallel_requests_nb": 34
    },
    "38": {
        "speed_generation": [
            0.555227356487034,
            25.444702745277986,
            0.6513071236203949
        ],
        "time_to_first_token": [
            0.018683433532714844,
            0.2766765356063843,
            0.01485830545425415
        ],
        "max_kv_cache": 0.013389660604324782,
        "parallel_requests_nb": 38
    }
}