{
    "1": {
        "speed_generation": [
            0.1161586307148923,
            84.0328354690684,
            0.11698849257405186
        ],
        "time_to_first_token": [
            0.0009076595306396484,
            0.13988304138183594,
            0.0007989406585693359
        ],
        "max_kv_cache": 0.0057997995131032765,
        "parallel_requests_nb": 1
    },
    "2": {
        "speed_generation": [
            0.39348843731764305,
            75.17609536693286,
            1.4561335739704475
        ],
        "time_to_first_token": [
            0.08781731128692627,
            0.2303159236907959,
            0.03561246395111084
        ],
        "max_kv_cache": 0.011527996563081788,
        "parallel_requests_nb": 2
    },
    "3": {
        "speed_generation": [
            0.3032202320092239,
            68.88238743970861,
            0.40909328599256867
        ],
        "time_to_first_token": [
            0.08833658695220947,
            0.31925106048583984,
            0.039708495140075684
        ],
        "max_kv_cache": 0.017184591149935535,
        "parallel_requests_nb": 3
    },
    "4": {
        "speed_generation": [
            0.32022353404451565,
            64.62609892289215,
            0.3843654348758605
        ],
        "time_to_first_token": [
            0.19407391548156738,
            0.43254590034484863,
            0.014477968215942383
        ],
        "max_kv_cache": 0.02298439066303881,
        "parallel_requests_nb": 4
    },
    "6": {
        "speed_generation": [
            0.2322537582573858,
            55.35458154350009,
            0.25704451605511736
        ],
        "time_to_first_token": [
            0.2020881175994873,
            0.6209821701049805,
            0.011432647705078125
        ],
        "max_kv_cache": 0.034082772447372234,
        "parallel_requests_nb": 6
    },
    "8": {
        "speed_generation": [
            0.17246245981682762,
            48.9383978127936,
            0.22681173630522267
        ],
        "time_to_first_token": [
            0.29552483558654785,
            0.8088209629058838,
            0.011759042739868164
        ],
        "max_kv_cache": 0.045324359157955074,
        "parallel_requests_nb": 8
    },
    "10": {
        "speed_generation": [
            0.17626703848620195,
            42.94972106833305,
            0.22135389025307717
        ],
        "time_to_first_token": [
            0.12147295475006104,
            0.9912680387496948,
            0.017794489860534668
        ],
        "max_kv_cache": 0.05670915079478733,
        "parallel_requests_nb": 10
    },
    "14": {
        "speed_generation": [
            0.1929892820513004,
            36.14196275307726,
            0.2213702485790705
        ],
        "time_to_first_token": [
            0.020072758197784424,
            1.357494592666626,
            0.019948899745941162
        ],
        "max_kv_cache": 0.07912072175282825,
        "parallel_requests_nb": 14
    },
    "18": {
        "speed_generation": [
            0.19401135772461942,
            28.65563023263703,
            0.09024671809230256
        ],
        "time_to_first_token": [
            0.0499262809753418,
            1.7151875495910645,
            0.014793336391448975
        ],
        "max_kv_cache": 0.10124588285837033,
        "parallel_requests_nb": 18
    },
    "22": {
        "speed_generation": [
            0.1167401982949201,
            25.834340024204998,
            0.09909845893528768
        ],
        "time_to_first_token": [
            0.03477776050567627,
            2.1112940311431885,
            0.022535502910614014
        ],
        "max_kv_cache": 0.12365745381641124,
        "parallel_requests_nb": 22
    },
    "26": {
        "speed_generation": [
            0.12165650759576252,
            22.877595466044557,
            0.10036497660009402
        ],
        "time_to_first_token": [
            0.027961671352386475,
            2.474765658378601,
            0.015452563762664795
        ],
        "max_kv_cache": 0.1458542173850781,
        "parallel_requests_nb": 26
    },
    "30": {
        "speed_generation": [
            0.3423313111199242,
            19.71573909271217,
            0.6209013787082753
        ],
        "time_to_first_token": [
            0.07401090860366821,
            2.8377984762191772,
            0.02517622709274292
        ],
        "max_kv_cache": 0.16819418587999424,
        "parallel_requests_nb": 30
    },
    "34": {
        "speed_generation": [
            0.2714410435279184,
            17.423508374267563,
            0.09209770514854654
        ],
        "time_to_first_token": [
            0.2552129030227661,
            3.097590446472168,
            0.11786377429962158
        ],
        "max_kv_cache": 0.19117857654303305,
        "parallel_requests_nb": 34
    },
    "38": {
        "speed_generation": [
            0.17098507857919998,
            16.429527412094302,
            0.07530267568959204
        ],
        "time_to_first_token": [
            0.5095004439353943,
            3.2748719453811646,
            0.2877342700958252
        ],
        "max_kv_cache": 0.21273091794357724,
        "parallel_requests_nb": 38
    }
}