{
    "1": {
        "speed_generation": [
            0.1311869079498713,
            25.72835518996213,
            0.2820258834929561
        ],
        "time_to_first_token": [
            0.007580995559692383,
            0.44315505027770996,
            0.0028519630432128906
        ],
        "max_kv_cache": 0.018330230559931215,
        "parallel_requests_nb": 1
    },
    "2": {
        "speed_generation": [
            0.17762565517200812,
            14.876511118667844,
            0.6413634121865641
        ],
        "time_to_first_token": [
            0.3652989864349365,
            0.8187429904937744,
            0.04904508590698242
        ],
        "max_kv_cache": 0.03666046111986254,
        "parallel_requests_nb": 2
    },
    "3": {
        "speed_generation": [
            0.07509924095215936,
            10.842789334172636,
            0.11898932986921373
        ],
        "time_to_first_token": [
            0.40410590171813965,
            1.2269799709320068,
            0.03011798858642578
        ],
        "max_kv_cache": 0.05499069167979376,
        "parallel_requests_nb": 3
    },
    "4": {
        "speed_generation": [
            0.05710861684181445,
            8.48053273457644,
            0.06131929401092684
        ],
        "time_to_first_token": [
            0.7865579128265381,
            1.6270430088043213,
            0.023017168045043945
        ],
        "max_kv_cache": 0.07332092223972508,
        "parallel_requests_nb": 4
    },
    "6": {
        "speed_generation": [
            0.07363818709002512,
            5.91511894208982,
            0.048693763181515415
        ],
        "time_to_first_token": [
            0.7859076261520386,
            2.3931541442871094,
            0.038274407386779785
        ],
        "max_kv_cache": 0.10998138335958751,
        "parallel_requests_nb": 6
    },
    "8": {
        "speed_generation": [
            0.0734316143416951,
            4.511487513233518,
            0.04030981244024101
        ],
        "time_to_first_token": [
            0.6801226139068604,
            3.098818778991699,
            0.1313481330871582
        ],
        "max_kv_cache": 0.14664184447945006,
        "parallel_requests_nb": 8
    },
    "10": {
        "speed_generation": [
            0.042423850237726324,
            3.6145636796073215,
            0.06986329455231077
        ],
        "time_to_first_token": [
            0.12297189235687256,
            2.9256458282470703,
            1.0845052003860474
        ],
        "max_kv_cache": 0.1833023055993126,
        "parallel_requests_nb": 10
    },
    "14": {
        "speed_generation": [
            0.008198814286833667,
            2.652017345617257,
            0.01559814082360722
        ],
        "time_to_first_token": [
            1.4491360187530518,
            4.2847371101379395,
            1.2640702724456787
        ],
        "max_kv_cache": 0.2566232278390377,
        "parallel_requests_nb": 14
    },
    "18": {
        "speed_generation": [
            0.007119129423165393,
            2.0691373672400526,
            0.006404608593066907
        ],
        "time_to_first_token": [
            2.3364760875701904,
            5.560168981552124,
            1.0458109378814697
        ],
        "max_kv_cache": 0.32994415007876265,
        "parallel_requests_nb": 18
    },
    "22": {
        "speed_generation": [
            0.023160418712478315,
            1.718669106291022,
            0.011486527115292855
        ],
        "time_to_first_token": [
            2.402755856513977,
            5.606875896453857,
            2.629563093185425
        ],
        "max_kv_cache": 0.40326507231848774,
        "parallel_requests_nb": 22
    },
    "26": {
        "speed_generation": [
            0.0095049080340186,
            1.4517126269877967,
            0.005501271200706759
        ],
        "time_to_first_token": [
            2.7269999980926514,
            6.3468849658966064,
            2.374856472015381
        ],
        "max_kv_cache": 0.4765859945582128,
        "parallel_requests_nb": 26
    },
    "30": {
        "speed_generation": [
            0.006100775899836375,
            1.2581474723781243,
            0.004158484494187542
        ],
        "time_to_first_token": [
            2.776355743408203,
            7.96133279800415,
            2.8041247129440308
        ],
        "max_kv_cache": 0.5499069167979378,
        "parallel_requests_nb": 30
    },
    "34": {
        "speed_generation": [
            0.006514083830495121,
            1.1080414509951828,
            0.0060261995383070754
        ],
        "time_to_first_token": [
            2.839498996734619,
            8.445540189743042,
            2.811065673828125
        ],
        "max_kv_cache": 0.6232278390376629,
        "parallel_requests_nb": 34
    },
    "38": {
        "speed_generation": [
            0.006027821692697333,
            0.9990098604135857,
            0.00393762362891481
        ],
        "time_to_first_token": [
            3.062932014465332,
            8.699882984161377,
            4.056804895401001
        ],
        "max_kv_cache": 0.696548761277388,
        "parallel_requests_nb": 38
    }
}