{
    "1": {
        "speed_generation": [
            1.9783107879460573,
            90.28625141377084,
            0.2992859742067395
        ],
        "time_to_first_token": [
            0.0011006593704223633,
            0.14037561416625977,
            0.0011091232299804688
        ],
        "max_kv_cache": 0.009809537448088212,
        "parallel_requests_nb": 1
    },
    "2": {
        "speed_generation": [
            0.22704233932446982,
            85.74153500277458,
            0.21952604400176767
        ],
        "time_to_first_token": [
            0.08250772953033447,
            0.23007404804229736,
            0.03751116991043091
        ],
        "max_kv_cache": 0.019475869969927007,
        "parallel_requests_nb": 2
    },
    "3": {
        "speed_generation": [
            0.11166146772615093,
            81.50242389730336,
            0.1860937778477023
        ],
        "time_to_first_token": [
            0.10455012321472168,
            0.33638548851013184,
            0.024744153022766113
        ],
        "max_kv_cache": 0.029070600028641036,
        "parallel_requests_nb": 3
    },
    "4": {
        "speed_generation": [
            0.20092705415393652,
            77.30329385453753,
            0.15428235302626092
        ],
        "time_to_first_token": [
            0.19578886032104492,
            0.4390869140625,
            0.008865118026733398
        ],
        "max_kv_cache": 0.03873693255047972,
        "parallel_requests_nb": 4
    },
    "6": {
        "speed_generation": [
            0.1151918961659959,
            69.066679908702,
            0.11251638430857724
        ],
        "time_to_first_token": [
            0.20754408836364746,
            0.6285860538482666,
            0.005483865737915039
        ],
        "max_kv_cache": 0.058069597594157196,
        "parallel_requests_nb": 6
    },
    "8": {
        "speed_generation": [
            0.48541394223767753,
            63.885597055760385,
            0.17159435610189178
        ],
        "time_to_first_token": [
            0.20114421844482422,
            0.809014081954956,
            0.009250879287719727
        ],
        "max_kv_cache": 0.07711585278533584,
        "parallel_requests_nb": 8
    },
    "10": {
        "speed_generation": [
            0.10132716925406271,
            56.6554560912387,
            0.18741262541755788
        ],
        "time_to_first_token": [
            0.38505005836486816,
            0.9953370094299316,
            0.011762857437133789
        ],
        "max_kv_cache": 0.0963053129027639,
        "parallel_requests_nb": 10
    },
    "14": {
        "speed_generation": [
            0.08769044764564882,
            49.995319913525016,
            0.0737105454176259
        ],
        "time_to_first_token": [
            0.6650397777557373,
            1.3688769340515137,
            0.010152101516723633
        ],
        "max_kv_cache": 0.1346842331376199,
        "parallel_requests_nb": 14
    },
    "18": {
        "speed_generation": [
            0.14592077248926927,
            39.64139553837726,
            0.08580592385072805
        ],
        "time_to_first_token": [
            0.06920146942138672,
            1.7225298881530762,
            0.020024538040161133
        ],
        "max_kv_cache": 0.17299155090935125,
        "parallel_requests_nb": 18
    },
    "22": {
        "speed_generation": [
            0.18199567365270752,
            36.9831235121391,
            0.12328397778968991
        ],
        "time_to_first_token": [
            0.0678400993347168,
            2.0978150367736816,
            0.011621952056884766
        ],
        "max_kv_cache": 0.21137047114420737,
        "parallel_requests_nb": 22
    },
    "26": {
        "speed_generation": [
            0.15431586589758695,
            33.539542539333944,
            0.05838105410861516
        ],
        "time_to_first_token": [
            0.6830968856811523,
            2.4662389755249023,
            0.01908862590789795
        ],
        "max_kv_cache": 0.2500358012315623,
        "parallel_requests_nb": 26
    },
    "30": {
        "speed_generation": [
            0.06438841706780707,
            30.200247418905125,
            0.1730543770596107
        ],
        "time_to_first_token": [
            0.203477144241333,
            2.7833709716796875,
            0.060353994369506836
        ],
        "max_kv_cache": 0.2886295288557926,
        "parallel_requests_nb": 30
    },
    "34": {
        "speed_generation": [
            0.06590679360597562,
            26.02954274387396,
            0.09474893927875172
        ],
        "time_to_first_token": [
            0.2975233793258667,
            3.018970012664795,
            0.19570791721343994
        ],
        "max_kv_cache": 0.32722325648002293,
        "parallel_requests_nb": 34
    },
    "38": {
        "speed_generation": [
            0.022931103039255163,
            24.635468977464868,
            0.1418393959089208
        ],
        "time_to_first_token": [
            0.12628495693206787,
            2.8371119499206543,
            0.7406516075134277
        ],
        "max_kv_cache": 0.36481454962050697,
        "parallel_requests_nb": 38
    }
}