{
    "1": {
        "speed_generation": [
            0.5687312320602658,
            34.71676152632713,
            0.08866696666407847
        ],
        "time_to_first_token": [
            0.0019576549530029297,
            0.5912599563598633,
            0.0019870400428771973
        ],
        "max_kv_cache": 0.007892890551917664,
        "parallel_requests_nb": 1
    },
    "2": {
        "speed_generation": [
            0.3884978245169748,
            33.43710875397906,
            0.24546635179512322
        ],
        "time_to_first_token": [
            0.3512471914291382,
            0.9465229511260986,
            0.19103926420211792
        ],
        "max_kv_cache": 0.015493451824134752,
        "parallel_requests_nb": 2
    },
    "3": {
        "speed_generation": [
            0.26728844102244054,
            30.231711320533307,
            0.2148585263523124
        ],
        "time_to_first_token": [
            0.9179760217666626,
            1.512152910232544,
            0.01036161184310913
        ],
        "max_kv_cache": 0.02315247895229189,
        "parallel_requests_nb": 3
    },
    "4": {
        "speed_generation": [
            0.11796311019510952,
            29.37606990516174,
            0.44045421326148215
        ],
        "time_to_first_token": [
            0.8917073011398315,
            1.8413134813308716,
            0.026560842990875244
        ],
        "max_kv_cache": 0.030869971936389184,
        "parallel_requests_nb": 4
    },
    "6": {
        "speed_generation": [
            0.22289989309800973,
            27.592052274636405,
            0.19312553403285904
        ],
        "time_to_first_token": [
            1.222193956375122,
            2.526376962661743,
            0.014091968536376953
        ],
        "max_kv_cache": 0.04618802619270346,
        "parallel_requests_nb": 6
    },
    "8": {
        "speed_generation": [
            0.06076972014062676,
            26.49525553033295,
            0.28825149074093304
        ],
        "time_to_first_token": [
            1.243056058883667,
            3.216521978378296,
            0.04195904731750488
        ],
        "max_kv_cache": 0.06138914873713752,
        "parallel_requests_nb": 8
    },
    "10": {
        "speed_generation": [
            0.0783603166762532,
            23.91861460948187,
            0.27774920602697506
        ],
        "time_to_first_token": [
            1.6491789817810059,
            3.9636950492858887,
            0.039815545082092285
        ],
        "max_kv_cache": 0.07699953227315248,
        "parallel_requests_nb": 10
    },
    "14": {
        "speed_generation": [
            0.07577814974819219,
            22.36672798738009,
            0.19473736358434834
        ],
        "time_to_first_token": [
            2.673459053039551,
            5.375833988189697,
            0.07029509544372559
        ],
        "max_kv_cache": 0.10763564078578114,
        "parallel_requests_nb": 14
    },
    "18": {
        "speed_generation": [
            0.06987287825370814,
            15.970375475310531,
            0.006622650351982173
        ],
        "time_to_first_token": [
            0.5859556198120117,
            6.176628828048706,
            0.40034008026123047
        ],
        "max_kv_cache": 0.13768709073900842,
        "parallel_requests_nb": 18
    },
    "22": {
        "speed_generation": [
            0.04256796128286844,
            15.249490148321186,
            0.0288494211063135
        ],
        "time_to_first_token": [
            1.5542018413543701,
            6.852602958679199,
            1.4461898803710938
        ],
        "max_kv_cache": 0.16884939195509818,
        "parallel_requests_nb": 22
    }
}