{
    "1": {
        "speed_generation": [
            0.05419050266539749,
            15.804731137213341,
            0.029329066738279508
        ],
        "time_to_first_token": [
            0.0023818016052246094,
            0.5896759033203125,
            0.0018870830535888672
        ],
        "max_kv_cache": 0.004209541627689384,
        "parallel_requests_nb": 1
    },
    "2": {
        "speed_generation": [
            0.06138511368816246,
            10.022357508666477,
            1.5367067614044103
        ],
        "time_to_first_token": [
            0.3530898094177246,
            0.9445350170135498,
            0.2173748016357422
        ],
        "max_kv_cache": 0.008185219831618351,
        "parallel_requests_nb": 2
    },
    "3": {
        "speed_generation": [
            0.03407803968543632,
            8.054131980065836,
            0.04676655291122245
        ],
        "time_to_first_token": [
            0.3489530086517334,
            1.2926220893859863,
            0.22698438167572021
        ],
        "max_kv_cache": 0.012336295603367686,
        "parallel_requests_nb": 3
    },
    "4": {
        "speed_generation": [
            0.04333958175407027,
            6.856315012089938,
            0.07667098078914147
        ],
        "time_to_first_token": [
            0.8820250034332275,
            1.8317129611968994,
            0.033540964126586914
        ],
        "max_kv_cache": 0.016311973807296543,
        "parallel_requests_nb": 4
    },
    "6": {
        "speed_generation": [
            0.04078233494727623,
            5.258952261995077,
            0.03176616602868787
        ],
        "time_to_first_token": [
            0.8861749172210693,
            2.5254600048065186,
            0.02934098243713379
        ],
        "max_kv_cache": 0.024321796071094526,
        "parallel_requests_nb": 6
    },
    "8": {
        "speed_generation": [
            0.02906457739321855,
            4.275137225882683,
            0.03430538441869668
        ],
        "time_to_first_token": [
            0.5167586803436279,
            3.1976358890533447,
            0.056513071060180664
        ],
        "max_kv_cache": 0.03221468662301219,
        "parallel_requests_nb": 8
    },
    "10": {
        "speed_generation": [
            0.01901023554676584,
            3.5459948575599265,
            0.052066713601993
        ],
        "time_to_first_token": [
            0.17878103256225586,
            3.9080810546875,
            0.07242107391357422
        ],
        "max_kv_cache": 0.04039990645463054,
        "parallel_requests_nb": 10
    },
    "14": {
        "speed_generation": [
            0.023324172996812997,
            2.6831069152843927,
            0.016712643117261283
        ],
        "time_to_first_token": [
            2.6441102027893066,
            5.370132207870483,
            0.05622577667236328
        ],
        "max_kv_cache": 0.05618568755846587,
        "parallel_requests_nb": 14
    },
    "18": {
        "speed_generation": [
            0.022404371727204886,
            2.089895816416159,
            0.009394835935924828
        ],
        "time_to_first_token": [
            3.734381914138794,
            6.773545026779175,
            0.06961202621459961
        ],
        "max_kv_cache": 0.07191300280636104,
        "parallel_requests_nb": 18
    },
    "22": {
        "speed_generation": [
            0.01141197839831909,
            1.7169047135268747,
            0.0281766792167506
        ],
        "time_to_first_token": [
            1.0038681030273438,
            7.078257083892822,
            1.2253377437591553
        ],
        "max_kv_cache": 0.08799111318989705,
        "parallel_requests_nb": 22
    },
    "26": {
        "speed_generation": [
            0.006978064303514664,
            1.475293061452437,
            0.007812137372502415
        ],
        "time_to_first_token": [
            1.7876756191253662,
            7.982748031616211,
            1.7585045099258423
        ],
        "max_kv_cache": 0.10418615528531339,
        "parallel_requests_nb": 26
    },
    "30": {
        "speed_generation": [
            0.006558235884231101,
            1.2981214524110698,
            0.004467846245588714
        ],
        "time_to_first_token": [
            2.233353853225708,
            8.378568887710571,
            2.9788200855255127
        ],
        "max_kv_cache": 0.12014733395696908,
        "parallel_requests_nb": 30
    },
    "34": {
        "speed_generation": [
            0.015849416142915462,
            1.1319333397878184,
            0.0025529091527207726
        ],
        "time_to_first_token": [
            2.8373780250549316,
            9.041543006896973,
            3.143080472946167
        ],
        "max_kv_cache": 0.13558231992516367,
        "parallel_requests_nb": 34
    },
    "38": {
        "speed_generation": [
            0.006650470977177525,
            1.0166569586983807,
            0.01028241558983889
        ],
        "time_to_first_token": [
            3.0688724517822266,
            9.39834189414978,
            4.530493140220642
        ],
        "max_kv_cache": 0.15130963517305895,
        "parallel_requests_nb": 38
    }
}