{
    "1": {
        "speed_generation": [
            0.4830789446823758,
            32.966876552702544,
            0.11634115758005237
        ],
        "time_to_first_token": [
            0.004908919334411621,
            1.656051516532898,
            0.04458683729171753
        ],
        "max_kv_cache": 0.019586061739943927,
        "parallel_requests_nb": 1
    },
    "2": {
        "speed_generation": [
            0.21820401237044962,
            29.808687789487827,
            0.33314708745079713
        ],
        "time_to_first_token": [
            1.4247164726257324,
            3.116120457649231,
            0.12463569641113281
        ],
        "max_kv_cache": 0.03870439663236669,
        "parallel_requests_nb": 2
    },
    "3": {
        "speed_generation": [
            0.08529644960433913,
            26.780706095873917,
            0.27269778990632076
        ],
        "time_to_first_token": [
            1.5269063711166382,
            4.652566075325012,
            0.12245523929595947
        ],
        "max_kv_cache": 0.05811506080449014,
        "parallel_requests_nb": 3
    },
    "4": {
        "speed_generation": [
            0.12762891397429854,
            25.517959203024922,
            0.26808450729245337
        ],
        "time_to_first_token": [
            0.0559195876121521,
            4.626347661018372,
            1.616035282611847
        ],
        "max_kv_cache": 0.07694106641721232,
        "parallel_requests_nb": 4
    },
    "6": {
        "speed_generation": [
            0.021228780494070065,
            21.15694512295211,
            0.1501404336473513
        ],
        "time_to_first_token": [
            1.6315059661865234,
            6.260923981666565,
            2.9417059421539307
        ],
        "max_kv_cache": 0.11535313376987844,
        "parallel_requests_nb": 6
    },
    "8": {
        "speed_generation": [
            0.0865917639072542,
            19.30563718444175,
            0.08508113406237428
        ],
        "time_to_first_token": [
            4.470792770385742,
            9.154935956001282,
            1.674971878528595
        ],
        "max_kv_cache": 0.15335594013096354,
        "parallel_requests_nb": 8
    },
    "10": {
        "speed_generation": [
            0.06253039691334195,
            17.026247819895257,
            0.08775821484980995
        ],
        "time_to_first_token": [
            4.527464866638184,
            9.218716859817505,
            4.593749642372131
        ],
        "max_kv_cache": 0.19159260991580918,
        "parallel_requests_nb": 10
    },
    "14": {
        "speed_generation": [
            0.013069908638247085,
            14.15152357599671,
            0.004470843117374557
        ],
        "time_to_first_token": [
            4.56853723526001,
            13.661570072174072,
            4.7571189403533936
        ],
        "max_kv_cache": 0.26818288119738076,
        "parallel_requests_nb": 14
    }
}