{
    "1": {
        "speed_generation": [
            0.15389333227153834,
            7.665993267839443,
            0.017150401250623837
        ],
        "time_to_first_token": [
            0.0042760372161865234,
            1.652420997619629,
            0.04333305358886719
        ],
        "max_kv_cache": 0.015902712815715647,
        "parallel_requests_nb": 1
    },
    "2": {
        "speed_generation": [
            0.05836986694913904,
            4.2734439077272,
            0.1881191523252852
        ],
        "time_to_first_token": [
            1.419814109802246,
            3.125309944152832,
            0.1624619960784912
        ],
        "max_kv_cache": 0.03145463049579045,
        "parallel_requests_nb": 2
    },
    "3": {
        "speed_generation": [
            0.020239938755525433,
            3.0438730436031607,
            0.030564633545741238
        ],
        "time_to_first_token": [
            1.5371360182762146,
            4.659852027893066,
            0.10491275787353516
        ],
        "max_kv_cache": 0.04700654817586525,
        "parallel_requests_nb": 3
    },
    "4": {
        "speed_generation": [
            0.011883420706572778,
            2.3696990900851187,
            0.011281664232712707
        ],
        "time_to_first_token": [
            1.6198790073394775,
            6.206871032714844,
            0.05454397201538086
        ],
        "max_kv_cache": 0.0625,
        "parallel_requests_nb": 4
    },
    "6": {
        "speed_generation": [
            0.006038387837625558,
            1.615005330859212,
            0.015198120809478022
        ],
        "time_to_first_token": [
            3.0460169315338135,
            7.661432981491089,
            1.5683350563049316
        ],
        "max_kv_cache": 0.09342843779232923,
        "parallel_requests_nb": 6
    },
    "8": {
        "speed_generation": [
            0.005932999194627753,
            1.2356112239145323,
            0.007966462332863022
        ],
        "time_to_first_token": [
            4.452450275421143,
            9.152892112731934,
            3.066009759902954
        ],
        "max_kv_cache": 0.12470767072029931,
        "parallel_requests_nb": 8
    },
    "10": {
        "speed_generation": [
            0.00509286384636054,
            0.9944555386754247,
            0.0025462297067295747
        ],
        "time_to_first_token": [
            3.0601260662078857,
            9.28101897239685,
            4.565913915634155
        ],
        "max_kv_cache": 0.15499298409728723,
        "parallel_requests_nb": 10
    },
    "14": {
        "speed_generation": [
            0.0012845619014313359,
            0.7193869411704751,
            0.0008615115209901214
        ],
        "time_to_first_token": [
            5.324130177497864,
            13.803831100463867,
            4.602224946022034
        ],
        "max_kv_cache": 0.21667446211412533,
        "parallel_requests_nb": 14
    },
    "18": {
        "speed_generation": [
            0.0018611793709679691,
            0.5580643244094557,
            0.002115205192209646
        ],
        "time_to_first_token": [
            7.6334757804870605,
            16.892131805419922,
            6.09858512878418
        ],
        "max_kv_cache": 0.2789405986903648,
        "parallel_requests_nb": 18
    },
    "22": {
        "speed_generation": [
            0.0020111405557611817,
            0.4586622755360854,
            0.0006949585726351848
        ],
        "time_to_first_token": [
            7.775520086288452,
            18.571449041366577,
            9.146017789840698
        ],
        "max_kv_cache": 0.34056361085126285,
        "parallel_requests_nb": 22
    },
    "26": {
        "speed_generation": [
            0.0007688270348024662,
            0.3898095314011066,
            0.0007233513790207424
        ],
        "time_to_first_token": [
            10.370505928993225,
            22.900261878967285,
            9.223960161209106
        ],
        "max_kv_cache": 0.40294667913938265,
        "parallel_requests_nb": 26
    },
    "30": {
        "speed_generation": [
            0.0003811490249361893,
            0.3378434953260492,
            0.0010246997770089195
        ],
        "time_to_first_token": [
            10.743976831436157,
            24.63262701034546,
            12.261390924453735
        ],
        "max_kv_cache": 0.46492048643592143,
        "parallel_requests_nb": 30
    },
    "34": {
        "speed_generation": [
            0.0015833103471716847,
            0.29714726534785185,
            0.00030167301989103557
        ],
        "time_to_first_token": [
            13.710597276687622,
            27.769163846969604,
            13.674821138381958
        ],
        "max_kv_cache": 0.5268942937324602,
        "parallel_requests_nb": 34
    },
    "38": {
        "speed_generation": [
            0.0006159475082599397,
            0.26700338016643677,
            0.0001518870297013697
        ],
        "time_to_first_token": [
            13.710008978843689,
            32.13400602340698,
            13.844817996025085
        ],
        "max_kv_cache": 0.5867048643592142,
        "parallel_requests_nb": 38
    }
}