{
    "1": {
        "speed_generation": [
            0.5765839133262176,
            35.787280970551336,
            0.12204230472156752
        ],
        "time_to_first_token": [
            0.00544661283493042,
            0.07953047752380371,
            0.013540029525756836
        ],
        "max_kv_cache": 0.004034144059869016,
        "parallel_requests_nb": 1
    },
    "2": {
        "speed_generation": [
            0.5571300191187802,
            35.00440437580102,
            0.08820097463769372
        ],
        "time_to_first_token": [
            0.04050028324127197,
            0.15181851387023926,
            0.021885216236114502
        ],
        "max_kv_cache": 0.008009822263797983,
        "parallel_requests_nb": 2
    },
    "3": {
        "speed_generation": [
            0.3145726391175998,
            33.33490963072428,
            0.29047464615370444
        ],
        "time_to_first_token": [
            0.09800463914871216,
            0.212319016456604,
            0.018918216228485107
        ],
        "max_kv_cache": 0.012043966323667,
        "parallel_requests_nb": 3
    },
    "4": {
        "speed_generation": [
            0.4475702844125564,
            33.25182115804493,
            0.1474975565915102
        ],
        "time_to_first_token": [
            0.09678471088409424,
            0.27075397968292236,
            0.03904813528060913
        ],
        "max_kv_cache": 0.015961178671655807,
        "parallel_requests_nb": 4
    },
    "6": {
        "speed_generation": [
            0.07132178191946537,
            30.96940868269712,
            0.5065041679206956
        ],
        "time_to_first_token": [
            0.028839588165283203,
            0.3819260597229004,
            0.018883943557739258
        ],
        "max_kv_cache": 0.02385406922357347,
        "parallel_requests_nb": 6
    },
    "8": {
        "speed_generation": [
            0.16666858616875402,
            30.77908061748996,
            0.37609044220412713
        ],
        "time_to_first_token": [
            0.055004119873046875,
            0.39482712745666504,
            0.0478208065032959
        ],
        "max_kv_cache": 0.031746959775491135,
        "parallel_requests_nb": 8
    },
    "10": {
        "speed_generation": [
            0.381747994625826,
            28.58809173041316,
            0.038891103990717824
        ],
        "time_to_first_token": [
            0.061139822006225586,
            0.43366289138793945,
            0.024148941040039062
        ],
        "max_kv_cache": 0.03958138447146864,
        "parallel_requests_nb": 10
    },
    "14": {
        "speed_generation": [
            0.22174373036500938,
            27.711160918601202,
            0.3266719434383596
        ],
        "time_to_first_token": [
            0.059412240982055664,
            0.5488791465759277,
            0.046504974365234375
        ],
        "max_kv_cache": 0.055484097287184286,
        "parallel_requests_nb": 14
    },
    "18": {
        "speed_generation": [
            0.03232711504364616,
            19.00833692089842,
            0.04178828977228832
        ],
        "time_to_first_token": [
            0.09463906288146973,
            0.630497932434082,
            0.07319605350494385
        ],
        "max_kv_cache": 0.07132834424695977,
        "parallel_requests_nb": 18
    },
    "22": {
        "speed_generation": [
            0.0540263937560006,
            18.66528107080895,
            0.07968780708645085
        ],
        "time_to_first_token": [
            0.049842000007629395,
            0.7294700145721436,
            0.05940699577331543
        ],
        "max_kv_cache": 0.08734798877455563,
        "parallel_requests_nb": 22
    }
}