{
    "1": {
        "speed_generation": [
            0.11711795146894133,
            35.70867499333738,
            0.1620449496295322
        ],
        "time_to_first_token": [
            0.014979660511016846,
            0.08890199661254883,
            0.0048239827156066895
        ],
        "max_kv_cache": 0.0007600561272217421,
        "parallel_requests_nb": 1
    },
    "2": {
        "speed_generation": [
            0.2338597599168466,
            34.61927770820732,
            0.15595176309375347
        ],
        "time_to_first_token": [
            0.04663896560668945,
            0.13686299324035645,
            0.03268885612487793
        ],
        "max_kv_cache": 0.0015201122544433732,
        "parallel_requests_nb": 2
    },
    "3": {
        "speed_generation": [
            0.2272456731144743,
            33.144684975081184,
            0.1979608154325163
        ],
        "time_to_first_token": [
            0.07548904418945312,
            0.19736695289611816,
            0.034602999687194824
        ],
        "max_kv_cache": 0.0022801683816651153,
        "parallel_requests_nb": 3
    },
    "4": {
        "speed_generation": [
            0.2045168546655063,
            32.370881751848586,
            0.24699914967853687
        ],
        "time_to_first_token": [
            0.10389208793640137,
            0.27626919746398926,
            0.03258991241455078
        ],
        "max_kv_cache": 0.002923292797006538,
        "parallel_requests_nb": 4
    },
    "6": {
        "speed_generation": [
            0.19587421038069763,
            29.953326963326862,
            0.15308453470614225
        ],
        "time_to_first_token": [
            0.10312807559967041,
            0.39639902114868164,
            0.01785898208618164
        ],
        "max_kv_cache": 0.004326473339569703,
        "parallel_requests_nb": 6
    },
    "8": {
        "speed_generation": [
            0.5493074712635782,
            29.501659908594302,
            0.2158694406473245
        ],
        "time_to_first_token": [
            0.07579612731933594,
            0.40470314025878906,
            0.048233985900878906
        ],
        "max_kv_cache": 0.005729653882132868,
        "parallel_requests_nb": 8
    },
    "10": {
        "speed_generation": [
            0.46571425585942094,
            27.15324190049611,
            0.2959326802421991
        ],
        "time_to_first_token": [
            0.0645899772644043,
            0.4404020309448242,
            0.04884791374206543
        ],
        "max_kv_cache": 0.007074368568755873,
        "parallel_requests_nb": 10
    },
    "14": {
        "speed_generation": [
            0.36066239375234943,
            26.3288998602124,
            0.41109577552851917
        ],
        "time_to_first_token": [
            0.03844809532165527,
            0.5080080032348633,
            0.0537794828414917
        ],
        "max_kv_cache": 0.009880729653882092,
        "parallel_requests_nb": 14
    },
    "18": {
        "speed_generation": [
            0.09776578369045552,
            18.128911615771326,
            0.22317429947873535
        ],
        "time_to_first_token": [
            0.09430503845214844,
            0.6263830661773682,
            0.11118578910827637
        ],
        "max_kv_cache": 0.012511693171188054,
        "parallel_requests_nb": 18
    },
    "22": {
        "speed_generation": [
            0.12490083508792793,
            17.7468659333278,
            0.19246647696398966
        ],
        "time_to_first_token": [
            0.11999249458312988,
            0.7385749816894531,
            0.09480655193328857
        ],
        "max_kv_cache": 0.015493451824134752,
        "parallel_requests_nb": 22
    },
    "26": {
        "speed_generation": [
            0.11197041171769229,
            16.594590457877693,
            0.24649379495755497
        ],
        "time_to_first_token": [
            0.09388285875320435,
            0.7987900972366333,
            0.1090816855430603
        ],
        "max_kv_cache": 0.018124415341440603,
        "parallel_requests_nb": 26
    },
    "30": {
        "speed_generation": [
            0.12674551309660487,
            16.44297154142019,
            0.20205137730147626
        ],
        "time_to_first_token": [
            0.07158446311950684,
            0.8627420663833618,
            0.10620665550231934
        ],
        "max_kv_cache": 0.020930776426566933,
        "parallel_requests_nb": 30
    },
    "34": {
        "speed_generation": [
            0.1590904204802417,
            12.077698566491648,
            0.10407740100790619
        ],
        "time_to_first_token": [
            0.07162278890609741,
            0.9497619867324829,
            0.09825462102890015
        ],
        "max_kv_cache": 0.023561739943872784,
        "parallel_requests_nb": 34
    },
    "38": {
        "speed_generation": [
            0.22709305252660172,
            11.99972955148861,
            0.07468933331888827
        ],
        "time_to_first_token": [
            0.09925961494445801,
            1.035215973854065,
            0.09264791011810303
        ],
        "max_kv_cache": 0.026426566884939162,
        "parallel_requests_nb": 38
    }
}