{
    "1": {
        "speed_generation": [
            0.8801849079805066,
            100.62415322702631,
            1.8779407468043416
        ],
        "time_to_first_token": [
            0.0032874345779418945,
            0.046703457832336426,
            0.001259922981262207
        ],
        "max_kv_cache": 0.006716282446905031,
        "parallel_requests_nb": 1
    },
    "2": {
        "speed_generation": [
            1.4589830882205916,
            79.88955518867365,
            1.7603899820479967
        ],
        "time_to_first_token": [
            0.019989013671875,
            0.07083249092102051,
            0.003620922565460205
        ],
        "max_kv_cache": 0.01297876202577597,
        "parallel_requests_nb": 2
    },
    "3": {
        "speed_generation": [
            1.2867235024928334,
            67.13437510451465,
            1.7926635540559914
        ],
        "time_to_first_token": [
            0.008247435092926025,
            0.09623098373413086,
            0.005852818489074707
        ],
        "max_kv_cache": 0.019241241604646908,
        "parallel_requests_nb": 3
    },
    "4": {
        "speed_generation": [
            1.3440422601007356,
            59.73515744271957,
            1.5369006732847623
        ],
        "time_to_first_token": [
            0.011709153652191162,
            0.12005162239074707,
            0.0064792633056640625
        ],
        "max_kv_cache": 0.02541296060991105,
        "parallel_requests_nb": 4
    },
    "6": {
        "speed_generation": [
            0.917101274353243,
            46.842175283951576,
            1.08616348543557
        ],
        "time_to_first_token": [
            0.012040674686431885,
            0.17543649673461914,
            0.006997823715209961
        ],
        "max_kv_cache": 0.03784715919404613,
        "parallel_requests_nb": 6
    },
    "8": {
        "speed_generation": [
            0.593981050760803,
            40.84107155139119,
            0.8053741770864136
        ],
        "time_to_first_token": [
            0.008828580379486084,
            0.22732245922088623,
            0.006530165672302246
        ],
        "max_kv_cache": 0.0505536394990016,
        "parallel_requests_nb": 8
    },
    "10": {
        "speed_generation": [
            0.5388089765697899,
            35.59561826065405,
            0.6068866952407603
        ],
        "time_to_first_token": [
            0.009956598281860352,
            0.2820783853530884,
            0.0074204206466674805
        ],
        "max_kv_cache": 0.06253403521510259,
        "parallel_requests_nb": 10
    },
    "14": {
        "speed_generation": [
            0.4069893546228691,
            28.807156671029613,
            0.4524481573943362
        ],
        "time_to_first_token": [
            0.009772956371307373,
            0.38459861278533936,
            0.0071547627449035645
        ],
        "max_kv_cache": 0.08731167180976585,
        "parallel_requests_nb": 14
    },
    "18": {
        "speed_generation": [
            0.36984303999179957,
            23.115823224239012,
            0.34789157853380104
        ],
        "time_to_first_token": [
            0.01270592212677002,
            0.5023859739303589,
            0.011075735092163086
        ],
        "max_kv_cache": 0.1123615901252496,
        "parallel_requests_nb": 18
    },
    "22": {
        "speed_generation": [
            0.279206413281031,
            19.887572709594323,
            0.27772756217535743
        ],
        "time_to_first_token": [
            0.01216059923171997,
            0.6044180393218994,
            0.012237131595611572
        ],
        "max_kv_cache": 0.13677618442548556,
        "parallel_requests_nb": 22
    },
    "26": {
        "speed_generation": [
            0.20994352031432584,
            17.132162848043606,
            0.24644194354116777
        ],
        "time_to_first_token": [
            0.014681398868560791,
            0.7150928974151611,
            0.012226223945617676
        ],
        "max_kv_cache": 0.16164458159375572,
        "parallel_requests_nb": 26
    },
    "30": {
        "speed_generation": [
            0.1774546137520474,
            15.196139386408099,
            0.1819378512316412
        ],
        "time_to_first_token": [
            0.019529759883880615,
            0.8200916051864624,
            0.013485491275787354
        ],
        "max_kv_cache": 0.18587765474677798,
        "parallel_requests_nb": 30
    },
    "34": {
        "speed_generation": [
            0.12544376132733248,
            13.403062125508889,
            0.17932925949461875
        ],
        "time_to_first_token": [
            0.03613162040710449,
            0.9322971105575562,
            0.01668471097946167
        ],
        "max_kv_cache": 0.21101833363586853,
        "parallel_requests_nb": 34
    },
    "38": {
        "speed_generation": [
            0.10076491866719017,
            12.168554102460728,
            0.13828492587284913
        ],
        "time_to_first_token": [
            0.022609829902648926,
            1.0499345064163208,
            0.01308351755142212
        ],
        "max_kv_cache": 0.2353421673624977,
        "parallel_requests_nb": 38
    }
}