{
    "1": {
        "speed_generation": [
            0.8814195673677716,
            128.15546202439788,
            0.934748161459197
        ],
        "time_to_first_token": [
            0.001175522804260254,
            0.047506093978881836,
            0.0008084774017333984
        ],
        "max_kv_cache": 0.0073516064621528265,
        "parallel_requests_nb": 1
    },
    "2": {
        "speed_generation": [
            1.1411656289433552,
            116.17974753285897,
            0.8744927899657284
        ],
        "time_to_first_token": [
            0.00345611572265625,
            0.07388806343078613,
            0.002858877182006836
        ],
        "max_kv_cache": 0.014158649482664765,
        "parallel_requests_nb": 2
    },
    "3": {
        "speed_generation": [
            1.0999345158360399,
            105.73314537268651,
            1.029787209402329
        ],
        "time_to_first_token": [
            0.007128477096557617,
            0.09688591957092285,
            0.004712581634521484
        ],
        "max_kv_cache": 0.0210564530767835,
        "parallel_requests_nb": 3
    },
    "4": {
        "speed_generation": [
            0.9964629331704202,
            100.81796966884131,
            0.8607600300585716
        ],
        "time_to_first_token": [
            0.011041879653930664,
            0.12123489379882812,
            0.007328033447265625
        ],
        "max_kv_cache": 0.027863496097295326,
        "parallel_requests_nb": 4
    },
    "6": {
        "speed_generation": [
            0.644427021642997,
            83.77434596734265,
            0.6292069498312713
        ],
        "time_to_first_token": [
            0.011599719524383545,
            0.17567849159240723,
            0.007174074649810791
        ],
        "max_kv_cache": 0.04156834271192589,
        "parallel_requests_nb": 6
    },
    "8": {
        "speed_generation": [
            0.396871283891997,
            80.29838576433986,
            0.4393363026888153
        ],
        "time_to_first_token": [
            0.009492695331573486,
            0.22748398780822754,
            0.007728755474090576
        ],
        "max_kv_cache": 0.05527318932655656,
        "parallel_requests_nb": 8
    },
    "10": {
        "speed_generation": [
            0.4077649453080312,
            77.59460604767506,
            0.41811556245161796
        ],
        "time_to_first_token": [
            0.008061587810516357,
            0.2821950912475586,
            0.007937729358673096
        ],
        "max_kv_cache": 0.06934107823561442,
        "parallel_requests_nb": 10
    },
    "14": {
        "speed_generation": [
            0.4916649704372986,
            72.48576274289553,
            0.4081736224877375
        ],
        "time_to_first_token": [
            0.010647892951965332,
            0.3852260112762451,
            0.009929358959197998
        ],
        "max_kv_cache": 0.09620620802323465,
        "parallel_requests_nb": 14
    },
    "18": {
        "speed_generation": [
            0.5459709365436609,
            62.857964517643495,
            0.4905196202819013
        ],
        "time_to_first_token": [
            0.012959420680999756,
            0.4968165159225464,
            0.011491954326629639
        ],
        "max_kv_cache": 0.12352514067888909,
        "parallel_requests_nb": 18
    },
    "22": {
        "speed_generation": [
            0.4805888682050323,
            57.75731869042392,
            0.41493626724224697
        ],
        "time_to_first_token": [
            0.01417398452758789,
            0.6038780212402344,
            0.010453999042510986
        ],
        "max_kv_cache": 0.15084407333454353,
        "parallel_requests_nb": 22
    },
    "26": {
        "speed_generation": [
            0.46155150889315166,
            51.28587621828467,
            0.37185148060979856
        ],
        "time_to_first_token": [
            0.019071102142333984,
            0.7129430770874023,
            0.013154983520507812
        ],
        "max_kv_cache": 0.17807224541659106,
        "parallel_requests_nb": 26
    },
    "30": {
        "speed_generation": [
            0.3402818893335109,
            47.491366385494715,
            0.27936618493441046
        ],
        "time_to_first_token": [
            0.024789512157440186,
            0.8225904703140259,
            0.012762486934661865
        ],
        "max_kv_cache": 0.2054819386458523,
        "parallel_requests_nb": 30
    },
    "34": {
        "speed_generation": [
            0.3294446079598714,
            42.93734479338812,
            0.43415168839657525
        ],
        "time_to_first_token": [
            0.0328747034072876,
            0.9329735040664673,
            0.016601502895355225
        ],
        "max_kv_cache": 0.23234706843347253,
        "parallel_requests_nb": 34
    },
    "38": {
        "speed_generation": [
            0.1916542628740885,
            40.75178107059507,
            0.3308800430715024
        ],
        "time_to_first_token": [
            0.05124431848526001,
            1.0490940809249878,
            0.014418721199035645
        ],
        "max_kv_cache": 0.25984752223634056,
        "parallel_requests_nb": 38
    }
}