{
    "1": {
        "speed_generation": [
            0.9899751744571859,
            135.5839178150084,
            0.3787517587782361
        ],
        "time_to_first_token": [
            0.0009657740592956543,
            0.043620944023132324,
            0.002933323383331299
        ],
        "max_kv_cache": 0.006353240152477735,
        "parallel_requests_nb": 1
    },
    "2": {
        "speed_generation": [
            0.6723872301437979,
            126.35006541149943,
            0.461408092326252
        ],
        "time_to_first_token": [
            0.004983067512512207,
            0.0686650276184082,
            0.0022803544998168945
        ],
        "max_kv_cache": 0.012524959157741877,
        "parallel_requests_nb": 2
    },
    "3": {
        "speed_generation": [
            0.8432471250923896,
            119.39609477202269,
            0.4717840810624665
        ],
        "time_to_first_token": [
            0.003928184509277344,
            0.07217216491699219,
            0.0030367374420166016
        ],
        "max_kv_cache": 0.018787438736612816,
        "parallel_requests_nb": 3
    },
    "4": {
        "speed_generation": [
            0.7563649074647145,
            116.2946327083667,
            0.4527241751628708
        ],
        "time_to_first_token": [
            0.004339933395385742,
            0.07408308982849121,
            0.0037147998809814453
        ],
        "max_kv_cache": 0.02495915774187696,
        "parallel_requests_nb": 4
    },
    "6": {
        "speed_generation": [
            0.8444226619159849,
            105.46869222690034,
            0.8265694596419735
        ],
        "time_to_first_token": [
            0.0037784576416015625,
            0.07710385322570801,
            0.005151152610778809
        ],
        "max_kv_cache": 0.037211835178798336,
        "parallel_requests_nb": 6
    },
    "8": {
        "speed_generation": [
            0.946936603038651,
            98.76399707210906,
            0.760767561889736
        ],
        "time_to_first_token": [
            0.0053479671478271484,
            0.08452391624450684,
            0.0061800479888916016
        ],
        "max_kv_cache": 0.049464512615719713,
        "parallel_requests_nb": 8
    },
    "10": {
        "speed_generation": [
            0.5710875465238416,
            91.8177470409529,
            0.26569316088772155
        ],
        "time_to_first_token": [
            0.006850004196166992,
            0.09215688705444336,
            0.005716085433959961
        ],
        "max_kv_cache": 0.06198947177346159,
        "parallel_requests_nb": 10
    },
    "14": {
        "speed_generation": [
            0.7040957703000998,
            91.14397327107426,
            0.3228189229592431
        ],
        "time_to_first_token": [
            0.0055048465728759766,
            0.10171794891357422,
            0.006079912185668945
        ],
        "max_kv_cache": 0.08640406607369755,
        "parallel_requests_nb": 14
    },
    "18": {
        "speed_generation": [
            1.0733492462855452,
            90.08738368607573,
            0.3505911163684914
        ],
        "time_to_first_token": [
            0.008276224136352539,
            0.11366820335388184,
            0.006668806076049805
        ],
        "max_kv_cache": 0.11109094209475401,
        "parallel_requests_nb": 18
    },
    "22": {
        "speed_generation": [
            4.180082556891975,
            88.58429915245681,
            0.39758760925799663
        ],
        "time_to_first_token": [
            0.008823633193969727,
            0.12262892723083496,
            0.008066654205322266
        ],
        "max_kv_cache": 0.13632238155745147,
        "parallel_requests_nb": 22
    },
    "26": {
        "speed_generation": [
            3.2673958776845353,
            83.12186733080381,
            0.703096499807657
        ],
        "time_to_first_token": [
            0.015542030334472656,
            0.09986591339111328,
            0.01836991310119629
        ],
        "max_kv_cache": 0.16028317298965333,
        "parallel_requests_nb": 26
    },
    "30": {
        "speed_generation": [
            2.9843969213636967,
            80.70720725940205,
            1.057782229088673
        ],
        "time_to_first_token": [
            0.011375904083251953,
            0.14677095413208008,
            0.008079886436462402
        ],
        "max_kv_cache": 0.1846977672898893,
        "parallel_requests_nb": 30
    },
    "34": {
        "speed_generation": [
            2.3403076539270273,
            75.75256419058964,
            1.1742928574689273
        ],
        "time_to_first_token": [
            0.008296012878417969,
            0.16338896751403809,
            0.00634002685546875
        ],
        "max_kv_cache": 0.20992920675258664,
        "parallel_requests_nb": 34
    },
    "38": {
        "speed_generation": [
            0.7101703207484604,
            71.12252508391478,
            3.1397724628685637
        ],
        "time_to_first_token": [
            0.010572433471679688,
            0.18154191970825195,
            0.008242130279541016
        ],
        "max_kv_cache": 0.2342530404792158,
        "parallel_requests_nb": 38
    }
}