{
    "1": {
        "speed_generation": [
            0.760516826777625,
            62.00469916994585,
            0.4637724995200685
        ],
        "time_to_first_token": [
            0.001815497875213623,
            0.13088953495025635,
            0.003445267677307129
        ],
        "max_kv_cache": 0.02495915774187696,
        "parallel_requests_nb": 1
    },
    "2": {
        "speed_generation": [
            0.6058463287564209,
            40.77446921636909,
            0.6506212436587404
        ],
        "time_to_first_token": [
            0.06157267093658447,
            0.22687947750091553,
            0.011300086975097656
        ],
        "max_kv_cache": 0.04910147032129242,
        "parallel_requests_nb": 2
    },
    "3": {
        "speed_generation": [
            0.43031233414561143,
            31.31200701797318,
            0.5162250781573867
        ],
        "time_to_first_token": [
            0.15116804838180542,
            0.3331620693206787,
            0.009762048721313477
        ],
        "max_kv_cache": 0.07342530404792158,
        "parallel_requests_nb": 3
    },
    "4": {
        "speed_generation": [
            0.38897068772905286,
            26.007382357593738,
            0.34723501698758596
        ],
        "time_to_first_token": [
            0.1501603126525879,
            0.438088059425354,
            0.011535823345184326
        ],
        "max_kv_cache": 0.09783989834815754,
        "parallel_requests_nb": 4
    },
    "6": {
        "speed_generation": [
            0.34617888885129844,
            18.615573998721814,
            0.297760075852878
        ],
        "time_to_first_token": [
            0.064441978931427,
            0.6485613584518433,
            0.01600104570388794
        ],
        "max_kv_cache": 0.14585224178616807,
        "parallel_requests_nb": 6
    },
    "8": {
        "speed_generation": [
            0.24675637582229015,
            14.628778702584441,
            0.3339177506427973
        ],
        "time_to_first_token": [
            0.03642970323562622,
            0.8590271472930908,
            0.0227128267288208
        ],
        "max_kv_cache": 0.1938645852241786,
        "parallel_requests_nb": 8
    },
    "10": {
        "speed_generation": [
            0.13888266705708752,
            11.341396628049322,
            0.12753582108654093
        ],
        "time_to_first_token": [
            0.0464249849319458,
            1.1304090023040771,
            0.020171761512756348
        ],
        "max_kv_cache": 0.24187692866218913,
        "parallel_requests_nb": 10
    },
    "14": {
        "speed_generation": [
            0.04487142618313733,
            8.343626473006744,
            0.07128179930496081
        ],
        "time_to_first_token": [
            0.040662527084350586,
            1.6220035552978516,
            0.012515246868133545
        ],
        "max_kv_cache": 0.3378108549646034,
        "parallel_requests_nb": 14
    },
    "18": {
        "speed_generation": [
            0.03574329185754177,
            6.585779313990411,
            0.027038664765295373
        ],
        "time_to_first_token": [
            0.011780738830566406,
            2.0691089630126953,
            0.01101529598236084
        ],
        "max_kv_cache": 0.43356326011980395,
        "parallel_requests_nb": 18
    },
    "22": {
        "speed_generation": [
            0.020945260789489772,
            5.415050909112836,
            0.021393925829181093
        ],
        "time_to_first_token": [
            0.01983886957168579,
            2.5611594915390015,
            0.012262880802154541
        ],
        "max_kv_cache": 0.5293156652750046,
        "parallel_requests_nb": 22
    },
    "26": {
        "speed_generation": [
            0.02418638518299332,
            4.604587573989914,
            0.02615805140476546
        ],
        "time_to_first_token": [
            0.025222182273864746,
            2.7346575260162354,
            0.014875948429107666
        ],
        "max_kv_cache": 0.6257033944454529,
        "parallel_requests_nb": 26
    },
    "30": {
        "speed_generation": [
            0.014372331136708993,
            4.0300531392672685,
            0.02742859729405822
        ],
        "time_to_first_token": [
            0.018113791942596436,
            2.7984180450439453,
            0.04120224714279175
        ],
        "max_kv_cache": 0.722181884189508,
        "parallel_requests_nb": 30
    },
    "34": {
        "speed_generation": [
            0.01282678127623793,
            3.5365556058278,
            0.015399276022259212
        ],
        "time_to_first_token": [
            0.02117002010345459,
            2.8671334981918335,
            1.051066815853119
        ],
        "max_kv_cache": 0.8169359230350336,
        "parallel_requests_nb": 34
    },
    "38": {
        "speed_generation": [
            0.006635314872379006,
            3.1918718945243594,
            0.014951592152461224
        ],
        "time_to_first_token": [
            0.01925426721572876,
            2.9313889741897583,
            1.4517051577568054
        ],
        "max_kv_cache": 0.9144127790887638,
        "parallel_requests_nb": 38
    }
}