{
    "1": {
        "speed_generation": [
            1.4508503081964648,
            132.89479355386962,
            1.2933037936335552
        ],
        "time_to_first_token": [
            0.0006624460220336914,
            0.043007850646972656,
            0.00089263916015625
        ],
        "max_kv_cache": 0.0012706480304955914,
        "parallel_requests_nb": 1
    },
    "2": {
        "speed_generation": [
            1.3003525982796162,
            123.30300743349109,
            1.6430659685730404
        ],
        "time_to_first_token": [
            0.003277420997619629,
            0.06652092933654785,
            0.002924680709838867
        ],
        "max_kv_cache": 0.0024505354873842755,
        "parallel_requests_nb": 2
    },
    "3": {
        "speed_generation": [
            0.9792373104333478,
            118.24358893820053,
            1.098054082246918
        ],
        "time_to_first_token": [
            0.004230022430419922,
            0.06850004196166992,
            0.003175973892211914
        ],
        "max_kv_cache": 0.0035396623706661634,
        "parallel_requests_nb": 3
    },
    "4": {
        "speed_generation": [
            1.0402964507647283,
            115.92246843222398,
            1.0127369925855163
        ],
        "time_to_first_token": [
            0.003839254379272461,
            0.07127690315246582,
            0.003061532974243164
        ],
        "max_kv_cache": 0.0047195498275549586,
        "parallel_requests_nb": 4
    },
    "6": {
        "speed_generation": [
            1.1997293856220068,
            107.18432174322163,
            1.82337251140369
        ],
        "time_to_first_token": [
            0.009012818336486816,
            0.07348048686981201,
            0.005298614501953125
        ],
        "max_kv_cache": 0.006807043020511938,
        "parallel_requests_nb": 6
    },
    "8": {
        "speed_generation": [
            1.187425773919344,
            105.3550424756251,
            0.9612713431753548
        ],
        "time_to_first_token": [
            0.004709482192993164,
            0.08333897590637207,
            0.0038893818855285645
        ],
        "max_kv_cache": 0.00907605736068251,
        "parallel_requests_nb": 8
    },
    "10": {
        "speed_generation": [
            0.8718077606944519,
            90.39126918454315,
            0.9871544511129429
        ],
        "time_to_first_token": [
            0.005652248859405518,
            0.09073054790496826,
            0.005063474178314209
        ],
        "max_kv_cache": 0.01116355055363949,
        "parallel_requests_nb": 10
    },
    "14": {
        "speed_generation": [
            0.6894433747072384,
            86.53636433582679,
            0.5432200966545224
        ],
        "time_to_first_token": [
            0.006605982780456543,
            0.10124707221984863,
            0.005645930767059326
        ],
        "max_kv_cache": 0.015520058086767152,
        "parallel_requests_nb": 14
    },
    "18": {
        "speed_generation": [
            0.7008109577212593,
            85.88467730466697,
            0.6604394076954918
        ],
        "time_to_first_token": [
            0.006757080554962158,
            0.11138498783111572,
            0.006966710090637207
        ],
        "max_kv_cache": 0.01969504447268111,
        "parallel_requests_nb": 18
    },
    "22": {
        "speed_generation": [
            0.6075936619660496,
            85.16027904049248,
            0.5501680733310224
        ],
        "time_to_first_token": [
            0.006483972072601318,
            0.12273705005645752,
            0.005600690841674805
        ],
        "max_kv_cache": 0.023960791432201867,
        "parallel_requests_nb": 22
    },
    "26": {
        "speed_generation": [
            0.6589706498123604,
            84.36982471717246,
            0.6647562589913605
        ],
        "time_to_first_token": [
            0.008038043975830078,
            0.13653552532196045,
            0.006831943988800049
        ],
        "max_kv_cache": 0.028135777818115826,
        "parallel_requests_nb": 26
    },
    "30": {
        "speed_generation": [
            0.7152668604018402,
            83.53796165050764,
            0.5878934675803009
        ],
        "time_to_first_token": [
            0.0076937079429626465,
            0.148858904838562,
            0.005917727947235107
        ],
        "max_kv_cache": 0.03267380649845708,
        "parallel_requests_nb": 30
    },
    "34": {
        "speed_generation": [
            0.7830475335250924,
            82.89510785393742,
            0.7200395316697694
        ],
        "time_to_first_token": [
            0.010360181331634521,
            0.16672849655151367,
            0.00741887092590332
        ],
        "max_kv_cache": 0.03730259575240513,
        "parallel_requests_nb": 34
    },
    "38": {
        "speed_generation": [
            0.8639683888023484,
            82.18865947348317,
            0.7593979129873958
        ],
        "time_to_first_token": [
            0.010998308658599854,
            0.1779184341430664,
            0.00882256031036377
        ],
        "max_kv_cache": 0.041023779270285,
        "parallel_requests_nb": 38
    }
}