{
    "1": {
        "speed_generation": [
            0.6074746544383487,
            109.76288623540948,
            0.49758486923668954
        ],
        "time_to_first_token": [
            0.0015097856521606445,
            0.1305708885192871,
            0.0035860538482666016
        ],
        "max_kv_cache": 0.025503721183517847,
        "parallel_requests_nb": 1
    },
    "2": {
        "speed_generation": [
            0.9011708588753038,
            88.26764449739218,
            0.7819040024090214
        ],
        "time_to_first_token": [
            0.06235003471374512,
            0.2275409698486328,
            0.012521028518676758
        ],
        "max_kv_cache": 0.05037211835178801,
        "parallel_requests_nb": 2
    },
    "3": {
        "speed_generation": [
            0.3805681260158167,
            74.7267363557149,
            0.3450376328465552
        ],
        "time_to_first_token": [
            0.1512179970741272,
            0.33389151096343994,
            0.010372519493103027
        ],
        "max_kv_cache": 0.07496823379923756,
        "parallel_requests_nb": 3
    },
    "4": {
        "speed_generation": [
            0.5222321616427621,
            70.46320553274877,
            0.3949775064018013
        ],
        "time_to_first_token": [
            0.18926429748535156,
            0.43164610862731934,
            0.015851736068725586
        ],
        "max_kv_cache": 0.10001815211472131,
        "parallel_requests_nb": 4
    },
    "6": {
        "speed_generation": [
            0.38666605458926284,
            57.00309823156595,
            0.3733625081014793
        ],
        "time_to_first_token": [
            0.12892889976501465,
            0.6473698616027832,
            0.015809297561645508
        ],
        "max_kv_cache": 0.14921038300962064,
        "parallel_requests_nb": 6
    },
    "8": {
        "speed_generation": [
            0.36216375003220236,
            50.17693369706182,
            0.46552822601586996
        ],
        "time_to_first_token": [
            0.0613400936126709,
            0.8621511459350586,
            0.024815797805786133
        ],
        "max_kv_cache": 0.19894717734616085,
        "parallel_requests_nb": 8
    },
    "10": {
        "speed_generation": [
            0.1896329676654389,
            38.471608507064495,
            0.23070396635582568
        ],
        "time_to_first_token": [
            0.06778299808502197,
            1.1306560039520264,
            0.015414595603942871
        ],
        "max_kv_cache": 0.24850245053548736,
        "parallel_requests_nb": 10
    },
    "14": {
        "speed_generation": [
            0.14402762210000475,
            31.722354057398046,
            0.17210585880187423
        ],
        "time_to_first_token": [
            0.0671302080154419,
            1.6235569715499878,
            0.013325870037078857
        ],
        "max_kv_cache": 0.3467961517516791,
        "parallel_requests_nb": 14
    },
    "18": {
        "speed_generation": [
            0.11998280060717548,
            25.47418583528333,
            0.10385182131042825
        ],
        "time_to_first_token": [
            0.24693024158477783,
            2.059120535850525,
            0.02093207836151123
        ],
        "max_kv_cache": 0.4461789798511526,
        "parallel_requests_nb": 18
    },
    "22": {
        "speed_generation": [
            0.14643687745858003,
            22.023247948343297,
            0.08635455916511248
        ],
        "time_to_first_token": [
            0.610472559928894,
            2.1690975427627563,
            0.36292392015457153
        ],
        "max_kv_cache": 0.5429297513160283,
        "parallel_requests_nb": 22
    },
    "26": {
        "speed_generation": [
            0.0782685408540047,
            18.532590864194333,
            0.07085346993770969
        ],
        "time_to_first_token": [
            0.03326934576034546,
            2.74313747882843,
            0.018799543380737305
        ],
        "max_kv_cache": 0.6422218188418951,
        "parallel_requests_nb": 26
    },
    "30": {
        "speed_generation": [
            0.07019454206899667,
            16.873589771630847,
            0.08090320237609205
        ],
        "time_to_first_token": [
            0.06949567794799805,
            2.789435386657715,
            0.6342154741287231
        ],
        "max_kv_cache": 0.7406970412053004,
        "parallel_requests_nb": 30
    },
    "34": {
        "speed_generation": [
            0.06461044097805235,
            14.68365772127405,
            0.06098973531887708
        ],
        "time_to_first_token": [
            0.030539512634277344,
            2.864356517791748,
            1.0547937750816345
        ],
        "max_kv_cache": 0.8398983481575604,
        "parallel_requests_nb": 34
    },
    "38": {
        "speed_generation": [
            0.0804558160778317,
            13.553652210437527,
            0.04838326515280045
        ],
        "time_to_first_token": [
            0.03330260515213013,
            2.95181941986084,
            1.440334439277649
        ],
        "max_kv_cache": 0.9367398801960428,
        "parallel_requests_nb": 38
    }
}