{
    "1": {
        "speed_generation": [
            1.5364035851341242,
            107.06924918270077,
            0.7824574348189373
        ],
        "time_to_first_token": [
            0.0006608963012695312,
            0.043007612228393555,
            0.0008381009101867676
        ],
        "max_kv_cache": 0.0007260845888545919,
        "parallel_requests_nb": 1
    },
    "2": {
        "speed_generation": [
            1.9048496523059413,
            86.80197543400811,
            2.837504367111066
        ],
        "time_to_first_token": [
            0.0035516023635864258,
            0.0653156042098999,
            0.0035425424575805664
        ],
        "max_kv_cache": 0.0011798874568886841,
        "parallel_requests_nb": 2
    },
    "3": {
        "speed_generation": [
            2.2224590484519524,
            84.27236472223106,
            2.5968306211866548
        ],
        "time_to_first_token": [
            0.0038903355598449707,
            0.06793999671936035,
            0.002839982509613037
        ],
        "max_kv_cache": 0.0017244508985296836,
        "parallel_requests_nb": 3
    },
    "4": {
        "speed_generation": [
            2.1904610589806452,
            82.70163834048647,
            2.325157229282709
        ],
        "time_to_first_token": [
            0.003661930561065674,
            0.07090306282043457,
            0.00333327054977417
        ],
        "max_kv_cache": 0.002269014340170683,
        "parallel_requests_nb": 4
    },
    "6": {
        "speed_generation": [
            1.9762445304669711,
            77.57313071242929,
            2.4808408102170745
        ],
        "time_to_first_token": [
            0.004330098628997803,
            0.07657003402709961,
            0.004906296730041504
        ],
        "max_kv_cache": 0.0032673806498456637,
        "parallel_requests_nb": 6
    },
    "8": {
        "speed_generation": [
            2.0511786501302396,
            74.13550096847963,
            2.033190972620176
        ],
        "time_to_first_token": [
            0.0052544474601745605,
            0.08221995830535889,
            0.003888547420501709
        ],
        "max_kv_cache": 0.004084225812307163,
        "parallel_requests_nb": 8
    },
    "10": {
        "speed_generation": [
            2.209259918443699,
            66.09766897717827,
            2.313835602297246
        ],
        "time_to_first_token": [
            0.005885958671569824,
            0.08793103694915771,
            0.005208313465118408
        ],
        "max_kv_cache": 0.004810310401161755,
        "parallel_requests_nb": 10
    },
    "14": {
        "speed_generation": [
            1.3785861286783359,
            60.88172908113731,
            1.6643369810540634
        ],
        "time_to_first_token": [
            0.006372809410095215,
            0.09982752799987793,
            0.005108475685119629
        ],
        "max_kv_cache": 0.006897803594118734,
        "parallel_requests_nb": 14
    },
    "18": {
        "speed_generation": [
            1.58654084529973,
            58.76173080330233,
            1.5109594699265472
        ],
        "time_to_first_token": [
            0.00659942626953125,
            0.10889792442321777,
            0.005592644214630127
        ],
        "max_kv_cache": 0.008349972771827918,
        "parallel_requests_nb": 18
    },
    "22": {
        "speed_generation": [
            1.3744253821304255,
            56.124300188963076,
            1.6118630971398815
        ],
        "time_to_first_token": [
            0.0073566436767578125,
            0.12113440036773682,
            0.006095468997955322
        ],
        "max_kv_cache": 0.010165184243964398,
        "parallel_requests_nb": 22
    },
    "26": {
        "speed_generation": [
            1.4221360172394526,
            54.093615824186614,
            1.6967614770671062
        ],
        "time_to_first_token": [
            0.007518291473388672,
            0.13165640830993652,
            0.008260488510131836
        ],
        "max_kv_cache": 0.011889635142494082,
        "parallel_requests_nb": 26
    },
    "30": {
        "speed_generation": [
            0.9285630311978537,
            51.8743724208055,
            1.1014234822306719
        ],
        "time_to_first_token": [
            0.006887495517730713,
            0.14486849308013916,
            0.0051230788230896
        ],
        "max_kv_cache": 0.013432564893810173,
        "parallel_requests_nb": 30
    },
    "34": {
        "speed_generation": [
            1.203257809270454,
            49.44604461958958,
            1.178992565166304
        ],
        "time_to_first_token": [
            0.007707357406616211,
            0.16057658195495605,
            0.006476998329162598
        ],
        "max_kv_cache": 0.015157015792339856,
        "parallel_requests_nb": 34
    },
    "38": {
        "speed_generation": [
            1.0313867934834988,
            46.736821221938676,
            0.9571591881858268
        ],
        "time_to_first_token": [
            0.006129086017608643,
            0.17714262008666992,
            0.006617724895477295
        ],
        "max_kv_cache": 0.01688146669086954,
        "parallel_requests_nb": 38
    }
}